city,year,weekofyear,week_start_date,ndvi_ne,ndvi_nw,ndvi_se,ndvi_sw,precipitation_amt_mm,reanalysis_air_temp_k,reanalysis_avg_temp_k,reanalysis_dew_point_temp_k,reanalysis_max_air_temp_k,reanalysis_min_air_temp_k,reanalysis_precip_amt_kg_per_m2,reanalysis_relative_humidity_percent,reanalysis_sat_precip_amt_mm,reanalysis_specific_humidity_g_per_kg,reanalysis_tdtr_k,station_avg_temp_c,station_diur_temp_rng_c,station_max_temp_c,station_min_temp_c,station_precip_mm,total_cases,reanalysis_specific_humidity_g_per_kg_lag1,reanalysis_specific_humidity_g_per_kg_lag2,reanalysis_specific_humidity_g_per_kg_lag3,reanalysis_specific_humidity_g_per_kg_lag4,reanalysis_dew_point_temp_k_lag1,reanalysis_dew_point_temp_k_lag2,reanalysis_dew_point_temp_k_lag3,reanalysis_dew_point_temp_k_lag4,reanalysis_relative_humidity_percent_lag1,reanalysis_relative_humidity_percent_lag2,reanalysis_relative_humidity_percent_lag3,reanalysis_relative_humidity_percent_lag4,reanalysis_avg_temp_k_lag1,reanalysis_avg_temp_k_lag2,reanalysis_avg_temp_k_lag3,reanalysis_avg_temp_k_lag4,station_avg_temp_c_lag1,station_avg_temp_c_lag2,station_avg_temp_c_lag3,station_avg_temp_c_lag4,ndvi_ne_lag1,ndvi_ne_lag2,ndvi_ne_lag3,ndvi_ne_lag4,ndvi_nw_lag1,ndvi_nw_lag2,ndvi_nw_lag3,ndvi_nw_lag4,ndvi_se_lag1,ndvi_se_lag2,ndvi_se_lag3,ndvi_se_lag4,ndvi_sw_lag1,ndvi_sw_lag2,ndvi_sw_lag3,ndvi_sw_lag4,precipitation_amt_mm_lag1,precipitation_amt_mm_lag2,precipitation_amt_mm_lag3,precipitation_amt_mm_lag4,reanalysis_specific_humidity_g_per_kg_roll3,reanalysis_specific_humidity_g_per_kg_roll4,reanalysis_avg_temp_k_roll3,reanalysis_avg_temp_k_roll4,station_avg_temp_c_roll3,station_avg_temp_c_roll4,reanalysis_relative_humidity_percent_roll3,reanalysis_relative_humidity_percent_roll4,ndvi_ne_roll3,ndvi_ne_roll4,ndvi_nw_roll3,ndvi_nw_roll4,ndvi_se_roll3,ndvi_se_roll4,ndvi_sw_roll3,ndvi_sw_roll4,precipitation_amt_mm_roll3,precipitation_amt_mm_roll4,week_sin,week_cos,total_cases_log
sj,1990,22,1990-05-28,0.1962,0.2622,0.2512,0.24734,7.52,299.518571429,299.664285714,295.821428571,301.9,297.5,12.2,80.46,7.52,17.21,3.01428571429,28.9428571429,9.37142857143,35.0,23.9,5.8,6,16.6728571429,16.8485714286,15.3728571429,14.0128571429,295.31,295.434285714,293.951428571,292.414285714,80.3371428571,82.0528571429,77.3685714286,73.3657142857,299.228571429,298.878571429,298.442857143,297.742857143,27.4714285714,26.7142857143,26.7142857143,25.4428571429,0.1286333,0.03225,0.1699,0.1226,0.2450667,0.1729667,0.142175,0.103725,0.2275571,0.1572,0.1623571,0.1984833,0.2358857,0.1708429,0.1554857,0.1776167,15.36,34.54,22.82,12.42,17.21,17.21,299.664285714,299.664285714,28.9428571429,28.9428571429,80.46,80.46,0.1962,0.1962,0.2622,0.2622,0.2512,0.2512,0.24734,0.24734,7.52,7.52,0.46472317204376906,-0.8854560256532096,1.9459101490553132
sj,1990,23,1990-06-04,0.15455000000000002,0.17485,0.2543143,0.1817429,9.58,299.63,299.764285714,295.851428571,302.4,298.1,26.49,79.8914285714,9.58,17.2128571429,2.1,28.1142857143,6.94285714286,34.4,23.9,39.1,2,17.21,16.6728571429,16.8485714286,15.3728571429,295.821428571,295.31,295.434285714,293.951428571,80.46,80.3371428571,82.0528571429,77.3685714286,299.664285714,299.228571429,298.878571429,298.442857143,28.9428571429,27.4714285714,26.7142857143,26.7142857143,0.1962,0.1286333,0.03225,0.1699,0.2622,0.2450667,0.1729667,0.142175,0.2512,0.2275571,0.1572,0.1623571,0.24734,0.2358857,0.1708429,0.1554857,7.52,15.36,34.54,22.82,17.21142857145,17.21142857145,299.71428571399997,299.71428571399997,28.5285714286,28.5285714286,80.1757142857,80.1757142857,0.175375,0.175375,0.218525,0.218525,0.25275715,0.25275715,0.21454145000000002,0.21454145000000002,8.55,8.55,0.35460488704253584,-0.9350162426854147,1.0986122886681096
sj,1990,24,1990-06-11,0.1129,0.0928,0.2050714,0.2102714,3.48,299.207142857,299.221428571,295.865714286,301.3,297.7,38.6,82.0,3.48,17.2342857143,2.04285714286,27.4142857143,6.77142857143,32.2,23.3,29.7,4,17.2128571429,17.21,16.6728571429,16.8485714286,295.851428571,295.821428571,295.31,295.434285714,79.8914285714,80.46,80.3371428571,82.0528571429,299.764285714,299.664285714,299.228571429,298.878571429,28.1142857143,28.9428571429,27.4714285714,26.7142857143,0.15455000000000002,0.1962,0.1286333,0.03225,0.17485,0.2622,0.2450667,0.1729667,0.2543143,0.2512,0.2275571,0.1572,0.1817429,0.24734,0.2358857,0.1708429,9.58,7.52,15.36,34.54,17.219047619066668,17.219047619066668,299.5499999996667,299.5499999996667,28.157142857166665,28.157142857166665,80.7838095238,80.7838095238,0.15455,0.15455,0.17661666666666664,0.17661666666666664,0.2368619,0.2368619,0.2131181,0.2131181,6.859999999999999,6.859999999999999,0.23931566428755768,-0.970941817426052,1.6094379124341003
sj,1990,25,1990-06-18,0.0725,0.0725,0.1514714,0.1330286,151.12,299.591428571,299.528571429,296.531428571,300.6,298.4,30.0,83.3757142857,151.12,17.9771428571,1.57142857143,28.3714285714,7.68571428571,33.9,22.8,21.1,5,17.2342857143,17.2128571429,17.21,16.6728571429,295.865714286,295.851428571,295.821428571,295.31,82.0,79.8914285714,80.46,80.3371428571,299.221428571,299.764285714,299.664285714,299.228571429,27.4142857143,28.1142857143,28.9428571429,27.4714285714,0.1129,0.15455000000000002,0.1962,0.1286333,0.0928,0.17485,0.2622,0.2450667,0.2050714,0.2543143,0.2512,0.2275571,0.2102714,0.1817429,0.24734,0.2358857,3.48,9.58,7.52,15.36,17.474761904766666,17.408571428575,299.5047619046666,299.544642857,27.96666666666667,28.210714285725,81.7557142857,81.431785714275,0.11331666666666666,0.1340375,0.11338333333333334,0.15058749999999999,0.20361903333333334,0.21551427499999998,0.17501429999999998,0.193095725,54.72666666666667,42.925,0.12053668025532308,-0.992708874098054,1.791759469228055
sj,1990,26,1990-06-25,0.10245,0.146175,0.1255714,0.1236,19.32,299.578571429,299.557142857,296.378571429,302.1,297.7,37.51,82.7685714286,19.32,17.79,1.88571428571,28.3285714286,7.38571428571,33.9,22.8,21.1,10,17.9771428571,17.2342857143,17.2128571429,17.21,296.531428571,295.865714286,295.851428571,295.821428571,83.3757142857,82.0,79.8914285714,80.46,299.528571429,299.221428571,299.764285714,299.664285714,28.3714285714,27.4142857143,28.1142857143,28.9428571429,0.0725,0.1129,0.15455000000000002,0.1962,0.0725,0.0928,0.17485,0.2622,0.1514714,0.2050714,0.2543143,0.2512,0.1330286,0.2102714,0.1817429,0.24734,151.12,3.48,9.58,7.52,17.66714285713333,17.553571428574998,299.4357142856667,299.51785714275,28.0380952381,28.05714285715,82.71476190476666,82.008928571425,0.09595,0.1106,0.103825,0.12158125,0.16070473333333332,0.18410712499999998,0.15563333333333332,0.162160725,57.97333333333333,45.87499999999999,-3.216245299353273e-16,-1.0,2.3978952727983707
sj,1990,27,1990-07-02,0.1476625,0.12155,0.1606833,0.2025667,14.41,300.154285714,300.278571429,296.651428571,302.3,298.7,28.4,81.2814285714,14.41,18.0714285714,2.01428571429,28.3285714286,6.51428571429,33.9,24.4,1.1,6,17.79,17.9771428571,17.2342857143,17.2128571429,296.378571429,296.531428571,295.865714286,295.851428571,82.7685714286,83.3757142857,82.0,79.8914285714,299.557142857,299.528571429,299.221428571,299.764285714,28.3285714286,28.3714285714,27.4142857143,28.1142857143,0.10245,0.0725,0.1129,0.15455000000000002,0.146175,0.0725,0.0928,0.17485,0.1255714,0.1514714,0.2050714,0.2543143,0.1236,0.1330286,0.2102714,0.1817429,19.32,151.12,3.48,9.58,17.946190476166667,17.768214285699997,299.78809523833337,299.6464285715,28.342857142866666,28.110714285725,82.47523809523334,82.356428571425,0.1075375,0.108878125,0.11340833333333333,0.10825625,0.1459087,0.160699375,0.15306509999999998,0.167366675,61.61666666666667,47.082499999999996,-0.12053668025532283,-0.992708874098054,1.9459101490553132
sj,1990,28,1990-07-09,0.192875,0.08235,0.1919429,0.1529286,22.27,299.512857143,299.592857143,296.041428571,301.8,298.0,43.72,81.4671428571,22.27,17.4185714286,2.15714285714,27.5571428571,7.15714285714,31.7,21.7,63.7,8,18.0714285714,17.79,17.9771428571,17.2342857143,296.651428571,296.378571429,296.531428571,295.865714286,81.2814285714,82.7685714286,83.3757142857,82.0,300.278571429,299.557142857,299.528571429,299.221428571,28.3285714286,28.3285714286,28.3714285714,27.4142857143,0.1476625,0.10245,0.0725,0.1129,0.12155,0.146175,0.0725,0.0928,0.1606833,0.1255714,0.1514714,0.2050714,0.2025667,0.1236,0.1330286,0.2102714,14.41,19.32,151.12,3.48,17.76,17.814285714274998,299.80952380966664,299.7392857145,28.07142857143333,28.146428571424998,81.83904761903334,82.2232142857,0.1476625,0.128871875,0.11669166666666668,0.10564375000000001,0.1593992,0.15741725,0.15969843333333333,0.15303097499999999,18.666666666666668,51.779999999999994,-0.23931566428755743,-0.9709418174260521,2.1972245773362196
sj,1990,29,1990-07-16,0.2916,0.2118,0.3012,0.2806667,59.17,299.667142857,299.75,296.334285714,302.0,297.3,40.9,82.1442857143,59.17,17.7371428571,2.41428571429,28.1285714286,6.9,32.8,23.9,12.2,2,17.4185714286,18.0714285714,17.79,17.9771428571,296.041428571,296.651428571,296.378571429,296.531428571,81.4671428571,81.2814285714,82.7685714286,83.3757142857,299.592857143,300.278571429,299.557142857,299.528571429,27.5571428571,28.3285714286,28.3285714286,28.3714285714,0.192875,0.1476625,0.10245,0.0725,0.08235,0.12155,0.146175,0.0725,0.1919429,0.1606833,0.1255714,0.1514714,0.1529286,0.2025667,0.1236,0.1330286,22.27,14.41,19.32,151.12,17.742380952366666,17.754285714275,299.873809524,299.79464285725,28.004761904766667,28.085714285725,81.63095238093332,81.91535714285,0.2107125,0.183646875,0.13856666666666667,0.14046875,0.21794206666666668,0.1948494,0.212054,0.1899405,31.95,28.792499999999993,-0.3546048870425356,-0.9350162426854148,1.0986122886681096
sj,1990,30,1990-07-23,0.1505667,0.1717,0.2269,0.2145571,16.48,299.558571429,299.635714286,295.96,301.8,297.1,42.53,80.7428571429,16.48,17.3414285714,2.07142857143,28.1142857143,6.35714285714,31.7,22.8,32.6,6,17.7371428571,17.4185714286,18.0714285714,17.79,296.334285714,296.041428571,296.651428571,296.378571429,82.1442857143,81.4671428571,81.2814285714,82.7685714286,299.75,299.592857143,300.278571429,299.557142857,28.1285714286,27.5571428571,28.3285714286,28.3285714286,0.2916,0.192875,0.1476625,0.10245,0.2118,0.08235,0.12155,0.146175,0.3012,0.1919429,0.1606833,0.1255714,0.2806667,0.1529286,0.2025667,0.1236,59.17,22.27,14.41,19.32,17.499047619033334,17.642142857125002,299.6595238096666,299.8142857145,27.933333333333334,28.03214285715,81.45142857143333,81.408928571425,0.21168056666666665,0.19567605,0.15528333333333333,0.14685,0.2400143,0.22018155,0.21605080000000002,0.21267977500000002,32.64,28.082499999999992,-0.46472317204376806,-0.8854560256532101,1.9459101490553132
sj,1990,31,1990-07-30,0.16048335,0.24715,0.3797,0.3813571,32.66,299.862857143,299.95,296.172857143,303.0,298.3,34.6,80.5842857143,32.66,17.5942857143,2.58571428571,28.2428571429,8.08571428571,34.4,22.8,37.6,17,17.3414285714,17.7371428571,17.4185714286,18.0714285714,295.96,296.334285714,296.041428571,296.651428571,80.7428571429,82.1442857143,81.4671428571,81.2814285714,299.635714286,299.75,299.592857143,300.278571429,28.1142857143,28.1285714286,27.5571428571,28.3285714286,0.1505667,0.2916,0.192875,0.1476625,0.1717,0.2118,0.08235,0.12155,0.2269,0.3012,0.1919429,0.1606833,0.2145571,0.2806667,0.1529286,0.2025667,16.48,59.17,22.27,14.41,17.5576190476,17.52285714285,299.7785714286667,299.73214285725,28.161904761933332,28.010714285725,81.15714285716666,81.23464285714999,0.20088335000000002,0.1988812625,0.21021666666666664,0.17825000000000002,0.3026,0.274935725,0.2921936333333333,0.257377375,36.10333333333333,32.644999999999996,-0.5680647467311556,-0.8229838658936565,2.8903717578961645
sj,1990,32,1990-08-06,0.1704,0.06433333,0.1644429,0.1388571,28.8,300.391428571,300.478571429,296.532857143,302.5,298.8,20.0,79.65,28.8,17.95,2.32857142857,28.2,7.55714285714,33.3,23.3,11.4,23,17.5942857143,17.3414285714,17.7371428571,17.4185714286,296.172857143,295.96,296.334285714,296.041428571,80.5842857143,80.7428571429,82.1442857143,81.4671428571,299.95,299.635714286,299.75,299.592857143,28.2428571429,28.1142857143,28.1285714286,27.5571428571,0.16048335,0.1505667,0.2916,0.192875,0.24715,0.1717,0.2118,0.08235,0.3797,0.2269,0.3012,0.1919429,0.3813571,0.2145571,0.2806667,0.1529286,32.66,16.48,59.17,22.27,17.62857142856667,17.6557142857,300.02142857166666,299.95357142875,28.185714285733336,28.17142857145,80.32571428573334,80.780357142875,0.16048335,0.1932625125,0.16106111,0.1737458325,0.2570143,0.268060725,0.24492376666666668,0.2538595,25.98,34.277499999999996,-0.663122658240795,-0.7485107481711013,3.1780538303479458
sj,1990,33,1990-08-13,0.18031665,0.1280333,0.2069571,0.1682429,90.75,299.958571429,299.957142857,297.035714286,302.6,298.5,101.9,84.1785714286,90.75,18.5157142857,1.85714285714,28.0428571429,6.68571428571,32.8,22.8,44.7,13,17.95,17.5942857143,17.3414285714,17.7371428571,296.532857143,296.172857143,295.96,296.334285714,79.65,80.5842857143,80.7428571429,82.1442857143,300.478571429,299.95,299.635714286,299.75,28.2,28.2428571429,28.1142857143,28.1285714286,0.1704,0.16048335,0.1505667,0.2916,0.06433333,0.24715,0.1717,0.2118,0.1644429,0.3797,0.2269,0.3012,0.1388571,0.3813571,0.2145571,0.2806667,28.8,32.66,16.48,59.17,18.02,17.85035714285,300.12857142866665,300.00535714299997,28.161904761933332,28.150000000025,81.47095238096666,81.28892857145,0.1704,0.16544167499999998,0.14650554333333335,0.15280415749999998,0.2503666666666667,0.2445,0.22948570000000001,0.22575355,50.73666666666666,42.17249999999999,-0.7485107481711011,-0.6631226582407952,2.639057329615259
sj,1990,34,1990-08-20,0.1902333,0.1688,0.1676571,0.1722857,32.4,300.332857143,300.414285714,296.728571429,302.5,298.1,25.9,80.9471428571,32.4,18.1742857143,2.48571428571,28.3428571429,7.01428571429,33.3,23.3,5.4,21,18.5157142857,17.95,17.5942857143,17.3414285714,297.035714286,296.532857143,296.172857143,295.96,84.1785714286,79.65,80.5842857143,80.7428571429,299.957142857,300.478571429,299.95,299.635714286,28.0428571429,28.2,28.2428571429,28.1142857143,0.18031665,0.1704,0.16048335,0.1505667,0.1280333,0.06433333,0.24715,0.1717,0.2069571,0.1644429,0.3797,0.2269,0.1682429,0.1388571,0.3813571,0.2145571,90.75,28.8,32.66,16.48,18.213333333333335,18.058571428575,300.28333333333336,300.20000000000005,28.19523809526667,28.207142857175,81.59190476190001,81.34,0.18031664999999997,0.17535832499999998,0.12038887666666666,0.1520791575,0.17968569999999998,0.229689275,0.15979523333333334,0.21518569999999998,50.65,46.152499999999996,-0.8229838658936564,-0.5680647467311559,3.091042453358316
sj,1990,35,1990-08-27,0.2529,0.33075,0.2641714,0.2843143,40.94,300.118571429,300.221428571,297.017142857,302.2,298.7,39.8,83.3485714286,40.94,18.5157142857,1.9,28.6571428571,6.52857142857,32.2,24.4,13.7,28,18.1742857143,18.5157142857,17.95,17.5942857143,296.728571429,297.035714286,296.532857143,296.172857143,80.9471428571,84.1785714286,79.65,80.5842857143,300.414285714,299.957142857,300.478571429,299.95,28.3428571429,28.0428571429,28.2,28.2428571429,0.1902333,0.18031665,0.1704,0.16048335,0.1688,0.1280333,0.06433333,0.24715,0.1676571,0.2069571,0.1644429,0.3797,0.1722857,0.1682429,0.1388571,0.3813571,32.4,90.75,28.8,32.66,18.4019047619,18.288928571425,300.1976190473333,300.26785714275,28.347619047633334,28.310714285725002,82.82476190476666,82.031071428575,0.20781664999999996,0.1984624875,0.20919443333333332,0.17297915749999998,0.21292853333333336,0.20080712499999998,0.20828096666666665,0.190925,54.696666666666665,48.2225,-0.8854560256532096,-0.4647231720437691,3.367295829986474
sj,1990,36,1990-09-03,0.2354,0.200025,0.2838167,0.2304429,28.86,300.53,300.635714286,296.117142857,303.8,298.0,30.4,77.1728571429,28.86,17.56,3.47142857143,28.3285714286,7.61428571429,32.8,23.3,14.2,24,18.5157142857,18.1742857143,18.5157142857,17.95,297.017142857,296.728571429,297.035714286,296.532857143,83.3485714286,80.9471428571,84.1785714286,79.65,300.221428571,300.414285714,299.957142857,300.478571429,28.6571428571,28.3428571429,28.0428571429,28.2,0.2529,0.1902333,0.18031665,0.1704,0.33075,0.1688,0.1280333,0.06433333,0.2641714,0.1676571,0.2069571,0.1644429,0.2843143,0.1722857,0.1682429,0.1388571,40.94,32.4,90.75,28.8,18.083333333333332,18.191428571425,300.42380952366665,300.30714285700003,28.442857142866668,28.342857142875,80.48952380953334,81.4117857143,0.22617776666666667,0.2147124875,0.23319166666666669,0.20690207500000002,0.2385484,0.230650575,0.2290143,0.21382145,34.06666666666666,48.23749999999999,-0.9350162426854147,-0.3546048870425359,3.2188758248682006
sj,1990,37,1990-09-10,0.1279667,0.4371,0.1234,0.1482833,64.56,300.674285714,300.792857143,297.192857143,302.9,299.0,24.18,81.5514285714,64.56,18.7771428571,2.9,28.6857142857,8.05714285714,33.9,24.4,25.9,20,17.56,18.5157142857,18.1742857143,18.5157142857,296.117142857,297.017142857,296.728571429,297.035714286,77.1728571429,83.3485714286,80.9471428571,84.1785714286,300.635714286,300.221428571,300.414285714,299.957142857,28.3285714286,28.6571428571,28.3428571429,28.0428571429,0.2354,0.2529,0.1902333,0.18031665,0.200025,0.33075,0.1688,0.1280333,0.2838167,0.2641714,0.1676571,0.2069571,0.2304429,0.2843143,0.1722857,0.1682429,28.86,40.94,32.4,90.75,18.284285714266666,18.256785714274997,300.55,300.5160714285,28.557142857133332,28.503571428575,80.69095238096666,80.755,0.20542223333333332,0.201625,0.322625,0.28416874999999997,0.2237960333333333,0.20976129999999998,0.22101350000000006,0.20883155,44.78666666666666,41.68999999999999,-0.970941817426052,-0.23931566428755774,3.044522437723423
sj,1990,38,1990-09-17,0.19635,0.1824333,0.2548286,0.3056857,143.73,299.857142857,299.9,296.431428571,301.7,298.7,36.6,81.6371428571,143.73,17.8928571429,1.74285714286,28.2428571429,8.11428571429,32.8,23.9,3.3,40,18.7771428571,17.56,18.5157142857,18.1742857143,297.192857143,296.117142857,297.017142857,296.728571429,81.5514285714,77.1728571429,83.3485714286,80.9471428571,300.792857143,300.635714286,300.221428571,300.414285714,28.6857142857,28.3285714286,28.6571428571,28.3428571429,0.1279667,0.2354,0.2529,0.1902333,0.4371,0.200025,0.33075,0.1688,0.1234,0.2838167,0.2641714,0.1676571,0.1482833,0.2304429,0.2843143,0.1722857,64.56,28.86,40.94,32.4,18.076666666666664,18.186428571424997,300.44285714299997,300.3875,28.419047619066664,28.478571428575002,80.12047619046666,80.9275,0.1865722333333333,0.203154175,0.2731861,0.28757707499999996,0.22068176666666664,0.231554175,0.2281373,0.24218155000000002,79.05,69.52249999999998,-0.992708874098054,-0.12053668025532357,3.713572066704308
sj,1990,39,1990-09-24,0.1161,0.2609,0.1994429,0.2442167,51.39,300.427142857,300.6,296.028571429,302.4,299.1,16.4,77.0485714286,51.39,17.4685714286,2.25714285714,28.3428571429,7.72857142857,32.8,24.4,15.8,27,17.8928571429,18.7771428571,17.56,18.5157142857,296.431428571,297.192857143,296.117142857,297.017142857,81.6371428571,81.5514285714,77.1728571429,83.3485714286,299.9,300.792857143,300.635714286,300.221428571,28.2428571429,28.6857142857,28.3285714286,28.6571428571,0.19635,0.1279667,0.2354,0.2529,0.1824333,0.4371,0.200025,0.33075,0.2548286,0.1234,0.2838167,0.2641714,0.3056857,0.1482833,0.2304429,0.2843143,143.73,64.56,28.86,40.94,18.0461904762,17.924642857149998,300.430952381,300.48214285725,28.42380952383333,28.400000000025003,80.07904761903333,79.35249999999999,0.14680556666666666,0.16895417499999998,0.2934777666666667,0.270114575,0.19255716666666667,0.21537204999999998,0.23272856666666666,0.23215715,86.56,72.13499999999999,-1.0,-1.8369701987210297e-16,3.332204510175204
sj,1990,40,1990-10-01,0.22855,0.18975,0.2124857,0.2011857,31.18,300.775714286,300.85,296.664285714,303.3,299.1,36.1,78.52,31.18,18.18,2.9,28.7714285714,8.02857142857,33.3,23.9,11.7,42,17.4685714286,17.8928571429,18.7771428571,17.56,296.028571429,296.431428571,297.192857143,296.117142857,77.0485714286,81.6371428571,81.5514285714,77.1728571429,300.6,299.9,300.792857143,300.635714286,28.3428571429,28.2428571429,28.6857142857,28.3285714286,0.1161,0.19635,0.1279667,0.2354,0.2609,0.1824333,0.4371,0.200025,0.1994429,0.2548286,0.1234,0.2838167,0.2442167,0.3056857,0.1482833,0.2304429,51.39,143.73,64.56,28.86,17.847142857166666,18.07964285715,300.45,300.53571428575003,28.452380952400002,28.510714285725,79.06857142856666,79.689285714275,0.18033333333333332,0.16724167499999998,0.21102776666666667,0.267545825,0.22225240000000002,0.1975393,0.2503627,0.22484285,75.43333333333332,72.71499999999999,-0.992708874098054,0.1205366802553232,3.7612001156935624
sj,1990,41,1990-10-08,0.17115,0.06755,0.1794667,0.1577167,51.42,299.857142857,299.942857143,296.928571429,301.8,298.1,132.4,84.11,51.42,18.5128571429,2.57142857143,28.6285714286,7.31428571429,33.3,24.4,57.7,33,18.18,17.4685714286,17.8928571429,18.7771428571,296.664285714,296.028571429,296.431428571,297.192857143,78.52,77.0485714286,81.6371428571,81.5514285714,300.85,300.6,299.9,300.792857143,28.7714285714,28.3428571429,28.2428571429,28.6857142857,0.22855,0.1161,0.19635,0.1279667,0.18975,0.2609,0.1824333,0.4371,0.2124857,0.1994429,0.2548286,0.1234,0.2011857,0.2442167,0.3056857,0.1482833,31.18,51.39,143.73,64.56,18.053809523833333,18.0135714286,300.46428571433336,300.32321428575,28.580952380966668,28.49642857145,79.89285714286666,80.328928571425,0.1719333333333333,0.1780375,0.17273333333333332,0.175158325,0.19713176666666668,0.211555975,0.20103970000000002,0.2272012,44.663333333333334,69.42999999999999,-0.9709418174260521,0.23931566428755738,3.5263605246161616
sj,1990,42,1990-10-15,0.158675,0.0702,0.1816167,0.16575,143.55,299.195714286,299.307142857,296.544285714,301.5,297.5,279.6,85.6214285714,143.55,18.1157142857,1.87142857143,27.6285714286,7.4,32.8,23.3,61.8,43,18.5128571429,18.18,17.4685714286,17.8928571429,296.928571429,296.664285714,296.028571429,296.431428571,84.11,78.52,77.0485714286,81.6371428571,299.942857143,300.85,300.6,299.9,28.6285714286,28.7714285714,28.3428571429,28.2428571429,0.17115,0.22855,0.1161,0.19635,0.06755,0.18975,0.2609,0.1824333,0.1794667,0.2124857,0.1994429,0.2548286,0.1577167,0.2011857,0.2442167,0.3056857,51.42,31.18,51.39,143.73,18.269523809533336,18.0692857143,300.03333333333336,300.175,28.342857142866666,28.342857142874998,82.75047619046667,81.325,0.18612499999999998,0.16861874999999998,0.10916666666666668,0.1471,0.19118970000000002,0.193253,0.17488413333333333,0.19221727500000002,75.38333333333334,69.38499999999999,-0.9350162426854148,0.35460488704253557,3.784189633918261
sj,1990,43,1990-10-22,0.1462,0.08975,0.1288286,0.1239286,127.03,298.902857143,299.042857143,296.257142857,300.9,297.2,94.52,85.5028571429,127.03,17.75,1.8,26.7714285714,7.62857142857,32.2,21.7,91.5,37,18.1157142857,18.5128571429,18.18,17.4685714286,296.544285714,296.928571429,296.664285714,296.028571429,85.6214285714,84.11,78.52,77.0485714286,299.307142857,299.942857143,300.85,300.6,27.6285714286,28.6285714286,28.7714285714,28.3428571429,0.158675,0.17115,0.22855,0.1161,0.0702,0.06755,0.18975,0.2609,0.1816167,0.1794667,0.2124857,0.1994429,0.16575,0.1577167,0.2011857,0.2442167,143.55,51.42,31.18,51.39,18.126190476199998,18.13964285715,299.430952381,299.78571428575003,27.676190476200002,27.950000000000003,85.07809523809999,83.438571428575,0.158675,0.17614375,0.07583333333333332,0.1043125,0.163304,0.175599425,0.14913176666666664,0.16214525,107.33333333333333,88.295,-0.8854560256532101,0.464723172043768,3.6375861597263857
sj,1990,44,1990-10-29,0.25225,0.1834333,0.318,0.2959,101.35,299.727142857,299.778571429,296.534285714,301.4,298.5,22.26,82.7871428571,101.35,18.0342857143,1.78571428571,27.9714285714,8.64285714286,33.3,22.8,6.3,57,17.75,18.1157142857,18.5128571429,18.18,296.257142857,296.544285714,296.928571429,296.664285714,85.5028571429,85.6214285714,84.11,78.52,299.042857143,299.307142857,299.942857143,300.85,26.7714285714,27.6285714286,28.6285714286,28.7714285714,0.1462,0.158675,0.17115,0.22855,0.08975,0.0702,0.06755,0.18975,0.1288286,0.1816167,0.1794667,0.2124857,0.1239286,0.16575,0.1577167,0.2011857,127.03,143.55,51.42,31.18,17.966666666666665,18.103214285725002,299.3761904763333,299.517857143,27.457142857133334,27.75,84.63714285713333,84.50535714285,0.18570833333333334,0.18206875,0.1144611,0.10273332499999999,0.20948176666666665,0.201978,0.1951928666666667,0.185823825,123.97666666666667,105.8375,-0.822983865893657,0.5680647467311548,4.060443010546419
sj,1990,45,1990-11-05,0.1526,0.181775,0.1783286,0.1866286,20.46,299.972857143,300.035714286,296.564285714,302.2,298.5,14.4,81.7157142857,20.46,18.0742857143,2.38571428571,28.4714285714,8.42857142857,33.3,23.9,6.6,71,18.0342857143,17.75,18.1157142857,18.5128571429,296.534285714,296.257142857,296.544285714,296.928571429,82.7871428571,85.5028571429,85.6214285714,84.11,299.778571429,299.042857143,299.307142857,299.942857143,27.9714285714,26.7714285714,27.6285714286,28.6285714286,0.25225,0.1462,0.158675,0.17115,0.1834333,0.08975,0.0702,0.06755,0.318,0.1288286,0.1816167,0.1794667,0.2959,0.1239286,0.16575,0.1577167,101.35,127.03,143.55,51.42,17.952857142866666,17.993571428575,299.61904761933334,299.54107142875,27.738095238066666,27.7107142857,83.33523809523332,83.906785714275,0.18368333333333334,0.17743124999999998,0.1516527666666667,0.131289575,0.20838573333333335,0.20169347499999998,0.2021524,0.19305180000000002,82.94666666666667,98.0975,-0.7485107481711011,0.6631226582407952,4.276666119016055
sj,1990,46,1990-11-12,0.2908,0.2246,0.1803857,0.2348857,20.0,300.35,300.5,295.687142857,302.3,298.8,7.1,75.7285714286,20.0,17.0857142857,2.2,27.5428571429,8.6,32.8,22.2,38.9,44,18.0742857143,18.0342857143,17.75,18.1157142857,296.564285714,296.534285714,296.257142857,296.544285714,81.7157142857,82.7871428571,85.5028571429,85.6214285714,300.035714286,299.778571429,299.042857143,299.307142857,28.4714285714,27.9714285714,26.7714285714,27.6285714286,0.1526,0.25225,0.1462,0.158675,0.181775,0.1834333,0.08975,0.0702,0.1783286,0.318,0.1288286,0.1816167,0.1866286,0.2959,0.1239286,0.16575,20.46,101.35,127.03,143.55,17.73142857143333,17.736071428575002,300.104761905,299.83928571449997,27.995238095233333,27.689285714275,80.07714285713334,81.433571428575,0.23188333333333333,0.2104625,0.19660276666666668,0.169889575,0.22557143333333332,0.201385725,0.23913810000000002,0.210335725,47.27000000000001,67.21,-0.6631226582407955,0.7485107481711007,3.8066624897703196
sj,1990,47,1990-11-19,0.2722,0.33035,0.1316333,0.1253833,20.04,299.511428571,299.635714286,295.375714286,301.6,297.0,36.7,78.1514285714,20.04,16.7528571429,2.52857142857,26.8,7.41428571429,31.7,22.2,9.6,56,17.0857142857,18.0742857143,18.0342857143,17.75,295.687142857,296.564285714,296.534285714,296.257142857,75.7285714286,81.7157142857,82.7871428571,85.5028571429,300.5,300.035714286,299.778571429,299.042857143,27.5428571429,28.4714285714,27.9714285714,26.7714285714,0.2908,0.1526,0.25225,0.1462,0.2246,0.181775,0.1834333,0.08975,0.1803857,0.1783286,0.318,0.1288286,0.2348857,0.1866286,0.2959,0.1239286,20.0,20.46,101.35,127.03,17.3042857143,17.4867857143,300.0571428573333,299.98750000025,27.604761904766672,27.696428571425002,78.53190476190001,79.59571428570001,0.23853333333333335,0.24196249999999997,0.245575,0.230039575,0.1634492,0.2020869,0.1822992,0.2106994,20.166666666666675,40.46249999999999,-0.5680647467311559,0.8229838658936564,4.04305126783455
sj,1990,48,1990-11-26,0.1367667,0.216525,0.1767857,0.1415857,33.61,298.238571429,298.264285714,294.811428571,300.2,296.5,44.3,81.3857142857,33.61,16.2085714286,1.98571428571,26.2,7.12857142857,31.1,20.6,26.7,53,16.7528571429,17.0857142857,18.0742857143,18.0342857143,295.375714286,295.687142857,296.564285714,296.534285714,78.1514285714,75.7285714286,81.7157142857,82.7871428571,299.635714286,300.5,300.035714286,299.778571429,26.8,27.5428571429,28.4714285714,27.9714285714,0.2722,0.2908,0.1526,0.25225,0.33035,0.2246,0.181775,0.1834333,0.1316333,0.1803857,0.1783286,0.318,0.1253833,0.2348857,0.1866286,0.2959,20.04,20.0,20.46,101.35,16.6823809524,17.030357142875,299.46666666666664,299.6089285715,26.847619047633334,27.253571428575,78.4219047619,79.24535714285,0.23325556666666666,0.21309167499999998,0.2571583333333333,0.23831249999999998,0.1629349,0.166783325,0.1672849,0.172120825,24.55000000000001,23.527499999999993,-0.4647231720437684,0.88545602565321,3.9889840465642745
sj,1990,49,1990-12-03,0.1098,0.0886,0.2667833,0.2517,9.96,298.542857143,298.685714286,294.782857143,300.8,296.7,71.8,79.9085714286,9.96,16.1614285714,2.05714285714,25.9857142857,5.54285714286,29.4,22.2,69.0,52,16.2085714286,16.7528571429,17.0857142857,18.0742857143,294.811428571,295.375714286,295.687142857,296.564285714,81.3857142857,78.1514285714,75.7285714286,81.7157142857,298.264285714,299.635714286,300.5,300.035714286,26.2,26.8,27.5428571429,28.4714285714,0.1367667,0.2722,0.2908,0.1526,0.216525,0.33035,0.2246,0.181775,0.1767857,0.1316333,0.1803857,0.1783286,0.1415857,0.1253833,0.2348857,0.1866286,33.61,20.04,20.0,20.46,16.374285714299997,16.55214285715,298.861904762,299.2714285715,26.328571428566665,26.63214285715,79.81523809523334,78.793571428575,0.17292223333333334,0.20239167499999997,0.211825,0.21501874999999998,0.19173410000000002,0.18889699999999998,0.1728896666666667,0.188388675,21.203333333333344,20.902499999999996,-0.35460488704253595,0.9350162426854147,3.970291913552122
sj,1990,50,1990-12-10,0.12135,0.26166,0.1913857,0.2099857,0.0,298.202857143,298.278571429,292.004285714,300.6,296.1,4.1,68.7228571429,0.0,13.6157142857,2.98571428571,24.6857142857,7.77142857143,29.4,19.4,2.8,47,16.1614285714,16.2085714286,16.7528571429,17.0857142857,294.782857143,294.811428571,295.375714286,295.687142857,79.9085714286,81.3857142857,78.1514285714,75.7285714286,298.685714286,298.264285714,299.635714286,300.5,25.9857142857,26.2,26.8,27.5428571429,0.1098,0.1367667,0.2722,0.2908,0.0886,0.216525,0.33035,0.2246,0.2667833,0.1767857,0.1316333,0.1803857,0.2517,0.1415857,0.1253833,0.2348857,9.96,33.61,20.04,20.0,15.328571428566667,15.684642857150001,298.4095238096667,298.71607142875,25.623809523800002,25.91785714285,76.67238095239999,77.04214285715,0.1226389,0.16002917499999997,0.18892833333333334,0.22428375,0.21165156666666665,0.191647,0.20109046666666666,0.182163675,14.523333333333342,15.902499999999993,-0.2393156642875578,0.970941817426052,3.8712010109078907
sj,1990,51,1990-12-17,0.2931333,0.2668667,0.2608571,0.3027286,52.45,298.297142857,298.378571429,294.558571429,300.9,296.0,32.31,80.0828571429,52.45,15.9542857143,2.87142857143,25.7142857143,6.58571428571,30.6,21.1,19.8,26,13.6157142857,16.1614285714,16.2085714286,16.7528571429,292.004285714,294.782857143,294.811428571,295.375714286,68.7228571429,79.9085714286,81.3857142857,78.1514285714,298.278571429,298.685714286,298.264285714,299.635714286,24.6857142857,25.9857142857,26.2,26.8,0.12135,0.1098,0.1367667,0.2722,0.26166,0.0886,0.216525,0.33035,0.1913857,0.2667833,0.1767857,0.1316333,0.2099857,0.2517,0.1415857,0.1253833,0.0,9.96,33.61,20.04,15.243809523799998,15.485,298.447619048,298.4017857145,25.4619047619,25.646428571425,76.23809523813333,77.525000000025,0.1747611,0.16526249999999998,0.2057089,0.208412925,0.23967536666666667,0.22395294999999998,0.2548047666666667,0.2265,20.803333333333345,24.004999999999995,-0.12053668025532363,0.992708874098054,3.295836866004329
sj,1990,52,1990-12-24,0.3025,0.2772333,0.1712667,0.1616222,0.0,298.038571429,298.085714286,292.105714286,299.8,295.3,5.46,69.6814285714,0.0,13.6828571429,2.28571428571,25.1571428571,5.84285714286,28.9,21.1,20.9,27,15.9542857143,13.6157142857,16.1614285714,16.2085714286,294.558571429,292.004285714,294.782857143,294.811428571,80.0828571429,68.7228571429,79.9085714286,81.3857142857,298.378571429,298.278571429,298.685714286,298.264285714,25.7142857143,24.6857142857,25.9857142857,26.2,0.2931333,0.12135,0.1098,0.1367667,0.2668667,0.26166,0.0886,0.216525,0.2608571,0.1913857,0.2667833,0.1767857,0.3027286,0.2099857,0.2517,0.1415857,52.45,0.0,9.96,33.61,14.417619047633332,14.853571428575,298.247619048,298.3571428575,25.185714285699998,25.3857142857,72.82904761906667,74.59892857145,0.23899443333333328,0.20669582499999997,0.2685866666666667,0.22359,0.20783649999999998,0.2225732,0.22477883333333337,0.23150912499999998,17.483333333333345,15.602499999999994,6.432490598706546e-16,1.0,3.332204510175204
sj,1991,1,1991-01-01,0.1465,0.1404667,0.1515,0.1673143,0.0,297.06,297.135714286,291.907142857,299.0,293.9,4.8,72.9385714286,0.0,13.5114285714,2.52857142857,24.3857142857,7.45714285714,29.4,18.9,5.3,21,13.6828571429,15.9542857143,13.6157142857,16.1614285714,292.105714286,294.558571429,292.004285714,294.782857143,69.6814285714,80.0828571429,68.7228571429,79.9085714286,298.085714286,298.378571429,298.278571429,298.685714286,25.1571428571,25.7142857143,24.6857142857,25.9857142857,0.3025,0.2931333,0.12135,0.1098,0.2772333,0.2668667,0.26166,0.0886,0.1712667,0.2608571,0.1913857,0.2667833,0.1616222,0.3027286,0.2099857,0.2517,0.0,52.45,0.0,9.96,14.382857142866664,14.191071428575,297.86666666699995,297.9696428575,25.085714285699996,24.985714285700002,74.23428571429999,72.85642857145,0.24737776666666667,0.21587082499999996,0.2281889,0.236556675,0.19454126666666668,0.19375237499999998,0.21055503333333334,0.21041269999999998,17.483333333333345,13.112499999999994,0.12053668025532305,0.992708874098054,3.091042453358316
sj,1991,2,1991-01-08,0.20809999999999998,0.1004667,0.2519,0.1376167,15.85,297.674285714,297.828571429,293.282857143,299.3,295.8,26.33,76.6285714286,15.85,14.6714285714,1.88571428571,24.9142857143,6.31428571429,28.3,21.1,31.7,21,13.5114285714,13.6828571429,15.9542857143,13.6157142857,291.907142857,292.105714286,294.558571429,292.004285714,72.9385714286,69.6814285714,80.0828571429,68.7228571429,297.135714286,298.085714286,298.378571429,298.278571429,24.3857142857,25.1571428571,25.7142857143,24.6857142857,0.1465,0.3025,0.2931333,0.12135,0.1404667,0.2772333,0.2668667,0.26166,0.1515,0.1712667,0.2608571,0.1913857,0.1673143,0.1616222,0.3027286,0.2099857,0.0,0.0,52.45,0.0,13.955238095233332,14.454999999999998,297.68333333366667,297.8571428575,24.81904761903333,25.04285714285,73.08285714286667,74.832857142875,0.2190333333333333,0.23755832499999996,0.17272223333333334,0.19625835,0.1915555666666667,0.20888094999999998,0.15551773333333332,0.19232045,5.283333333333343,17.074999999999992,0.23931566428755774,0.970941817426052,3.091042453358316
sj,1991,3,1991-01-15,0.2697,0.2935667,0.2599429,0.2179,0.0,297.422857143,297.657142857,293.412857143,299.3,296.1,27.4,78.5,0.0,14.7985714286,2.0,25.2428571429,6.57142857143,29.4,21.1,16.5,26,14.6714285714,13.5114285714,13.6828571429,15.9542857143,293.282857143,291.907142857,292.105714286,294.558571429,76.6285714286,72.9385714286,69.6814285714,80.0828571429,297.828571429,297.135714286,298.085714286,298.378571429,24.9142857143,24.3857142857,25.1571428571,25.7142857143,0.20809999999999998,0.1465,0.3025,0.2931333,0.1004667,0.1404667,0.2772333,0.2668667,0.2519,0.1515,0.1712667,0.2608571,0.1376167,0.1673143,0.1616222,0.3027286,15.85,0.0,0.0,52.45,14.327142857133333,14.166071428575,297.54047619066665,297.6767857145,24.847619047633334,24.925,76.0223809524,74.43714285715001,0.20809999999999995,0.23169999999999996,0.1781667,0.20293335,0.22111429999999999,0.20865239999999996,0.17427700000000002,0.1711133,5.283333333333343,3.962499999999993,0.3546048870425356,0.9350162426854148,3.295836866004329
sj,1991,4,1991-01-22,0.3313,0.3093333,0.2210286,0.2027571,0.0,297.884285714,298.15,292.382857143,300.3,296.0,0.7,71.5971428571,0.0,13.8785714286,2.55714285714,24.7142857143,7.77142857143,29.4,18.3,6.8,34,14.7985714286,14.6714285714,13.5114285714,13.6828571429,293.412857143,293.282857143,291.907142857,292.105714286,78.5,76.6285714286,72.9385714286,69.6814285714,297.657142857,297.828571429,297.135714286,298.085714286,25.2428571429,24.9142857143,24.3857142857,25.1571428571,0.2697,0.20809999999999998,0.1465,0.3025,0.2935667,0.1004667,0.1404667,0.2772333,0.2599429,0.2519,0.1515,0.1712667,0.2179,0.1376167,0.1673143,0.1616222,0.0,15.85,0.0,0.0,14.449523809533334,14.215,297.87857142866665,297.69285714299997,24.957142857166662,24.8142857143,75.57523809523333,74.916071428575,0.2697,0.23889999999999995,0.23445556666666667,0.21095835000000002,0.2442905,0.221092875,0.18609126666666667,0.18139702500000002,5.283333333333343,3.962499999999993,0.4647231720437685,0.8854560256532099,3.5553480614894135
sj,1991,5,1991-01-29,0.0917,0.246425,0.2438571,0.1956,0.0,298.044285714,298.228571429,292.572857143,300.1,295.0,5.7,71.7842857143,0.0,14.0442857143,2.77142857143,24.8285714286,8.15714285714,30.0,18.9,5.9,37,13.8785714286,14.7985714286,14.6714285714,13.5114285714,292.382857143,293.412857143,293.282857143,291.907142857,71.5971428571,78.5,76.6285714286,72.9385714286,298.15,297.657142857,297.828571429,297.135714286,24.7142857143,25.2428571429,24.9142857143,24.3857142857,0.3313,0.2697,0.20809999999999998,0.1465,0.3093333,0.2935667,0.1004667,0.1404667,0.2210286,0.2599429,0.2519,0.1515,0.2027571,0.2179,0.1376167,0.1673143,0.0,0.0,15.85,0.0,14.240476190499999,14.348214285725,298.01190476200003,297.96607142875,24.928571428599998,24.925000000025,73.96047619046665,74.6275,0.2309,0.22519999999999996,0.28310833333333335,0.237447925,0.24160953333333335,0.24418214999999996,0.20541903333333333,0.18846845,0.0,3.962499999999993,0.5680647467311558,0.8229838658936564,3.6375861597263857
sj,1991,6,1991-02-05,0.3801,0.2285667,0.2550429,0.2258,0.0,297.74,297.928571429,293.15,299.7,295.0,19.69,75.7942857143,0.0,14.5414285714,2.42857142857,25.0571428571,6.88571428571,30.0,20.6,7.3,17,14.0442857143,13.8785714286,14.7985714286,14.6714285714,292.572857143,292.382857143,293.412857143,293.282857143,71.7842857143,71.5971428571,78.5,76.6285714286,298.228571429,298.15,297.657142857,297.828571429,24.8285714286,24.7142857143,25.2428571429,24.9142857143,0.0917,0.3313,0.2697,0.20809999999999998,0.246425,0.3093333,0.2935667,0.1004667,0.2438571,0.2210286,0.2599429,0.2519,0.1956,0.2027571,0.2179,0.1376167,0.0,0.0,0.0,15.85,14.154761904766668,14.315714285724999,298.10238095266664,297.99107142875,24.866666666666664,24.960714285725,73.05857142856667,74.418928571425,0.2677,0.2682,0.26144166666666663,0.26947292500000003,0.2399762,0.24496787499999997,0.20805236666666668,0.210514275,0.0,0.0,0.6631226582407952,0.7485107481711011,2.8903717578961645
sj,1991,7,1991-02-12,0.0712,0.2211,0.2762429,0.2673429,18.05,296.884285714,297.114285714,292.972857143,300.2,294.1,21.4,78.8957142857,18.05,14.46,3.2,25.1428571429,8.87142857143,32.2,18.9,5.6,19,14.5414285714,14.0442857143,13.8785714286,14.7985714286,293.15,292.572857143,292.382857143,293.412857143,75.7942857143,71.7842857143,71.5971428571,78.5,297.928571429,298.228571429,298.15,297.657142857,25.0571428571,24.8285714286,24.7142857143,25.2428571429,0.3801,0.0917,0.3313,0.2697,0.2285667,0.246425,0.3093333,0.2935667,0.2550429,0.2438571,0.2210286,0.2599429,0.2258,0.1956,0.2027571,0.2179,0.0,0.0,0.0,0.0,14.348571428566666,14.231071428575,297.75714285733335,297.855357143,25.009523809533334,24.935714285725,75.49142857143333,74.51785714284999,0.18099999999999997,0.21857499999999996,0.23203056666666666,0.25135625,0.2583809666666667,0.249042875,0.2295809666666667,0.222875,6.016666666666676,4.512499999999993,0.7485107481711011,0.6631226582407953,2.995732273553991
sj,1991,8,1991-02-19,0.1207,0.2094,0.1084333,0.1194,0.0,297.414285714,297.614285714,293.631428571,300.1,295.8,26.2,79.74,0.0,15.0357142857,2.57142857143,25.8428571429,8.47142857143,32.2,20.0,17.8,25,14.46,14.5414285714,14.0442857143,13.8785714286,292.972857143,293.15,292.572857143,292.382857143,78.8957142857,75.7942857143,71.7842857143,71.5971428571,297.114285714,297.928571429,298.228571429,298.15,25.1428571429,25.0571428571,24.8285714286,24.7142857143,0.0712,0.3801,0.0917,0.3313,0.2211,0.2285667,0.246425,0.3093333,0.2762429,0.2550429,0.2438571,0.2210286,0.2673429,0.2258,0.1956,0.2027571,18.05,0.0,0.0,0.0,14.679047619033334,14.520357142850001,297.5523809523333,297.72142857150004,25.347619047633334,25.217857142875,78.14333333333333,76.553571428575,0.19066666666666665,0.165925,0.2196889,0.226372925,0.21323970000000003,0.22089404999999998,0.20418096666666666,0.202035725,6.016666666666676,4.512499999999993,0.8229838658936564,0.5680647467311559,3.258096538021482
sj,1991,9,1991-02-26,0.1702,0.2086,0.13752,0.1914333,31.79,297.505714286,297.828571429,293.407142857,299.8,295.8,23.8,77.9771428571,31.79,14.7942857143,2.11428571429,25.2571428571,7.2,30.6,20.0,30.7,18,15.0357142857,14.46,14.5414285714,14.0442857143,293.631428571,292.972857143,293.15,292.572857143,79.74,78.8957142857,75.7942857143,71.7842857143,297.614285714,297.114285714,297.928571429,298.228571429,25.8428571429,25.1428571429,25.0571428571,24.8285714286,0.1207,0.0712,0.3801,0.0917,0.2094,0.2211,0.2285667,0.246425,0.1084333,0.2762429,0.2550429,0.2438571,0.1194,0.2673429,0.2258,0.1956,0.0,18.05,0.0,0.0,14.763333333333335,14.70785714285,297.519047619,297.6214285715,25.414285714299996,25.325000000000003,78.87095238093333,78.101785714275,0.12069999999999997,0.18555,0.21303333333333332,0.216916675,0.1740654,0.194309775,0.19272540000000002,0.20099405,16.613333333333344,12.459999999999994,0.8854560256532099,0.4647231720437686,2.9444389791664403
sj,1991,10,1991-03-05,0.21075,0.2641,0.2476857,0.2163571,0.0,297.777142857,298.078571429,293.531428571,300.3,296.4,8.3,77.3157142857,0.0,14.92,2.24285714286,26.0142857143,8.31428571429,31.1,20.6,10.9,21,14.7942857143,15.0357142857,14.46,14.5414285714,293.407142857,293.631428571,292.972857143,293.15,77.9771428571,79.74,78.8957142857,75.7942857143,297.828571429,297.614285714,297.114285714,297.928571429,25.2571428571,25.8428571429,25.1428571429,25.0571428571,0.1702,0.1207,0.0712,0.3801,0.2086,0.2094,0.2211,0.2285667,0.13752,0.1084333,0.2762429,0.2550429,0.1914333,0.1194,0.2673429,0.2258,31.79,0.0,18.05,0.0,14.916666666666666,14.8025,297.8404761906667,297.65892857150004,25.704761904766666,25.564285714300002,78.34428571426666,78.482142857125,0.16721666666666665,0.14321249999999996,0.2273666666666667,0.2258,0.16454633333333332,0.19247047499999997,0.17573013333333334,0.198633325,10.596666666666676,12.459999999999994,0.9350162426854148,0.35460488704253557,3.091042453358316
sj,1991,11,1991-03-12,0.169325,0.22125,0.21325,0.2405429,0.0,297.431428571,297.635714286,293.335714286,300.1,295.7,13.37,78.1385714286,0.0,14.7871428571,2.72857142857,25.9285714286,8.97142857143,31.7,20.6,3.6,17,14.92,14.7942857143,15.0357142857,14.46,293.531428571,293.407142857,293.631428571,292.972857143,77.3157142857,77.9771428571,79.74,78.8957142857,298.078571429,297.828571429,297.614285714,297.114285714,26.0142857143,25.2571428571,25.8428571429,25.1428571429,0.21075,0.1702,0.1207,0.0712,0.2641,0.2086,0.2094,0.2211,0.2476857,0.13752,0.1084333,0.2762429,0.2163571,0.1914333,0.1194,0.2673429,0.0,31.79,0.0,18.05,14.8338095238,14.884285714275,297.847619048,297.7892857145,25.733333333333334,25.760714285725,77.81047619046667,78.29285714285001,0.18342499999999995,0.16774374999999997,0.2313166666666667,0.2258375,0.19948523333333332,0.17672224999999997,0.2161111,0.19193332500000002,10.596666666666676,7.947499999999993,0.970941817426052,0.23931566428755804,2.8903717578961645
sj,1991,12,1991-03-19,0.1279,0.1784,0.1470143,0.1593,0.0,297.407142857,297.614285714,293.254285714,300.4,295.4,11.1,77.8828571429,0.0,14.7457142857,2.54285714286,26.0857142857,6.97142857143,32.2,21.1,5.7,17,14.7871428571,14.92,14.7942857143,15.0357142857,293.335714286,293.531428571,293.407142857,293.631428571,78.1385714286,77.3157142857,77.9771428571,79.74,297.635714286,298.078571429,297.828571429,297.614285714,25.9285714286,26.0142857143,25.2571428571,25.8428571429,0.169325,0.21075,0.1702,0.1207,0.22125,0.2641,0.2086,0.2094,0.21325,0.2476857,0.13752,0.1084333,0.2405429,0.2163571,0.1914333,0.1194,0.0,0.0,31.79,0.0,14.8176190476,14.811785714275,297.77619047633334,297.7892857145,26.009523809533334,25.821428571425002,77.77904761906666,77.828571428575,0.16932499999999998,0.16954375,0.22125000000000003,0.21808750000000002,0.20265,0.18636749999999996,0.2054,0.201908325,0.0,7.947499999999993,0.992708874098054,0.120536680255323,2.8903717578961645
sj,1991,13,1991-03-26,0.28035,0.223575,0.2478833,0.2473857,0.0,297.47,297.692857143,293.74,301.0,295.7,21.26,80.0014285714,0.0,15.1485714286,2.75714285714,26.0571428571,6.58571428571,32.2,22.2,26.9,16,14.7457142857,14.7871428571,14.92,14.7942857143,293.254285714,293.335714286,293.531428571,293.407142857,77.8828571429,78.1385714286,77.3157142857,77.9771428571,297.614285714,297.635714286,298.078571429,297.828571429,26.0857142857,25.9285714286,26.0142857143,25.2571428571,0.1279,0.169325,0.21075,0.1702,0.1784,0.22125,0.2641,0.2086,0.1470143,0.21325,0.2476857,0.13752,0.1593,0.2405429,0.2163571,0.1914333,0.0,0.0,0.0,31.79,14.8938095238,14.900357142849998,297.6476190476667,297.755357143,26.0238095238,26.021428571424998,78.67428571430001,78.33464285715,0.19252499999999997,0.19708124999999999,0.20774166666666669,0.22183125,0.20271586666666666,0.21395832499999995,0.21574286666666667,0.215896425,0.0,0.0,1.0,-1.6081226496766364e-16,2.833213344056216
sj,1991,14,1991-04-02,0.1691,0.216825,0.2605143,0.2219714,12.92,297.064285714,297.185714286,292.48,299.4,295.4,20.9,75.6628571429,12.92,13.9914285714,2.28571428571,25.2428571429,6.81428571429,28.9,20.6,4.1,16,15.1485714286,14.7457142857,14.7871428571,14.92,293.74,293.254285714,293.335714286,293.531428571,80.0014285714,77.8828571429,78.1385714286,77.3157142857,297.692857143,297.614285714,297.635714286,298.078571429,26.0571428571,26.0857142857,25.9285714286,26.0142857143,0.28035,0.1279,0.169325,0.21075,0.223575,0.1784,0.22125,0.2641,0.2478833,0.1470143,0.21325,0.2476857,0.2473857,0.1593,0.2405429,0.2163571,0.0,0.0,0.0,0.0,14.628571428566667,14.6682142857,297.49761904766666,297.53214285725,25.795238095233334,25.828571428575,77.84904761906667,77.92142857145001,0.19244999999999998,0.18666875,0.20626666666666668,0.2100125,0.21847063333333336,0.21716547499999997,0.20955236666666666,0.2173,4.306666666666676,3.229999999999993,0.992708874098054,-0.12053668025532288,2.833213344056216
sj,1991,15,1991-04-09,0.1765,0.2763,0.1845333,0.1773667,6.0,297.372857143,297.657142857,293.615714286,299.2,295.9,19.78,79.6285714286,6.0,14.9928571429,2.62857142857,25.3,6.51428571429,28.9,21.1,18.8,15,13.9914285714,15.1485714286,14.7457142857,14.7871428571,292.48,293.74,293.254285714,293.335714286,75.6628571429,80.0014285714,77.8828571429,78.1385714286,297.185714286,297.692857143,297.614285714,297.635714286,25.2428571429,26.0571428571,26.0857142857,25.9285714286,0.1691,0.28035,0.1279,0.169325,0.216825,0.223575,0.1784,0.22125,0.2605143,0.2478833,0.1470143,0.21325,0.2219714,0.2473857,0.1593,0.2405429,12.92,0.0,0.0,0.0,14.710952380966667,14.71964285715,297.51190476200003,297.5375,25.533333333333335,25.671428571425,78.43095238096666,78.29392857145,0.20864999999999997,0.1884625,0.2389,0.223775,0.2309769666666667,0.20998629999999996,0.21557459999999998,0.20150595,6.306666666666676,4.729999999999993,0.9709418174260521,-0.2393156642875575,2.772588722239781
sj,1991,16,1991-04-16,0.0774,0.1024,0.16355,0.2061667,44.57,297.284285714,297.392857143,292.17,298.9,296.0,21.9,73.3514285714,44.57,13.7328571429,2.01428571429,25.5142857143,6.27142857143,29.4,21.1,19.4,23,14.9928571429,13.9914285714,15.1485714286,14.7457142857,293.615714286,292.48,293.74,293.254285714,79.6285714286,75.6628571429,80.0014285714,77.8828571429,297.657142857,297.185714286,297.692857143,297.614285714,25.3,25.2428571429,26.0571428571,26.0857142857,0.1765,0.1691,0.28035,0.1279,0.2763,0.216825,0.223575,0.1784,0.1845333,0.2605143,0.2478833,0.1470143,0.1773667,0.2219714,0.2473857,0.1593,6.0,12.92,0.0,0.0,14.239047619066667,14.466428571449999,297.411904762,297.48214285725,25.3523809524,25.528571428575,76.21428571429999,77.161071428575,0.141,0.17583749999999998,0.19850833333333337,0.204775,0.2028658666666667,0.21412022499999997,0.20183493333333336,0.213222625,21.163333333333345,15.872499999999993,0.9350162426854148,-0.35460488704253545,3.1780538303479458
sj,1991,17,1991-04-23,0.14328335,0.18845,0.1883143,0.2249429,32.72,298.074285714,298.235714286,294.028571429,299.6,296.7,19.7,78.4471428571,32.72,15.4614285714,2.3,26.5285714286,8.01428571429,32.8,21.7,3.5,16,13.7328571429,14.9928571429,13.9914285714,15.1485714286,292.17,293.615714286,292.48,293.74,73.3514285714,79.6285714286,75.6628571429,80.0014285714,297.392857143,297.657142857,297.185714286,297.692857143,25.5142857143,25.3,25.2428571429,26.0571428571,0.0774,0.1765,0.1691,0.28035,0.1024,0.2763,0.216825,0.223575,0.16355,0.1845333,0.2605143,0.2478833,0.2061667,0.1773667,0.2219714,0.2473857,44.57,6.0,12.92,0.0,14.729047619066668,14.544642857150002,297.76190476200003,297.617857143,25.780952380966667,25.646428571450002,77.14238095236668,76.7725,0.13239444999999997,0.1415708375,0.18905000000000002,0.19599375000000002,0.17879920000000002,0.19922797499999997,0.20282543333333333,0.20761192500000003,27.76333333333334,24.052499999999995,0.8854560256532099,-0.4647231720437685,2.833213344056216
sj,1991,18,1991-04-30,0.2091667,0.160575,0.1761714,0.1761714,0.0,298.831428571,299.071428571,294.97,301.0,297.1,8.38,79.36,0.0,16.3142857143,2.8,27.3142857143,7.71428571429,32.2,22.8,2.8,17,15.4614285714,13.7328571429,14.9928571429,13.9914285714,294.028571429,292.17,293.615714286,292.48,78.4471428571,73.3514285714,79.6285714286,75.6628571429,298.235714286,297.392857143,297.657142857,297.185714286,26.5285714286,25.5142857143,25.3,25.2428571429,0.14328335,0.0774,0.1765,0.1691,0.18845,0.1024,0.2763,0.216825,0.1883143,0.16355,0.1845333,0.2605143,0.2249429,0.2061667,0.1773667,0.2219714,32.72,44.57,6.0,12.92,15.169523809533333,15.125357142875,298.23333333333335,298.08928571425,26.452380952400002,26.1642857143,77.05285714283333,77.696785714275,0.14328335,0.15158751249999997,0.150475,0.18193125,0.1760119,0.17814224999999997,0.202427,0.19616192500000001,25.76333333333334,20.82249999999999,0.8229838658936565,-0.5680647467311557,2.8903717578961645
sj,1991,19,1991-05-07,0.11595,0.180175,0.1063857,0.1111857,35.38,298.638571429,298.721428571,294.812857143,300.9,297.2,20.6,79.5414285714,35.38,16.1857142857,2.41428571429,26.9285714286,6.92857142857,31.7,22.8,40.2,12,16.3142857143,15.4614285714,13.7328571429,14.9928571429,294.97,294.028571429,292.17,293.615714286,79.36,78.4471428571,73.3514285714,79.6285714286,299.071428571,298.235714286,297.392857143,297.657142857,27.3142857143,26.5285714286,25.5142857143,25.3,0.2091667,0.14328335,0.0774,0.1765,0.160575,0.18845,0.1024,0.2763,0.1761714,0.1883143,0.16355,0.1845333,0.1761714,0.2249429,0.2061667,0.1773667,0.0,32.72,44.57,6.0,15.987142857133334,15.423571428575002,298.67619047600004,298.35535714275,26.92380952383333,26.57142857145,79.11619047616666,77.674999999975,0.15613334999999998,0.1364500125,0.1764,0.15789999999999998,0.15695713333333336,0.15860534999999998,0.17076666666666665,0.179616675,22.700000000000006,28.167499999999993,0.7485107481711013,-0.663122658240795,2.5649493574615367
sj,1991,20,1991-05-14,0.091425,0.10455,0.15115,0.0964,4.16,298.325714286,298.407142857,294.618571429,300.1,296.6,35.37,80.0671428571,4.16,15.9742857143,2.5,26.5285714286,6.58571428571,30.6,22.8,32.8,17,16.1857142857,16.3142857143,15.4614285714,13.7328571429,294.812857143,294.97,294.028571429,292.17,79.5414285714,79.36,78.4471428571,73.3514285714,298.721428571,299.071428571,298.235714286,297.392857143,26.9285714286,27.3142857143,26.5285714286,25.5142857143,0.11595,0.2091667,0.14328335,0.0774,0.180175,0.160575,0.18845,0.1024,0.1063857,0.1761714,0.1883143,0.16355,0.1111857,0.1761714,0.2249429,0.2061667,35.38,0.0,32.72,44.57,16.1580952381,15.983928571425,298.73333333299996,298.60892857125,26.92380952383333,26.825000000025,79.65619047616667,79.3539285714,0.13884723333333332,0.13995626249999998,0.14843333333333333,0.15843749999999998,0.14456903333333335,0.15550535,0.12791903333333335,0.152175,13.180000000000012,18.06499999999999,0.6631226582407952,-0.7485107481711012,2.8903717578961645
sj,1991,21,1991-05-21,0.0669,0.1335667,0.09711667,0.1356,51.16,298.584285714,298.457142857,295.124285714,300.4,297.0,59.3,81.3014285714,51.16,16.5014285714,1.85714285714,27.3857142857,6.7,31.7,22.8,3.6,10,15.9742857143,16.1857142857,16.3142857143,15.4614285714,294.618571429,294.812857143,294.97,294.028571429,80.0671428571,79.5414285714,79.36,78.4471428571,298.407142857,298.721428571,299.071428571,298.235714286,26.5285714286,26.9285714286,27.3142857143,26.5285714286,0.091425,0.11595,0.2091667,0.14328335,0.10455,0.180175,0.160575,0.18845,0.15115,0.1063857,0.1761714,0.1883143,0.0964,0.1111857,0.1761714,0.2249429,4.16,35.38,0.0,32.72,16.220476190466666,16.243928571425002,298.52857142833335,298.664285714,26.947619047633335,27.0392857143,80.30333333329999,80.067499999975,0.09142499999999998,0.12086042499999998,0.13943056666666667,0.14471667500000002,0.11821745666666668,0.13270594249999998,0.11439523333333335,0.129839275,30.233333333333345,22.67499999999999,0.5680647467311558,-0.8229838658936564,2.3978952727983707
sj,1991,22,1991-05-28,0.1401,0.1594667,0.2143167,0.2571,55.37,298.808571429,298.885714286,295.274285714,301.1,297.3,43.4,81.0885714286,55.37,16.6457142857,2.14285714286,27.9428571429,7.01428571429,33.3,23.3,5.6,15,16.5014285714,15.9742857143,16.1857142857,16.3142857143,295.124285714,294.618571429,294.812857143,294.97,81.3014285714,80.0671428571,79.5414285714,79.36,298.457142857,298.407142857,298.721428571,299.071428571,27.3857142857,26.5285714286,26.9285714286,27.3142857143,0.0669,0.091425,0.11595,0.2091667,0.1335667,0.10455,0.180175,0.160575,0.09711667,0.15115,0.1063857,0.1761714,0.1356,0.0964,0.1111857,0.1761714,51.16,4.16,35.38,0.0,16.373809523800002,16.326785714275,298.5833333333333,298.61785714275,27.285714285733334,27.19642857145,80.81904761903333,80.499642857125,0.09947499999999998,0.10359374999999998,0.1325278,0.1444396,0.15419445666666667,0.14224226749999996,0.16303333333333334,0.150071425,36.896666666666675,36.51749999999999,0.46472317204376906,-0.8854560256532096,2.772588722239781
sj,1991,23,1991-06-04,0.08585,0.087,0.1196,0.1659286,8.08,299.518571429,299.75,294.925714286,301.6,297.4,5.0,76.0742857143,8.08,16.3242857143,2.87142857143,28.0714285714,7.5,33.3,23.3,20.6,19,16.6457142857,16.5014285714,15.9742857143,16.1857142857,295.274285714,295.124285714,294.618571429,294.812857143,81.0885714286,81.3014285714,80.0671428571,79.5414285714,298.885714286,298.457142857,298.407142857,298.721428571,27.9428571429,27.3857142857,26.5285714286,26.9285714286,0.1401,0.0669,0.091425,0.11595,0.1594667,0.1335667,0.10455,0.180175,0.2143167,0.09711667,0.15115,0.1063857,0.2571,0.1356,0.0964,0.1111857,55.37,51.16,4.16,35.38,16.490476190466666,16.361428571425,299.03095238099996,298.875,27.799999999999997,27.48214285715,79.4880952381,79.63285714285,0.09761666666666664,0.09606874999999998,0.12667779999999998,0.12114585,0.14367779000000003,0.14554584249999997,0.18620953333333334,0.16375715,38.20333333333334,29.692499999999992,0.35460488704253584,-0.9350162426854147,2.995732273553991
sj,1991,24,1991-06-11,0.1091,0.1564667,0.1734286,0.1739714,6.09,299.891428571,300.071428571,295.492857143,301.8,298.4,5.82,77.0357142857,6.09,16.8828571429,2.4,28.2285714286,7.97142857143,33.9,23.9,9.4,21,16.3242857143,16.6457142857,16.5014285714,15.9742857143,294.925714286,295.274285714,295.124285714,294.618571429,76.0742857143,81.0885714286,81.3014285714,80.0671428571,299.75,298.885714286,298.457142857,298.407142857,28.0714285714,27.9428571429,27.3857142857,26.5285714286,0.08585,0.1401,0.0669,0.091425,0.087,0.1594667,0.1335667,0.10455,0.1196,0.2143167,0.09711667,0.15115,0.1659286,0.2571,0.1356,0.0964,8.08,55.37,51.16,4.16,16.617619047633333,16.588571428575,299.569047619,299.2910714285,28.080952380966664,27.90714285715,78.0661904762,78.875,0.1116833333333333,0.1004875,0.13431113333333333,0.13412502499999998,0.16911510000000005,0.15111549249999995,0.19900000000000004,0.18315,23.18000000000001,30.17499999999999,0.23931566428755768,-0.970941817426052,3.091042453358316
sj,1991,25,1991-06-18,0.0596,0.09235,0.1301286,0.1306429,44.25,299.775714286,299.971428571,296.3,301.9,298.4,17.0,81.4214285714,44.25,17.7042857143,2.17142857143,28.9285714286,7.14285714286,33.9,25.0,3.3,14,16.8828571429,16.3242857143,16.6457142857,16.5014285714,295.492857143,294.925714286,295.274285714,295.124285714,77.0357142857,76.0742857143,81.0885714286,81.3014285714,300.071428571,299.75,298.885714286,298.457142857,28.2285714286,28.0714285714,27.9428571429,27.3857142857,0.1091,0.08585,0.1401,0.0669,0.1564667,0.087,0.1594667,0.1335667,0.1734286,0.1196,0.2143167,0.09711667,0.1739714,0.1659286,0.2571,0.1356,6.09,8.08,55.37,51.16,16.970476190499998,16.8892857143,299.93095238066667,299.669642857,28.409523809533336,28.292857142875,78.17714285713333,78.905,0.08484999999999998,0.09866249999999999,0.1119389,0.12382085,0.14105240000000005,0.15936847499999995,0.15684763333333337,0.181910725,19.473333333333347,28.44749999999999,0.12053668025532308,-0.992708874098054,2.70805020110221
sj,1991,26,1991-06-25,0.07965,0.122,0.1851143,0.1582429,73.76,299.41,299.478571429,296.228571429,302.5,297.7,37.8,82.7457142857,73.76,17.6285714286,2.04285714286,27.9142857143,7.4,32.8,22.8,12.4,18,17.7042857143,16.8828571429,16.3242857143,16.6457142857,296.3,295.492857143,294.925714286,295.274285714,81.4214285714,77.0357142857,76.0742857143,81.0885714286,299.971428571,300.071428571,299.75,298.885714286,28.9285714286,28.2285714286,28.0714285714,27.9428571429,0.0596,0.1091,0.08585,0.1401,0.09235,0.1564667,0.087,0.1594667,0.1301286,0.1734286,0.1196,0.2143167,0.1306429,0.1739714,0.1659286,0.2571,44.25,6.09,8.08,55.37,17.405238095266668,17.135000000025002,299.8404761903334,299.81785714275003,28.357142857166664,28.285714285725,80.40095238093333,79.319285714275,0.0827833333333333,0.08354999999999999,0.12360556666666667,0.11445417499999999,0.16289050000000005,0.15206787499999996,0.15428573333333337,0.15719645,41.36666666666668,33.044999999999995,-3.216245299353273e-16,-1.0,2.9444389791664403
sj,1991,27,1991-07-02,0.08827499999999999,0.1779333,0.2015286,0.1981571,26.7,299.371428571,299.385714286,295.945714286,302.4,297.4,51.99,81.6942857143,26.7,17.3528571429,2.14285714286,28.3714285714,6.6,32.8,23.9,24.7,13,17.6285714286,17.7042857143,16.8828571429,16.3242857143,296.228571429,296.3,295.492857143,294.925714286,82.7457142857,81.4214285714,77.0357142857,76.0742857143,299.478571429,299.971428571,300.071428571,299.75,27.9142857143,28.9285714286,28.2285714286,28.0714285714,0.07965,0.0596,0.1091,0.08585,0.122,0.09235,0.1564667,0.087,0.1851143,0.1301286,0.1734286,0.1196,0.1582429,0.1306429,0.1739714,0.1659286,73.76,44.25,6.09,8.08,17.561904761933334,17.392142857175,299.611904762,299.72678571425,28.40476190476667,28.360714285725,81.95380952379999,80.724285714275,0.07584166666666664,0.08415624999999999,0.1307611,0.1371875,0.1722571666666667,0.17255002499999997,0.16234763333333335,0.165253575,48.23666666666668,37.69999999999999,-0.12053668025532283,-0.992708874098054,2.639057329615259
sj,1991,28,1991-07-09,0.0969,0.127633315,0.13805,0.1679167,6.13,300.001428571,300.171428571,295.791428571,302.1,297.9,18.7,77.8771428571,6.13,17.1514285714,2.42857142857,28.4142857143,6.67142857143,32.8,24.4,4.6,14,17.3528571429,17.6285714286,17.7042857143,16.8828571429,295.945714286,296.228571429,296.3,295.492857143,81.6942857143,82.7457142857,81.4214285714,77.0357142857,299.385714286,299.478571429,299.971428571,300.071428571,28.3714285714,27.9142857143,28.9285714286,28.2285714286,0.08827499999999999,0.07965,0.0596,0.1091,0.1779333,0.122,0.09235,0.1564667,0.2015286,0.1851143,0.1301286,0.1734286,0.1981571,0.1582429,0.1306429,0.1739714,26.7,73.76,44.25,6.09,17.377619047633335,17.4592857143,299.67857142866666,299.75178571425,28.23333333333333,28.40714285715,80.77238095236667,80.934642857125,0.08827499999999998,0.08110624999999998,0.14252220499999999,0.12997915375,0.17489763333333339,0.163705375,0.17477223333333336,0.1637399,35.53000000000001,37.709999999999994,-0.23931566428755743,-0.9709418174260521,2.70805020110221
sj,1991,29,1991-07-16,0.0885,0.07733333,0.09982857,0.1166429,29.67,300.234285714,300.342857143,296.081428571,302.2,298.6,23.6,78.2414285714,29.67,17.4728571429,2.42857142857,28.8,6.91428571429,33.9,23.9,12.2,18,17.1514285714,17.3528571429,17.6285714286,17.7042857143,295.791428571,295.945714286,296.228571429,296.3,77.8771428571,81.6942857143,82.7457142857,81.4214285714,300.171428571,299.385714286,299.478571429,299.971428571,28.4142857143,28.3714285714,27.9142857143,28.9285714286,0.0969,0.08827499999999999,0.07965,0.0596,0.127633315,0.1779333,0.122,0.09235,0.13805,0.2015286,0.1851143,0.1301286,0.1679167,0.1981571,0.1582429,0.1306429,6.13,26.7,73.76,44.25,17.32571428573333,17.40142857145,299.96666666666664,299.84464285725,28.528571428566668,28.375,79.27095238093334,80.139642857125,0.09122499999999996,0.08833124999999999,0.127633315,0.12622498625,0.14646905666666674,0.15613036749999998,0.1609055666666667,0.1602399,20.833333333333343,34.06499999999999,-0.3546048870425356,-0.9350162426854148,2.9444389791664403
sj,1991,30,1991-07-23,0.0801,0.00805,0.1380333,0.1290667,56.58,299.808571429,299.978571429,296.332857143,302.1,298.2,27.4,81.4828571429,56.58,17.7342857143,2.24285714286,28.0,5.88571428571,32.8,24.4,43.1,23,17.4728571429,17.1514285714,17.3528571429,17.6285714286,296.081428571,295.791428571,295.945714286,296.228571429,78.2414285714,77.8771428571,81.6942857143,82.7457142857,300.342857143,300.171428571,299.385714286,299.478571429,28.8,28.4142857143,28.3714285714,27.9142857143,0.0885,0.0969,0.08827499999999999,0.07965,0.07733333,0.127633315,0.1779333,0.122,0.09982857,0.13805,0.2015286,0.1851143,0.1166429,0.1679167,0.1981571,0.1582429,29.67,6.13,26.7,73.76,17.452857142866666,17.427857142875002,300.16428571433335,299.96964285725,28.40476190476667,28.396428571425,79.20047619046666,79.823928571425,0.08849999999999997,0.08844374999999999,0.07100554833333332,0.09773748624999999,0.12530395666666672,0.14436011749999997,0.13787543333333332,0.15294585,30.79333333333334,29.76999999999999,-0.46472317204376806,-0.8854560256532101,3.1780538303479458
sj,1991,31,1991-07-30,0.076625,0.060225,0.1906429,0.1593286,48.41,299.852857143,299.964285714,296.478571429,302.0,298.3,34.39,81.8971428571,48.41,17.8785714286,2.3,28.5714285714,6.34285714286,33.3,25.0,18.0,25,17.7342857143,17.4728571429,17.1514285714,17.3528571429,296.332857143,296.081428571,295.791428571,295.945714286,81.4828571429,78.2414285714,77.8771428571,81.6942857143,299.978571429,300.342857143,300.171428571,299.385714286,28.0,28.8,28.4142857143,28.3714285714,0.0801,0.0885,0.0969,0.08827499999999999,0.00805,0.07733333,0.127633315,0.1779333,0.1380333,0.09982857,0.13805,0.2015286,0.1290667,0.1166429,0.1679167,0.1981571,56.58,29.67,6.13,26.7,17.695238095266667,17.5592857143,300.09523809533334,300.11428571425,28.457142857133334,28.446428571425,80.54047619046666,79.874642857125,0.08174166666666664,0.08553124999999999,0.04853610999999999,0.06831041125000001,0.14283492333333336,0.1416386925,0.13501273333333333,0.143238725,44.88666666666668,35.19749999999999,-0.5680647467311556,-0.8229838658936565,3.258096538021482
sj,1991,32,1991-08-06,0.07315,0.1124,0.1925857,0.2093571,13.29,299.831428571,299.864285714,296.468571429,301.8,298.1,31.5,81.96,13.29,17.8957142857,2.24285714286,28.5,6.51428571429,32.8,24.4,12.5,62,17.8785714286,17.7342857143,17.4728571429,17.1514285714,296.478571429,296.332857143,296.081428571,295.791428571,81.8971428571,81.4828571429,78.2414285714,77.8771428571,299.964285714,299.978571429,300.342857143,300.171428571,28.5714285714,28.0,28.8,28.4142857143,0.076625,0.0801,0.0885,0.0969,0.060225,0.00805,0.07733333,0.127633315,0.1906429,0.1380333,0.09982857,0.13805,0.1593286,0.1290667,0.1166429,0.1679167,48.41,56.58,29.67,6.13,17.8361904762,17.745357142875,299.93571428566673,300.0375,28.357142857133336,28.46785714285,81.78,80.89535714285,0.07662499999999997,0.07959374999999999,0.060224999999999994,0.0645020825,0.17375396666666668,0.1552726175,0.16591746666666668,0.153598825,39.42666666666668,36.98749999999999,-0.663122658240795,-0.7485107481711013,4.143134726391533
sj,1991,33,1991-08-13,0.0593,0.10527,0.1551,0.1567,0.0,300.42,300.65,296.484285714,302.8,298.7,20.4,79.1971428571,0.0,17.9114285714,2.18571428571,29.4285714286,5.47142857143,33.3,25.6,3.3,60,17.8957142857,17.8785714286,17.7342857143,17.4728571429,296.468571429,296.478571429,296.332857143,296.081428571,81.96,81.8971428571,81.4828571429,78.2414285714,299.864285714,299.964285714,299.978571429,300.342857143,28.5,28.5714285714,28.0,28.8,0.07315,0.076625,0.0801,0.0885,0.1124,0.060225,0.00805,0.07733333,0.1925857,0.1906429,0.1380333,0.09982857,0.2093571,0.1593286,0.1290667,0.1166429,13.29,48.41,56.58,29.67,17.89523809523333,17.855,300.1595238093333,300.11428571425,28.833333333333332,28.625,81.01809523806666,81.134285714275,0.06969166666666664,0.07229374999999999,0.09263166666666667,0.07148625,0.17944286666666667,0.16909047499999996,0.17512856666666665,0.1636131,20.566666666666674,29.569999999999986,-0.7485107481711011,-0.6631226582407952,4.110873864173311
sj,1991,34,1991-08-20,0.0569,0.09814,0.1285143,0.1437286,51.88,300.311428571,300.385714286,296.581428571,302.6,298.3,25.47,80.2557142857,51.88,18.0114285714,2.4,29.2714285714,7.51428571429,34.4,24.4,1.5,76,17.9114285714,17.8957142857,17.8785714286,17.7342857143,296.484285714,296.468571429,296.478571429,296.332857143,79.1971428571,81.96,81.8971428571,81.4828571429,300.65,299.864285714,299.964285714,299.978571429,29.4285714286,28.5,28.5714285714,28.0,0.0593,0.07315,0.076625,0.0801,0.10527,0.1124,0.060225,0.00805,0.1551,0.1925857,0.1906429,0.1380333,0.1567,0.2093571,0.1593286,0.1290667,0.0,13.29,48.41,56.58,17.9395238095,17.924285714275,300.3,300.21607142849996,29.066666666666666,28.94285714285,80.47095238093333,80.827499999975,0.06311666666666664,0.06649374999999999,0.10526999999999999,0.09400875,0.15873333333333337,0.16671072499999998,0.1699285666666667,0.167278575,21.723333333333343,28.39499999999999,-0.8229838658936564,-0.5680647467311559,4.343805421853684
sj,1991,35,1991-08-27,0.0693,0.05705,0.22504,0.1864,55.2,300.117142857,300.2,296.67,302.3,298.6,23.8,81.5942857143,55.2,18.0914285714,2.37142857143,28.1571428571,7.0,32.2,23.9,10.7,66,18.0114285714,17.9114285714,17.8957142857,17.8785714286,296.581428571,296.484285714,296.468571429,296.478571429,80.2557142857,79.1971428571,81.96,81.8971428571,300.385714286,300.65,299.864285714,299.964285714,29.2714285714,29.4285714286,28.5,28.5714285714,0.0569,0.0593,0.07315,0.076625,0.09814,0.10527,0.1124,0.060225,0.1285143,0.1551,0.1925857,0.1906429,0.1437286,0.1567,0.2093571,0.1593286,51.88,0.0,13.29,48.41,18.004761904733332,17.977499999975,300.411904762,300.275,28.952380952366667,28.839285714275,80.34904761903333,80.751785714275,0.0618333333333333,0.06466249999999998,0.08682,0.093215,0.16955143333333336,0.17530999999999997,0.1622762,0.174046425,35.69333333333335,30.09249999999999,-0.8854560256532096,-0.4647231720437691,4.204692619390966
sj,1991,36,1991-09-03,0.10805,0.091675,0.1398,0.1624143,65.9,300.105714286,300.15,296.798571429,302.3,298.4,42.33,82.31,65.9,18.2628571429,2.12857142857,28.9428571429,7.54285714286,34.4,24.4,27.2,64,18.0914285714,18.0114285714,17.9114285714,17.8957142857,296.67,296.581428571,296.484285714,296.468571429,81.5942857143,80.2557142857,79.1971428571,81.96,300.2,300.385714286,300.65,299.864285714,28.1571428571,29.2714285714,29.4285714286,28.5,0.0693,0.0569,0.0593,0.07315,0.05705,0.09814,0.10527,0.1124,0.22504,0.1285143,0.1551,0.1925857,0.1864,0.1437286,0.1567,0.2093571,55.2,51.88,0.0,13.29,18.1219047619,18.069285714275,300.24523809533326,300.3464285715,28.790476190466666,28.950000000000003,81.38666666666667,80.83928571427501,0.0780833333333333,0.07338749999999998,0.08228833333333332,0.08803375000000001,0.16445143333333337,0.16211357499999998,0.1641809666666667,0.16231072500000002,57.66000000000002,43.24499999999999,-0.9350162426854147,-0.3546048870425359,4.174387269895637
sj,1991,37,1991-09-10,0.10475,0.1598333,0.11208,0.1446429,33.56,300.54,300.635714286,296.451428571,302.8,298.7,11.4,78.6271428571,33.56,17.8957142857,3.04285714286,28.9714285714,7.7,33.9,23.3,61.0,68,18.2628571429,18.0914285714,18.0114285714,17.9114285714,296.798571429,296.67,296.581428571,296.484285714,82.31,81.5942857143,80.2557142857,79.1971428571,300.15,300.2,300.385714286,300.65,28.9428571429,28.1571428571,29.2714285714,29.4285714286,0.10805,0.0693,0.0569,0.0593,0.091675,0.05705,0.09814,0.10527,0.1398,0.22504,0.1285143,0.1551,0.1624143,0.1864,0.1437286,0.1567,65.9,55.2,51.88,0.0,18.083333333333332,18.06535714285,300.32857142866663,300.342857143,28.690476190466665,28.8357142857,80.8438095238,80.696785714275,0.0940333333333333,0.08474999999999999,0.10285276666666665,0.101674575,0.15897333333333338,0.15135857499999997,0.16448573333333336,0.15929645,51.55333333333335,51.63499999999999,-0.970941817426052,-0.23931566428755774,4.23410650459726
sj,1991,38,1991-09-17,0.1098,0.1527333,0.1685714,0.1688714,29.53,300.527142857,300.6,296.901428571,303.0,298.8,28.8,80.8771428571,29.53,18.4,2.45714285714,28.9142857143,6.8,33.3,24.4,7.9,89,17.8957142857,18.2628571429,18.0914285714,18.0114285714,296.451428571,296.798571429,296.67,296.581428571,78.6271428571,82.31,81.5942857143,80.2557142857,300.635714286,300.15,300.2,300.385714286,28.9714285714,28.9428571429,28.1571428571,29.2714285714,0.10475,0.10805,0.0693,0.0569,0.1598333,0.091675,0.05705,0.09814,0.11208,0.1398,0.22504,0.1285143,0.1446429,0.1624143,0.1864,0.1437286,33.56,65.9,55.2,51.88,18.1861904762,18.162499999999998,300.461904762,300.3964285715,28.942857142866668,28.746428571425,80.60476190473334,80.852142857125,0.1075333333333333,0.09797499999999998,0.13474719999999998,0.1153229,0.1401504666666667,0.16137284999999998,0.1586428666666667,0.16558215,42.99666666666668,46.04749999999999,-0.992708874098054,-0.12053668025532357,4.499809670330265
sj,1991,39,1991-09-24,0.1676,0.1489,0.1714286,0.2181429,73.55,300.06,300.05,296.59,302.4,298.2,77.5,81.4242857143,73.55,18.0442857143,2.07142857143,28.1428571429,6.68571428571,32.8,24.4,31.8,92,18.4,17.8957142857,18.2628571429,18.0914285714,296.901428571,296.451428571,296.798571429,296.67,80.8771428571,78.6271428571,82.31,81.5942857143,300.6,300.635714286,300.15,300.2,28.9142857143,28.9714285714,28.9428571429,28.1571428571,0.1098,0.10475,0.10805,0.0693,0.1527333,0.1598333,0.091675,0.05705,0.1685714,0.11208,0.1398,0.22504,0.1688714,0.1446429,0.1624143,0.1864,29.53,33.56,65.9,55.2,18.113333333333333,18.150714285724998,300.42857142866666,300.3589285715,28.676190476200002,28.742857142875,80.30952380949999,80.809642857125,0.12738333333333332,0.12254999999999998,0.1538222,0.1382854,0.15069333333333337,0.14797,0.17721906666666667,0.17351787500000002,45.54666666666668,50.63499999999999,-1.0,-1.8369701987210297e-16,4.532599493153256
sj,1991,40,1991-10-01,0.1291,0.16672,0.177,0.1955571,31.68,299.65,299.692857143,296.397142857,301.6,298.3,60.0,82.4857142857,31.68,17.85,2.04285714286,27.7428571429,6.91428571429,32.8,23.3,26.5,140,18.0442857143,18.4,17.8957142857,18.2628571429,296.59,296.901428571,296.451428571,296.798571429,81.4242857143,80.8771428571,78.6271428571,82.31,300.05,300.6,300.635714286,300.15,28.1428571429,28.9142857143,28.9714285714,28.9428571429,0.1676,0.1098,0.10475,0.10805,0.1489,0.1527333,0.1598333,0.091675,0.1714286,0.1685714,0.11208,0.1398,0.2181429,0.1688714,0.1446429,0.1624143,73.55,29.53,33.56,65.9,18.098095238099997,18.0475,300.11428571433333,300.24464285725,28.2666666667,28.442857142875003,81.5957142857,80.85357142855,0.13549999999999998,0.1278125,0.15611776666666666,0.15704665,0.17233333333333337,0.15726999999999997,0.1941904666666667,0.181803575,44.92000000000001,42.07999999999999,-0.992708874098054,0.1205366802553232,4.948759890378168
sj,1991,41,1991-10-08,0.093,0.093,0.1450833,0.1681667,32.1,299.562857143,299.671428571,295.887142857,302.0,297.6,55.1,80.5157142857,32.1,17.3442857143,2.25714285714,27.6571428571,6.61428571429,31.7,22.8,8.3,116,17.85,18.0442857143,18.4,17.8957142857,296.397142857,296.59,296.901428571,296.451428571,82.4857142857,81.4242857143,80.8771428571,78.6271428571,299.692857143,300.05,300.6,300.635714286,27.7428571429,28.1428571429,28.9142857143,28.9714285714,0.1291,0.1676,0.1098,0.10475,0.16672,0.1489,0.1527333,0.1598333,0.177,0.1714286,0.1685714,0.11208,0.1955571,0.2181429,0.1688714,0.1446429,31.68,73.55,29.53,33.56,17.7461904762,17.90964285715,299.8047619046667,300.0035714285,27.84761904763333,28.1142857143,81.47523809523334,81.3257142857,0.1299,0.12487499999999999,0.13620666666666667,0.14033832499999999,0.1645039666666667,0.16552082499999998,0.1939555666666667,0.187684525,45.77666666666668,41.71499999999999,-0.9709418174260521,0.23931566428755738,4.762173934797756
sj,1991,42,1991-10-15,0.0137,0.12886,0.1090429,0.1070286,3.29,299.897142857,299.921428571,296.018571429,302.0,298.1,31.19,79.3828571429,3.29,17.4314285714,2.3,28.5428571429,7.62857142857,33.9,24.4,21.3,142,17.3442857143,17.85,18.0442857143,18.4,295.887142857,296.397142857,296.59,296.901428571,80.5157142857,82.4857142857,81.4242857143,80.8771428571,299.671428571,299.692857143,300.05,300.6,27.6571428571,27.7428571429,28.1428571429,28.9142857143,0.093,0.1291,0.1676,0.1098,0.093,0.16672,0.1489,0.1527333,0.1450833,0.177,0.1714286,0.1685714,0.1681667,0.1955571,0.2181429,0.1688714,32.1,31.68,73.55,29.53,17.5419047619,17.6675,299.7619047616667,299.83392857125,27.980952380966666,28.021428571450002,80.79476190476667,80.95214285715,0.07859999999999998,0.10085,0.12952666666666665,0.13437000000000002,0.14370873333333337,0.15063869999999996,0.1569174666666667,0.172223825,22.35666666666668,35.154999999999994,-0.9350162426854148,0.35460488704253557,4.962844630259907
sj,1991,43,1991-10-22,0.1944,0.1186,0.1808143,0.1998714,50.24,299.891428571,299.992857143,295.455714286,302.0,298.0,12.6,76.7771428571,50.24,16.85,2.81428571429,27.8285714286,7.08571428571,32.8,23.3,3.5,129,17.4314285714,17.3442857143,17.85,18.0442857143,296.018571429,295.887142857,296.397142857,296.59,79.3828571429,80.5157142857,82.4857142857,81.4242857143,299.921428571,299.671428571,299.692857143,300.05,28.5428571429,27.6571428571,27.7428571429,28.1428571429,0.0137,0.093,0.1291,0.1676,0.12886,0.093,0.16672,0.1489,0.1090429,0.1450833,0.177,0.1714286,0.1070286,0.1681667,0.1955571,0.2181429,3.29,32.1,31.68,73.55,17.208571428566668,17.368928571425002,299.86190476166666,299.819642857,28.009523809533334,27.942857142875,78.8919047619,79.79035714285,0.10036666666666665,0.10754999999999998,0.11348666666666667,0.126795,0.14498016666666672,0.15298512499999997,0.1583555666666667,0.16765595,28.54333333333334,29.32749999999999,-0.8854560256532101,0.464723172043768,4.867534450455582
sj,1991,44,1991-10-29,0.094,0.09665,0.1255667,0.1213167,72.61,299.905714286,299.992857143,295.918571429,302.4,298.1,26.83,78.9871428571,72.61,17.3757142857,3.04285714286,28.1142857143,7.25714285714,32.8,24.4,4.8,140,16.85,17.4314285714,17.3442857143,17.85,295.455714286,296.018571429,295.887142857,296.397142857,76.7771428571,79.3828571429,80.5157142857,82.4857142857,299.992857143,299.921428571,299.671428571,299.692857143,27.8285714286,28.5428571429,27.6571428571,27.7428571429,0.1944,0.0137,0.093,0.1291,0.1186,0.12886,0.093,0.16672,0.1808143,0.1090429,0.1450833,0.177,0.1998714,0.1070286,0.1681667,0.1955571,50.24,3.29,32.1,31.68,17.219047619033333,17.25035714285,299.969047619,299.894642857,28.161904761933332,28.035714285725,78.38238095236666,78.9157142857,0.10069999999999997,0.09877499999999997,0.11470333333333332,0.1092775,0.1384746333333334,0.14012679999999997,0.14273890000000003,0.14909585,42.04666666666668,39.55999999999999,-0.822983865893657,0.5680647467311548,4.948759890378168
sj,1991,45,1991-11-05,0.0544,0.05475,0.1121333,0.1193857,42.92,299.09,299.278571429,295.567142857,302.6,297.3,74.83,81.0585714286,42.92,16.9671428571,2.9,27.1857142857,6.75714285714,32.2,22.8,41.4,140,17.3757142857,16.85,17.4314285714,17.3442857143,295.918571429,295.455714286,296.018571429,295.887142857,78.9871428571,76.7771428571,79.3828571429,80.5157142857,299.992857143,299.992857143,299.921428571,299.671428571,28.1142857143,27.8285714286,28.5428571429,27.6571428571,0.094,0.1944,0.0137,0.093,0.09665,0.1186,0.12886,0.093,0.1255667,0.1808143,0.1090429,0.1450833,0.1213167,0.1998714,0.1070286,0.1681667,72.61,50.24,3.29,32.1,17.064285714266664,17.15607142855,299.75476190499995,299.7964285715,27.709523809533334,27.917857142875,78.94095238093334,79.05142857142499,0.11426666666666664,0.08912499999999998,0.08999999999999998,0.099715,0.1395047666666667,0.13188929999999996,0.14685793333333336,0.1369006,55.25666666666668,42.264999999999986,-0.7485107481711011,0.6631226582407952,4.948759890378168
sj,1991,46,1991-11-12,0.0954,0.1114,0.1949429,0.1980571,78.73,298.685714286,298.785714286,295.615714286,301.0,297.4,72.7,83.5142857143,78.73,17.0614285714,1.97142857143,26.6571428571,6.74285714286,31.1,22.2,28.2,127,16.9671428571,17.3757142857,16.85,17.4314285714,295.567142857,295.918571429,295.455714286,296.018571429,81.0585714286,78.9871428571,76.7771428571,79.3828571429,299.278571429,299.992857143,299.992857143,299.921428571,27.1857142857,28.1142857143,27.8285714286,28.5428571429,0.0544,0.094,0.1944,0.0137,0.05475,0.09665,0.1186,0.12886,0.1121333,0.1255667,0.1808143,0.1090429,0.1193857,0.1213167,0.1998714,0.1070286,42.92,72.61,50.24,3.29,17.134761904733335,17.06357142855,299.35238095266664,299.51250000025,27.31904761903333,27.446428571425,81.18666666666667,80.08428571427501,0.08126666666666664,0.10954999999999998,0.0876,0.09535,0.14421430000000005,0.15336429999999998,0.14625316666666668,0.159657725,64.75333333333334,61.12499999999999,-0.6631226582407955,0.7485107481711007,4.852030263919617
sj,1991,47,1991-11-19,0.00825,0.028425,0.1387429,0.1796429,0.0,298.698571429,298.707142857,294.03,300.8,297.1,15.1,75.5485714286,0.0,15.46,2.27142857143,26.3142857143,6.81428571429,30.0,22.2,9.4,129,17.0614285714,16.9671428571,17.3757142857,16.85,295.615714286,295.567142857,295.918571429,295.455714286,83.5142857143,81.0585714286,78.9871428571,76.7771428571,298.785714286,299.278571429,299.992857143,299.992857143,26.6571428571,27.1857142857,28.1142857143,27.8285714286,0.0954,0.0544,0.094,0.1944,0.1114,0.05475,0.09665,0.1186,0.1949429,0.1121333,0.1255667,0.1808143,0.1980571,0.1193857,0.1213167,0.1998714,78.73,42.92,72.61,50.24,16.49619047616667,16.716071428550002,298.923809524,299.19107142875,26.719047619033333,27.06785714285,80.0404761905,79.77714285715,0.05268333333333331,0.06301249999999999,0.06485833333333332,0.07280624999999999,0.1486063666666667,0.14284644999999996,0.16569523333333336,0.1546006,40.55000000000002,48.56499999999999,-0.5680647467311559,0.8229838658936564,4.867534450455582
sj,1991,48,1991-11-26,0.08786667,0.1519,0.1796286,0.1661857,35.34,298.375714286,298.5,294.938571429,301.1,296.9,78.43,81.4857142857,35.34,16.3228571429,2.02857142857,26.2714285714,6.58571428571,30.0,22.2,76.2,169,15.46,17.0614285714,16.9671428571,17.3757142857,294.03,295.615714286,295.567142857,295.918571429,75.5485714286,83.5142857143,81.0585714286,78.9871428571,298.707142857,298.785714286,299.278571429,299.992857143,26.3142857143,26.6571428571,27.1857142857,28.1142857143,0.00825,0.0954,0.0544,0.094,0.028425,0.1114,0.05475,0.09665,0.1387429,0.1949429,0.1121333,0.1255667,0.1796429,0.1980571,0.1193857,0.1213167,0.0,78.73,42.92,72.61,16.281428571433334,16.45285714285,298.66428571433335,298.81785714299997,26.41428571426667,26.607142857124998,80.18285714286667,80.4017857143,0.06383888999999997,0.06147916749999998,0.09724166666666667,0.08661875,0.17110480000000003,0.15636192499999996,0.1812952333333334,0.16581785,38.02333333333335,39.24749999999999,-0.4647231720437684,0.88545602565321,5.135798437050262
sj,1991,49,1991-12-03,0.0802,0.14025,0.1336286,0.1344571,0.0,298.642857143,298.842857143,294.974285714,300.5,297.7,35.1,80.2757142857,0.0,16.34,1.8,26.7285714286,6.05714285714,30.6,23.3,19.6,141,16.3228571429,15.46,17.0614285714,16.9671428571,294.938571429,294.03,295.615714286,295.567142857,81.4857142857,75.5485714286,83.5142857143,81.0585714286,298.5,298.707142857,298.785714286,299.278571429,26.2714285714,26.3142857143,26.6571428571,27.1857142857,0.08786667,0.00825,0.0954,0.0544,0.1519,0.028425,0.1114,0.05475,0.1796286,0.1387429,0.1949429,0.1121333,0.1661857,0.1796429,0.1980571,0.1193857,35.34,0.0,78.73,42.92,16.04095238096667,16.296071428575,298.68333333333334,298.7089285715,26.4380952381,26.49285714285,79.10333333333334,80.206071428575,0.05877222333333331,0.06792916749999997,0.10685833333333333,0.10799375,0.15066670000000004,0.16173574999999996,0.16009523333333334,0.1695857,11.780000000000015,28.51749999999999,-0.35460488704253595,0.9350162426854147,4.955827057601261
sj,1991,50,1991-12-10,-0.02665,0.2128,0.2224143,0.2289429,0.0,298.518571429,298.592857143,294.514285714,300.2,297.3,26.8,78.6214285714,0.0,15.8842857143,2.01428571429,25.6142857143,5.85714285714,29.4,21.7,34.2,108,16.34,16.3228571429,15.46,17.0614285714,294.974285714,294.938571429,294.03,295.615714286,80.2757142857,81.4857142857,75.5485714286,83.5142857143,298.842857143,298.5,298.707142857,298.785714286,26.7285714286,26.2714285714,26.3142857143,26.6571428571,0.0802,0.08786667,0.00825,0.0954,0.14025,0.1519,0.028425,0.1114,0.1336286,0.1796286,0.1387429,0.1949429,0.1344571,0.1661857,0.1796429,0.1980571,0.0,35.34,0.0,78.73,16.1823809524,16.001785714300002,298.64523809533335,298.66071428575003,26.204761904766666,26.23214285715,80.1276190476,78.98285714285001,0.04713888999999997,0.03741666749999998,0.16831666666666667,0.13334375,0.17855716666666668,0.16860359999999996,0.1765285666666667,0.17730715,11.780000000000015,8.83499999999999,-0.2393156642875578,0.970941817426052,4.6913478822291435
sj,1991,51,1991-12-17,0.04845,0.04613333,0.1144,0.04045714,0.0,298.084285714,298.135714286,292.865714286,299.6,296.6,8.76,72.8614285714,0.0,14.3357142857,2.07142857143,25.0,6.15714285714,28.9,20.6,6.1,78,15.8842857143,16.34,16.3228571429,15.46,294.514285714,294.974285714,294.938571429,294.03,78.6214285714,80.2757142857,81.4857142857,75.5485714286,298.592857143,298.842857143,298.5,298.707142857,25.6142857143,26.7285714286,26.2714285714,26.3142857143,-0.02665,0.0802,0.08786667,0.00825,0.2128,0.14025,0.1519,0.028425,0.2224143,0.1336286,0.1796286,0.1387429,0.2289429,0.1344571,0.1661857,0.1796429,0.0,0.0,35.34,0.0,15.520000000000001,15.720714285724998,298.523809524,298.517857143,25.780952380966664,25.903571428575,77.25285714283332,78.31107142855001,0.03399999999999998,0.047466667499999976,0.13306110999999998,0.1377708325,0.15681430000000005,0.16251787499999998,0.1346190466666667,0.14251070999999998,0.0,8.83499999999999,-0.12053668025532363,0.992708874098054,4.3694478524670215
sj,1991,52,1991-12-24,0.12355,0.1237,0.1379333,0.1297556,0.0,296.521428571,296.507142857,292.045714286,299.2,294.3,19.3,76.1271428571,0.0,13.6357142857,2.21428571429,24.3571428571,6.18571428571,28.3,19.4,13.7,70,14.3357142857,15.8842857143,16.34,16.3228571429,292.865714286,294.514285714,294.974285714,294.938571429,72.8614285714,78.6214285714,80.2757142857,81.4857142857,298.135714286,298.592857143,298.842857143,298.5,25.0,25.6142857143,26.7285714286,26.2714285714,0.04845,-0.02665,0.0802,0.08786667,0.04613333,0.2128,0.14025,0.1519,0.1144,0.2224143,0.1336286,0.1796286,0.04045714,0.2289429,0.1344571,0.1661857,0.0,0.0,0.0,35.34,14.618571428566668,15.048928571425002,297.7452380953334,298.01964285725,24.990476190466666,25.425,75.86999999996667,76.9714285714,0.04844999999999997,0.05638749999999998,0.12754444333333334,0.1307208325,0.15824920000000003,0.15209404999999998,0.13305188,0.133403185,0.0,0.0,6.432490598706546e-16,1.0,4.2626798770413155
sj,1992,1,1992-01-01,0.1251,0.1578667,0.1852833,0.1813667,100.425,297.217142857,297.314285714,293.2514285715,299.79999999999995,295.20000000000005,18.8,78.71357142855,100.425,14.75714285715,2.257142857145,25.0071428571,6.842857142854999,29.450000000000003,20.0,35.95,81,13.6357142857,14.3357142857,15.8842857143,16.34,292.045714286,292.865714286,294.514285714,294.974285714,76.1271428571,72.8614285714,78.6214285714,80.2757142857,296.507142857,298.135714286,298.592857143,298.842857143,24.3571428571,25.0,25.6142857143,26.7285714286,0.12355,0.04845,-0.02665,0.0802,0.1237,0.04613333,0.2128,0.14025,0.1379333,0.1144,0.2224143,0.1336286,0.1297556,0.04045714,0.2289429,0.1344571,0.0,0.0,0.0,0.0,14.242857142850001,14.653214285712501,297.319047619,297.63750000000005,24.78809523806667,24.994642857125,75.90071428568332,76.5808928571125,0.0990333333333333,0.06761249999999998,0.10923334333333333,0.1351250075,0.14587220000000004,0.16500772499999997,0.11719314666666669,0.145130585,33.475000000000016,25.10624999999999,0.12053668025532305,0.992708874098054,4.406719247264253
sj,1992,2,1992-01-08,0.1008333,0.073575,0.1387143,0.1127857,200.85,297.912857143,298.121428571,294.457142857,300.4,296.1,18.3,81.3,200.85,15.8785714286,2.3,25.6571428571,7.5,30.6,20.6,58.2,104,14.75714285715,13.6357142857,14.3357142857,15.8842857143,293.2514285715,292.045714286,292.865714286,294.514285714,78.71357142855,76.1271428571,72.8614285714,78.6214285714,297.314285714,296.507142857,298.135714286,298.592857143,25.0071428571,24.3571428571,25.0,25.6142857143,0.1251,0.12355,0.04845,-0.02665,0.1578667,0.1237,0.04613333,0.2128,0.1852833,0.1379333,0.1144,0.2224143,0.1813667,0.1297556,0.04045714,0.2289429,100.425,0.0,0.0,0.0,14.75714285715,14.6517857142875,297.31428571400005,297.519642857,25.007142857099996,25.005357142824998,78.71357142855,77.2505357142625,0.11649443333333331,0.09948332499999998,0.11838056666666665,0.1003187575,0.15397696666666671,0.144082725,0.1413026666666667,0.116091285,100.42500000000001,75.31875,0.23931566428755774,0.970941817426052,4.653960350157523
sj,1992,3,1992-01-15,0.2224,0.2299,0.1984571,0.1994143,3.12,297.338571429,297.485714286,294.467142857,300.2,295.6,19.8,84.1171428571,3.12,15.8328571429,1.85714285714,25.4714285714,6.17142857143,31.1,21.7,32.3,90,15.8785714286,14.75714285715,13.6357142857,14.3357142857,294.457142857,293.2514285715,292.045714286,292.865714286,81.3,78.71357142855,76.1271428571,72.8614285714,298.121428571,297.314285714,296.507142857,298.135714286,25.6571428571,25.0071428571,24.3571428571,25.0,0.1008333,0.1251,0.12355,0.04845,0.073575,0.1578667,0.1237,0.04613333,0.1387143,0.1852833,0.1379333,0.1144,0.1127857,0.1813667,0.1297556,0.04045714,200.85,100.425,0.0,0.0,15.48952380955,15.026071428587501,297.64047619033335,297.35714285700004,25.378571428533334,25.123214285675,81.37690476188334,80.0644642856875,0.14944443333333332,0.14297082499999997,0.15378056666666665,0.146260425,0.17415156666666673,0.16509699999999997,0.16452223333333335,0.155830575,101.46500000000002,76.09874999999998,0.3546048870425356,0.9350162426854148,4.51085950651685
sj,1992,4,1992-01-22,0.1225333,0.13105,0.1888429,0.1688714,0.0,297.091428571,297.335714286,293.021428571,299.5,295.6,5.11,78.2914285714,0.0,14.4828571429,2.35714285714,24.8571428571,7.44285714286,30.6,20.0,1.3,85,15.8328571429,15.8785714286,14.75714285715,13.6357142857,294.467142857,294.457142857,293.2514285715,292.045714286,84.1171428571,81.3,78.71357142855,76.1271428571,297.485714286,298.121428571,297.314285714,296.507142857,25.4714285714,25.6571428571,25.0071428571,24.3571428571,0.2224,0.1008333,0.1251,0.12355,0.2299,0.073575,0.1578667,0.1237,0.1984571,0.1387143,0.1852833,0.1379333,0.1994143,0.1127857,0.1813667,0.1297556,3.12,200.85,100.425,0.0,15.398095238133331,15.2378571428875,297.6476190476667,297.56428571425,25.328571428533333,25.248214285675,81.23619047616667,80.6055357142625,0.14858886666666665,0.14271664999999997,0.14484166666666665,0.148097925,0.17533810000000005,0.1778244,0.16035713333333335,0.165609525,67.99000000000001,76.09874999999998,0.4647231720437685,0.8854560256532099,4.454347296253507
sj,1992,5,1992-01-29,0.11206664999999999,0.0483,0.1736714,0.1919286,0.0,297.42,297.55,292.718571429,299.3,295.5,6.5,75.22,0.0,14.1857142857,2.44285714286,24.8,6.58571428571,28.9,20.0,9.2,55,14.4828571429,15.8328571429,15.8785714286,14.75714285715,293.021428571,294.467142857,294.457142857,293.2514285715,78.2914285714,84.1171428571,81.3,78.71357142855,297.335714286,297.485714286,298.121428571,297.314285714,24.8571428571,25.4714285714,25.6571428571,25.0071428571,0.1225333,0.2224,0.1008333,0.1251,0.13105,0.2299,0.073575,0.1578667,0.1888429,0.1984571,0.1387143,0.1852833,0.1688714,0.1994143,0.1127857,0.1813667,0.0,3.12,200.85,100.425,14.833809523833333,15.095000000025,297.45714285733334,297.62321428575,25.042857142833338,25.196428571400002,79.2095238095,79.73214285712501,0.15233331666666663,0.1394583125,0.13641666666666666,0.12070624999999999,0.18699046666666672,0.174921425,0.18673810000000002,0.16825,1.040000000000019,50.992499999999986,0.5680647467311558,0.8229838658936564,4.02535169073515
sj,1992,6,1992-02-05,0.1016,0.0846,0.1117167,0.1879571,0.0,296.92,297.128571429,292.617142857,300.7,294.5,16.2,77.0585714286,0.0,14.1228571429,3.4,24.7142857143,7.35714285714,30.6,20.0,3.0,53,14.1857142857,14.4828571429,15.8328571429,15.8785714286,292.718571429,293.021428571,294.467142857,294.457142857,75.22,78.2914285714,84.1171428571,81.3,297.55,297.335714286,297.485714286,298.121428571,24.8,24.8571428571,25.4714285714,25.6571428571,0.11206664999999999,0.1225333,0.2224,0.1008333,0.0483,0.13105,0.2299,0.073575,0.1736714,0.1888429,0.1984571,0.1387143,0.1919286,0.1688714,0.1994143,0.1127857,0.0,0.0,3.12,200.85,14.263809523833332,14.6560714286,297.3380952383333,297.37500000025,24.790476190466666,24.960714285700004,76.85666666666667,78.671785714275,0.11206664999999998,0.1396499875,0.08798333333333332,0.1234625,0.15807700000000002,0.16817202499999998,0.18291903333333334,0.18704285,0.0,0.7799999999999929,0.6631226582407952,0.7485107481711011,3.9889840465642745
sj,1992,7,1992-02-12,0.10341666666666667,0.1305,0.1957429,0.1788571,0.0,297.798571429,298.057142857,294.65,300.2,295.3,20.1,82.8757142857,0.0,16.06,2.2,26.0285714286,6.57142857143,32.2,20.0,1.3,65,14.1228571429,14.1857142857,14.4828571429,15.8328571429,292.617142857,292.718571429,293.021428571,294.467142857,77.0585714286,75.22,78.2914285714,84.1171428571,297.128571429,297.55,297.335714286,297.485714286,24.7142857143,24.8,24.8571428571,25.4714285714,0.1016,0.11206664999999999,0.1225333,0.2224,0.0846,0.0483,0.13105,0.2299,0.1117167,0.1736714,0.1888429,0.1984571,0.1879571,0.1919286,0.1688714,0.1994143,0.0,0.0,0.0,3.12,14.78952380953333,14.712857142874999,297.57857142866663,297.51785714299996,25.18095238096667,25.1,78.38476190476666,78.361428571425,0.10569443888888885,0.10990415416666666,0.08779999999999999,0.0986125,0.16037700000000002,0.16749347499999998,0.18624760000000004,0.18190355,0.0,0.0,0.7485107481711011,0.6631226582407953,4.189654742026425
sj,1992,8,1992-02-19,0.10523333333333333,0.1844667,0.1946143,0.2030571,0.0,297.898571429,298.107142857,293.628571429,300.1,296.3,4.4,77.2957142857,0.0,15.0128571429,2.58571428571,25.7571428571,7.38571428571,33.9,21.7,8.9,33,16.06,14.1228571429,14.1857142857,14.4828571429,294.65,292.617142857,292.718571429,293.021428571,82.8757142857,77.0585714286,75.22,78.2914285714,298.057142857,297.128571429,297.55,297.335714286,26.0285714286,24.7142857143,24.8,24.8571428571,0.10341666666666667,0.1016,0.11206664999999999,0.1225333,0.1305,0.0846,0.0483,0.13105,0.1957429,0.1117167,0.1736714,0.1888429,0.1788571,0.1879571,0.1919286,0.1688714,0.0,0.0,0.0,0.0,15.065238095266665,14.845357142874999,297.7642857143333,297.71071428575,25.5,25.325,79.07666666666667,78.1125,0.10341666666666664,0.10557916249999998,0.13318889999999997,0.11196667499999999,0.1673579666666667,0.16893632499999997,0.1899571,0.190449975,0.0,0.0,0.8229838658936564,0.5680647467311559,3.5263605246161616
sj,1992,9,1992-02-26,0.10705,0.0815,0.1652429,0.1630571,0.0,297.472857143,297.678571429,292.967142857,299.3,296.3,14.4,76.0371428571,0.0,14.3814285714,2.41428571429,25.2857142857,6.17142857143,29.4,21.7,16.0,38,15.0128571429,16.06,14.1228571429,14.1857142857,293.628571429,294.65,292.617142857,292.718571429,77.2957142857,82.8757142857,77.0585714286,75.22,298.107142857,298.057142857,297.128571429,297.55,25.7571428571,26.0285714286,24.7142857143,24.8,0.10523333333333333,0.10341666666666667,0.1016,0.11206664999999999,0.1844667,0.1305,0.0846,0.0483,0.1946143,0.1957429,0.1117167,0.1736714,0.2030571,0.1788571,0.1879571,0.1919286,0.0,0.0,0.0,0.0,15.151428571433334,14.8942857143,297.94761904766665,297.742857143,25.690476190466665,25.446428571425,78.73619047616667,78.316785714275,0.10523333333333333,0.10432499999999999,0.13215556666666664,0.120266675,0.18520003333333335,0.16682919999999996,0.18165710000000002,0.1832321,0.0,0.0,0.8854560256532099,0.4647231720437686,3.6635616461296463
sj,1992,10,1992-03-04,0.09695000000000001,0.18218,0.1910857,0.1928571,0.0,297.651428571,297.8,293.317142857,299.8,295.7,5.5,76.8785714286,0.0,14.7014285714,2.31428571429,25.6571428571,7.81428571429,31.1,20.6,2.9,59,14.3814285714,15.0128571429,16.06,14.1228571429,292.967142857,293.628571429,294.65,292.617142857,76.0371428571,77.2957142857,82.8757142857,77.0585714286,297.678571429,298.107142857,298.057142857,297.128571429,25.2857142857,25.7571428571,26.0285714286,24.7142857143,0.10705,0.10523333333333333,0.10341666666666667,0.1016,0.0815,0.1844667,0.1305,0.0846,0.1652429,0.1946143,0.1957429,0.1117167,0.1630571,0.2030571,0.1788571,0.1879571,0.0,0.0,0.0,0.0,14.698571428566666,15.038928571424998,297.861904762,297.91071428575,25.566666666633335,25.682142857124997,76.73714285713332,78.271785714275,0.10307777777777777,0.10316249999999999,0.14938223333333334,0.144661675,0.18364763333333337,0.18667144999999996,0.1863237666666667,0.18445709999999998,0.0,0.0,0.9350162426854148,0.35460488704253557,4.0943445622221
sj,1992,11,1992-03-11,0.08685,0.09015,0.128,0.1551,23.22,297.634285714,297.785714286,293.54,299.6,296.1,12.6,78.0571428571,23.22,14.9442857143,2.51428571429,25.7857142857,7.75714285714,31.7,21.7,5.9,40,14.7014285714,14.3814285714,15.0128571429,16.06,293.317142857,292.967142857,293.628571429,294.65,76.8785714286,76.0371428571,77.2957142857,82.8757142857,297.8,297.678571429,298.107142857,298.057142857,25.6571428571,25.2857142857,25.7571428571,26.0285714286,0.09695000000000001,0.10705,0.10523333333333333,0.10341666666666667,0.18218,0.0815,0.1844667,0.1305,0.1910857,0.1652429,0.1946143,0.1957429,0.1928571,0.1630571,0.2030571,0.1788571,0.0,0.0,0.0,0.0,14.675714285699998,14.76,297.75476190499995,297.842857143,25.57619047616667,25.621428571400003,76.99095238093334,77.067142857125,0.09694999999999998,0.09902083333333331,0.11794333333333333,0.134574175,0.1614428666666667,0.16973572499999998,0.1703380666666667,0.178517825,7.740000000000019,5.804999999999993,0.970941817426052,0.23931566428755804,3.713572066704308
sj,1992,12,1992-03-18,0.05305,0.08405,0.1417714,0.1345143,0.0,297.947142857,298.15,293.708571429,300.4,295.5,3.56,77.5057142857,0.0,15.1357142857,2.7,26.1,7.85714285714,31.1,21.7,4.8,37,14.9442857143,14.7014285714,14.3814285714,15.0128571429,293.54,293.317142857,292.967142857,293.628571429,78.0571428571,76.8785714286,76.0371428571,77.2957142857,297.785714286,297.8,297.678571429,298.107142857,25.7857142857,25.6571428571,25.2857142857,25.7571428571,0.08685,0.09695000000000001,0.10705,0.10523333333333333,0.09015,0.18218,0.0815,0.1844667,0.128,0.1910857,0.1652429,0.1946143,0.1551,0.1928571,0.1630571,0.2030571,23.22,0.0,0.0,0.0,14.927142857133333,14.790714285700002,297.911904762,297.85357142875,25.847619047600002,25.707142857125,77.48047619046666,77.119642857125,0.07894999999999998,0.085975,0.1187933333333333,0.10947000000000001,0.15361903333333338,0.15652499999999997,0.16082380000000002,0.161382125,7.740000000000019,5.804999999999993,0.992708874098054,0.120536680255323,3.6375861597263857
sj,1992,13,1992-03-25,0.0765,0.08085,0.1348429,0.1068,0.0,297.218571429,297.428571429,293.578571429,300.3,295.8,21.0,80.2385714286,0.0,14.9685714286,2.8,26.2,5.71428571429,32.2,22.2,2.3,29,15.1357142857,14.9442857143,14.7014285714,14.3814285714,293.708571429,293.54,293.317142857,292.967142857,77.5057142857,78.0571428571,76.8785714286,76.0371428571,298.15,297.785714286,297.8,297.678571429,26.1,25.7857142857,25.6571428571,25.2857142857,0.05305,0.08685,0.09695000000000001,0.10705,0.08405,0.09015,0.18218,0.0815,0.1417714,0.128,0.1910857,0.1652429,0.1345143,0.1551,0.1928571,0.1630571,0.0,23.22,0.0,0.0,15.0161904762,14.9375,297.78809523833326,297.79107142875,26.028571428566668,25.9357142857,78.60047619046667,78.17,0.07213333333333331,0.07833749999999998,0.08501666666666664,0.1093075,0.13487143333333337,0.14892499999999997,0.1321381,0.14731785,7.740000000000019,5.804999999999993,1.0,-1.6081226496766364e-16,3.4011973816621555
sj,1992,14,1992-04-01,0.09995,0.07765,0.1930667,0.1769,122.27,297.982857143,298.071428571,293.884285714,300.2,296.0,16.2,78.0671428571,122.27,15.2642857143,2.74285714286,26.2285714286,7.52857142857,31.1,21.7,24.1,30,14.9685714286,15.1357142857,14.9442857143,14.7014285714,293.578571429,293.708571429,293.54,293.317142857,80.2385714286,77.5057142857,78.0571428571,76.8785714286,297.428571429,298.15,297.785714286,297.8,26.2,26.1,25.7857142857,25.6571428571,0.0765,0.05305,0.08685,0.09695000000000001,0.08085,0.08405,0.09015,0.18218,0.1348429,0.1417714,0.128,0.1910857,0.1068,0.1345143,0.1551,0.1928571,0.0,0.0,23.22,0.0,15.122857142866666,15.078214285725,297.8833333333333,297.8589285715,26.176190476200002,26.078571428575,78.6038095238,78.467142857125,0.07649999999999997,0.07908749999999999,0.08084999999999998,0.083175,0.15656033333333338,0.14942024999999998,0.13940476666666668,0.143328575,40.75666666666668,36.37249999999999,0.992708874098054,-0.12053668025532288,3.4339872044851463
sj,1992,15,1992-04-08,0.1039,0.1315,0.1224714,0.1243857,43.21,298.682857143,298.878571429,294.195714286,301.6,295.9,11.1,76.3757142857,43.21,15.6128571429,3.61428571429,26.9857142857,7.84285714286,32.8,21.7,0.0,30,15.2642857143,14.9685714286,15.1357142857,14.9442857143,293.884285714,293.578571429,293.708571429,293.54,78.0671428571,80.2385714286,77.5057142857,78.0571428571,298.071428571,297.428571429,298.15,297.785714286,26.2285714286,26.2,26.1,25.7857142857,0.09995,0.0765,0.05305,0.08685,0.07765,0.08085,0.08405,0.09015,0.1930667,0.1348429,0.1417714,0.128,0.1769,0.1068,0.1345143,0.1551,122.27,0.0,0.0,23.22,15.281904761933333,15.245357142875001,298.1261904763333,298.13214285724996,26.471428571433332,26.378571428575,78.22714285713333,78.04678571427499,0.09344999999999999,0.08334999999999998,0.09666666666666664,0.0935125,0.15012700000000004,0.14803809999999998,0.1360285666666667,0.13565,55.16000000000002,41.36999999999999,0.9709418174260521,-0.2393156642875575,3.4339872044851463
sj,1992,16,1992-04-15,0.07515,0.09743333,0.1590286,0.1729857,83.11,297.831428571,298.0,294.942857143,300.4,296.6,70.6,84.1842857143,83.11,16.3242857143,2.14285714286,26.8142857143,5.88571428571,31.7,22.8,24.5,28,15.6128571429,15.2642857143,14.9685714286,15.1357142857,294.195714286,293.884285714,293.578571429,293.708571429,76.3757142857,78.0671428571,80.2385714286,77.5057142857,298.878571429,298.071428571,297.428571429,298.15,26.9857142857,26.2285714286,26.2,26.1,0.1039,0.09995,0.0765,0.05305,0.1315,0.07765,0.08085,0.08405,0.1224714,0.1930667,0.1348429,0.1417714,0.1243857,0.1769,0.1068,0.1345143,43.21,122.27,0.0,0.0,15.733809523833331,15.542500000024999,298.31666666666666,298.09464285725,26.676190476199995,26.557142857149998,79.54238095236667,79.716428571425,0.09299999999999997,0.08887499999999998,0.10219444333333332,0.0968583325,0.15818890000000005,0.15235239999999997,0.15809046666666668,0.14526785,82.86333333333336,62.147499999999994,0.9350162426854148,-0.35460488704253545,3.367295829986474
sj,1992,17,1992-04-22,0.0922,0.1137,0.1514143,0.1548286,36.16,298.088571429,298.257142857,294.048571429,300.6,296.5,25.8,78.4257142857,36.16,15.4528571429,2.82857142857,26.6714285714,7.24285714286,31.7,22.2,4.6,23,16.3242857143,15.6128571429,15.2642857143,14.9685714286,294.942857143,294.195714286,293.884285714,293.578571429,84.1842857143,76.3757142857,78.0671428571,80.2385714286,298.0,298.878571429,298.071428571,297.428571429,26.8142857143,26.9857142857,26.2285714286,26.2,0.07515,0.1039,0.09995,0.0765,0.09743333,0.1315,0.07765,0.08085,0.1590286,0.1224714,0.1930667,0.1348429,0.1729857,0.1243857,0.1769,0.1068,83.11,43.21,122.27,0.0,15.796666666699998,15.663571428600001,298.37857142866665,298.30178571425,26.823809523799998,26.674999999999997,79.6619047619,79.2632142857,0.09041666666666666,0.0928,0.11421110999999999,0.1050708325,0.1443047666666667,0.15649524999999997,0.15073333333333336,0.157275,54.160000000000025,71.1875,0.8854560256532099,-0.4647231720437685,3.1780538303479458
sj,1992,18,1992-04-29,0.0125,0.0635,0.07031429,0.08944286,0.0,298.197142857,298.521428571,293.4,302.1,295.6,4.0,74.9328571429,0.0,14.9,3.61428571429,27.3714285714,6.5,33.9,23.3,1.6,24,15.4528571429,16.3242857143,15.6128571429,15.2642857143,294.048571429,294.942857143,294.195714286,293.884285714,78.4257142857,84.1842857143,76.3757142857,78.0671428571,298.257142857,298.0,298.878571429,298.071428571,26.6714285714,26.8142857143,26.9857142857,26.2285714286,0.0922,0.07515,0.1039,0.09995,0.1137,0.09743333,0.1315,0.07765,0.1514143,0.1590286,0.1224714,0.1930667,0.1548286,0.1729857,0.1243857,0.1769,36.16,83.11,43.21,122.27,15.559047619066666,15.572500000025,298.25952380933336,298.41428571425,26.952380952366667,26.9607142857,79.18095238096667,78.47964285715,0.05994999999999998,0.07093749999999999,0.09154444333333332,0.1015333325,0.1269190633333334,0.12580714749999997,0.13908572,0.13541071500000001,39.75666666666668,40.62,0.8229838658936565,-0.5680647467311557,3.2188758248682006
sj,1992,19,1992-05-06,0.10875,0.2169,0.1823286,0.2073571,13.92,298.335714286,298.442857143,294.221428571,302.1,296.0,45.0,78.48,13.92,15.75,3.0,26.7857142857,6.91428571429,33.9,22.2,32.0,29,14.9,15.4528571429,16.3242857143,15.6128571429,293.4,294.048571429,294.942857143,294.195714286,74.9328571429,78.4257142857,84.1842857143,76.3757142857,298.521428571,298.257142857,298.0,298.878571429,27.3714285714,26.6714285714,26.8142857143,26.9857142857,0.0125,0.0922,0.07515,0.1039,0.0635,0.1137,0.09743333,0.1315,0.07031429,0.1514143,0.1590286,0.1224714,0.08944286,0.1548286,0.1729857,0.1243857,0.0,36.16,83.11,43.21,15.367619047633331,15.606785714299999,298.407142857,298.30535714275004,26.942857142833333,26.9107142857,77.27952380953333,79.005714285725,0.07114999999999998,0.07214999999999999,0.13136666666666666,0.1228833325,0.13468573000000003,0.14077144749999998,0.15054285333333337,0.156153565,16.693333333333356,33.29749999999999,0.7485107481711013,-0.663122658240795,3.4011973816621555
sj,1992,20,1992-05-13,0.101875,-0.0088,0.1420667,0.1259,2.94,298.334285714,298.514285714,294.275714286,300.4,296.4,27.5,78.3814285714,2.94,15.6871428571,2.22857142857,27.4428571429,5.95714285714,31.1,22.8,8.1,26,15.75,14.9,15.4528571429,16.3242857143,294.221428571,293.4,294.048571429,294.942857143,78.48,74.9328571429,78.4257142857,84.1842857143,298.442857143,298.521428571,298.257142857,298.0,26.7857142857,27.3714285714,26.6714285714,26.8142857143,0.10875,0.0125,0.0922,0.07515,0.2169,0.0635,0.1137,0.09743333,0.1823286,0.07031429,0.1514143,0.1590286,0.2073571,0.08944286,0.1548286,0.1729857,13.92,0.0,36.16,83.11,15.445714285699998,15.4475,298.49285714266665,298.43392857125,27.2,27.067857142850002,77.26476190476667,77.555,0.07437499999999998,0.07883124999999999,0.09053333333333331,0.09632500000000001,0.13156986333333337,0.13653097249999996,0.1408999866666667,0.14438214,5.620000000000023,13.254999999999992,0.6631226582407952,-0.7485107481711012,3.295836866004329
sj,1992,21,1992-05-20,0.1024,0.0686,0.06238333,0.0574,71.85,298.408571429,298.557142857,295.767142857,301.0,296.8,570.5,85.6471428571,71.85,17.2328571429,2.71428571429,27.8571428571,6.77142857143,32.8,23.3,22.1,23,15.6871428571,15.75,14.9,15.4528571429,294.275714286,294.221428571,293.4,294.048571429,78.3814285714,78.48,74.9328571429,78.4257142857,298.514285714,298.442857143,298.521428571,298.257142857,27.4428571429,26.7857142857,27.3714285714,26.6714285714,0.101875,0.10875,0.0125,0.0922,-0.0088,0.2169,0.0635,0.1137,0.1420667,0.1823286,0.07031429,0.1514143,0.1259,0.2073571,0.08944286,0.1548286,2.94,13.92,0.0,36.16,16.223333333333333,15.892499999999998,298.5047619046667,298.50892857125,27.361904761899996,27.364285714275,80.83619047616666,79.36035714285,0.10434166666666665,0.08138124999999999,0.09223333333333332,0.08504999999999999,0.12892621000000004,0.11427322999999998,0.13021903333333337,0.12002499000000001,29.57000000000002,22.17749999999999,0.5680647467311558,-0.8229838658936564,3.1780538303479458
sj,1992,22,1992-05-27,0.1215,0.10427499999999999,0.2191571,0.2130143,186.25,298.615714286,298.75,296.334285714,301.4,297.0,130.3,87.3014285714,186.25,17.8328571429,2.35714285714,27.4285714286,5.95714285714,31.7,23.9,80.2,20,17.2328571429,15.6871428571,15.75,14.9,295.767142857,294.275714286,294.221428571,293.4,85.6471428571,78.3814285714,78.48,74.9328571429,298.557142857,298.514285714,298.442857143,298.521428571,27.8571428571,27.4428571429,26.7857142857,27.3714285714,0.1024,0.101875,0.10875,0.0125,0.0686,-0.0088,0.2169,0.0635,0.06238333,0.1420667,0.1823286,0.07031429,0.0574,0.1259,0.2073571,0.08944286,71.85,2.94,13.92,0.0,16.917619047633334,16.625714285725,298.607142857,298.5660714285,27.5761904762,27.378571428575,83.77666666663333,82.452499999975,0.10859166666666664,0.10863124999999998,0.05469166666666664,0.09524374999999999,0.1412023766666667,0.15148393249999997,0.13210476666666668,0.15091785000000002,87.01333333333336,68.74,0.46472317204376906,-0.8854560256532096,3.044522437723423
sj,1992,23,1992-06-03,0.12165,0.13995,0.1100857,0.1022286,42.24,299.104285714,299.228571429,296.522857143,301.0,297.8,50.0,85.8271428571,42.24,17.9957142857,2.11428571429,27.5,6.91428571429,31.7,22.8,103.9,19,17.8328571429,17.2328571429,15.6871428571,15.75,296.334285714,295.767142857,294.275714286,294.221428571,87.3014285714,85.6471428571,78.3814285714,78.48,298.75,298.557142857,298.514285714,298.442857143,27.4285714286,27.8571428571,27.4428571429,26.7857142857,0.1215,0.1024,0.101875,0.10875,0.10427499999999999,0.0686,-0.0088,0.2169,0.2191571,0.06238333,0.1420667,0.1823286,0.2130143,0.0574,0.1259,0.2073571,186.25,71.85,2.94,13.92,17.687142857166666,17.18714285715,298.8452380953333,298.7625,27.595238095233338,27.55714285715,86.25857142853333,84.28928571425,0.1151833333333333,0.11185624999999998,0.10427499999999996,0.07600625,0.13054204333333339,0.13342320749999997,0.12421430000000001,0.124635725,100.11333333333336,75.82,0.35460488704253584,-0.9350162426854147,2.995732273553991
sj,1992,24,1992-06-10,0.08395,0.0856,0.1023714,0.1117714,43.21,298.901428571,298.964285714,296.154285714,300.5,297.6,43.8,84.87,43.21,17.57,1.98571428571,28.2,6.87142857143,32.8,24.4,102.4,20,17.9957142857,17.8328571429,17.2328571429,15.6871428571,296.522857143,296.334285714,295.767142857,294.275714286,85.8271428571,87.3014285714,85.6471428571,78.3814285714,299.228571429,298.75,298.557142857,298.514285714,27.5,27.4285714286,27.8571428571,27.4428571429,0.12165,0.1215,0.1024,0.101875,0.13995,0.10427499999999999,0.0686,-0.0088,0.1100857,0.2191571,0.06238333,0.1420667,0.1022286,0.2130143,0.0574,0.1259,42.24,186.25,71.85,2.94,17.799523809533333,17.657857142875,298.980952381,298.875,27.709523809533334,27.746428571425003,85.99952380949999,85.9114285714,0.10903333333333332,0.10737499999999997,0.10994166666666665,0.09960625,0.14387140000000004,0.12349938249999998,0.14233810000000002,0.121103575,90.5666666666667,85.88749999999999,0.23931566428755768,-0.970941817426052,3.044522437723423
sj,1992,25,1992-06-17,0.10445,0.15315,0.1811571,0.1920857,52.07,298.931428571,298.957142857,296.042857143,301.0,297.0,37.1,84.2485714286,52.07,17.4414285714,2.0,28.2857142857,6.74285714286,32.8,24.4,29.8,26,17.57,17.9957142857,17.8328571429,17.2328571429,296.154285714,296.522857143,296.334285714,295.767142857,84.87,85.8271428571,87.3014285714,85.6471428571,298.964285714,299.228571429,298.75,298.557142857,28.2,27.5,27.4285714286,27.8571428571,0.08395,0.12165,0.1215,0.1024,0.0856,0.13995,0.10427499999999999,0.0686,0.1023714,0.1100857,0.2191571,0.06238333,0.1117714,0.1022286,0.2130143,0.0574,43.21,42.24,186.25,71.85,17.669047619033332,17.71,299.05,298.975,27.995238095233333,27.853571428575,84.98190476190001,85.56178571427499,0.10334999999999998,0.10788749999999998,0.1262333333333333,0.12074375000000001,0.13120473333333335,0.15319282499999998,0.1353619,0.154775,45.84000000000003,80.9425,0.12053668025532308,-0.992708874098054,3.295836866004329
sj,1992,26,1992-06-24,0.1302,0.1302,0.13938,0.11475,52.96,299.568571429,299.55,296.384285714,301.8,298.0,33.7,82.7771428571,52.96,17.8071428571,1.72857142857,28.4857142857,7.02857142857,32.8,23.9,5.4,29,17.4414285714,17.57,17.9957142857,17.8328571429,296.042857143,296.154285714,296.522857143,296.334285714,84.2485714286,84.87,85.8271428571,87.3014285714,298.957142857,298.964285714,299.228571429,298.75,28.2857142857,28.2,27.5,27.4285714286,0.10445,0.08395,0.12165,0.1215,0.15315,0.0856,0.13995,0.10427499999999999,0.1811571,0.1023714,0.1100857,0.2191571,0.1920857,0.1117714,0.1022286,0.2130143,52.07,43.21,42.24,186.25,17.606190476166663,17.70357142855,299.157142857,299.175,28.323809523799998,28.11785714285,83.96523809523335,84.43071428569999,0.1062,0.11006249999999998,0.12298333333333333,0.127225,0.14096950000000003,0.13324854999999997,0.1395357,0.130208925,49.413333333333355,47.620000000000005,-3.216245299353273e-16,-1.0,3.4011973816621555
sj,1992,27,1992-07-01,0.1194,0.1439,0.1693286,0.1684714,10.74,300.177142857,300.378571429,296.275714286,301.8,298.3,10.0,79.3342857143,10.74,17.6671428571,2.27142857143,29.2285714286,6.64285714286,33.3,25.6,3.1,31,17.8071428571,17.4414285714,17.57,17.9957142857,296.384285714,296.042857143,296.154285714,296.522857143,82.7771428571,84.2485714286,84.87,85.8271428571,299.55,298.957142857,298.964285714,299.228571429,28.4857142857,28.2857142857,28.2,27.5,0.1302,0.10445,0.08395,0.12165,0.1302,0.15315,0.0856,0.13995,0.13938,0.1811571,0.1023714,0.1100857,0.11475,0.1920857,0.1117714,0.1022286,52.96,52.07,43.21,42.24,17.638571428533336,17.6214285714,299.62857142866665,299.4625,28.666666666666668,28.549999999999997,82.12,82.8075,0.11801666666666666,0.10949999999999999,0.14241666666666666,0.1282125,0.1632885666666667,0.14805927499999996,0.1584357,0.14676962500000001,38.590000000000025,39.745,-0.12053668025532283,-0.992708874098054,3.4657359027997265
sj,1992,28,1992-07-08,0.1157,0.192,0.1468571,0.1530714,1.86,300.285714286,300.564285714,296.198571429,302.2,298.7,5.4,78.4971428571,1.86,17.5685714286,2.78571428571,28.7285714286,6.61428571429,32.8,24.4,1.8,28,17.6671428571,17.8071428571,17.4414285714,17.57,296.275714286,296.384285714,296.042857143,296.154285714,79.3342857143,82.7771428571,84.2485714286,84.87,300.378571429,299.55,298.957142857,298.964285714,29.2285714286,28.4857142857,28.2857142857,28.2,0.1194,0.1302,0.10445,0.08395,0.1439,0.1302,0.15315,0.0856,0.1693286,0.13938,0.1811571,0.1023714,0.1684714,0.11475,0.1920857,0.1117714,10.74,52.96,52.07,43.21,17.68095238093333,17.62107142855,300.1642857143333,299.8625,28.8142857143,28.682142857149998,80.20285714283334,81.214285714275,0.12176666666666665,0.1174375,0.15536666666666665,0.15481250000000002,0.15185523333333337,0.15918069999999995,0.14543093333333335,0.157094625,21.853333333333364,29.4075,-0.23931566428755743,-0.9709418174260521,3.367295829986474
sj,1992,29,1992-07-15,0.112,0.1255,0.14214,0.1825333,94.14,299.79,299.828571429,296.052857143,301.8,298.0,46.1,80.15,94.14,17.43,2.0,27.6285714286,6.04285714286,31.7,23.9,45.2,26,17.5685714286,17.6671428571,17.8071428571,17.4414285714,296.198571429,296.275714286,296.384285714,296.042857143,78.4971428571,79.3342857143,82.7771428571,84.2485714286,300.564285714,300.378571429,299.55,298.957142857,28.7285714286,29.2285714286,28.4857142857,28.2857142857,0.1157,0.1194,0.1302,0.10445,0.192,0.1439,0.1302,0.15315,0.1468571,0.1693286,0.13938,0.1811571,0.1530714,0.1684714,0.11475,0.1920857,1.86,10.74,52.96,52.07,17.55523809523333,17.6182142857,300.25714285733335,300.080357143,28.5285714286,28.517857142875,79.32714285713332,80.18964285712501,0.11569999999999998,0.11932499999999999,0.1538,0.1479,0.15277523333333334,0.14942642499999997,0.16802536666666668,0.154706525,35.580000000000034,39.925,-0.3546048870425356,-0.9350162426854148,3.295836866004329
sj,1992,30,1992-07-22,-0.1396,0.05918,0.1371286,0.1288714,33.51,299.227142857,299.371428571,295.875714286,301.1,298.0,69.04,81.9842857143,33.51,17.2485714286,2.02857142857,27.5571428571,6.85714285714,31.7,23.3,41.0,32,17.43,17.5685714286,17.6671428571,17.8071428571,296.052857143,296.198571429,296.275714286,296.384285714,80.15,78.4971428571,79.3342857143,82.7771428571,299.828571429,300.564285714,300.378571429,299.55,27.6285714286,28.7285714286,29.2285714286,28.4857142857,0.112,0.1157,0.1194,0.1302,0.1255,0.192,0.1439,0.1302,0.14214,0.1468571,0.1693286,0.13938,0.1825333,0.1530714,0.1684714,0.11475,94.14,1.86,10.74,52.96,17.41571428573333,17.478571428575,299.92142857133337,300.03571428575003,27.971428571433336,28.285714285725,80.21047619046668,79.991428571425,0.029366666666666652,0.05187499999999999,0.12555999999999998,0.130145,0.14204190000000003,0.14886357499999997,0.15482536666666669,0.158236875,43.17000000000002,35.0625,-0.46472317204376806,-0.8854560256532101,3.4965075614664802
sj,1992,31,1992-07-29,0.0539,0.1261333,0.1337714,0.1499143,31.12,299.025714286,299.107142857,295.745714286,300.8,297.7,58.8,82.3457142857,31.12,17.1142857143,1.81428571429,27.9714285714,6.92857142857,32.2,22.8,14.2,35,17.2485714286,17.43,17.5685714286,17.6671428571,295.875714286,296.052857143,296.198571429,296.275714286,81.9842857143,80.15,78.4971428571,79.3342857143,299.371428571,299.828571429,300.564285714,300.378571429,27.5571428571,27.6285714286,28.7285714286,29.2285714286,-0.1396,0.112,0.1157,0.1194,0.05918,0.1255,0.192,0.1439,0.1371286,0.14214,0.1468571,0.1693286,0.1288714,0.1825333,0.1530714,0.1684714,33.51,94.14,1.86,10.74,17.264285714299998,17.340357142875,299.4357142856667,299.71785714275,27.719047619033333,27.971428571425,81.49333333333333,80.74428571427501,0.008766666666666654,0.03549999999999999,0.10360443333333332,0.125703325,0.13768000000000005,0.13997427499999998,0.15377300000000002,0.1535976,52.92333333333337,40.1575,-0.5680647467311556,-0.8229838658936565,3.58351893845611
sj,1992,32,1992-08-05,0.152675,0.173275,0.1500429,0.1450571,59.22,299.755714286,299.914285714,296.158571429,301.5,297.6,27.1,80.7842857143,59.22,17.5471428571,2.42857142857,28.0714285714,6.1,31.7,23.3,16.6,33,17.1142857143,17.2485714286,17.43,17.5685714286,295.745714286,295.875714286,296.052857143,296.198571429,82.3457142857,81.9842857143,80.15,78.4971428571,299.107142857,299.371428571,299.828571429,300.564285714,27.9714285714,27.5571428571,27.6285714286,28.7285714286,0.0539,-0.1396,0.112,0.1157,0.1261333,0.05918,0.1255,0.192,0.1337714,0.1371286,0.14214,0.1468571,0.1499143,0.1288714,0.1825333,0.1530714,31.12,33.51,94.14,1.86,17.30333333333333,17.335,299.464285714,299.55535714275004,27.866666666633336,27.807142857125,81.70476190476666,81.316071428575,0.022324999999999987,0.04474374999999999,0.11952943333333332,0.121022075,0.14031430000000003,0.14077072499999999,0.14128093333333333,0.15159402500000002,41.28333333333336,54.4975,-0.663122658240795,-0.7485107481711013,3.5263605246161616
sj,1992,33,1992-08-12,0.16395,0.12665,0.2150571,0.2192714,65.55,299.215714286,299.221428571,296.007142857,301.3,297.8,81.8,82.75,65.55,17.4157142857,1.95714285714,27.6714285714,7.55714285714,31.7,22.8,41.9,30,17.5471428571,17.1142857143,17.2485714286,17.43,296.158571429,295.745714286,295.875714286,296.052857143,80.7842857143,82.3457142857,81.9842857143,80.15,299.914285714,299.107142857,299.371428571,299.828571429,28.0714285714,27.9714285714,27.5571428571,27.6285714286,0.152675,0.0539,-0.1396,0.112,0.173275,0.1261333,0.05918,0.1255,0.1500429,0.1337714,0.1371286,0.14214,0.1450571,0.1499143,0.1288714,0.1825333,59.22,31.12,33.51,94.14,17.35904761903333,17.331428571424997,299.414285714,299.40357142825,27.904761904733334,27.817857142825,81.96,81.966071428575,0.12350833333333333,0.05773125,0.14201943333333333,0.121309575,0.1662904666666667,0.15899999999999997,0.1714142666666667,0.16077855000000002,51.96333333333337,47.349999999999994,-0.7485107481711011,-0.6631226582407952,3.4339872044851463
sj,1992,34,1992-08-19,0.1146,0.1368,0.1855857,0.1925714,68.22,299.491428571,299.735714286,296.214285714,301.9,298.3,61.6,82.3171428571,68.22,17.6014285714,2.24285714286,28.2142857143,6.92857142857,33.9,24.4,42.7,52,17.4157142857,17.5471428571,17.1142857143,17.2485714286,296.007142857,296.158571429,295.745714286,295.875714286,82.75,80.7842857143,82.3457142857,81.9842857143,299.221428571,299.914285714,299.107142857,299.371428571,27.6714285714,28.0714285714,27.9714285714,27.5571428571,0.16395,0.152675,0.0539,-0.1396,0.12665,0.173275,0.1261333,0.05918,0.2150571,0.1500429,0.1337714,0.1371286,0.2192714,0.1450571,0.1499143,0.1288714,65.55,59.22,31.12,33.51,17.521428571399998,17.419642857124998,299.6238095236667,299.49464285700003,27.9857142857,27.982142857124998,81.95047619046666,82.04928571427499,0.14374166666666666,0.12128125,0.14557499999999998,0.140714575,0.18356190000000003,0.17111427499999998,0.18563330000000003,0.17670355000000001,64.33000000000003,56.0275,-0.8229838658936564,-0.5680647467311559,3.970291913552122
sj,1992,35,1992-08-26,0.0875,0.0817,0.1799429,0.2217571,27.7,300.067142857,300.157142857,296.057142857,302.2,298.1,28.9,78.8642857143,27.7,17.4585714286,2.42857142857,28.2714285714,6.82857142857,32.2,23.9,3.1,59,17.6014285714,17.4157142857,17.5471428571,17.1142857143,296.214285714,296.007142857,296.158571429,295.745714286,82.3171428571,82.75,80.7842857143,82.3457142857,299.735714286,299.221428571,299.914285714,299.107142857,28.2142857143,27.6714285714,28.0714285714,27.9714285714,0.1146,0.16395,0.152675,0.0539,0.1368,0.12665,0.173275,0.1261333,0.1855857,0.2150571,0.1500429,0.1337714,0.1925714,0.2192714,0.1450571,0.1499143,68.22,65.55,59.22,31.12,17.4919047619,17.5057142857,299.70476190466667,299.757142857,28.052380952366665,28.057142857125,81.31047619046667,81.17892857142499,0.12201666666666665,0.12968125,0.11504999999999999,0.12960625,0.1935285666666667,0.18265714999999996,0.2111999666666667,0.19466425,53.82333333333336,55.1725,-0.8854560256532096,-0.4647231720437691,4.0943445622221
sj,1992,36,1992-09-02,0.1057375,0.2175,0.1240143,0.1256571,61.55,300.108571429,300.157142857,296.175714286,302.0,298.4,34.36,79.2042857143,61.55,17.5642857143,2.2,28.7285714286,7.48571428571,34.4,24.4,6.5,67,17.4585714286,17.6014285714,17.4157142857,17.5471428571,296.057142857,296.214285714,296.007142857,296.158571429,78.8642857143,82.3171428571,82.75,80.7842857143,300.157142857,299.735714286,299.221428571,299.914285714,28.2714285714,28.2142857143,27.6714285714,28.0714285714,0.0875,0.1146,0.16395,0.152675,0.0817,0.1368,0.12665,0.173275,0.1799429,0.1855857,0.2150571,0.1500429,0.2217571,0.1925714,0.2192714,0.1450571,27.7,68.22,65.55,59.22,17.54142857143333,17.509999999999998,300.0166666666667,299.81785714275,28.404761904766662,28.221428571425,80.12857142856666,80.78392857142501,0.10261249999999998,0.11794687499999998,0.14533333333333331,0.1406625,0.1631809666666667,0.17614999999999997,0.17999520000000002,0.18981425000000002,52.49000000000003,55.754999999999995,-0.9350162426854147,-0.3546048870425359,4.219507705176107
sj,1992,37,1992-09-09,0.123975,0.1768,0.2357429,0.2148286,21.34,299.727142857,299.757142857,295.937142857,302.2,298.2,87.2,79.93,21.34,17.3528571429,2.02857142857,28.0285714286,6.54285714286,32.2,23.9,23.6,65,17.5642857143,17.4585714286,17.6014285714,17.4157142857,296.175714286,296.057142857,296.214285714,296.007142857,79.2042857143,78.8642857143,82.3171428571,82.75,300.157142857,300.157142857,299.735714286,299.221428571,28.7285714286,28.2714285714,28.2142857143,27.6714285714,0.1057375,0.0875,0.1146,0.16395,0.2175,0.0817,0.1368,0.12665,0.1240143,0.1799429,0.1855857,0.2150571,0.1256571,0.2217571,0.1925714,0.2192714,61.55,27.7,68.22,65.55,17.4585714286,17.4942857143,300.02380952366667,299.95178571425004,28.342857142866666,28.310714285725,79.33285714286667,80.078928571425,0.10573749999999998,0.10795312499999998,0.15866666666666665,0.1532,0.17990003333333338,0.18132144999999997,0.1874142666666667,0.18870355000000003,36.863333333333365,44.70249999999999,-0.970941817426052,-0.23931566428755774,4.189654742026425
sj,1992,38,1992-09-16,0.0519,0.07226667,0.1775714,0.1588143,41.32,299.978571429,300.071428571,296.111428571,302.2,298.4,32.6,79.5257142857,41.32,17.5414285714,2.34285714286,28.1428571429,7.08571428571,32.8,23.9,28.9,74,17.3528571429,17.5642857143,17.4585714286,17.6014285714,295.937142857,296.175714286,296.057142857,296.214285714,79.93,79.2042857143,78.8642857143,82.3171428571,299.757142857,300.157142857,300.157142857,299.735714286,28.0285714286,28.7285714286,28.2714285714,28.2142857143,0.123975,0.1057375,0.0875,0.1146,0.1768,0.2175,0.0817,0.1368,0.2357429,0.1240143,0.1799429,0.1855857,0.2148286,0.1256571,0.2217571,0.1925714,21.34,61.55,27.7,68.22,17.486190476199997,17.4792857143,299.995238095,300.03571428550003,28.300000000033332,28.292857142875,79.55333333333334,79.381071428575,0.0938708333333333,0.09227812499999999,0.15552222333333332,0.13706666750000002,0.17910953333333335,0.17931787499999996,0.16643333333333335,0.180264275,41.40333333333336,37.9775,-0.992708874098054,-0.12053668025532357,4.31748811353631
sj,1992,39,1992-09-23,0.1435,0.1435,0.1984,0.2122714,95.55,299.292857143,299.378571429,296.281428571,301.4,297.9,116.79,83.7,95.55,17.7514285714,2.04285714286,27.5571428571,7.24285714286,32.8,23.3,60.9,70,17.5414285714,17.3528571429,17.5642857143,17.4585714286,296.111428571,295.937142857,296.175714286,296.057142857,79.5257142857,79.93,79.2042857143,78.8642857143,300.071428571,299.757142857,300.157142857,300.157142857,28.1428571429,28.0285714286,28.7285714286,28.2714285714,0.0519,0.123975,0.1057375,0.0875,0.07226667,0.1768,0.2175,0.0817,0.1775714,0.2357429,0.1240143,0.1799429,0.1588143,0.2148286,0.1256571,0.2217571,41.32,21.34,61.55,27.7,17.548571428566664,17.552500000000002,299.7357142856667,299.84107142849996,27.90952380953333,28.1142857143,81.0519047619,80.59,0.10645833333333332,0.10627812499999999,0.13085555666666665,0.1525166675,0.20390476666666668,0.18393214999999996,0.19530476666666666,0.17789285,52.7366666666667,54.94,-1.0,-1.8369701987210297e-16,4.2626798770413155
sj,1992,40,1992-09-30,0.1972,0.12715,0.1581333,0.09435,97.7,299.624285714,299.707142857,296.13,302.3,297.6,34.2,81.2971428571,97.7,17.6042857143,2.3,27.9714285714,7.22857142857,33.3,23.3,22.6,61,17.7514285714,17.5414285714,17.3528571429,17.5642857143,296.281428571,296.111428571,295.937142857,296.175714286,83.7,79.5257142857,79.93,79.2042857143,299.378571429,300.071428571,299.757142857,300.157142857,27.5571428571,28.1428571429,28.0285714286,28.7285714286,0.1435,0.0519,0.123975,0.1057375,0.1435,0.07226667,0.1768,0.2175,0.1984,0.1775714,0.2357429,0.1240143,0.2122714,0.1588143,0.2148286,0.1256571,95.55,41.32,21.34,61.55,17.632380952366667,17.5625,299.71904761900004,299.7285714285,27.890476190466668,27.924999999999997,81.5076190476,81.1132142857,0.13086666666666666,0.12914375,0.11430555666666664,0.1299291675,0.17803490000000002,0.19246189999999996,0.15514523333333333,0.170066075,78.19000000000003,63.97749999999999,-0.992708874098054,0.1205366802553232,4.127134385045092
sj,1992,41,1992-10-07,0.137225,0.10745,0.1771857,0.1911,23.1,300.267142857,300.328571429,296.424285714,302.8,298.3,19.4,79.7371428571,23.1,17.8971428571,3.25714285714,28.8857142857,7.8,35.0,23.9,0.0,53,17.6042857143,17.7514285714,17.5414285714,17.3528571429,296.13,296.281428571,296.111428571,295.937142857,81.2971428571,83.7,79.5257142857,79.93,299.707142857,299.378571429,300.071428571,299.757142857,27.9714285714,27.5571428571,28.1428571429,28.0285714286,0.1972,0.1435,0.0519,0.123975,0.12715,0.1435,0.07226667,0.1768,0.1581333,0.1984,0.1775714,0.2357429,0.09435,0.2122714,0.1588143,0.2148286,97.7,95.55,41.32,21.34,17.750952380933334,17.69857142855,299.804761905,299.8714285715,28.138095238066665,28.139285714275,81.57809523806667,81.064999999975,0.1593083333333333,0.13245624999999997,0.12603333333333333,0.1125916675,0.17790633333333336,0.17782259999999997,0.16590713333333335,0.16413392499999999,72.11666666666669,64.4175,-0.9709418174260521,0.23931566428755738,3.9889840465642745
sj,1992,42,1992-10-14,0.3371,0.1979,0.1945857,0.1832286,18.95,300.118571429,300.228571429,295.892857143,302.6,297.7,11.3,77.8342857143,18.95,17.3085714286,2.97142857143,29.1571428571,7.11428571429,33.3,25.0,8.0,76,17.8971428571,17.6042857143,17.7514285714,17.5414285714,296.424285714,296.13,296.281428571,296.111428571,79.7371428571,81.2971428571,83.7,79.5257142857,300.328571429,299.707142857,299.378571429,300.071428571,28.8857142857,27.9714285714,27.5571428571,28.1428571429,0.137225,0.1972,0.1435,0.0519,0.10745,0.12715,0.1435,0.07226667,0.1771857,0.1581333,0.1984,0.1775714,0.1911,0.09435,0.2122714,0.1588143,23.1,97.7,95.55,41.32,17.603333333333335,17.64035714285,300.0880952383333,299.91071428600003,28.6714285714,28.392857142825,79.62285714283333,80.642142857125,0.22384166666666663,0.20375625,0.14416666666666664,0.14400000000000002,0.17663490000000004,0.18207617499999998,0.1562262,0.17023749999999999,46.583333333333364,58.825,-0.9350162426854148,0.35460488704253557,4.343805421853684
sj,1992,43,1992-10-21,-0.0156,0.0312,0.1042167,0.1129833,12.18,299.848571429,299.914285714,295.645714286,301.6,298.4,21.5,77.8757142857,12.18,17.0442857143,2.51428571429,28.6571428571,7.45714285714,32.8,23.9,11.9,61,17.3085714286,17.8971428571,17.6042857143,17.7514285714,295.892857143,296.424285714,296.13,296.281428571,77.8342857143,79.7371428571,81.2971428571,83.7,300.228571429,300.328571429,299.707142857,299.378571429,29.1571428571,28.8857142857,27.9714285714,27.5571428571,0.3371,0.137225,0.1972,0.1435,0.1979,0.10745,0.12715,0.1435,0.1945857,0.1771857,0.1581333,0.1984,0.1832286,0.1911,0.09435,0.2122714,18.95,23.1,97.7,95.55,17.416666666666664,17.463571428575,300.1571428573333,300.04464285725,28.899999999966667,28.667857142825,78.48238095236667,79.18607142855,0.1529083333333333,0.16398125,0.1121833333333333,0.11592500000000001,0.15866270000000002,0.15853035,0.1624373,0.145415475,18.076666666666696,37.9825,-0.8854560256532101,0.464723172043768,4.127134385045092
sj,1992,44,1992-10-28,0.1242,0.1254,0.1156,0.1124286,80.58,299.802857143,299.842857143,295.805714286,302.3,297.0,25.0,78.91,80.58,17.2471428571,3.02857142857,28.6714285714,7.28571428571,33.3,23.9,18.6,57,17.0442857143,17.3085714286,17.8971428571,17.6042857143,295.645714286,295.892857143,296.424285714,296.13,77.8757142857,77.8342857143,79.7371428571,81.2971428571,299.914285714,300.228571429,300.328571429,299.707142857,28.6571428571,29.1571428571,28.8857142857,27.9714285714,-0.0156,0.3371,0.137225,0.1972,0.0312,0.1979,0.10745,0.12715,0.1042167,0.1945857,0.1771857,0.1581333,0.1129833,0.1832286,0.1911,0.09435,12.18,18.95,23.1,97.7,17.2,17.374285714274997,299.9952380953334,300.07857142875,28.828571428533333,28.842857142825,78.20666666666666,78.589285714275,0.14856666666666665,0.14573125,0.11816666666666664,0.1154875,0.13813413333333338,0.14789702499999996,0.13621350000000002,0.149935125,37.2366666666667,33.7025,-0.822983865893657,0.5680647467311548,4.060443010546419
sj,1992,45,1992-11-04,0.0866,0.1209667,0.2244429,0.2498571,64.0,299.807142857,299.85,296.27,301.5,298.5,27.7,81.0528571429,64.0,17.73,2.07142857143,28.3857142857,7.7,33.3,22.2,14.2,44,17.2471428571,17.0442857143,17.3085714286,17.8971428571,295.805714286,295.645714286,295.892857143,296.424285714,78.91,77.8757142857,77.8342857143,79.7371428571,299.842857143,299.914285714,300.228571429,300.328571429,28.6714285714,28.6571428571,29.1571428571,28.8857142857,0.1242,-0.0156,0.3371,0.137225,0.1254,0.0312,0.1979,0.10745,0.1156,0.1042167,0.1945857,0.1771857,0.1124286,0.1129833,0.1832286,0.1911,80.58,12.18,18.95,23.1,17.340476190466664,17.3325,299.869047619,299.9589285715,28.571428571400002,28.717857142825,79.27952380953333,78.918214285725,0.06506666666666665,0.133075,0.09252223333333331,0.118866675,0.14808653333333335,0.15971132499999996,0.158423,0.1646244,52.25333333333336,43.9275,-0.7485107481711011,0.6631226582407952,3.8066624897703196
sj,1992,46,1992-11-11,0.118,0.1422,0.08945,0.0668,40.06,299.041428571,299.207142857,295.074285714,300.9,297.4,31.72,79.0128571429,40.06,16.4814285714,2.41428571429,27.5428571429,6.84285714286,31.7,22.8,161.0,34,17.73,17.2471428571,17.0442857143,17.3085714286,296.27,295.805714286,295.645714286,295.892857143,81.0528571429,78.91,77.8757142857,77.8342857143,299.85,299.842857143,299.914285714,300.228571429,28.3857142857,28.6714285714,28.6571428571,29.1571428571,0.0866,0.1242,-0.0156,0.3371,0.1209667,0.1254,0.0312,0.1979,0.2244429,0.1156,0.1042167,0.1945857,0.2498571,0.1124286,0.1129833,0.1832286,64.0,80.58,12.18,18.95,17.15285714283333,17.1257142857,299.6333333333334,299.7035714285,28.2,28.314285714275,79.6585714286,79.212857142875,0.10959999999999998,0.0783,0.12952223333333332,0.104941675,0.14316430000000002,0.13342739999999997,0.14302856666666666,0.13551725,61.54666666666669,49.205,-0.6631226582407955,0.7485107481711007,3.5553480614894135
sj,1992,47,1992-11-18,0.0764,0.05613333,0.1343714,0.06401429,43.44,298.342857143,298.285714286,294.652857143,300.6,296.6,49.97,80.2557142857,43.44,16.0671428571,1.82857142857,26.6857142857,7.0,31.1,22.2,26.1,47,16.4814285714,17.73,17.2471428571,17.0442857143,295.074285714,296.27,295.805714286,295.645714286,79.0128571429,81.0528571429,78.91,77.8757142857,299.207142857,299.85,299.842857143,299.914285714,27.5428571429,28.3857142857,28.6714285714,28.6571428571,0.118,0.0866,0.1242,-0.0156,0.1422,0.1209667,0.1254,0.0312,0.08945,0.2244429,0.1156,0.1042167,0.0668,0.2498571,0.1124286,0.1129833,40.06,64.0,80.58,12.18,16.7595238095,16.881428571399997,299.11428571433333,299.2964285715,27.5380952381,27.821428571425002,80.10714285716666,79.80785714287501,0.09366666666666663,0.1013,0.1064333433333333,0.11117500749999999,0.14942143333333338,0.14096607499999997,0.12689046333333334,0.12327499750000001,49.16666666666669,57.02,-0.5680647467311559,0.8229838658936564,3.8712010109078907
sj,1992,48,1992-11-25,0.0971,0.1026333,0.1617143,0.1198286,47.42,298.664285714,298.742857143,296.041428571,301.1,296.9,128.1,85.5871428571,47.42,17.5285714286,2.0,27.4,6.77142857143,32.8,23.3,46.3,60,16.0671428571,16.4814285714,17.73,17.2471428571,294.652857143,295.074285714,296.27,295.805714286,80.2557142857,79.0128571429,81.0528571429,78.91,298.285714286,299.207142857,299.85,299.842857143,26.6857142857,27.5428571429,28.3857142857,28.6714285714,0.0764,0.118,0.0866,0.1242,0.05613333,0.1422,0.1209667,0.1254,0.1343714,0.08945,0.2244429,0.1156,0.06401429,0.0668,0.2498571,0.1124286,43.44,40.06,64.0,80.58,16.692380952366666,16.951785714274997,298.7452380953334,299.0214285715,27.209523809533334,27.503571428575,81.61857142856667,81.47714285715,0.09716666666666664,0.094525,0.10032220999999997,0.1054833325,0.12851190000000004,0.15249464999999998,0.08354763000000003,0.1251249975,43.64000000000002,48.730000000000004,-0.4647231720437684,0.88545602565321,4.110873864173311
sj,1992,49,1992-12-02,0.1083,0.074125,0.1750667,0.15275,53.73,298.46,298.55,295.252857143,300.6,297.0,54.8,82.6485714286,53.73,16.6785714286,1.92857142857,26.6285714286,7.24285714286,31.1,22.2,62.6,60,17.5285714286,16.0671428571,16.4814285714,17.73,296.041428571,294.652857143,295.074285714,296.27,85.5871428571,80.2557142857,79.0128571429,81.0528571429,298.742857143,298.285714286,299.207142857,299.85,27.4,26.6857142857,27.5428571429,28.3857142857,0.0971,0.0764,0.118,0.0866,0.1026333,0.05613333,0.1422,0.1209667,0.1617143,0.1343714,0.08945,0.2244429,0.1198286,0.06401429,0.0668,0.2498571,47.42,43.44,40.06,64.0,16.758095238099997,16.688928571425,298.52619047633334,298.69642857149995,26.90476190476667,27.0642857143,82.83047619046665,81.87607142857499,0.09393333333333331,0.09995,0.07763054333333332,0.0937729075,0.15705080000000002,0.14015059999999996,0.11219763,0.10084822249999999,48.196666666666694,46.1625,-0.35460488704253595,0.9350162426854147,4.110873864173311
sj,1992,50,1992-12-09,0.0547,0.1099,0.1981571,0.2159667,86.28,298.734285714,298.914285714,294.65,300.5,297.5,19.23,78.3114285714,86.28,16.0242857143,2.11428571429,26.9142857143,7.18571428571,31.1,22.2,9.4,53,16.6785714286,17.5285714286,16.0671428571,16.4814285714,295.252857143,296.041428571,294.652857143,295.074285714,82.6485714286,85.5871428571,80.2557142857,79.0128571429,298.55,298.742857143,298.285714286,299.207142857,26.6285714286,27.4,26.6857142857,27.5428571429,0.1083,0.0971,0.0764,0.118,0.074125,0.1026333,0.05613333,0.1422,0.1750667,0.1617143,0.1343714,0.08945,0.15275,0.1198286,0.06401429,0.0668,53.73,47.42,43.44,40.06,16.743809523833335,16.57464285715,298.7357142856667,298.62321428575,26.980952380966666,26.90714285715,82.18238095236667,81.7007142857,0.08669999999999999,0.084125,0.09555276666666664,0.0856979075,0.17831270000000002,0.16732737499999997,0.16284843333333335,0.1381398975,62.476666666666695,57.7175,-0.2393156642875578,0.970941817426052,3.9889840465642745
sj,1992,51,1992-12-16,0.022309999999999997,0.066425,0.1923429,0.1941286,0.0,298.285714286,298.507142857,293.828571429,300.7,296.4,24.94,76.6614285714,0.0,15.2514285714,2.64285714286,26.6857142857,8.38571428571,32.2,21.7,47.5,36,16.0242857143,16.6785714286,17.5285714286,16.0671428571,294.65,295.252857143,296.041428571,294.652857143,78.3114285714,82.6485714286,85.5871428571,80.2557142857,298.914285714,298.55,298.742857143,298.285714286,26.9142857143,26.6285714286,27.4,26.6857142857,0.0547,0.1083,0.0971,0.0764,0.1099,0.074125,0.1026333,0.05613333,0.1981571,0.1750667,0.1617143,0.1343714,0.2159667,0.15275,0.1198286,0.06401429,86.28,53.73,47.42,43.44,15.984761904766666,16.370714285725,298.657142857,298.6785714285,26.74285714286667,26.907142857150003,79.20714285713332,80.802142857125,0.06176999999999997,0.0706025,0.08348333333333331,0.088270825,0.1885222333333334,0.18182025,0.18761510000000003,0.170668475,46.67000000000004,46.8575,-0.12053668025532363,0.992708874098054,3.6109179126442243
sj,1992,52,1992-12-23,-0.01008,0.06821667,0.0869,0.0733125,0.0,297.172857143,297.35,292.8,299.1,296.1,23.8,76.7571428571,0.0,14.3242857143,1.92857142857,25.9142857143,6.48571428571,29.4,21.7,5.5,31,15.2514285714,16.0242857143,16.6785714286,17.5285714286,293.828571429,294.65,295.252857143,296.041428571,76.6614285714,78.3114285714,82.6485714286,85.5871428571,298.507142857,298.914285714,298.55,298.742857143,26.6857142857,26.9142857143,26.6285714286,27.4,0.022309999999999997,0.0547,0.1083,0.0971,0.066425,0.1099,0.074125,0.1026333,0.1923429,0.1981571,0.1750667,0.1617143,0.1941286,0.2159667,0.15275,0.1198286,0.0,86.28,53.73,47.42,15.199999999999998,15.56964285715,298.257142857,298.33035714275,26.504761904766667,26.535714285725,77.2433333333,78.594642857125,0.02230999999999998,0.0438075,0.08151388999999998,0.07966666749999998,0.15913333333333338,0.16311667499999996,0.16113593333333337,0.15903945,28.76000000000003,35.0025,6.432490598706546e-16,1.0,3.4657359027997265
sj,1993,53,1993-01-01,0.009134999999999999,0.05594167,0.08277857,0.059884820000000005,23.395,297.32,297.45000000000005,293.475,299.25,296.1,32.85,79.31785714285,23.395,14.92214285715,1.914285714285,25.892857142849998,6.492857142855,30.0,21.7,16.75,30,14.3242857143,15.2514285714,16.0242857143,16.6785714286,292.8,293.828571429,294.65,295.252857143,76.7571428571,76.6614285714,78.3114285714,82.6485714286,297.35,298.507142857,298.914285714,298.55,25.9142857143,26.6857142857,26.9142857143,26.6285714286,-0.01008,0.022309999999999997,0.0547,0.1083,0.06821667,0.066425,0.1099,0.074125,0.0869,0.1923429,0.1981571,0.1750667,0.0733125,0.1941286,0.2159667,0.15275,0.0,0.0,86.28,53.73,14.832619047616665,15.1305357142875,297.76904761900005,298.05535714275004,26.164285714283334,26.3517857142875,77.57880952378333,77.7619642856875,0.007121666666666647,0.01901625,0.06352777999999998,0.075120835,0.12067382333333339,0.14004464249999998,0.10910864000000003,0.135823155,7.798333333333361,27.41875,0.12053668025532314,0.992708874098054,3.4339872044851463
sj,1993,1,1993-01-08,0.02835,0.04366667,0.07865714,0.04645714,46.79,297.467142857,297.55,294.15,299.4,296.1,41.9,81.8785714286,46.79,15.52,1.9,25.8714285714,6.5,30.6,21.7,28.0,32,14.92214285715,14.3242857143,15.2514285714,16.0242857143,293.475,292.8,293.828571429,294.65,79.31785714285,76.7571428571,76.6614285714,78.3114285714,297.45000000000005,297.35,298.507142857,298.914285714,25.892857142849998,25.9142857143,26.6857142857,26.9142857143,0.009134999999999999,-0.01008,0.022309999999999997,0.0547,0.05594167,0.06821667,0.066425,0.1099,0.08277857,0.0869,0.1923429,0.1981571,0.059884820000000005,0.0733125,0.1941286,0.2159667,23.395,0.0,0.0,86.28,14.92214285715,15.0044642857125,297.45000000000005,297.71428571425,25.892857142849994,26.0910714285625,79.31785714285,78.6537499999875,0.009134999999999982,0.012428749999999999,0.05594166999999998,0.058562502499999995,0.08277857000000004,0.11016965249999998,0.05988482000000003,0.093445765,23.395000000000028,17.54625,0.12053668025532305,0.992708874098054,3.4965075614664802
sj,1993,2,1993-01-15,0.03006667,0.03785,0.1318857,0.1092,0.0,297.331428571,297.342857143,293.068571429,299.2,296.2,27.5,77.1442857143,0.0,14.4671428571,1.71428571429,24.5,7.04285714286,28.3,20.6,23.5,28,15.52,14.92214285715,14.3242857143,15.2514285714,294.15,293.475,292.8,293.828571429,81.8785714286,79.31785714285,76.7571428571,76.6614285714,297.55,297.45000000000005,297.35,298.507142857,25.8714285714,25.892857142849998,25.9142857143,26.6857142857,0.02835,0.009134999999999999,-0.01008,0.022309999999999997,0.04366667,0.05594167,0.06821667,0.066425,0.07865714,0.08277857,0.0869,0.1923429,0.04645714,0.059884820000000005,0.0733125,0.1941286,46.79,23.395,0.0,0.0,14.96976190475,14.8083928571375,297.44761904766665,297.42321428575,25.42142857141667,25.544642857137497,79.44690476191666,78.7744642857125,0.022517223333333312,0.0143679175,0.04581944666666665,0.0514187525,0.09777380333333337,0.09505535249999997,0.07184732000000003,0.07221361500000001,23.395000000000028,17.54625,0.23931566428755774,0.970941817426052,3.367295829986474
sj,1993,3,1993-01-22,0.048100000000000004,0.11345,0.2260571,0.2200286,0.0,297.401428571,297.628571429,293.075714286,299.5,296.2,11.2,76.9842857143,0.0,14.49,2.2,24.8571428571,7.12857142857,30.0,20.0,6.6,33,14.4671428571,15.52,14.92214285715,14.3242857143,293.068571429,294.15,293.475,292.8,77.1442857143,81.8785714286,79.31785714285,76.7571428571,297.342857143,297.55,297.45000000000005,297.35,24.5,25.8714285714,25.892857142849998,25.9142857143,0.03006667,0.02835,0.009134999999999999,-0.01008,0.03785,0.04366667,0.05594167,0.06821667,0.1318857,0.07865714,0.08277857,0.0869,0.1092,0.04645714,0.059884820000000005,0.0733125,0.0,46.79,23.395,0.0,14.825714285699997,14.8498214285625,297.5071428573333,297.492857143,25.07619047616667,25.280357142837502,78.66904761906666,78.8312500000125,0.03550555666666665,0.028912917500000003,0.06498888999999998,0.062727085,0.1455333133333334,0.12984462749999998,0.12522858000000003,0.10889264,15.596666666666694,17.54625,0.3546048870425356,0.9350162426854148,3.5263605246161616
sj,1993,4,1993-01-29,0.06613333,0.05705,0.1303667,0.1473833,0.0,296.967142857,297.128571429,292.841428571,299.2,295.5,21.8,77.8628571429,0.0,14.3071428571,2.08571428571,24.4,6.1,28.9,20.0,15.2,33,14.49,14.4671428571,15.52,14.92214285715,293.075714286,293.068571429,294.15,293.475,76.9842857143,77.1442857143,81.8785714286,79.31785714285,297.628571429,297.342857143,297.55,297.45000000000005,24.8571428571,24.5,25.8714285714,25.892857142849998,0.048100000000000004,0.03006667,0.02835,0.009134999999999999,0.11345,0.03785,0.04366667,0.05594167,0.2260571,0.1318857,0.07865714,0.08277857,0.2200286,0.1092,0.04645714,0.059884820000000005,0.0,0.0,46.79,23.395,14.4214285714,14.696071428549999,297.36666666699995,297.41250000024996,24.585714285700004,24.907142857125,77.33047619050001,78.467500000025,0.048099999999999976,0.043162500000000006,0.06944999999999998,0.0630041675,0.16276983333333336,0.14174166,0.15887063333333337,0.13076726,0.0,11.697500000000002,0.4647231720437685,0.8854560256532099,3.5263605246161616
sj,1993,5,1993-02-05,0.047425,0.02253333,0.09238571,0.09468571,75.97,297.624285714,297.685714286,294.032857143,300.4,295.6,26.3,80.61,75.97,15.4528571429,2.08571428571,26.6714285714,7.64285714286,31.7,19.4,9.4,35,14.3071428571,14.49,14.4671428571,15.52,292.841428571,293.075714286,293.068571429,294.15,77.8628571429,76.9842857143,77.1442857143,81.8785714286,297.128571429,297.628571429,297.342857143,297.55,24.4,24.8571428571,24.5,25.8714285714,0.06613333,0.048100000000000004,0.03006667,0.02835,0.05705,0.11345,0.03785,0.04366667,0.1303667,0.2260571,0.1318857,0.07865714,0.1473833,0.2200286,0.1092,0.04645714,0.0,0.0,0.0,46.79,14.75,14.679285714275,297.48095238133334,297.44642857175,25.309523809499996,25.107142857125,78.48571428573334,78.15035714287501,0.05388610999999998,0.04793125000000001,0.0643444433333333,0.0577208325,0.14960317000000004,0.14517380249999998,0.1540325366666667,0.1428244025,25.323333333333363,18.9925,0.5680647467311558,0.8229838658936564,3.58351893845611
sj,1993,6,1993-02-12,0.2738,0.0558,0.2020857,0.2047857,0.0,296.594285714,296.8,292.871428571,299.7,294.7,14.3,79.8257142857,0.0,14.3857142857,2.34285714286,25.4285714286,6.74285714286,30.0,20.6,2.1,22,15.4528571429,14.3071428571,14.49,14.4671428571,294.032857143,292.841428571,293.075714286,293.068571429,80.61,77.8628571429,76.9842857143,77.1442857143,297.685714286,297.128571429,297.628571429,297.342857143,26.6714285714,24.4,24.8571428571,24.5,0.047425,0.06613333,0.048100000000000004,0.03006667,0.02253333,0.05705,0.11345,0.03785,0.09238571,0.1303667,0.2260571,0.1318857,0.09468571,0.1473833,0.2200286,0.1092,75.97,0.0,0.0,0.0,14.715238095233332,14.658928571425001,297.204761905,297.310714286,25.5,25.339285714275,79.43285714286667,78.820714285725,0.1291194433333333,0.1088645825,0.04512777666666665,0.062208332500000005,0.14161270333333337,0.16272380249999996,0.14895157000000003,0.1667208275,25.323333333333363,18.9925,0.6631226582407952,0.7485107481711011,3.1354942159291497
sj,1993,7,1993-02-19,0.1108667,0.173375,0.2375143,0.2274143,14.71,297.76,297.971428571,293.342857143,299.6,296.4,7.2,76.5328571429,14.71,14.7528571429,2.48571428571,26.2714285714,8.1,31.7,20.6,2.8,13,14.3857142857,15.4528571429,14.3071428571,14.49,292.871428571,294.032857143,292.841428571,293.075714286,79.8257142857,80.61,77.8628571429,76.9842857143,296.8,297.685714286,297.128571429,297.628571429,25.4285714286,26.6714285714,24.4,24.8571428571,0.2738,0.047425,0.06613333,0.048100000000000004,0.0558,0.02253333,0.05705,0.11345,0.2020857,0.09238571,0.1303667,0.2260571,0.2047857,0.09468571,0.1473833,0.2200286,0.0,75.97,0.0,0.0,14.863809523833332,14.72464285715,297.4857142856667,297.3964285715,26.123809523800002,25.69285714285,78.98952380953334,78.707857142875,0.14403056666666664,0.12455625749999999,0.08390277666666664,0.0771895825,0.17732857000000002,0.16558810249999997,0.17562857,0.1685672525,30.2266666666667,22.67,0.7485107481711011,0.6631226582407953,2.639057329615259
sj,1993,8,1993-02-26,0.1426667,0.1339,0.2699286,0.2615857,0.0,296.768571429,296.871428571,292.301428571,300.1,294.6,21.5,76.2171428571,0.0,13.8271428571,2.77142857143,25.7,7.3,32.2,20.6,5.5,13,14.7528571429,14.3857142857,15.4528571429,14.3071428571,293.342857143,292.871428571,294.032857143,292.841428571,76.5328571429,79.8257142857,80.61,77.8628571429,297.971428571,296.8,297.685714286,297.128571429,26.2714285714,25.4285714286,26.6714285714,24.4,0.1108667,0.2738,0.047425,0.06613333,0.173375,0.0558,0.02253333,0.05705,0.2375143,0.2020857,0.09238571,0.1303667,0.2274143,0.2047857,0.09468571,0.1473833,14.71,0.0,75.97,0.0,14.321904761899999,14.60464285715,297.21428571399997,297.332142857,25.8,26.01785714285,77.52523809523333,78.296428571425,0.17577779999999998,0.1436896,0.12102499999999998,0.09640208250000001,0.23650953333333335,0.20047857749999998,0.23126190000000002,0.1971178525,4.903333333333362,22.67,0.8229838658936564,0.5680647467311559,2.639057329615259
sj,1993,9,1993-03-05,0.1744667,0.1338,0.1584833,0.1399167,0.0,297.014285714,297.242857143,291.911428571,299.7,295.2,1.8,73.2257142857,0.0,13.4942857143,2.8,25.5714285714,8.15714285714,30.0,21.1,2.3,21,13.8271428571,14.7528571429,14.3857142857,15.4528571429,292.301428571,293.342857143,292.871428571,294.032857143,76.2171428571,76.5328571429,79.8257142857,80.61,296.871428571,297.971428571,296.8,297.685714286,25.7,26.2714285714,25.4285714286,26.6714285714,0.1426667,0.1108667,0.2738,0.047425,0.1339,0.173375,0.0558,0.02253333,0.2699286,0.2375143,0.2020857,0.09238571,0.2615857,0.2274143,0.2047857,0.09468571,0.0,14.71,0.0,75.97,14.024761904766665,14.115,297.36190476166666,297.22142857125,25.847619047600002,25.74285714285,75.32523809523333,76.45035714285,0.1426667,0.175450025,0.147025,0.12421875,0.22197540000000004,0.217002975,0.20963890000000004,0.2084256,4.903333333333362,3.6775,0.8854560256532099,0.4647231720437686,3.091042453358316
sj,1993,10,1993-03-12,0.09403333,0.214,0.2035714,0.2538286,0.0,296.425714286,296.642857143,290.775714286,298.9,294.1,2.7,70.6457142857,0.0,12.5828571429,2.48571428571,24.9,7.61428571429,29.4,19.4,2.5,17,13.4942857143,13.8271428571,14.7528571429,14.3857142857,291.911428571,292.301428571,293.342857143,292.871428571,73.2257142857,76.2171428571,76.5328571429,79.8257142857,297.242857143,296.871428571,297.971428571,296.8,25.5714285714,25.7,26.2714285714,25.4285714286,0.1744667,0.1426667,0.1108667,0.2738,0.1338,0.1339,0.173375,0.0558,0.1584833,0.2699286,0.2375143,0.2020857,0.1399167,0.2615857,0.2274143,0.2047857,0.0,0.0,14.71,0.0,13.301428571433332,13.6642857143,296.919047619,297.18214285700003,25.390476190466668,25.6107142857,73.36285714283332,74.15535714285,0.13705557666666665,0.1305083575,0.16056666666666664,0.16376875,0.21066110000000005,0.21737439999999997,0.2184436666666667,0.22068632500000002,0.0,3.6775,0.9350162426854148,0.35460488704253557,2.8903717578961645
sj,1993,11,1993-03-19,-0.0411,-0.0436,0.1725333,0.1717714,9.68,297.855714286,298.014285714,293.692857143,300.4,295.5,10.5,77.7842857143,9.68,15.0642857143,2.68571428571,26.9285714286,8.47142857143,33.3,21.1,0.5,11,12.5828571429,13.4942857143,13.8271428571,14.7528571429,290.775714286,291.911428571,292.301428571,293.342857143,70.6457142857,73.2257142857,76.2171428571,76.5328571429,296.642857143,297.242857143,296.871428571,297.971428571,24.9,25.5714285714,25.7,26.2714285714,0.09403333,0.1744667,0.1426667,0.1108667,0.214,0.1338,0.1339,0.173375,0.2035714,0.1584833,0.2699286,0.2375143,0.2538286,0.1399167,0.2615857,0.2274143,0.0,0.0,0.0,14.71,13.713809523833334,13.74214285715,297.29999999999995,297.19285714275003,25.799999999999997,25.775,73.88523809523333,74.46821428569999,0.07580000999999999,0.0925166825,0.10139999999999998,0.109525,0.17819600000000002,0.20112914999999998,0.1885055666666667,0.2067756,3.226666666666695,2.42,0.970941817426052,0.23931566428755804,2.4849066497880004
sj,1993,12,1993-03-26,0.03225,0.10315,0.1850143,0.2041857,27.0,297.585714286,297.671428571,293.222857143,299.8,296.3,13.0,76.8485714286,27.0,14.6485714286,2.25714285714,26.1428571429,7.52857142857,31.1,20.6,12.8,8,15.0642857143,12.5828571429,13.4942857143,13.8271428571,293.692857143,290.775714286,291.911428571,292.301428571,77.7842857143,70.6457142857,73.2257142857,76.2171428571,298.014285714,296.642857143,297.242857143,296.871428571,26.9285714286,24.9,25.5714285714,25.7,-0.0411,0.09403333,0.1744667,0.1426667,-0.0436,0.214,0.1338,0.1339,0.1725333,0.2035714,0.1584833,0.2699286,0.1717714,0.2538286,0.1399167,0.2615857,9.68,0.0,0.0,0.0,14.098571428600001,13.947500000025,297.4428571426667,297.39285714275,25.9904761905,25.885714285724998,75.09285714286666,74.62607142857499,0.028394443333333314,0.0649125075,0.09118333333333332,0.10183750000000001,0.18703966666666672,0.17990057499999995,0.2099285666666667,0.1924256,12.226666666666695,9.17,0.992708874098054,0.120536680255323,2.1972245773362196
sj,1993,13,1993-04-02,0.1194,0.08853333,0.1404714,0.1174286,0.0,297.34,297.442857143,293.812857143,299.4,295.7,20.27,80.7957142857,0.0,15.2,2.14285714286,26.8857142857,7.62857142857,32.8,22.2,4.1,8,14.6485714286,15.0642857143,12.5828571429,13.4942857143,293.222857143,293.692857143,290.775714286,291.911428571,76.8485714286,77.7842857143,70.6457142857,73.2257142857,297.671428571,298.014285714,296.642857143,297.242857143,26.1428571429,26.9285714286,24.9,25.5714285714,0.03225,-0.0411,0.09403333,0.1744667,0.10315,-0.0436,0.214,0.1338,0.1850143,0.1725333,0.2035714,0.1584833,0.2041857,0.1717714,0.2538286,0.1399167,27.0,9.68,0.0,0.0,14.970952380966665,14.373928571450001,297.70952380933335,297.44285714275,26.652380952399998,26.2142857143,78.47619047619999,76.518571428575,0.03684999999999999,0.0511458325,0.049361109999999986,0.0905208325,0.16600633333333337,0.1753976,0.16446190000000002,0.186803575,12.226666666666695,9.17,1.0,-1.6081226496766364e-16,2.1972245773362196
sj,1993,14,1993-04-09,0.0518,0.0423,0.1903667,0.2082143,7.49,297.745714286,297.892857143,293.752857143,300.1,296.2,14.2,78.5642857143,7.49,15.1628571429,2.35714285714,27.2,7.71428571429,32.8,21.1,4.6,6,15.2,14.6485714286,15.0642857143,12.5828571429,293.812857143,293.222857143,293.692857143,290.775714286,80.7957142857,76.8485714286,77.7842857143,70.6457142857,297.442857143,297.671428571,298.014285714,296.642857143,26.8857142857,26.1428571429,26.9285714286,24.9,0.1194,0.03225,-0.0411,0.09403333,0.08853333,0.10315,-0.0436,0.214,0.1404714,0.1850143,0.1725333,0.2035714,0.1174286,0.2041857,0.1717714,0.2538286,0.0,27.0,9.68,0.0,15.003809523833333,15.01892857145,297.669047619,297.75535714275,26.74285714286667,26.7892857143,78.73619047620001,78.498214285725,0.06781666666666665,0.0405875,0.07799444333333332,0.0475958325,0.17195080000000004,0.17209642499999997,0.17660953333333337,0.1754,11.496666666666696,11.0425,0.992708874098054,-0.12053668025532288,1.9459101490553132
sj,1993,15,1993-04-16,-0.0158,0.01885,0.068,0.0834,19.74,298.012857143,298.0,294.065714286,300.1,295.9,23.2,78.9614285714,19.74,15.5,3.05714285714,27.0714285714,7.78571428571,33.3,22.2,11.7,6,15.1628571429,15.2,14.6485714286,15.0642857143,293.752857143,293.812857143,293.222857143,293.692857143,78.5642857143,80.7957142857,76.8485714286,77.7842857143,297.892857143,297.442857143,297.671428571,298.014285714,27.2,26.8857142857,26.1428571429,26.9285714286,0.0518,0.1194,0.03225,-0.0411,0.0423,0.08853333,0.10315,-0.0436,0.1903667,0.1404714,0.1850143,0.1725333,0.2082143,0.1174286,0.2041857,0.1717714,7.49,0.0,27.0,9.68,15.287619047633333,15.127857142875,297.7785714286667,297.75178571425,27.052380952366665,26.825,79.44047619046667,78.7925,0.051799999999999985,0.0469125,0.04989444333333331,0.06320833249999999,0.13294603333333338,0.14596309999999996,0.13634763333333336,0.15330715,9.076666666666695,13.5575,0.9709418174260521,-0.2393156642875575,1.9459101490553132
sj,1993,16,1993-04-23,0.0828,0.0788,0.1334571,0.1317,114.85,297.528571429,297.742857143,294.072857143,300.1,294.5,63.49,81.2714285714,114.85,15.4885714286,2.77142857143,25.8714285714,7.44285714286,31.1,21.7,8.4,7,15.5,15.1628571429,15.2,14.6485714286,294.065714286,293.752857143,293.812857143,293.222857143,78.9614285714,78.5642857143,80.7957142857,76.8485714286,298.0,297.892857143,297.442857143,297.671428571,27.0714285714,27.2,26.8857142857,26.1428571429,-0.0158,0.0518,0.1194,0.03225,0.01885,0.0423,0.08853333,0.10315,0.068,0.1903667,0.1404714,0.1850143,0.0834,0.2082143,0.1174286,0.2041857,19.74,7.49,0.0,27.0,15.383809523833333,15.337857142875,297.87857142866665,297.76964285725,26.714285714266666,26.757142857125,79.59904761903333,79.89821428569999,0.039599999999999975,0.05955,0.046649999999999976,0.057120832499999996,0.13060793333333337,0.13307379999999996,0.14110476666666671,0.135185725,47.36000000000002,35.519999999999996,0.9350162426854148,-0.35460488704253545,2.0794415416798357
sj,1993,17,1993-04-30,0.08122499999999999,0.09256667,0.1315167,0.1252286,33.35,298.591428571,298.692857143,295.194285714,300.4,297.0,34.3,81.6557142857,33.35,16.5971428571,2.47142857143,27.4857142857,8.38571428571,32.8,22.2,28.3,12,15.4885714286,15.5,15.1628571429,15.2,294.072857143,294.065714286,293.752857143,293.812857143,81.2714285714,78.9614285714,78.5642857143,80.7957142857,297.742857143,298.0,297.892857143,297.442857143,25.8714285714,27.0714285714,27.2,26.8857142857,0.0828,-0.0158,0.0518,0.1194,0.0788,0.01885,0.0423,0.08853333,0.1334571,0.068,0.1903667,0.1404714,0.1317,0.0834,0.2082143,0.1174286,114.85,19.74,7.49,0.0,15.861904761899998,15.68714285715,298.14523809533335,298.08214285725,26.809523809499996,26.907142857125,80.62952380950001,80.1132142857,0.04940833333333331,0.050006249999999995,0.06340555666666664,0.0581291675,0.1109912666666667,0.13083512499999997,0.1134428666666667,0.13713572499999999,55.98000000000002,43.857499999999995,0.8854560256532099,-0.4647231720437685,2.5649493574615367
sj,1993,18,1993-05-07,0.07965,0.06415,0.1547429,0.1291571,37.35,298.152857143,298.185714286,295.26,300.1,296.9,40.7,84.0814285714,37.35,16.6585714286,1.85714285714,26.9428571429,6.27142857143,32.2,22.2,114.3,17,16.5971428571,15.4885714286,15.5,15.1628571429,295.194285714,294.072857143,294.065714286,293.752857143,81.6557142857,81.2714285714,78.9614285714,78.5642857143,298.692857143,297.742857143,298.0,297.892857143,27.4857142857,25.8714285714,27.0714285714,27.2,0.08122499999999999,0.0828,-0.0158,0.0518,0.09256667,0.0788,0.01885,0.0423,0.1315167,0.1334571,0.068,0.1903667,0.1252286,0.1317,0.0834,0.2082143,33.35,114.85,19.74,7.49,16.248095238099996,16.061071428574998,298.20714285733334,298.155357143,26.766666666666666,26.842857142849997,82.33619047616666,81.492499999975,0.08122499999999998,0.05696875,0.07850555666666666,0.0635916675,0.13990556666666668,0.12192917499999997,0.12869523333333335,0.117371425,61.85000000000002,51.32249999999999,0.8229838658936565,-0.5680647467311557,2.8903717578961645
sj,1993,19,1993-05-14,0.07305,0.052,0.1074857,0.1070286,34.9,297.671428571,297.692857143,294.847142857,300.4,296.1,142.4,84.5214285714,34.9,16.2671428571,2.5,26.4714285714,6.0,31.1,22.8,18.3,10,16.6585714286,16.5971428571,15.4885714286,15.5,295.26,295.194285714,294.072857143,294.065714286,84.0814285714,81.6557142857,81.2714285714,78.9614285714,298.185714286,298.692857143,297.742857143,298.0,26.9428571429,27.4857142857,25.8714285714,27.0714285714,0.07965,0.08122499999999999,0.0828,-0.0158,0.06415,0.09256667,0.0788,0.01885,0.1547429,0.1315167,0.1334571,0.068,0.1291571,0.1252286,0.1317,0.0834,37.35,33.35,114.85,19.74,16.5076190476,16.25285714285,298.1904761906667,298.07857142875,26.96666666666667,26.692857142850002,83.41952380949999,82.882499999975,0.07797499999999997,0.07918125,0.06957222333333331,0.0718791675,0.13124843333333336,0.13180059999999996,0.12047143333333336,0.123278575,35.200000000000024,55.1125,0.7485107481711013,-0.663122658240795,2.3978952727983707
sj,1993,20,1993-05-21,0.1769,0.0901,0.1792,0.1866833,14.84,298.604285714,298.721428571,295.324285714,301.2,296.4,55.67,82.4357142857,14.84,16.8571428571,2.21428571429,28.2285714286,7.22857142857,33.9,23.3,4.6,10,16.2671428571,16.6585714286,16.5971428571,15.4885714286,294.847142857,295.26,295.194285714,294.072857143,84.5214285714,84.0814285714,81.6557142857,81.2714285714,297.692857143,298.185714286,298.692857143,297.742857143,26.4714285714,26.9428571429,27.4857142857,25.8714285714,0.07305,0.07965,0.08122499999999999,0.0828,0.052,0.06415,0.09256667,0.0788,0.1074857,0.1547429,0.1315167,0.1334571,0.1070286,0.1291571,0.1252286,0.1317,34.9,37.35,33.35,114.85,16.594285714266665,16.594999999975,298.2,298.32321428575,27.2142857143,27.28214285715,83.6795238095,83.17357142854999,0.10986666666666665,0.10270625,0.06874999999999998,0.0747041675,0.1471428666666667,0.14323632499999997,0.14095633333333338,0.1370244,29.03000000000003,30.11,0.6631226582407952,-0.7485107481711012,2.3978952727983707
sj,1993,21,1993-05-28,0.01645,0.10485,0.05147143,0.0644,78.17,299.364285714,299.378571429,296.675714286,301.8,297.6,100.2,85.3985714286,78.17,18.1857142857,2.27142857143,28.9428571429,7.22857142857,33.9,23.3,32.1,18,16.8571428571,16.2671428571,16.6585714286,16.5971428571,295.324285714,294.847142857,295.26,295.194285714,82.4357142857,84.5214285714,84.0814285714,81.6557142857,298.721428571,297.692857143,298.185714286,298.692857143,28.2285714286,26.4714285714,26.9428571429,27.4857142857,0.1769,0.07305,0.07965,0.08122499999999999,0.0901,0.052,0.06415,0.09256667,0.1792,0.1074857,0.1547429,0.1315167,0.1866833,0.1070286,0.1291571,0.1252286,14.84,34.9,37.35,33.35,17.1033333333,16.992142857125,298.5976190476667,298.49464285725,27.880952380966665,27.64642857145,84.11857142856667,84.10928571427499,0.08879999999999999,0.0865125,0.08231666666666665,0.077775,0.11271904333333338,0.12322500749999997,0.11937063333333338,0.12181725,42.63666666666669,41.315,0.5680647467311558,-0.8229838658936564,2.9444389791664403
sj,1993,22,1993-06-04,0.00305,0.0506,0.1981857,0.1761,62.2,298.844285714,298.914285714,296.451428571,301.4,297.3,93.2,86.9,62.2,17.9514285714,1.91428571429,27.6428571429,5.88571428571,31.1,22.8,58.3,19,18.1857142857,16.8571428571,16.2671428571,16.6585714286,296.675714286,295.324285714,294.847142857,295.26,85.3985714286,82.4357142857,84.5214285714,84.0814285714,299.378571429,298.721428571,297.692857143,298.185714286,28.9428571429,28.2285714286,26.4714285714,26.9428571429,0.01645,0.1769,0.07305,0.07965,0.10485,0.0901,0.052,0.06415,0.05147143,0.1792,0.1074857,0.1547429,0.0644,0.1866833,0.1070286,0.1291571,78.17,14.84,34.9,37.35,17.664761904733336,17.315357142825,299.0047619046666,298.67678571425,28.271428571466668,27.82142857145,84.91142857143332,84.813928571425,0.06546666666666665,0.0673625,0.08184999999999998,0.0743875,0.14295237666666671,0.13408570749999998,0.14239443333333338,0.13355297500000002,51.7366666666667,47.5275,0.46472317204376906,-0.8854560256532096,2.995732273553991
sj,1993,23,1993-06-11,0.1206,0.06455,0.1537714,0.1484857,8.48,300.658571429,300.735714286,296.978571429,302.8,298.5,20.2,80.6157142857,8.48,18.4914285714,2.64285714286,29.9,7.38571428571,34.4,25.0,1.3,12,17.9514285714,18.1857142857,16.8571428571,16.2671428571,296.451428571,296.675714286,295.324285714,294.847142857,86.9,85.3985714286,82.4357142857,84.5214285714,298.914285714,299.378571429,298.721428571,297.692857143,27.6428571429,28.9428571429,28.2285714286,26.4714285714,0.00305,0.01645,0.1769,0.07305,0.0506,0.10485,0.0901,0.052,0.1981857,0.05147143,0.1792,0.1074857,0.1761,0.0644,0.1866833,0.1070286,62.2,78.17,14.84,34.9,18.2095238095,17.871428571400003,299.6761904763334,299.4375,28.8285714286,28.6785714286,84.30476190476666,83.83749999999999,0.046699999999999985,0.07925,0.07333333333333332,0.077525,0.1344761766666667,0.14565713249999998,0.12966190000000002,0.14391725,49.616666666666696,40.9225,0.35460488704253584,-0.9350162426854147,2.5649493574615367
sj,1993,24,1993-06-18,0.079,0.0785,0.2209429,0.2193714,30.65,299.184285714,299.264285714,295.742857143,301.0,297.7,55.5,81.4928571429,30.65,17.13,2.1,27.7285714286,6.78571428571,32.2,23.3,57.9,22,18.4914285714,17.9514285714,18.1857142857,16.8571428571,296.978571429,296.451428571,296.675714286,295.324285714,80.6157142857,86.9,85.3985714286,82.4357142857,300.735714286,298.914285714,299.378571429,298.721428571,29.9,27.6428571429,28.9428571429,28.2285714286,0.1206,0.00305,0.01645,0.1769,0.06455,0.0506,0.10485,0.0901,0.1537714,0.1981857,0.05147143,0.1792,0.1484857,0.1761,0.0644,0.1866833,8.48,62.2,78.17,14.84,17.8576190476,17.939642857125,299.638095238,299.57321428575,28.42380952383333,28.553571428599998,83.00285714286666,83.6017857143,0.06754999999999999,0.054775000000000004,0.06454999999999998,0.074625,0.19096666666666673,0.15609285749999996,0.18131903333333335,0.152089275,33.77666666666669,44.875,0.23931566428755768,-0.970941817426052,3.1354942159291497
sj,1993,25,1993-06-25,0.0374,0.1399667,0.1681714,0.1343571,93.75,299.521428571,299.492857143,296.294285714,301.8,297.5,74.0,82.6085714286,93.75,17.7128571429,1.95714285714,27.3428571429,6.97142857143,33.3,22.2,60.4,12,17.13,18.4914285714,17.9514285714,18.1857142857,295.742857143,296.978571429,296.451428571,296.675714286,81.4928571429,80.6157142857,86.9,85.3985714286,299.264285714,300.735714286,298.914285714,299.378571429,27.7285714286,29.9,27.6428571429,28.9428571429,0.079,0.1206,0.00305,0.01645,0.0785,0.06455,0.0506,0.10485,0.2209429,0.1537714,0.1981857,0.05147143,0.2193714,0.1484857,0.1761,0.0644,30.65,8.48,62.2,78.17,17.778095238099997,17.821428571425002,299.83095238100003,299.60178571425,28.323809523833333,28.1535714286,81.5723809524,82.90428571429999,0.07899999999999999,0.0600125,0.09433889999999996,0.083404175,0.18096190000000004,0.18526784999999998,0.16740473333333336,0.16957855,44.29333333333336,48.769999999999996,0.12053668025532308,-0.992708874098054,2.5649493574615367
sj,1993,26,1993-07-02,0.1237667,0.1522,0.2154143,0.2187714,8.49,299.704285714,299.842857143,296.51,301.6,298.2,27.5,82.8328571429,8.49,17.9228571429,2.0,28.8428571429,5.87142857143,32.8,25.0,7.2,21,17.7128571429,17.13,18.4914285714,17.9514285714,296.294285714,295.742857143,296.978571429,296.451428571,82.6085714286,81.4928571429,80.6157142857,86.9,299.492857143,299.264285714,300.735714286,298.914285714,27.3428571429,27.7285714286,29.9,27.6428571429,0.0374,0.079,0.1206,0.00305,0.1399667,0.0785,0.06455,0.0506,0.1681714,0.2209429,0.1537714,0.1981857,0.1343571,0.2193714,0.1484857,0.1761,93.75,30.65,8.48,62.2,17.588571428599995,17.8142857143,299.5333333333333,299.8339285715,27.971428571466664,28.4535714286,82.31142857146666,81.887500000025,0.08005556666666665,0.090191675,0.12355556666666663,0.108804175,0.20150953333333335,0.18957499999999997,0.19083330000000007,0.18024640000000003,44.29666666666669,35.3425,-3.216245299353273e-16,-1.0,3.091042453358316
sj,1993,27,1993-07-09,0.0689,0.09593333,0.1463429,0.1590429,37.28,299.567142857,299.628571429,296.03,301.6,297.5,72.8,81.1485714286,37.28,17.4071428571,1.88571428571,28.2428571429,6.84285714286,32.8,24.4,21.0,18,17.9228571429,17.7128571429,17.13,18.4914285714,296.51,296.294285714,295.742857143,296.978571429,82.8328571429,82.6085714286,81.4928571429,80.6157142857,299.842857143,299.492857143,299.264285714,300.735714286,28.8428571429,27.3428571429,27.7285714286,29.9,0.1237667,0.0374,0.079,0.1206,0.1522,0.1399667,0.0785,0.06455,0.2154143,0.1681714,0.2209429,0.1537714,0.2187714,0.1343571,0.2193714,0.1484857,8.49,93.75,30.65,8.48,17.680952380966662,17.543214285725,299.654761905,299.55714285724997,28.142857142900002,28.039285714325,82.19666666670001,82.02071428575,0.07668889999999998,0.077266675,0.12936667666666665,0.1166500075,0.1766428666666667,0.18771787499999998,0.17072380000000006,0.18288569999999998,46.506666666666696,42.5425,-0.12053668025532283,-0.992708874098054,2.9444389791664403
sj,1993,28,1993-07-16,0.0375,0.09203333,0.1833571,0.2203714,73.94,299.584285714,299.707142857,296.055714286,301.9,297.7,67.7,81.2157142857,73.94,17.46,2.5,27.8857142857,6.52857142857,32.2,22.2,92.2,16,17.4071428571,17.9228571429,17.7128571429,17.13,296.03,296.51,296.294285714,295.742857143,81.1485714286,82.8328571429,82.6085714286,81.4928571429,299.628571429,299.842857143,299.492857143,299.264285714,28.2428571429,28.8428571429,27.3428571429,27.7285714286,0.0689,0.1237667,0.0374,0.079,0.09593333,0.1522,0.1399667,0.0785,0.1463429,0.2154143,0.1681714,0.2209429,0.1590429,0.2187714,0.1343571,0.2193714,37.28,8.49,93.75,30.65,17.596666666666664,17.625714285725,299.72619047633333,299.667857143,28.323809523833336,28.0785714286,81.73238095239999,81.95142857145001,0.07672223333333332,0.066891675,0.11338888666666663,0.12003334,0.1817047666666667,0.17832142499999995,0.1993952333333334,0.1831357,39.903333333333364,53.364999999999995,-0.23931566428755743,-0.9709418174260521,2.833213344056216
sj,1993,29,1993-07-23,0.1204,0.1826,0.1665857,0.1923714,4.81,299.891428571,299.964285714,295.94,302.0,298.3,29.4,79.15,4.81,17.3171428571,2.47142857143,28.5,7.25714285714,33.3,24.4,13.0,16,17.46,17.4071428571,17.9228571429,17.7128571429,296.055714286,296.03,296.51,296.294285714,81.2157142857,81.1485714286,82.8328571429,82.6085714286,299.707142857,299.628571429,299.842857143,299.492857143,27.8857142857,28.2428571429,28.8428571429,27.3428571429,0.0375,0.0689,0.1237667,0.0374,0.09203333,0.09593333,0.1522,0.1399667,0.1833571,0.1463429,0.2154143,0.1681714,0.2203714,0.1590429,0.2187714,0.1343571,73.94,37.28,8.49,93.75,17.39476190473333,17.526785714275,299.76666666666665,299.78571428575,28.209523809533334,28.367857142875003,80.50476190476667,81.08678571429999,0.07559999999999999,0.087641675,0.12352221999999997,0.130691665,0.1654285666666667,0.17792499999999997,0.19059523333333336,0.197639275,38.6766666666667,31.13,-0.3546048870425356,-0.9350162426854148,2.833213344056216
sj,1993,30,1993-07-30,0.08285,0.10608,0.12255,0.1236,78.03,299.237142857,299.264285714,296.592857143,301.3,298.0,109.0,85.5514285714,78.03,18.0342857143,1.75714285714,27.9428571429,6.0,32.2,22.2,71.4,22,17.3171428571,17.46,17.4071428571,17.9228571429,295.94,296.055714286,296.03,296.51,79.15,81.2157142857,81.1485714286,82.8328571429,299.964285714,299.707142857,299.628571429,299.842857143,28.5,27.8857142857,28.2428571429,28.8428571429,0.1204,0.0375,0.0689,0.1237667,0.1826,0.09203333,0.09593333,0.1522,0.1665857,0.1833571,0.1463429,0.2154143,0.1923714,0.2203714,0.1590429,0.2187714,4.81,73.94,37.28,8.49,17.6038095238,17.554642857125,299.645238095,299.6410714285,28.109523809533332,28.142857142875002,81.97238095236666,81.766428571425,0.08024999999999997,0.0774125,0.1269044433333333,0.119161665,0.15749760000000004,0.15470892499999997,0.17878093333333336,0.17384642499999997,52.260000000000026,48.515,-0.46472317204376806,-0.8854560256532101,3.1354942159291497
sj,1993,31,1993-08-06,0.092225,0.1488,0.2467667,0.2581143,12.38,300.062857143,300.264285714,296.857142857,302.0,298.3,12.6,82.8828571429,12.38,18.3271428571,2.35714285714,29.0285714286,6.58571428571,32.8,24.4,0.8,17,18.0342857143,17.3171428571,17.46,17.4071428571,296.592857143,295.94,296.055714286,296.03,85.5514285714,79.15,81.2157142857,81.1485714286,299.264285714,299.964285714,299.707142857,299.628571429,27.9428571429,28.5,27.8857142857,28.2428571429,0.08285,0.1204,0.0375,0.0689,0.10608,0.1826,0.09203333,0.09593333,0.12255,0.1665857,0.1833571,0.1463429,0.1236,0.1923714,0.2203714,0.1590429,78.03,4.81,73.94,37.28,17.892857142833332,17.784642857125,299.8309523806667,299.79999999975,28.4904761905,28.339285714299997,82.5280952381,82.19999999999999,0.09849166666666664,0.08324374999999999,0.14582666666666663,0.1323783325,0.17863413333333336,0.17981487499999999,0.19136190000000006,0.198614275,31.740000000000027,42.29,-0.5680647467311556,-0.8229838658936565,2.8903717578961645
sj,1993,32,1993-08-13,0.1016,0.1401,0.2187,0.1692571,7.25,300.121428571,300.35,296.561428571,302.0,298.7,21.8,81.0128571429,7.25,17.9885714286,2.32857142857,29.0285714286,6.25714285714,32.8,25.0,18.1,25,18.3271428571,18.0342857143,17.3171428571,17.46,296.857142857,296.592857143,295.94,296.055714286,82.8828571429,85.5514285714,79.15,81.2157142857,300.264285714,299.264285714,299.964285714,299.707142857,29.0285714286,27.9428571429,28.5,27.8857142857,0.092225,0.08285,0.1204,0.0375,0.1488,0.10608,0.1826,0.09203333,0.2467667,0.12255,0.1665857,0.1833571,0.2581143,0.1236,0.1923714,0.2203714,12.38,78.03,4.81,73.94,18.116666666666664,17.916785714275,299.95952380933335,299.9607142855,28.6666666667,28.625000000024997,83.14904761906666,82.14928571429999,0.09222499999999996,0.09926875,0.13165999999999997,0.144395,0.19600556666666671,0.1886506,0.18365713333333336,0.18583570000000002,32.55333333333336,25.6175,-0.663122658240795,-0.7485107481711013,3.258096538021482
sj,1993,33,1993-08-20,0.0969,0.04966667,0.1970714,0.1632857,106.83,299.67,299.771428571,296.512857143,302.3,297.8,62.7,83.0757142857,106.83,17.9528571429,2.22857142857,29.4142857143,6.42857142857,33.9,24.4,12.7,23,17.9885714286,18.3271428571,18.0342857143,17.3171428571,296.561428571,296.857142857,296.592857143,295.94,81.0128571429,82.8828571429,85.5514285714,79.15,300.35,300.264285714,299.264285714,299.964285714,29.0285714286,29.0285714286,27.9428571429,28.5,0.1016,0.092225,0.08285,0.1204,0.1401,0.1488,0.10608,0.1826,0.2187,0.2467667,0.12255,0.1665857,0.1692571,0.2581143,0.1236,0.1923714,7.25,12.38,78.03,4.81,18.089523809533333,18.075714285725002,300.1285714283333,299.91249999975,29.157142857166665,28.8535714286,82.32380952383333,83.13071428572499,0.09690833333333332,0.09339375,0.11285555666666665,0.1111616675,0.22084603333333339,0.19627202499999996,0.19688570000000005,0.178564275,42.15333333333336,51.1225,-0.7485107481711011,-0.6631226582407952,3.1780538303479458
sj,1993,34,1993-08-27,0.10885,0.24925,0.2105714,0.2159143,1.36,299.918571429,299.985714286,296.49,302.1,297.9,26.9,81.7271428571,1.36,17.9171428571,2.31428571429,28.9714285714,7.61428571429,33.3,24.4,17.1,12,17.9528571429,17.9885714286,18.3271428571,18.0342857143,296.512857143,296.561428571,296.857142857,296.592857143,83.0757142857,81.0128571429,82.8828571429,85.5514285714,299.771428571,300.35,300.264285714,299.264285714,29.4142857143,29.0285714286,29.0285714286,27.9428571429,0.0969,0.1016,0.092225,0.08285,0.04966667,0.1401,0.1488,0.10608,0.1970714,0.2187,0.2467667,0.12255,0.1632857,0.1692571,0.2581143,0.1236,106.83,7.25,12.38,78.03,17.952857142866666,18.046428571425,300.0357142856667,300.09285714275,29.138095238100004,29.110714285725,81.93857142856668,82.17464285715,0.10244999999999999,0.09989375,0.14633888999999997,0.1469541675,0.20878093333333336,0.218277375,0.18281903333333338,0.20164285,38.480000000000025,31.955,-0.8229838658936564,-0.5680647467311559,2.5649493574615367
sj,1993,35,1993-09-03,0.0979,0.1581,0.1638571,0.1509143,30.85,299.975714286,300.035714286,296.107142857,302.0,298.5,34.4,79.6285714286,30.85,17.5271428571,2.18571428571,28.6571428571,7.32857142857,32.8,24.4,28.8,25,17.9171428571,17.9528571429,17.9885714286,18.3271428571,296.49,296.512857143,296.561428571,296.857142857,81.7271428571,83.0757142857,81.0128571429,82.8828571429,299.985714286,299.771428571,300.35,300.264285714,28.9714285714,29.4142857143,29.0285714286,29.0285714286,0.10885,0.0969,0.1016,0.092225,0.24925,0.04966667,0.1401,0.1488,0.2105714,0.1970714,0.2187,0.2467667,0.2159143,0.1632857,0.1692571,0.2581143,1.36,106.83,7.25,12.38,17.79904761903333,17.846428571425,299.930952381,300.03571428575003,29.014285714266663,29.01785714285,81.47714285713333,81.361071428575,0.10121666666666664,0.1013125,0.15233888999999998,0.1492791675,0.1904999666666667,0.197549975,0.1767047666666667,0.17484285000000002,46.34666666666669,36.5725,-0.8854560256532096,-0.4647231720437691,3.258096538021482
sj,1993,36,1993-09-10,0.1121,0.0688,0.0596,0.05133333,43.26,299.761428571,299.857142857,296.128571429,302.6,298.2,42.1,80.6842857143,43.26,17.5614285714,2.17142857143,28.4285714286,7.88571428571,32.8,23.3,43.4,28,17.5271428571,17.9171428571,17.9528571429,17.9885714286,296.107142857,296.49,296.512857143,296.561428571,79.6285714286,81.7271428571,83.0757142857,81.0128571429,300.035714286,299.985714286,299.771428571,300.35,28.6571428571,28.9714285714,29.4142857143,29.0285714286,0.0979,0.10885,0.0969,0.1016,0.1581,0.24925,0.04966667,0.1401,0.1638571,0.2105714,0.1970714,0.2187,0.1509143,0.2159143,0.1632857,0.1692571,30.85,1.36,106.83,7.25,17.66857142853333,17.739642857125002,299.9595238096667,299.91249999999997,28.6857142857,28.86785714285,80.68,81.278928571425,0.10628333333333333,0.1039375,0.15871666666666664,0.1314541675,0.1446761666666667,0.15777497499999996,0.13938731000000004,0.1453619075,25.156666666666695,45.575,-0.9350162426854147,-0.3546048870425359,3.367295829986474
sj,1993,37,1993-09-17,0.1199,0.0971,0.2044429,0.1865857,14.42,299.672857143,299.785714286,296.291428571,301.9,298.3,50.0,81.7942857143,14.42,17.7042857143,1.94285714286,28.6,7.37142857143,32.8,23.9,23.1,27,17.5614285714,17.5271428571,17.9171428571,17.9528571429,296.128571429,296.107142857,296.49,296.512857143,80.6842857143,79.6285714286,81.7271428571,83.0757142857,299.857142857,300.035714286,299.985714286,299.771428571,28.4285714286,28.6571428571,28.9714285714,29.4142857143,0.1121,0.0979,0.10885,0.0969,0.0688,0.1581,0.24925,0.04966667,0.0596,0.1638571,0.2105714,0.1970714,0.05133333,0.1509143,0.2159143,0.1632857,43.26,30.85,1.36,106.83,17.597619047599995,17.677499999975,299.89285714299996,299.91607142875,28.5619047619,28.664285714275,80.7023809524,80.958571428575,0.10996666666666666,0.10968750000000001,0.10799999999999998,0.14331249999999998,0.1426333333333334,0.15961784999999998,0.12961111000000003,0.15118690750000002,29.51000000000003,22.4725,-0.970941817426052,-0.23931566428755774,3.332204510175204
sj,1993,38,1993-09-24,0.0054,0.063525,0.1392833,0.1168857,71.36,300.067142857,300.142857143,296.461428571,302.4,298.2,57.9,80.9014285714,71.36,17.9528571429,2.68571428571,28.1571428571,6.92857142857,32.8,23.3,8.7,18,17.7042857143,17.5614285714,17.5271428571,17.9171428571,296.291428571,296.128571429,296.107142857,296.49,81.7942857143,80.6842857143,79.6285714286,81.7271428571,299.785714286,299.857142857,300.035714286,299.985714286,28.6,28.4285714286,28.6571428571,28.9714285714,0.1199,0.1121,0.0979,0.10885,0.0971,0.0688,0.1581,0.24925,0.2044429,0.0596,0.1638571,0.2105714,0.1865857,0.05133333,0.1509143,0.2159143,14.42,43.26,30.85,1.36,17.739523809533328,17.686428571425,299.92857142866666,299.955357143,28.395238095233335,28.4607142857,81.12666666666667,80.75214285715,0.07913333333333332,0.083825,0.07647499999999997,0.09688125,0.13444206666666672,0.141795825,0.11826824333333337,0.12642975750000002,43.01333333333336,39.9725,-0.992708874098054,-0.12053668025532357,2.9444389791664403
sj,1993,39,1993-10-01,0.034,0.0517,0.0726,0.09423333,72.86,299.885714286,299.942857143,296.651428571,302.1,298.4,76.0,82.61,72.86,18.12,2.17142857143,28.2857142857,6.98571428571,32.8,23.9,26.7,23,17.9528571429,17.7042857143,17.5614285714,17.5271428571,296.461428571,296.291428571,296.128571429,296.107142857,80.9014285714,81.7942857143,80.6842857143,79.6285714286,300.142857143,299.785714286,299.857142857,300.035714286,28.1571428571,28.6,28.4285714286,28.6571428571,0.0054,0.1199,0.1121,0.0979,0.063525,0.0971,0.0688,0.1581,0.1392833,0.2044429,0.0596,0.1638571,0.1168857,0.1865857,0.05133333,0.1509143,71.36,14.42,43.26,30.85,17.92571428573333,17.83464285715,299.95714285733334,299.93214285724997,28.347619047600002,28.36785714285,81.76857142856666,81.4975,0.05309999999999998,0.06785000000000001,0.07077499999999999,0.07028125,0.13877540000000002,0.11898154999999998,0.13256824333333336,0.11225951499999999,52.88000000000003,50.475,-1.0,-1.8369701987210297e-16,3.1780538303479458
sj,1993,40,1993-10-08,0.1213,0.0705,0.1886286,0.1652714,27.62,299.591428571,299.607142857,296.632857143,301.1,298.2,55.36,83.8414285714,27.62,18.1042857143,1.67142857143,28.0142857143,7.5,33.3,23.3,16.8,23,18.12,17.9528571429,17.7042857143,17.5614285714,296.651428571,296.461428571,296.291428571,296.128571429,82.61,80.9014285714,81.7942857143,80.6842857143,299.942857143,300.142857143,299.785714286,299.857142857,28.2857142857,28.1571428571,28.6,28.4285714286,0.034,0.0054,0.1199,0.1121,0.0517,0.063525,0.0971,0.0688,0.0726,0.1392833,0.2044429,0.0596,0.09423333,0.1168857,0.1865857,0.05133333,72.86,71.36,14.42,43.26,18.059047619066664,17.970357142875,299.8976190476667,299.86964285725,28.152380952366666,28.264285714274997,82.45095238093334,82.286785714275,0.05356666666666665,0.07015,0.06190833333333331,0.07070625,0.13350396666666672,0.15123869999999998,0.1254634766666667,0.1407440325,57.28000000000003,46.565,-0.992708874098054,0.1205366802553232,3.1780538303479458
sj,1993,41,1993-10-15,0.1317,0.0645,0.20515,0.1731857,8.01,299.957142857,300.042857143,296.425714286,301.8,298.7,35.8,81.1028571429,8.01,17.86,1.94285714286,28.4,6.98571428571,32.2,24.4,27.0,29,18.1042857143,18.12,17.9528571429,17.7042857143,296.632857143,296.651428571,296.461428571,296.291428571,83.8414285714,82.61,80.9014285714,81.7942857143,299.607142857,299.942857143,300.142857143,299.785714286,28.0142857143,28.2857142857,28.1571428571,28.6,0.1213,0.034,0.0054,0.1199,0.0705,0.0517,0.063525,0.0971,0.1886286,0.0726,0.1392833,0.2044429,0.1652714,0.09423333,0.1168857,0.1865857,27.62,72.86,71.36,14.42,18.028095238099997,18.0092857143,299.86428571433333,299.9339285715,28.233333333333334,28.214285714275,82.5180952381,82.113928571425,0.09566666666666664,0.0731,0.06223333333333331,0.06255625,0.15545953333333337,0.15141547499999997,0.1442301433333334,0.13739403249999999,36.16333333333336,44.9625,-0.9709418174260521,0.23931566428755738,3.4011973816621555
sj,1993,42,1993-10-22,0.0129,0.08940000000000001,0.1347,0.1496857,0.0,300.181428571,300.242857143,296.168571429,302.4,298.0,17.0,78.8071428571,0.0,17.5928571429,2.25714285714,28.2,7.7,33.3,23.9,6.4,38,17.86,18.1042857143,18.12,17.9528571429,296.425714286,296.632857143,296.651428571,296.461428571,81.1028571429,83.8414285714,82.61,80.9014285714,300.042857143,299.607142857,299.942857143,300.142857143,28.4,28.0142857143,28.2857142857,28.1571428571,0.1317,0.1213,0.034,0.0054,0.0645,0.0705,0.0517,0.063525,0.20515,0.1886286,0.0726,0.1392833,0.1731857,0.1652714,0.09423333,0.1168857,8.01,27.62,72.86,71.36,17.852380952399997,17.9192857143,299.9642857143333,299.9589285715,28.204761904766666,28.225,81.25047619046667,81.59035714285001,0.0886333333333333,0.07497500000000001,0.07479999999999998,0.069025,0.17615953333333337,0.15026964999999998,0.16271426666666672,0.1455940325,11.8766666666667,27.1225,-0.9350162426854148,0.35460488704253557,3.6635616461296463
sj,1993,43,1993-10-29,0.117,0.1143,0.2702,0.1092667,70.07,299.788571429,299.721428571,296.114285714,301.5,298.1,57.6,80.3985714286,70.07,17.5557142857,1.95714285714,28.0714285714,7.14285714286,32.8,23.9,25.4,36,17.5928571429,17.86,18.1042857143,18.12,296.168571429,296.425714286,296.632857143,296.651428571,78.8071428571,81.1028571429,83.8414285714,82.61,300.242857143,300.042857143,299.607142857,299.942857143,28.2,28.4,28.0142857143,28.2857142857,0.0129,0.1317,0.1213,0.034,0.08940000000000001,0.0645,0.0705,0.0517,0.1347,0.20515,0.1886286,0.0726,0.1496857,0.1731857,0.1652714,0.09423333,0.0,8.01,27.62,72.86,17.66952380953333,17.778214285725,300.00238095233334,299.90357142849996,28.2238095238,28.171428571425,80.10285714286667,81.0375,0.08719999999999999,0.095725,0.08939999999999998,0.084675,0.20335000000000003,0.19966964999999998,0.14404603333333338,0.149352375,26.0266666666667,26.424999999999997,-0.8854560256532101,0.464723172043768,3.6109179126442243
sj,1993,44,1993-11-05,-0.02095000000000001,0.1406667,0.1776167,0.1569,0.0,299.885714286,299.921428571,296.007142857,301.9,298.5,16.1,79.5042857143,0.0,17.4414285714,2.3,27.9,7.24285714286,32.8,23.3,4.1,43,17.5557142857,17.5928571429,17.86,18.1042857143,296.114285714,296.168571429,296.425714286,296.632857143,80.3985714286,78.8071428571,81.1028571429,83.8414285714,299.721428571,300.242857143,300.042857143,299.607142857,28.0714285714,28.2,28.4,28.0142857143,0.117,0.0129,0.1317,0.1213,0.1143,0.08940000000000001,0.0645,0.0705,0.2702,0.1347,0.20515,0.1886286,0.1092667,0.1496857,0.1731857,0.1652714,70.07,0.0,8.01,27.62,17.529999999999998,17.612499999999997,299.96190476166663,299.982142857,28.05714285713333,28.142857142849998,79.57,79.953214285725,0.036316666666666636,0.060162499999999994,0.11478889999999997,0.10221667499999999,0.19417223333333336,0.19691667499999996,0.13861746666666672,0.147259525,23.356666666666698,19.519999999999996,-0.822983865893657,0.5680647467311548,3.784189633918261
sj,1993,45,1993-11-12,-0.1589,0.0493,0.08248333,0.1696,0.0,299.228571429,299.35,295.298571429,300.9,297.8,25.6,79.0371428571,0.0,16.6628571429,2.27142857143,27.6428571429,7.72857142857,32.8,23.3,6.7,46,17.4414285714,17.5557142857,17.5928571429,17.86,296.007142857,296.114285714,296.168571429,296.425714286,79.5042857143,80.3985714286,78.8071428571,81.1028571429,299.921428571,299.721428571,300.242857143,300.042857143,27.9,28.0714285714,28.2,28.4,-0.02095000000000001,0.117,0.0129,0.1317,0.1406667,0.1143,0.08940000000000001,0.0645,0.1776167,0.2702,0.1347,0.20515,0.1569,0.1092667,0.1496857,0.1731857,0.0,70.07,0.0,8.01,17.219999999999995,17.313214285725,299.664285714,299.80892857125,27.87142857143333,27.953571428574996,79.64666666666666,79.436785714275,-0.020950000000000035,-0.012487500000000006,0.10142223333333329,0.09841667500000001,0.17676667666666668,0.16625000749999996,0.1452555666666667,0.1463631,23.356666666666698,17.5175,-0.7485107481711011,0.6631226582407952,3.8501476017100584
sj,1993,46,1993-11-19,0.17315,0.013825,0.17535,0.1117429,12.5,298.845714286,299.05,295.188571429,301.0,297.5,70.71,80.3771428571,12.5,16.58,1.84285714286,27.1714285714,6.77142857143,31.7,22.8,48.8,31,16.6628571429,17.4414285714,17.5557142857,17.5928571429,295.298571429,296.007142857,296.114285714,296.168571429,79.0371428571,79.5042857143,80.3985714286,78.8071428571,299.35,299.921428571,299.721428571,300.242857143,27.6428571429,27.9,28.0714285714,28.2,-0.1589,-0.02095000000000001,0.117,0.0129,0.0493,0.1406667,0.1143,0.08940000000000001,0.08248333,0.1776167,0.2702,0.1347,0.1696,0.1569,0.1092667,0.1496857,0.0,0.0,70.07,0.0,16.894761904766664,17.06,299.44047619033336,299.5107142855,27.57142857143333,27.696428571425002,79.6395238095,79.82928571427499,-0.002233333333333374,0.027574999999999995,0.06793056666666665,0.079522925,0.14515001000000002,0.17641250749999998,0.1460809666666667,0.13687739999999998,4.1666666666667,20.6425,-0.6631226582407955,0.7485107481711007,3.4657359027997265
sj,1993,47,1993-11-26,0.1071,0.1818,0.2600571,0.2705857,91.81,298.571428571,298.678571429,295.255714286,301.1,296.8,118.1,82.1542857143,91.81,16.6614285714,1.87142857143,26.8857142857,6.6,31.7,22.2,46.4,25,16.58,16.6628571429,17.4414285714,17.5557142857,295.188571429,295.298571429,296.007142857,296.114285714,80.3771428571,79.0371428571,79.5042857143,80.3985714286,299.05,299.35,299.921428571,299.721428571,27.1714285714,27.6428571429,27.9,28.0714285714,0.17315,-0.1589,-0.02095000000000001,0.117,0.013825,0.0493,0.1406667,0.1143,0.17535,0.08248333,0.1776167,0.2702,0.1117429,0.1696,0.1569,0.1092667,12.5,0.0,0.0,70.07,16.634761904766663,16.836428571425,299.02619047633334,299.25,27.233333333333334,27.4,80.52285714283333,80.2682142857,0.040449999999999965,0.025099999999999994,0.08164166666666663,0.096397925,0.17263014333333335,0.17387678249999997,0.18397620000000003,0.17720715,34.77000000000003,26.0775,-0.5680647467311559,0.8229838658936564,3.258096538021482
sj,1993,48,1993-12-03,0.3572667,-0.0095,0.12734,0.08941429,6.09,298.627142857,298.721428571,294.965714286,300.5,297.2,25.7,80.4657142857,6.09,16.4014285714,2.01428571429,26.7857142857,8.34285714286,33.3,21.1,5.5,40,16.6614285714,16.58,16.6628571429,17.4414285714,295.255714286,295.188571429,295.298571429,296.007142857,82.1542857143,80.3771428571,79.0371428571,79.5042857143,298.678571429,299.05,299.35,299.921428571,26.8857142857,27.1714285714,27.6428571429,27.9,0.1071,0.17315,-0.1589,-0.02095000000000001,0.1818,0.013825,0.0493,0.1406667,0.2600571,0.17535,0.08248333,0.1776167,0.2705857,0.1117429,0.1696,0.1569,91.81,12.5,0.0,0.0,16.547619047599998,16.576428571424998,298.81666666666666,298.95000000000005,26.9476190476,27.121428571425,80.99904761903333,80.50857142855,0.21250556666666665,0.119654175,0.06204166666666663,0.05885624999999999,0.18758236666666672,0.16130760749999998,0.15724763000000005,0.1603357225,36.80000000000003,27.6,-0.4647231720437684,0.88545602565321,3.713572066704308
sj,1993,49,1993-12-10,0.03353334999999996,-0.038583334999999996,0.1632333,0.08283333,5.29,298.218571429,298.192857143,294.52,300.5,296.6,43.4,80.3028571429,5.29,15.9328571429,2.35714285714,26.5285714286,7.08571428571,30.6,21.1,20.8,31,16.4014285714,16.6614285714,16.58,16.6628571429,294.965714286,295.255714286,295.188571429,295.298571429,80.4657142857,82.1542857143,80.3771428571,79.0371428571,298.721428571,298.678571429,299.05,299.35,26.7857142857,26.8857142857,27.1714285714,27.6428571429,0.3572667,0.1071,0.17315,-0.1589,-0.0095,0.1818,0.013825,0.0493,0.12734,0.2600571,0.17535,0.08248333,0.08941429,0.2705857,0.1117429,0.1696,6.09,91.81,12.5,0.0,16.3319047619,16.393928571425,298.53095238099996,298.66071428575,26.733333333333334,26.842857142849997,80.9742857143,80.825,0.16596668333333328,0.1677625125,0.044572221666666634,0.03688541625,0.18354346666666668,0.1814951,0.1476111066666667,0.138644055,34.3966666666667,28.9225,-0.35460488704253595,0.9350162426854147,3.4657359027997265
sj,1993,50,1993-12-17,-0.2902,-0.06766667,0.1682857,0.08,14.82,298.565714286,298.585714286,294.16,300.8,296.2,28.6,76.8542857143,14.82,15.5714285714,2.45714285714,26.2285714286,7.85714285714,31.1,21.1,7.7,38,15.9328571429,16.4014285714,16.6614285714,16.58,294.52,294.965714286,295.255714286,295.188571429,80.3028571429,80.4657142857,82.1542857143,80.3771428571,298.192857143,298.721428571,298.678571429,299.05,26.5285714286,26.7857142857,26.8857142857,27.1714285714,0.03353334999999996,0.3572667,0.1071,0.17315,-0.038583334999999996,-0.0095,0.1818,0.013825,0.1632333,0.12734,0.2600571,0.17535,0.08283333,0.08941429,0.2705857,0.1117429,5.29,6.09,91.81,12.5,15.968571428566664,16.141785714275002,298.5,298.54464285725,26.514285714299998,26.60714285715,79.20761904763333,79.9442857143,0.03353334999999994,0.05192501249999998,-0.038583335000000024,0.01651249875,0.15295300000000003,0.179729025,0.08408254000000005,0.13070832999999998,8.733333333333366,29.5025,-0.2393156642875578,0.970941817426052,3.6635616461296463
sj,1993,51,1993-12-24,-0.0237,-0.02115,0.1181143,0.07024286,42.62,298.218571429,298.335714286,294.234285714,301.2,296.1,33.6,78.8285714286,42.62,15.65,2.55714285714,26.0428571429,6.82857142857,31.7,21.7,37.6,30,15.5714285714,15.9328571429,16.4014285714,16.6614285714,294.16,294.52,294.965714286,295.255714286,76.8542857143,80.3028571429,80.4657142857,82.1542857143,298.585714286,298.192857143,298.721428571,298.678571429,26.2285714286,26.5285714286,26.7857142857,26.8857142857,-0.2902,0.03353334999999996,0.3572667,0.1071,-0.06766667,-0.038583334999999996,-0.0095,0.1818,0.1682857,0.1632333,0.12734,0.2600571,0.08,0.08283333,0.08941429,0.2705857,14.82,5.29,6.09,91.81,15.718095238099998,15.888928571425,298.3714285716667,298.4589285715,26.2666666667,26.396428571450002,78.66190476193333,79.112857142875,-0.09345555000000004,0.01922501249999998,-0.04246666833333335,-0.03422500125,0.14987776666666672,0.14424332499999998,0.07769206333333338,0.08062262,20.910000000000032,17.205,-0.12053668025532363,0.992708874098054,3.4339872044851463
sj,1994,52,1994-01-01,-0.0723,-0.0009249999999999987,0.106550005,0.12437857999999999,5.25,298.527142857,298.778571429,294.401428571,301.0,296.0,3.4,78.0185714286,5.25,15.78,2.44285714286,26.9714285714,8.2,32.8,21.7,0.3,22,15.65,15.5714285714,15.9328571429,16.4014285714,294.234285714,294.16,294.52,294.965714286,78.8285714286,76.8542857143,80.3028571429,80.4657142857,298.335714286,298.585714286,298.192857143,298.721428571,26.0428571429,26.2285714286,26.5285714286,26.7857142857,-0.0237,-0.2902,0.03353334999999996,0.3572667,-0.02115,-0.06766667,-0.038583334999999996,-0.0095,0.1181143,0.1682857,0.1632333,0.12734,0.07024286,0.08,0.08283333,0.08941429,42.62,14.82,5.29,6.09,15.667142857133333,15.733571428575,298.566666667,298.47321428600003,26.414285714299996,26.442857142875,77.9004761905,78.5010714286,-0.12873333333333337,-0.08816666250000002,-0.029913890000000026,-0.03208125125,0.13098333500000003,0.13904582624999998,0.09154048000000005,0.0893636925,20.8966666666667,16.994999999999997,6.432490598706546e-16,1.0,3.1354942159291497
sj,1994,1,1994-01-08,-0.1209,0.0193,0.09498571,0.1785143,12.6,298.191428571,298.285714286,293.585714286,300.1,296.3,19.5,75.7428571429,12.6,14.9514285714,2.05714285714,25.5,6.74285714286,29.4,21.1,41.0,31,15.78,15.65,15.5714285714,15.9328571429,294.401428571,294.234285714,294.16,294.52,78.0185714286,78.8285714286,76.8542857143,80.3028571429,298.778571429,298.335714286,298.585714286,298.192857143,26.9714285714,26.0428571429,26.2285714286,26.5285714286,-0.0723,-0.0237,-0.2902,0.03353334999999996,-0.0009249999999999987,-0.02115,-0.06766667,-0.038583334999999996,0.106550005,0.1181143,0.1682857,0.1632333,0.12437857999999999,0.07024286,0.08,0.08283333,5.25,42.62,14.82,5.29,15.460476190466665,15.4882142857,298.466666667,298.49642857174996,26.171428571433335,26.185714285725002,77.53000000003334,77.3610714286,-0.07230000000000002,-0.12677500000000003,-0.0009250000000000218,-0.017610417499999996,0.10655000500000004,0.12198392874999997,0.12437858000000006,0.113283935,20.1566666666667,18.822499999999998,0.12053668025532305,0.992708874098054,3.4657359027997265
sj,1994,2,1994-01-15,0.1435,0.0974,0.25425,0.21445,0.0,297.59,297.692857143,293.721428571,299.6,296.0,19.4,79.15,0.0,15.0971428571,2.21428571429,25.4571428571,7.27142857143,29.4,21.1,13.4,26,14.9514285714,15.78,15.65,15.5714285714,293.585714286,294.401428571,294.234285714,294.16,75.7428571429,78.0185714286,78.8285714286,76.8542857143,298.285714286,298.778571429,298.335714286,298.585714286,25.5,26.9714285714,26.0428571429,26.2285714286,-0.1209,-0.0723,-0.0237,-0.2902,0.0193,-0.0009249999999999987,-0.02115,-0.06766667,0.09498571,0.106550005,0.1181143,0.1682857,0.1785143,0.12437857999999999,0.07024286,0.08,12.6,5.25,42.62,14.82,15.276190476166663,15.369642857125,298.25238095266667,298.273214286,25.976190476166664,25.99285714285,77.63714285716667,77.935000000025,-0.01656666666666669,-0.01835000000000002,0.03859166666666664,0.02365625,0.1519285716666667,0.14347500374999997,0.17244762666666671,0.146896435,5.950000000000034,15.1175,0.23931566428755774,0.970941817426052,3.295836866004329
sj,1994,3,1994-01-22,0.0741,0.1664333,0.151,0.1407143,0.0,297.912857143,297.942857143,293.37,299.7,296.2,16.4,75.9842857143,0.0,14.7757142857,2.11428571429,25.0857142857,7.42857142857,30.0,20.0,26.6,35,15.0971428571,14.9514285714,15.78,15.65,293.721428571,293.585714286,294.401428571,294.234285714,79.15,75.7428571429,78.0185714286,78.8285714286,297.692857143,298.285714286,298.778571429,298.335714286,25.4571428571,25.5,26.9714285714,26.0428571429,0.1435,-0.1209,-0.0723,-0.0237,0.0974,0.0193,-0.0009249999999999987,-0.02115,0.25425,0.09498571,0.106550005,0.1181143,0.21445,0.1785143,0.12437857999999999,0.07024286,0.0,12.6,5.25,42.62,14.941428571399996,15.15107142855,297.973809524,298.17500000025,25.347619047600002,25.753571428549996,76.95904761906667,77.22392857145,0.03223333333333331,0.0060999999999999804,0.09437776666666664,0.070552075,0.1667452366666667,0.15169642874999997,0.1778928666666667,0.16451429499999998,4.200000000000033,4.462499999999999,0.3546048870425356,0.9350162426854148,3.58351893845611
sj,1994,4,1994-01-29,0.0912,-0.1162667,0.1635571,0.1985143,0.0,297.571428571,297.707142857,293.531428571,299.2,296.3,19.04,78.3814285714,0.0,14.9385714286,2.32857142857,25.3285714286,7.04285714286,29.4,20.6,9.7,36,14.7757142857,15.0971428571,14.9514285714,15.78,293.37,293.721428571,293.585714286,294.401428571,75.9842857143,79.15,75.7428571429,78.0185714286,297.942857143,297.692857143,298.285714286,298.778571429,25.0857142857,25.4571428571,25.5,26.9714285714,0.0741,0.1435,-0.1209,-0.0723,0.1664333,0.0974,0.0193,-0.0009249999999999987,0.151,0.25425,0.09498571,0.106550005,0.1407143,0.21445,0.1785143,0.12437857999999999,0.0,0.0,12.6,5.25,14.93714285713333,14.9407142857,297.78095238099996,297.90714285725,25.290476190466666,25.34285714285,77.83857142856665,77.31464285714999,0.10293333333333331,0.04697499999999998,0.04918886666666664,0.04171665000000001,0.18960236666666672,0.16594820249999997,0.1845595333333334,0.183048225,0.0,3.149999999999998,0.4647231720437685,0.8854560256532099,3.6109179126442243
sj,1994,5,1994-02-05,0.2588,0.2112,0.2200571,0.2156,0.0,297.588571429,297.714285714,293.23,299.8,295.8,21.8,76.8257142857,0.0,14.6342857143,2.2,25.7857142857,7.1,30.0,20.6,3.6,39,14.9385714286,14.7757142857,15.0971428571,14.9514285714,293.531428571,293.37,293.721428571,293.585714286,78.3814285714,75.9842857143,79.15,75.7428571429,297.707142857,297.942857143,297.692857143,298.285714286,25.3285714286,25.0857142857,25.4571428571,25.5,0.0912,0.0741,0.1435,-0.1209,-0.1162667,0.1664333,0.0974,0.0193,0.1635571,0.151,0.25425,0.09498571,0.1985143,0.1407143,0.21445,0.1785143,0.0,0.0,0.0,12.6,14.782857142866666,14.861428571425,297.78809523800004,297.76428571425004,25.400000000000002,25.414285714275,77.0638095238,77.58535714285,0.14136666666666664,0.14189999999999997,0.08712219999999997,0.08969165000000001,0.1782047333333334,0.19721604999999998,0.18494286666666673,0.19231965,0.0,0.0,0.5680647467311558,0.8229838658936564,3.6888794541139363
sj,1994,6,1994-02-12,0.0882,0.117,0.0768,0.069175,0.0,297.515714286,297.571428571,292.852857143,299.2,295.9,11.5,75.31,0.0,14.2885714286,1.74285714286,25.2571428571,7.52857142857,29.4,21.1,9.1,25,14.6342857143,14.9385714286,14.7757142857,15.0971428571,293.23,293.531428571,293.37,293.721428571,76.8257142857,78.3814285714,75.9842857143,79.15,297.714285714,297.707142857,297.942857143,297.692857143,25.7857142857,25.3285714286,25.0857142857,25.4571428571,0.2588,0.0912,0.0741,0.1435,0.2112,-0.1162667,0.1664333,0.0974,0.2200571,0.1635571,0.151,0.25425,0.2156,0.1985143,0.1407143,0.21445,0.0,0.0,0.0,0.0,14.620476190499998,14.659285714300001,297.664285714,297.73392857125003,25.457142857133334,25.364285714275,76.83904761903334,76.62535714285,0.14606666666666665,0.128075,0.07064443333333331,0.09459165000000001,0.15347140000000004,0.15285354999999998,0.1610964333333334,0.1560009,0.0,0.0,0.6631226582407952,0.7485107481711011,3.258096538021482
sj,1994,7,1994-02-19,0.3633,0.24185,0.2473857,0.2834143,0.0,297.774285714,297.942857143,292.577142857,299.4,295.5,7.2,72.8857142857,0.0,14.02,2.28571428571,25.7,7.15714285714,30.6,21.1,9.7,31,14.2885714286,14.6342857143,14.9385714286,14.7757142857,292.852857143,293.23,293.531428571,293.37,75.31,76.8257142857,78.3814285714,75.9842857143,297.571428571,297.714285714,297.707142857,297.942857143,25.2571428571,25.7857142857,25.3285714286,25.0857142857,0.0882,0.2588,0.0912,0.0741,0.117,0.2112,-0.1162667,0.1664333,0.0768,0.2200571,0.1635571,0.151,0.069175,0.2156,0.1985143,0.1407143,0.0,0.0,0.0,0.0,14.314285714299999,14.470357142874999,297.74285714266665,297.73392857125,25.580952380933336,25.51785714285,75.00714285713333,75.8507142857,0.23676666666666665,0.20037499999999997,0.19001666666666664,0.11344582500000001,0.1814142666666667,0.17694997499999998,0.18939643333333342,0.1916759,0.0,0.0,0.7485107481711011,0.6631226582407953,3.4657359027997265
sj,1994,8,1994-02-26,0.2797,0.09243333,0.1377571,0.07407143,0.0,297.455714286,297.564285714,292.672857143,299.3,296.1,11.5,74.7885714286,0.0,14.1571428571,2.35714285714,25.7428571429,8.57142857143,30.6,20.6,7.9,37,14.02,14.2885714286,14.6342857143,14.9385714286,292.577142857,292.852857143,293.23,293.531428571,72.8857142857,75.31,76.8257142857,78.3814285714,297.942857143,297.571428571,297.714285714,297.707142857,25.7,25.2571428571,25.7857142857,25.3285714286,0.3633,0.0882,0.2588,0.0912,0.24185,0.117,0.2112,-0.1162667,0.2473857,0.0768,0.2200571,0.1635571,0.2834143,0.069175,0.2156,0.1985143,0.0,0.0,0.0,0.0,14.155238095233331,14.274999999999999,297.6928571426667,297.6982142855,25.566666666666666,25.621428571425,74.32809523809999,74.9525,0.24373333333333333,0.2475,0.15042777666666665,0.1656208325,0.15398093333333338,0.17049997499999997,0.14222024333333338,0.16056518250000001,0.0,0.0,0.8229838658936564,0.5680647467311559,3.6375861597263857
sj,1994,9,1994-03-05,0.1961,0.1446,0.17415,0.1530833,0.0,297.235714286,297.335714286,293.128571429,300.1,295.4,16.7,77.9157142857,0.0,14.5585714286,2.5,25.3142857143,8.54285714286,30.6,20.6,16.2,33,14.1571428571,14.02,14.2885714286,14.6342857143,292.672857143,292.577142857,292.852857143,293.23,74.7885714286,72.8857142857,75.31,76.8257142857,297.564285714,297.942857143,297.571428571,297.714285714,25.7428571429,25.7,25.2571428571,25.7857142857,0.2797,0.3633,0.0882,0.2588,0.09243333,0.24185,0.117,0.2112,0.1377571,0.2473857,0.0768,0.2200571,0.07407143,0.2834143,0.069175,0.2156,0.0,0.0,0.0,0.0,14.245238095233331,14.256071428575,297.61428571433333,297.6035714285,25.58571428573333,25.503571428575,75.19666666666666,75.225,0.2797,0.231825,0.15962777666666664,0.1489708325,0.18643093333333338,0.15902319999999998,0.17018967666666673,0.1449360075,0.0,0.0,0.8854560256532099,0.4647231720437686,3.5263605246161616
sj,1994,10,1994-03-12,0.1125,0.1038,0.08821429,0.1224143,7.15,297.268571429,297.407142857,293.887142857,299.5,295.5,18.7,81.5185714286,7.15,15.2585714286,2.44285714286,25.8857142857,7.05714285714,31.1,21.7,15.8,25,14.5585714286,14.1571428571,14.02,14.2885714286,293.128571429,292.672857143,292.577142857,292.852857143,77.9157142857,74.7885714286,72.8857142857,75.31,297.335714286,297.564285714,297.942857143,297.571428571,25.3142857143,25.7428571429,25.7,25.2571428571,0.1961,0.2797,0.3633,0.0882,0.1446,0.09243333,0.24185,0.117,0.17415,0.1377571,0.2473857,0.0768,0.1530833,0.07407143,0.2834143,0.069175,0.0,0.0,0.0,0.0,14.658095238099998,14.498571428575,297.4357142856666,297.5625,25.64761904763333,25.660714285725,78.0742857143,76.77714285715,0.19609999999999997,0.23789999999999997,0.11361110999999997,0.1456708325,0.1333737966666667,0.16187677249999996,0.11652301000000005,0.15824583250000002,2.3833333333333666,1.7874999999999983,0.9350162426854148,0.35460488704253557,3.258096538021482
sj,1994,11,1994-03-19,0.1468,-0.04815,0.1946833,0.14055,0.0,297.501428571,297.671428571,292.864285714,299.8,295.6,6.69,75.4357142857,0.0,14.3342857143,2.57142857143,25.8428571429,7.95714285714,31.1,21.1,16.8,24,15.2585714286,14.5585714286,14.1571428571,14.02,293.887142857,293.128571429,292.672857143,292.577142857,81.5185714286,77.9157142857,74.7885714286,72.8857142857,297.407142857,297.335714286,297.564285714,297.942857143,25.8857142857,25.3142857143,25.7428571429,25.7,0.1125,0.1961,0.2797,0.3633,0.1038,0.1446,0.09243333,0.24185,0.08821429,0.17415,0.1377571,0.2473857,0.1224143,0.1530833,0.07407143,0.2834143,7.15,0.0,0.0,0.0,14.717142857166664,14.577142857150001,297.4714285713333,297.494642857,25.68095238096667,25.69642857145,78.29,77.41464285715,0.1518,0.183775,0.06674999999999999,0.0731708325,0.15234919666666671,0.14870117249999998,0.13868253333333339,0.1225297575,2.3833333333333666,1.7874999999999983,0.970941817426052,0.23931566428755804,3.2188758248682006
sj,1994,12,1994-03-26,0.0412,0.1005833,0.1528167,0.1368429,0.0,298.014285714,298.214285714,293.175714286,300.5,295.5,2.9,74.6471428571,0.0,14.6171428571,3.65714285714,26.7285714286,9.91428571429,32.8,20.6,0.0,18,14.3342857143,15.2585714286,14.5585714286,14.1571428571,292.864285714,293.887142857,293.128571429,292.672857143,75.4357142857,81.5185714286,77.9157142857,74.7885714286,297.671428571,297.407142857,297.335714286,297.564285714,25.8428571429,25.8857142857,25.3142857143,25.7428571429,0.1468,0.1125,0.1961,0.2797,-0.04815,0.1038,0.1446,0.09243333,0.1946833,0.08821429,0.17415,0.1377571,0.14055,0.1224143,0.1530833,0.07407143,0.0,7.15,0.0,0.0,14.736666666666665,14.69214285715,297.764285714,297.657142857,26.152380952399998,25.942857142875003,77.20047619046666,77.379285714275,0.10016666666666667,0.12415,0.05207776666666666,0.07520832500000002,0.1452380966666667,0.1524660725,0.1332690666666667,0.138222625,2.3833333333333666,1.7874999999999983,0.992708874098054,0.120536680255323,2.9444389791664403
sj,1994,13,1994-04-02,0.0978,0.15975,0.1270429,0.1195286,46.62,298.281428571,298.464285714,293.532857143,300.1,296.8,6.66,75.0828571429,46.62,14.9457142857,2.47142857143,26.7,8.34285714286,33.3,21.1,1.0,23,14.6171428571,14.3342857143,15.2585714286,14.5585714286,293.175714286,292.864285714,293.887142857,293.128571429,74.6471428571,75.4357142857,81.5185714286,77.9157142857,298.214285714,297.671428571,297.407142857,297.335714286,26.7285714286,25.8428571429,25.8857142857,25.3142857143,0.0412,0.1468,0.1125,0.1961,0.1005833,-0.04815,0.1038,0.1446,0.1528167,0.1946833,0.08821429,0.17415,0.1368429,0.14055,0.1224143,0.1530833,0.0,0.0,7.15,0.0,14.632380952366665,14.788928571425,298.1166666663333,297.939285714,26.42380952383333,26.2892857143,75.05523809523334,76.671071428575,0.09526666666666667,0.099575,0.07072776666666665,0.07899582500000002,0.1581809666666667,0.14068929749999998,0.13230716666666673,0.12983395,15.540000000000033,13.442499999999997,1.0,-1.6081226496766364e-16,3.1780538303479458
sj,1994,14,1994-04-09,0.108,0.05093333,0.1369286,0.1190286,0.0,298.12,298.314285714,293.151428571,300.0,296.8,4.4,73.9514285714,0.0,14.5471428571,2.4,26.4285714286,7.77142857143,31.1,21.7,2.3,13,14.9457142857,14.6171428571,14.3342857143,15.2585714286,293.532857143,293.175714286,292.864285714,293.887142857,75.0828571429,74.6471428571,75.4357142857,81.5185714286,298.464285714,298.214285714,297.671428571,297.407142857,26.7,26.7285714286,25.8428571429,25.8857142857,0.0978,0.0412,0.1468,0.1125,0.15975,0.1005833,-0.04815,0.1038,0.1270429,0.1528167,0.1946833,0.08821429,0.1195286,0.1368429,0.14055,0.1224143,46.62,0.0,0.0,7.15,14.703333333299996,14.61107142855,298.3309523806667,298.16607142825,26.619047619066663,26.425000000025,74.56047619046667,74.779285714275,0.08233333333333331,0.09845,0.10375554333333332,0.06577915750000002,0.13892940000000006,0.15286787499999996,0.12513336666666672,0.128987525,15.540000000000033,11.654999999999998,0.992708874098054,-0.12053668025532288,2.639057329615259
sj,1994,15,1994-04-16,0.16435,0.13325,0.1874286,0.1552429,0.0,297.537142857,297.621428571,293.734285714,299.6,296.0,37.0,79.5171428571,0.0,15.1471428571,2.1,25.9714285714,6.71428571429,30.0,21.1,16.7,18,14.5471428571,14.9457142857,14.6171428571,14.3342857143,293.151428571,293.532857143,293.175714286,292.864285714,73.9514285714,75.0828571429,74.6471428571,75.4357142857,298.314285714,298.464285714,298.214285714,297.671428571,26.4285714286,26.7,26.7285714286,25.8428571429,0.108,0.0978,0.0412,0.1468,0.05093333,0.15975,0.1005833,-0.04815,0.1369286,0.1270429,0.1528167,0.1946833,0.1190286,0.1195286,0.1368429,0.14055,0.0,46.62,0.0,0.0,14.879999999966664,14.81428571425,298.13333333300005,298.15357142825,26.36666666666667,26.45714285715,76.1838095238,75.79964285712501,0.1233833333333333,0.10283749999999998,0.1146444433333333,0.11112915750000002,0.15046670000000004,0.15105419999999997,0.13126670000000004,0.13266075,15.540000000000033,11.654999999999998,0.9709418174260521,-0.2393156642875575,2.9444389791664403
sj,1994,16,1994-04-23,0.122425,0.079175,0.1528286,0.1754571,0.0,297.541428571,297.735714286,292.852857143,299.6,296.3,16.6,75.2471428571,0.0,14.2942857143,2.12857142857,25.9714285714,6.4,30.0,22.2,28.7,14,15.1471428571,14.5471428571,14.9457142857,14.6171428571,293.734285714,293.151428571,293.532857143,293.175714286,79.5171428571,73.9514285714,75.0828571429,74.6471428571,297.621428571,298.314285714,298.464285714,298.214285714,25.9714285714,26.4285714286,26.7,26.7285714286,0.16435,0.108,0.0978,0.0412,0.13325,0.05093333,0.15975,0.1005833,0.1874286,0.1369286,0.1270429,0.1528167,0.1552429,0.1190286,0.1195286,0.1368429,0.0,0.0,46.62,0.0,14.662857142833332,14.73357142855,297.89047619033335,298.03392857125004,26.123809523800002,26.267857142849998,76.23857142853335,75.949642857125,0.13159166666666663,0.12314374999999998,0.08778610999999999,0.10577708250000001,0.15906193333333338,0.151057175,0.14990953333333337,0.1423143,0.0,11.654999999999998,0.9350162426854148,-0.35460488704253545,2.70805020110221
sj,1994,17,1994-04-30,0.0805,0.0251,0.09804286,0.09371667,0.0,298.324285714,298.492857143,293.455714286,300.9,296.8,4.9,74.5157142857,0.0,14.8814285714,2.61428571429,26.6714285714,7.78571428571,31.7,22.2,13.2,17,14.2942857143,15.1471428571,14.5471428571,14.9457142857,292.852857143,293.734285714,293.151428571,293.532857143,75.2471428571,79.5171428571,73.9514285714,75.0828571429,297.735714286,297.621428571,298.314285714,298.464285714,25.9714285714,25.9714285714,26.4285714286,26.7,0.122425,0.16435,0.108,0.0978,0.079175,0.13325,0.05093333,0.15975,0.1528286,0.1874286,0.1369286,0.1270429,0.1754571,0.1552429,0.1190286,0.1195286,0.0,0.0,0.0,46.62,14.774285714266666,14.717499999975,297.95000000000005,298.0410714285,26.204761904733335,26.260714285700004,76.42666666663332,75.807857142825,0.12242499999999999,0.11881874999999999,0.07917499999999998,0.07211458250000001,0.14610002000000005,0.143807165,0.1414722233333334,0.1358613175,0.0,0.0,0.8854560256532099,-0.4647231720437685,2.8903717578961645
sj,1994,18,1994-05-07,0.0652,0.08175,0.1644143,0.1321429,68.0,298.927142857,299.092857143,295.235714286,301.1,297.0,14.1,80.3528571429,68.0,16.6214285714,2.67142857143,27.7571428571,7.7,33.3,22.8,10.5,22,14.8814285714,14.2942857143,15.1471428571,14.5471428571,293.455714286,292.852857143,293.734285714,293.151428571,74.5157142857,75.2471428571,79.5171428571,73.9514285714,298.492857143,297.735714286,297.621428571,298.314285714,26.6714285714,25.9714285714,25.9714285714,26.4285714286,0.0805,0.122425,0.16435,0.108,0.0251,0.079175,0.13325,0.05093333,0.09804286,0.1528286,0.1874286,0.1369286,0.09371667,0.1754571,0.1552429,0.1190286,0.0,0.0,0.0,0.0,15.2657142857,15.23607142855,298.4404761906667,298.23571428574996,26.79999999996667,26.592857142825,76.70523809523333,77.4082142857,0.08937499999999998,0.10811874999999999,0.06200833333333331,0.07981875000000002,0.13842858666666671,0.15067858999999997,0.13377222333333338,0.1391398925,22.6666666666667,17.0,0.8229838658936565,-0.5680647467311557,3.1354942159291497
sj,1994,19,1994-05-14,0.1111,0.0974,0.1165143,0.1063143,10.46,298.557142857,298.7,294.924285714,300.5,297.2,21.1,80.4628571429,10.46,16.28,1.94285714286,27.4142857143,6.45714285714,31.7,23.9,3.3,13,16.6214285714,14.8814285714,14.2942857143,15.1471428571,295.235714286,293.455714286,292.852857143,293.734285714,80.3528571429,74.5157142857,75.2471428571,79.5171428571,299.092857143,298.492857143,297.735714286,297.621428571,27.7571428571,26.6714285714,25.9714285714,25.9714285714,0.0652,0.0805,0.122425,0.16435,0.08175,0.0251,0.079175,0.13325,0.1644143,0.09804286,0.1528286,0.1874286,0.1321429,0.09371667,0.1754571,0.1552429,68.0,0.0,0.0,0.0,15.927619047599999,15.519285714275,298.76190476200003,298.50535714299997,27.280952380933332,26.95357142855,78.44380952383334,77.64464285715,0.08559999999999997,0.09480624999999998,0.06808333333333332,0.07085625000000001,0.12632382000000006,0.13295001499999998,0.1107246233333334,0.1269077425,26.153333333333364,19.615000000000002,0.7485107481711013,-0.663122658240795,2.639057329615259
sj,1994,20,1994-05-21,0.0742,0.0177,0.1722429,0.1608286,16.5,298.474285714,298.55,295.384285714,300.6,297.3,28.9,83.1357142857,16.5,16.7671428571,1.81428571429,27.7142857143,8.1,33.3,22.8,29.3,24,16.28,16.6214285714,14.8814285714,14.2942857143,294.924285714,295.235714286,293.455714286,292.852857143,80.4628571429,80.3528571429,74.5157142857,75.2471428571,298.7,299.092857143,298.492857143,297.735714286,27.4142857143,27.7571428571,26.6714285714,25.9714285714,0.1111,0.0652,0.0805,0.122425,0.0974,0.08175,0.0251,0.079175,0.1165143,0.1644143,0.09804286,0.1528286,0.1063143,0.1321429,0.09371667,0.1754571,10.46,68.0,0.0,0.0,16.556190476166666,16.137499999975,298.78095238099996,298.7089285715,27.62857142856667,27.389285714275,81.31714285716667,79.6167857143,0.08349999999999998,0.08274999999999999,0.06561666666666664,0.055487500000000016,0.15105716666666671,0.13780358999999998,0.1330952666666667,0.12325061749999999,31.653333333333364,23.740000000000002,0.6631226582407952,-0.7485107481711012,3.2188758248682006
sj,1994,21,1994-05-28,0.1178,0.10975,0.2084714,0.2084857,17.52,299.941428571,300.228571429,296.064285714,302.3,297.7,7.9,79.5028571429,17.52,17.4871428571,2.88571428571,29.1,7.07142857143,33.9,24.4,6.9,31,16.7671428571,16.28,16.6214285714,14.8814285714,295.384285714,294.924285714,295.235714286,293.455714286,83.1357142857,80.4628571429,80.3528571429,74.5157142857,298.55,298.7,299.092857143,298.492857143,27.7142857143,27.4142857143,27.7571428571,26.6714285714,0.0742,0.1111,0.0652,0.0805,0.0177,0.0974,0.08175,0.0251,0.1722429,0.1165143,0.1644143,0.09804286,0.1608286,0.1063143,0.1321429,0.09371667,16.5,10.46,68.0,0.0,16.844761904733332,16.7889285714,299.15952380966667,299.142857143,28.0761904762,27.996428571425003,81.03380952383333,80.86357142860001,0.10103333333333331,0.09207499999999999,0.07494999999999997,0.07665000000000001,0.1657428666666667,0.16541072499999998,0.15854286666666673,0.151942875,14.826666666666702,28.12,0.5680647467311558,-0.8229838658936564,3.4657359027997265
sj,1994,22,1994-06-04,0.1097,0.1407,0.2008429,0.1616143,6.59,299.597142857,299.778571429,295.342857143,301.7,297.8,16.7,77.6642857143,6.59,16.7128571429,2.35714285714,28.5714285714,7.31428571429,33.3,23.3,1.6,34,17.4871428571,16.7671428571,16.28,16.6214285714,296.064285714,295.384285714,294.924285714,295.235714286,79.5028571429,83.1357142857,80.4628571429,80.3528571429,300.228571429,298.55,298.7,299.092857143,29.1,27.7142857143,27.4142857143,27.7571428571,0.1178,0.0742,0.1111,0.0652,0.10975,0.0177,0.0974,0.08175,0.2084714,0.1722429,0.1165143,0.1644143,0.2084857,0.1608286,0.1063143,0.1321429,17.52,16.5,10.46,68.0,16.989047619033332,16.811785714275,299.5190476193334,299.3142857145,28.4619047619,28.2,80.10095238096666,80.19142857145,0.10056666666666665,0.10319999999999999,0.08938333333333331,0.09138750000000001,0.19385240000000004,0.17451787499999996,0.17697620000000006,0.159310725,13.536666666666699,12.7675,0.46472317204376906,-0.8854560256532096,3.5553480614894135
sj,1994,23,1994-06-11,0.08005,0.06905,0.06161429,0.05854286,42.53,299.327142857,299.535714286,295.642857143,301.3,298.0,21.5,80.3828571429,42.53,17.0157142857,2.47142857143,28.2285714286,7.62857142857,32.8,23.3,67.3,31,16.7128571429,17.4871428571,16.7671428571,16.28,295.342857143,296.064285714,295.384285714,294.924285714,77.6642857143,79.5028571429,83.1357142857,80.4628571429,299.778571429,300.228571429,298.55,298.7,28.5714285714,29.1,27.7142857143,27.4142857143,0.1097,0.1178,0.0742,0.1111,0.1407,0.10975,0.0177,0.0974,0.2008429,0.2084714,0.1722429,0.1165143,0.1616143,0.2084857,0.1608286,0.1063143,6.59,17.52,16.5,10.46,17.071904761899997,16.9957142857,299.847619048,299.523214286,28.63333333333333,28.403571428575002,79.18333333336666,80.17142857145,0.10251666666666666,0.0954375,0.10649999999999998,0.08430000000000001,0.1569761966666667,0.1607928725,0.1428809533333334,0.147367865,22.213333333333367,20.785,0.35460488704253584,-0.9350162426854147,3.4657359027997265
sj,1994,24,1994-06-18,-0.0286,0.0556,0.1592833,0.2158429,13.82,299.605714286,299.8,295.491428571,301.6,298.3,3.7,78.2928571429,13.82,16.8314285714,2.4,28.3285714286,6.77142857143,32.8,24.4,5.4,31,17.0157142857,16.7128571429,17.4871428571,16.7671428571,295.642857143,295.342857143,296.064285714,295.384285714,80.3828571429,77.6642857143,79.5028571429,83.1357142857,299.535714286,299.778571429,300.228571429,298.55,28.2285714286,28.5714285714,29.1,27.7142857143,0.08005,0.1097,0.1178,0.0742,0.06905,0.1407,0.10975,0.0177,0.06161429,0.2008429,0.2084714,0.1722429,0.05854286,0.1616143,0.2084857,0.1608286,42.53,6.59,17.52,16.5,16.85333333333333,17.011785714275,299.704761905,299.835714286,28.376190476199998,28.55714285715,78.78000000003334,78.96071428575,0.053716666666666656,0.06973749999999998,0.08844999999999997,0.09377500000000001,0.14058016333333337,0.15755297249999997,0.1453333533333334,0.16112144,20.980000000000036,20.115000000000002,0.23931566428755768,-0.970941817426052,3.4657359027997265
sj,1994,25,1994-06-25,-0.0323,0.04215,0.1387429,0.1391143,38.34,299.5,299.635714286,295.462857143,302.2,298.0,26.51,78.7042857143,38.34,16.8371428571,2.04285714286,28.0714285714,6.6,32.8,23.9,23.4,38,16.8314285714,17.0157142857,16.7128571429,17.4871428571,295.491428571,295.642857143,295.342857143,296.064285714,78.2928571429,80.3828571429,77.6642857143,79.5028571429,299.8,299.535714286,299.778571429,300.228571429,28.3285714286,28.2285714286,28.5714285714,29.1,-0.0286,0.08005,0.1097,0.1178,0.0556,0.06905,0.1407,0.10975,0.1592833,0.06161429,0.2008429,0.2084714,0.2158429,0.05854286,0.1616143,0.2084857,13.82,42.53,6.59,17.52,16.894761904733333,16.849285714275,299.6571428573333,299.68750000025,28.209523809533334,28.299999999999997,79.12666666669999,78.7610714286,0.006383333333333313,0.032212499999999984,0.05559999999999998,0.07687500000000001,0.11988016333333336,0.14012084749999998,0.13783335333333338,0.14377858999999998,31.56333333333337,25.32,0.12053668025532308,-0.992708874098054,3.6635616461296463
sj,1994,26,1994-07-02,0.1252667,0.11765,0.1234167,0.1551857,12.67,299.861428571,300.007142857,295.852857143,302.3,298.0,22.9,79.0271428571,12.67,17.2285714286,2.64285714286,28.4,6.75714285714,32.8,23.9,10.2,49,16.8371428571,16.8314285714,17.0157142857,16.7128571429,295.462857143,295.491428571,295.642857143,295.342857143,78.7042857143,78.2928571429,80.3828571429,77.6642857143,299.635714286,299.8,299.535714286,299.778571429,28.0714285714,28.3285714286,28.2285714286,28.5714285714,-0.0323,-0.0286,0.08005,0.1097,0.04215,0.0556,0.06905,0.1407,0.1387429,0.1592833,0.06161429,0.2008429,0.1391143,0.2158429,0.05854286,0.1616143,38.34,13.82,42.53,6.59,16.9657142857,16.9782142857,299.8142857143334,299.74464285724997,28.266666666666666,28.25714285715,78.67476190476667,79.10178571430001,0.021455566666666648,0.03610417499999999,0.07179999999999999,0.07111250000000002,0.1404809666666667,0.12076429749999996,0.1700476333333334,0.14217144,21.61000000000003,26.84,-3.216245299353273e-16,-1.0,3.912023005428146
sj,1994,27,1994-07-09,0.12325,0.2155667,0.217,0.1133429,15.39,299.125714286,299.178571429,295.154285714,301.5,297.9,54.83,78.8057142857,15.39,16.4785714286,1.64285714286,27.9285714286,6.82857142857,32.2,23.9,19.5,42,17.2285714286,16.8371428571,16.8314285714,17.0157142857,295.852857143,295.462857143,295.491428571,295.642857143,79.0271428571,78.7042857143,78.2928571429,80.3828571429,300.007142857,299.635714286,299.8,299.535714286,28.4,28.0714285714,28.3285714286,28.2285714286,0.1252667,-0.0323,-0.0286,0.08005,0.11765,0.04215,0.0556,0.06905,0.1234167,0.1387429,0.1592833,0.06161429,0.1551857,0.1391143,0.2158429,0.05854286,12.67,38.34,13.82,42.53,16.848095238099997,16.843928571425,299.6071428573334,299.655357143,28.133333333333336,28.182142857149998,78.8457142857,78.70750000000001,0.0720722333333333,0.04690417499999999,0.1251222333333333,0.10774167500000001,0.1597198666666667,0.15961072499999998,0.1358809666666667,0.15587145000000002,22.13333333333337,20.055,-0.12053668025532283,-0.992708874098054,3.7612001156935624
sj,1994,28,1994-07-16,0.1396,0.22405,0.1846714,0.1805857,9.77,299.481428571,299.65,295.168571429,301.5,297.9,18.52,77.3028571429,9.77,16.5028571429,2.12857142857,28.1714285714,6.01428571429,32.2,23.9,28.7,49,16.4785714286,17.2285714286,16.8371428571,16.8314285714,295.154285714,295.852857143,295.462857143,295.491428571,78.8057142857,79.0271428571,78.7042857143,78.2928571429,299.178571429,300.007142857,299.635714286,299.8,27.9285714286,28.4,28.0714285714,28.3285714286,0.12325,0.1252667,-0.0323,-0.0286,0.2155667,0.11765,0.04215,0.0556,0.217,0.1234167,0.1387429,0.1592833,0.1133429,0.1551857,0.1391143,0.2158429,15.39,12.67,38.34,13.82,16.736666666699996,16.7617857143,299.611904762,299.61785714300004,28.166666666666668,28.142857142849998,78.37857142856666,78.46000000000001,0.1293722333333333,0.088954175,0.18575556666666668,0.14985417500000003,0.1750293666666667,0.16595775,0.14970476666666674,0.14705715,12.610000000000033,19.042500000000004,-0.23931566428755743,-0.9709418174260521,3.912023005428146
sj,1994,29,1994-07-23,0.0424,0.1201667,0.1943429,0.1907429,43.28,299.932857143,300.1,295.562857143,301.7,297.8,9.9,77.1028571429,43.28,16.8828571429,2.34285714286,28.2571428571,6.52857142857,32.8,23.9,9.8,55,16.5028571429,16.4785714286,17.2285714286,16.8371428571,295.168571429,295.154285714,295.852857143,295.462857143,77.3028571429,78.8057142857,79.0271428571,78.7042857143,299.65,299.178571429,300.007142857,299.635714286,28.1714285714,27.9285714286,28.4,28.0714285714,0.1396,0.12325,0.1252667,-0.0323,0.22405,0.2155667,0.11765,0.04215,0.1846714,0.217,0.1234167,0.1387429,0.1805857,0.1133429,0.1551857,0.1391143,9.77,15.39,12.67,38.34,16.621428571466662,16.77321428575,299.642857143,299.7339285715,28.119047619033335,28.189285714275,77.73714285716666,78.05964285715001,0.10174999999999997,0.107629175,0.18659446666666665,0.16935835000000002,0.1986714333333334,0.17985774999999998,0.16155716666666672,0.1599643,22.813333333333365,20.2775,-0.3546048870425356,-0.9350162426854148,4.02535169073515
sj,1994,30,1994-07-30,0.183,0.2658,0.1967286,0.1939,2.79,299.977142857,300.128571429,295.237142857,301.5,298.5,3.3,75.4357142857,2.79,16.58,2.45714285714,28.5142857143,7.22857142857,33.3,24.4,1.0,80,16.8828571429,16.5028571429,16.4785714286,17.2285714286,295.562857143,295.168571429,295.154285714,295.852857143,77.1028571429,77.3028571429,78.8057142857,79.0271428571,300.1,299.65,299.178571429,300.007142857,28.2571428571,28.1714285714,27.9285714286,28.4,0.0424,0.1396,0.12325,0.1252667,0.1201667,0.22405,0.2155667,0.11765,0.1943429,0.1846714,0.217,0.1234167,0.1907429,0.1805857,0.1133429,0.1551857,43.28,9.77,15.39,12.67,16.655238095266665,16.6110714286,299.9595238096667,299.76428571450003,28.314285714266664,28.21785714285,76.61380952383334,77.16178571430001,0.12166666666666663,0.12206249999999999,0.20333889999999996,0.20639585,0.19191430000000007,0.19818572499999998,0.1884095333333334,0.169642875,18.613333333333365,17.8075,-0.46472317204376806,-0.8854560256532101,4.394449154672439
sj,1994,31,1994-08-06,0.113825,0.1311,0.1752143,0.1122143,26.96,299.575714286,299.635714286,295.362857143,301.7,297.4,22.9,77.7957142857,26.96,16.7085714286,2.21428571429,28.2571428571,6.98571428571,33.3,23.9,48.5,84,16.58,16.8828571429,16.5028571429,16.4785714286,295.237142857,295.562857143,295.168571429,295.154285714,75.4357142857,77.1028571429,77.3028571429,78.8057142857,300.128571429,300.1,299.65,299.178571429,28.5142857143,28.2571428571,28.1714285714,27.9285714286,0.183,0.0424,0.1396,0.12325,0.2658,0.1201667,0.22405,0.2155667,0.1967286,0.1943429,0.1846714,0.217,0.1939,0.1907429,0.1805857,0.1133429,2.79,43.28,9.77,15.39,16.723809523833328,16.6685714286,299.954761905,299.87857142875,28.342857142833335,28.299999999975,76.7780952381,76.90928571430001,0.11307499999999997,0.11970625,0.17235556666666665,0.18527917500000002,0.18876193333333335,0.18773929999999997,0.16561906666666673,0.169360725,24.343333333333366,20.7,-0.5680647467311556,-0.8229838658936565,4.442651256490317
sj,1994,32,1994-08-13,0.04465,-0.0402,0.05686667,0.02865,30.03,299.518571429,299.678571429,295.465714286,301.5,297.9,12.5,78.5842857143,30.03,16.8314285714,2.35714285714,28.3857142857,7.78571428571,33.3,23.9,3.6,72,16.7085714286,16.58,16.8828571429,16.5028571429,295.362857143,295.237142857,295.562857143,295.168571429,77.7957142857,75.4357142857,77.1028571429,77.3028571429,299.635714286,300.128571429,300.1,299.65,28.2571428571,28.5142857143,28.2571428571,28.1714285714,0.113825,0.183,0.0424,0.1396,0.1311,0.2658,0.1201667,0.22405,0.1752143,0.1967286,0.1943429,0.1846714,0.1122143,0.1939,0.1907429,0.1805857,26.96,2.79,43.28,9.77,16.706666666666663,16.750714285725,299.81428571466665,299.885714286,28.385714285700004,28.35357142855,77.27190476189999,77.22964285715,0.11382499999999997,0.09596874999999999,0.11889999999999996,0.11921667500000001,0.14293652333333337,0.15578811749999996,0.11158810000000007,0.13137680000000002,19.9266666666667,25.765,-0.663122658240795,-0.7485107481711013,4.290459441148391
sj,1994,33,1994-08-20,0.06666667,-0.0157,0.1766167,0.22135,17.77,300.01,300.128571429,295.487142857,302.2,298.3,16.6,76.4371428571,17.77,16.8642857143,2.51428571429,28.5142857143,6.77142857143,33.3,24.4,20.4,89,16.8314285714,16.7085714286,16.58,16.8828571429,295.465714286,295.362857143,295.237142857,295.562857143,78.5842857143,77.7957142857,75.4357142857,77.1028571429,299.678571429,299.635714286,300.128571429,300.1,28.3857142857,28.2571428571,28.5142857143,28.2571428571,0.04465,0.113825,0.183,0.0424,-0.0402,0.1311,0.2658,0.1201667,0.05686667,0.1752143,0.1967286,0.1943429,0.02865,0.1122143,0.1939,0.1907429,30.03,26.96,2.79,43.28,16.80142857143333,16.746071428575,299.81428571466665,299.89285714325,28.385714285700004,28.41785714285,77.6057142857,77.0632142857,0.0750472233333333,0.10203541749999998,0.025066666666666643,0.08525,0.1362325566666667,0.15135656749999998,0.12073810000000006,0.139028575,24.920000000000034,19.3875,-0.7485107481711011,-0.6631226582407952,4.499809670330265
sj,1994,34,1994-08-27,0.1564,0.130825,0.1920571,0.1767286,3.24,300.364285714,300.535714286,295.931428571,302.7,298.5,11.56,76.92,3.24,17.3385714286,2.64285714286,28.5714285714,6.7,32.8,24.4,4.3,115,16.8642857143,16.8314285714,16.7085714286,16.58,295.487142857,295.465714286,295.362857143,295.237142857,76.4371428571,78.5842857143,77.7957142857,75.4357142857,300.128571429,299.678571429,299.635714286,300.128571429,28.5142857143,28.3857142857,28.2571428571,28.5142857143,0.06666667,0.04465,0.113825,0.183,-0.0157,-0.0402,0.1311,0.2658,0.1766167,0.05686667,0.1752143,0.1967286,0.22135,0.02865,0.1122143,0.1939,17.77,30.03,26.96,2.79,17.01142857143333,16.935714285725,300.11428571466666,299.99464285749997,28.490476190466666,28.432142857125,77.3138095238,77.434285714275,0.08923888999999997,0.09538541749999999,0.02497499999999998,0.05150625000000001,0.14184682333333337,0.15018869249999997,0.14224286666666672,0.134735725,17.013333333333367,19.5,-0.8229838658936564,-0.5680647467311559,4.7535901911063645
sj,1994,35,1994-09-03,0.02185,0.14525,0.2137857,0.2040857,59.91,300.392857143,300.535714286,296.295714286,302.7,298.7,20.24,78.4828571429,59.91,17.7057142857,2.52857142857,29.4285714286,6.88571428571,33.9,25.6,11.0,179,17.3385714286,16.8642857143,16.8314285714,16.7085714286,295.931428571,295.487142857,295.465714286,295.362857143,76.92,76.4371428571,78.5842857143,77.7957142857,300.535714286,300.128571429,299.678571429,299.635714286,28.5714285714,28.5142857143,28.3857142857,28.2571428571,0.1564,0.06666667,0.04465,0.113825,0.130825,-0.0157,-0.0402,0.1311,0.1920571,0.1766167,0.05686667,0.1752143,0.1767286,0.22135,0.02865,0.1122143,3.24,17.77,30.03,26.96,17.302857142866667,17.185000000000002,300.4000000003333,300.2196428575,28.8380952381,28.725,77.28,77.606071428575,0.08163888999999998,0.07239166749999999,0.08679166666666664,0.05504375000000001,0.1941531666666667,0.15983154249999998,0.2007214333333334,0.157703575,26.97333333333337,27.737499999999997,-0.8854560256532096,-0.4647231720437691,5.19295685089021
sj,1994,36,1994-09-10,0.04585,0.076225,0.2916857,0.2479714,19.45,300.074285714,300.178571429,296.131428571,302.4,297.6,28.3,79.1385714286,19.45,17.5214285714,2.64285714286,29.2857142857,6.35714285714,33.3,24.4,14.4,202,17.7057142857,17.3385714286,16.8642857143,16.8314285714,296.295714286,295.931428571,295.487142857,295.465714286,78.4828571429,76.92,76.4371428571,78.5842857143,300.535714286,300.535714286,300.128571429,299.678571429,29.4285714286,28.5714285714,28.5142857143,28.3857142857,0.02185,0.1564,0.06666667,0.04465,0.14525,0.130825,-0.0157,-0.0402,0.2137857,0.1920571,0.1766167,0.05686667,0.2040857,0.1767286,0.22135,0.02865,59.91,3.24,17.77,30.03,17.5219047619,17.3575,300.416666667,300.3446428575,29.09523809523333,28.95,78.18047619050002,77.74464285715,0.07469999999999997,0.07269166749999999,0.11743333333333329,0.08415,0.23250950000000004,0.21853629999999996,0.2095952333333334,0.21253392499999998,27.533333333333363,25.092499999999998,-0.9350162426854147,-0.3546048870425359,5.313205979041787
sj,1994,37,1994-09-17,0.058221875,0.0742734375,0.0955,0.192925,61.11,299.951428571,300.057142857,295.907142857,302.2,298.2,70.4,78.75,61.11,17.3057142857,2.45714285714,28.5571428571,6.9,34.4,23.9,50.8,272,17.5214285714,17.7057142857,17.3385714286,16.8642857143,296.131428571,296.295714286,295.931428571,295.487142857,79.1385714286,78.4828571429,76.92,76.4371428571,300.178571429,300.535714286,300.535714286,300.128571429,29.2857142857,29.4285714286,28.5714285714,28.5142857143,0.04585,0.02185,0.1564,0.06666667,0.076225,0.14525,0.130825,-0.0157,0.2916857,0.2137857,0.1920571,0.1766167,0.2479714,0.2040857,0.1767286,0.22135,19.45,59.91,3.24,17.77,17.510952380933333,17.46785714285,300.2571428573333,300.3267857145,29.09047619046667,28.9607142857,78.7904761905,78.322857142875,0.041973958333333304,0.07058046875,0.09858281249999996,0.106643359375,0.20032380000000002,0.19825712499999995,0.21499403333333342,0.205427675,46.82333333333336,35.927499999999995,-0.970941817426052,-0.23931566428755774,5.60947179518496
sj,1994,38,1994-09-24,0.07059375,0.07232187500000001,0.10348370666666667,0.19304852,39.22,299.885714286,300.035714286,295.961428571,302.3,298.1,50.7,79.3142857143,39.22,17.3542857143,1.98571428571,28.3714285714,6.18571428571,32.2,24.4,34.3,302,17.3057142857,17.5214285714,17.7057142857,17.3385714286,295.907142857,296.131428571,296.295714286,295.931428571,78.75,79.1385714286,78.4828571429,76.92,300.057142857,300.178571429,300.535714286,300.535714286,28.5571428571,29.2857142857,29.4285714286,28.5714285714,0.058221875,0.04585,0.02185,0.1564,0.0742734375,0.076225,0.14525,0.130825,0.0955,0.2916857,0.2137857,0.1920571,0.192925,0.2479714,0.2040857,0.1767286,61.11,19.45,59.91,3.24,17.393809523799998,17.471785714275,300.0904761906666,300.2017857145,28.738095238066666,28.910714285700003,79.06761904763333,78.92142857145001,0.05822187499999996,0.04912890624999999,0.07427343749999997,0.09201757812500001,0.1635564688888889,0.17611377666666664,0.21131497333333338,0.20950765500000001,39.9266666666667,44.9225,-0.992708874098054,-0.12053668025532357,5.713732805509369
sj,1994,39,1994-10-01,0.082965625,0.0703703125,0.11146741333333333,0.19317204000000002,55.88,299.508571429,299.642857143,295.821428571,301.8,297.7,45.2,80.3728571429,55.88,17.2485714286,2.6,28.0142857143,6.7,33.9,23.3,31.5,395,17.3542857143,17.3057142857,17.5214285714,17.7057142857,295.961428571,295.907142857,296.131428571,296.295714286,79.3142857143,78.75,79.1385714286,78.4828571429,300.035714286,300.057142857,300.178571429,300.535714286,28.3714285714,28.5571428571,29.2857142857,29.4285714286,0.07059375,0.058221875,0.04585,0.02185,0.07232187500000001,0.0742734375,0.076225,0.14525,0.10348370666666667,0.0955,0.2916857,0.2137857,0.19304852,0.192925,0.2479714,0.2040857,39.22,61.11,19.45,59.91,17.302857142866667,17.3575,299.911904762,299.97857142875,28.31428571426667,28.557142857125,79.47904761906666,79.39392857145,0.07059374999999996,0.0644078125,0.07232187499999997,0.07329765625000001,0.10348370666666672,0.15053420499999998,0.19304852000000006,0.20677924,52.07000000000003,43.915,-1.0,-1.8369701987210297e-16,5.981414211254481
sj,1994,40,1994-10-08,0.09533749999999999,0.06841875,0.11945112,0.19329556,0.63,300.377142857,300.5,295.362857143,302.5,298.7,2.8,74.1171428571,0.63,16.7442857143,2.62857142857,28.7142857143,6.9,34.4,24.4,8.2,426,17.2485714286,17.3542857143,17.3057142857,17.5214285714,295.821428571,295.961428571,295.907142857,296.131428571,80.3728571429,79.3142857143,78.75,79.1385714286,299.642857143,300.035714286,300.057142857,300.178571429,28.0142857143,28.3714285714,28.5571428571,29.2857142857,0.082965625,0.07059375,0.058221875,0.04585,0.0703703125,0.07232187500000001,0.0742734375,0.076225,0.11146741333333333,0.10348370666666667,0.0955,0.2916857,0.19317204000000002,0.19304852,0.192925,0.2479714,55.88,39.22,61.11,19.45,17.11571428573333,17.163214285724997,300.05952380966664,300.0589285715,28.366666666666664,28.414285714275003,77.93476190476667,78.138571428575,0.08296562499999997,0.07677968749999999,0.07037031249999998,0.07134609375000002,0.11146741333333338,0.10747555999999997,0.19317204000000007,0.19311028000000002,31.910000000000036,39.21,-0.992708874098054,0.1205366802553232,6.056784013228625
sj,1994,41,1994-10-15,0.107709375,0.0664671875,0.12743482666666667,0.19341908000000002,16.7,299.638571429,299.621428571,295.481428571,302.9,297.8,40.8,78.2257142857,16.7,16.9,2.72857142857,28.3285714286,7.65714285714,35.0,23.9,39.2,461,16.7442857143,17.2485714286,17.3542857143,17.3057142857,295.362857143,295.821428571,295.961428571,295.907142857,74.1171428571,80.3728571429,79.3142857143,78.75,300.5,299.642857143,300.035714286,300.057142857,28.7142857143,28.0142857143,28.3714285714,28.5571428571,0.09533749999999999,0.082965625,0.07059375,0.058221875,0.06841875,0.0703703125,0.07232187500000001,0.0742734375,0.11945112,0.11146741333333333,0.10348370666666667,0.0955,0.19329556,0.19317204000000002,0.19304852,0.192925,0.63,55.88,39.22,61.11,16.964285714299994,17.0617857143,299.9214285713333,299.95,28.3523809524,28.357142857150002,77.5719047619,78.0075,0.09533749999999996,0.08915156249999999,0.06841874999999997,0.06939453125000002,0.11945112000000004,0.11545926666666663,0.19329556000000006,0.1932338,24.403333333333364,28.1075,-0.9709418174260521,0.23931566428755738,6.135564891081739
sj,1994,42,1994-10-22,0.12008125,0.064515625,0.13541853333333334,0.1935426,75.57,300.238571429,300.4,295.685714286,303.0,298.3,15.81,76.3485714286,75.57,17.1242857143,3.02857142857,28.5714285714,7.44285714286,35.0,23.9,5.4,381,16.9,16.7442857143,17.2485714286,17.3542857143,295.481428571,295.362857143,295.821428571,295.961428571,78.2257142857,74.1171428571,80.3728571429,79.3142857143,299.621428571,300.5,299.642857143,300.035714286,28.3285714286,28.7142857143,28.0142857143,28.3714285714,0.107709375,0.09533749999999999,0.082965625,0.07059375,0.0664671875,0.06841875,0.0703703125,0.07232187500000001,0.12743482666666667,0.11945112,0.11146741333333333,0.10348370666666667,0.19341908000000002,0.19329556,0.19317204000000002,0.19304852,16.7,0.63,55.88,39.22,16.92285714286666,17.004285714299996,300.1738095236667,300.0410714285,28.5380952381,28.40714285715,76.23047619046667,77.266071428575,0.10770937499999995,0.1015234375,0.06646718749999997,0.06744296875000001,0.12743482666666672,0.12344297333333329,0.19341908000000008,0.19335732,30.966666666666697,37.195,-0.9350162426854148,0.35460488704253557,5.945420608606575
sj,1994,43,1994-10-29,0.132453125,0.0625640625,0.14340224000000001,0.19366612,111.52,298.811428571,298.857142857,296.171428571,300.5,297.5,64.85,85.4171428571,111.52,17.6414285714,1.65714285714,27.6714285714,7.27142857143,32.8,23.3,39.2,333,17.1242857143,16.9,16.7442857143,17.2485714286,295.685714286,295.481428571,295.362857143,295.821428571,76.3485714286,78.2257142857,74.1171428571,80.3728571429,300.4,299.621428571,300.5,299.642857143,28.5714285714,28.3285714286,28.7142857143,28.0142857143,0.12008125,0.107709375,0.09533749999999999,0.082965625,0.064515625,0.0664671875,0.06841875,0.0703703125,0.13541853333333334,0.12743482666666667,0.11945112,0.11146741333333333,0.1935426,0.19341908000000002,0.19329556,0.19317204000000002,75.57,16.7,0.63,55.88,17.221904761899996,17.1025,299.626190476,299.844642857,28.190476190466665,28.321428571425,79.99714285713333,78.527142857125,0.12008124999999996,0.1138953125,0.06451562499999997,0.06549140625000001,0.1354185333333334,0.13142667999999996,0.19354260000000004,0.19348084000000002,67.93000000000002,51.105000000000004,-0.8854560256532101,0.464723172043768,5.8111409929767
sj,1994,44,1994-11-05,0.14482499999999998,0.0606125,0.15138594666666666,0.19378964,5.41,299.867142857,300.05,295.845714286,301.9,298.3,15.6,78.6857142857,5.41,17.2642857143,2.32857142857,28.1571428571,6.84285714286,32.2,24.4,1.9,353,17.6414285714,17.1242857143,16.9,16.7442857143,296.171428571,295.685714286,295.481428571,295.362857143,85.4171428571,76.3485714286,78.2257142857,74.1171428571,298.857142857,300.4,299.621428571,300.5,27.6714285714,28.5714285714,28.3285714286,28.7142857143,0.132453125,0.12008125,0.107709375,0.09533749999999999,0.0625640625,0.064515625,0.0664671875,0.06841875,0.14340224000000001,0.13541853333333334,0.12743482666666667,0.11945112,0.19366612,0.1935426,0.19341908000000002,0.19329556,111.52,75.57,16.7,0.63,17.34333333333333,17.2325,299.769047619,299.732142857,28.133333333299998,28.182142857124997,80.15047619046666,79.66928571427499,0.13245312499999995,0.1262671875,0.06256406249999998,0.06353984375000002,0.14340224000000004,0.13941038666666664,0.19366612000000005,0.19360436,64.1666666666667,52.300000000000004,-0.822983865893657,0.5680647467311548,5.869296913133774
sj,1994,45,1994-11-12,0.157196875,0.058660937499999996,0.15936965333333333,0.19391316,32.26,299.297142857,299.128571429,295.58,301.5,297.2,36.6,80.0957142857,32.26,16.9842857143,2.22857142857,27.3142857143,6.92857142857,31.7,22.2,54.5,410,17.2642857143,17.6414285714,17.1242857143,16.9,295.845714286,296.171428571,295.685714286,295.481428571,78.6857142857,85.4171428571,76.3485714286,78.2257142857,300.05,298.857142857,300.4,299.621428571,28.1571428571,27.6714285714,28.5714285714,28.3285714286,0.14482499999999998,0.132453125,0.12008125,0.107709375,0.0606125,0.0625640625,0.064515625,0.0664671875,0.15138594666666666,0.14340224000000001,0.13541853333333334,0.12743482666666667,0.19378964,0.19366612,0.1935426,0.19341908000000002,5.41,111.52,75.57,16.7,17.296666666666663,17.253571428575,299.34523809533334,299.6089285715,27.714285714266666,27.928571428549997,81.39952380950001,80.13678571427499,0.14482499999999995,0.1386390625,0.06061249999999998,0.061588281250000015,0.15138594666666672,0.1473940933333333,0.19378964000000007,0.19372788000000002,49.73000000000004,56.19,-0.7485107481711011,0.6631226582407952,6.018593214496234
sj,1994,46,1994-11-19,0.16956875,0.056709375,0.16735336,0.19403668000000002,32.17,299.198571429,299.3,296.174285714,302.2,297.5,47.5,83.5842857143,32.17,17.6442857143,1.77142857143,27.2857142857,7.31428571429,32.8,22.2,47.5,364,16.9842857143,17.2642857143,17.6414285714,17.1242857143,295.58,295.845714286,296.171428571,295.685714286,80.0957142857,78.6857142857,85.4171428571,76.3485714286,299.128571429,300.05,298.857142857,300.4,27.3142857143,28.1571428571,27.6714285714,28.5714285714,0.157196875,0.14482499999999998,0.132453125,0.12008125,0.058660937499999996,0.0606125,0.0625640625,0.064515625,0.15936965333333333,0.15138594666666666,0.14340224000000001,0.13541853333333334,0.19391316,0.19378964,0.19366612,0.1935426,32.26,5.41,111.52,75.57,17.29761904763333,17.383571428575,299.492857143,299.3339285715,27.585714285699996,27.607142857124998,80.78857142856667,81.94571428569999,0.15719687499999996,0.1510109375,0.058660937499999975,0.05963671875000001,0.1593696533333334,0.15537779999999998,0.19391316000000006,0.1938514,23.280000000000033,45.34,-0.6631226582407955,0.7485107481711007,5.8998973535824915
sj,1994,47,1994-11-26,0.181940625,0.0547578125,0.17533706666666665,0.1941602,11.16,299.422857143,299.457142857,296.377142857,301.9,297.6,23.7,83.5028571429,11.16,17.8485714286,2.4,27.8571428571,7.6,33.9,23.3,49.3,359,17.6442857143,16.9842857143,17.2642857143,17.6414285714,296.174285714,295.58,295.845714286,296.171428571,83.5842857143,80.0957142857,78.6857142857,85.4171428571,299.3,299.128571429,300.05,298.857142857,27.2857142857,27.3142857143,28.1571428571,27.6714285714,0.16956875,0.157196875,0.14482499999999998,0.132453125,0.056709375,0.058660937499999996,0.0606125,0.0625640625,0.16735336,0.15936965333333333,0.15138594666666666,0.14340224000000001,0.19403668000000002,0.19391316,0.19378964,0.19366612,32.17,32.26,5.41,111.52,17.492380952399998,17.435357142875,299.29523809533333,299.48392857150003,27.4857142857,27.65357142855,82.3942857143,81.46714285715001,0.16956874999999996,0.1633828125,0.05670937499999997,0.05768515625000001,0.16735336000000003,0.16336150666666666,0.19403668000000007,0.19397492,25.1966666666667,20.25,-0.5680647467311559,0.8229838658936564,5.886104031450156
sj,1994,48,1994-12-03,0.1943125,0.05280625,0.18332077333333333,0.19428372,17.52,298.851428571,298.85,294.812857143,300.7,296.3,27.4,78.56,17.52,16.1785714286,2.1,26.8857142857,7.57142857143,31.7,21.1,35.9,288,17.8485714286,17.6442857143,16.9842857143,17.2642857143,296.377142857,296.174285714,295.58,295.845714286,83.5028571429,83.5842857143,80.0957142857,78.6857142857,299.457142857,299.3,299.128571429,300.05,27.8571428571,27.2857142857,27.3142857143,28.1571428571,0.181940625,0.16956875,0.157196875,0.14482499999999998,0.0547578125,0.056709375,0.058660937499999996,0.0606125,0.17533706666666665,0.16735336,0.15936965333333333,0.15138594666666666,0.1941602,0.19403668000000002,0.19391316,0.19378964,11.16,32.17,32.26,5.41,17.223809523833335,17.16392857145,299.2023809523334,299.1839285715,27.342857142833335,27.3357142857,81.8823809524,81.435714285725,0.18194062499999997,0.1757546875,0.054757812499999975,0.05573359375000001,0.1753370666666667,0.1713452133333333,0.19416020000000003,0.19409844,20.283333333333367,23.277500000000003,-0.4647231720437684,0.88545602565321,5.666426688112432
sj,1994,49,1994-12-10,0.206684375,0.050854687499999995,0.19130448,0.19440724,45.95,297.808571429,297.95,295.204285714,299.4,296.6,106.09,85.57,45.95,16.58,1.5,26.3714285714,6.18571428571,30.0,22.2,58.2,221,16.1785714286,17.8485714286,17.6442857143,16.9842857143,294.812857143,296.377142857,296.174285714,295.58,78.56,83.5028571429,83.5842857143,80.0957142857,298.85,299.457142857,299.3,299.128571429,26.8857142857,27.8571428571,27.2857142857,27.3142857143,0.1943125,0.181940625,0.16956875,0.157196875,0.05280625,0.0547578125,0.056709375,0.058660937499999996,0.18332077333333333,0.17533706666666665,0.16735336,0.15936965333333333,0.19428372,0.1941602,0.19403668000000002,0.19391316,17.52,11.16,32.17,32.26,16.869047619066663,17.062857142875,298.75238095233334,298.88928571425004,27.03809523806667,27.099999999975,82.54428571429999,82.8042857143,0.19431249999999997,0.18812656249999998,0.05280624999999997,0.053782031250000015,0.18332077333333338,0.17932891999999998,0.19428372000000005,0.19422196,24.876666666666704,26.700000000000003,-0.35460488704253595,0.9350162426854147,5.402677381872279
sj,1994,50,1994-12-17,0.21905624999999998,0.048903125,0.19928818666666667,0.19453076,0.0,298.624285714,298.742857143,293.938571429,300.5,297.2,16.5,75.4557142857,0.0,15.3271428571,2.28571428571,26.5857142857,7.47142857143,31.7,21.7,7.4,149,16.58,16.1785714286,17.8485714286,17.6442857143,295.204285714,294.812857143,296.377142857,296.174285714,85.57,78.56,83.5028571429,83.5842857143,297.95,298.85,299.457142857,299.3,26.3714285714,26.8857142857,27.8571428571,27.2857142857,0.206684375,0.1943125,0.181940625,0.16956875,0.050854687499999995,0.05280625,0.0547578125,0.056709375,0.19130448,0.18332077333333333,0.17533706666666665,0.16735336,0.19440724,0.19428372,0.1941602,0.19403668000000002,45.95,17.52,11.16,32.17,16.028571428566664,16.483571428575,298.5142857143333,298.75,26.614285714266668,26.924999999975,79.86190476189999,80.77214285714999,0.20668437499999995,0.2004984375,0.05085468749999997,0.05183046875000001,0.19130448000000003,0.18731262666666665,0.19440724000000006,0.19434548000000001,21.156666666666702,18.6575,-0.2393156642875578,0.970941817426052,5.0106352940962555
sj,1994,51,1994-12-24,0.23142812499999998,0.0469515625,0.20727189333333335,0.19465428,0.0,298.581428571,298.692857143,294.211428571,300.6,296.9,12.2,76.9142857143,0.0,15.5957142857,2.72857142857,26.6428571429,8.18571428571,31.7,22.2,12.9,112,15.3271428571,16.58,16.1785714286,17.8485714286,293.938571429,295.204285714,294.812857143,296.377142857,75.4557142857,85.57,78.56,83.5028571429,298.742857143,297.95,298.85,299.457142857,26.5857142857,26.3714285714,26.8857142857,27.8571428571,0.21905624999999998,0.206684375,0.1943125,0.181940625,0.048903125,0.050854687499999995,0.05280625,0.0547578125,0.19928818666666667,0.19130448,0.18332077333333333,0.17533706666666665,0.19453076,0.19440724,0.19428372,0.1941602,0.0,45.95,17.52,11.16,15.834285714266663,15.92035714285,298.461904762,298.5589285715,26.53333333333333,26.621428571425,79.31333333333333,79.125,0.21905624999999995,0.2128703125,0.04890312499999997,0.049878906250000014,0.1992881866666667,0.1952963333333333,0.19453076000000005,0.194469,15.3166666666667,15.867500000000001,-0.12053668025532363,0.992708874098054,4.727387818712341
sj,1995,52,1995-01-01,0.2438,0.045,0.2152556,0.1947778,71.43,298.838571429,299.107142857,295.674285714,301.5,296.7,30.4,82.8671428571,71.43,17.0671428571,3.27142857143,27.3142857143,8.74285714286,32.8,22.2,9.2,154,15.5957142857,15.3271428571,16.58,16.1785714286,294.211428571,293.938571429,295.204285714,294.812857143,76.9142857143,75.4557142857,85.57,78.56,298.692857143,298.742857143,297.95,298.85,26.6428571429,26.5857142857,26.3714285714,26.8857142857,0.23142812499999998,0.21905624999999998,0.206684375,0.1943125,0.0469515625,0.048903125,0.050854687499999995,0.05280625,0.20727189333333335,0.19928818666666667,0.19130448,0.18332077333333333,0.19465428,0.19453076,0.19440724,0.19428372,0.0,0.0,45.95,17.52,15.996666666633331,16.142499999975,298.8476190476667,298.62321428575,26.84761904763333,26.728571428575,78.41238095236666,80.20178571427499,0.23142812499999996,0.22524218749999997,0.04695156249999997,0.04792734375000002,0.20727189333333337,0.20328003999999997,0.19465428000000007,0.19459252,23.810000000000034,29.345000000000002,6.432490598706546e-16,1.0,5.043425116919247
sj,1995,1,1995-01-08,0.223075,0.2193333,0.2886167,0.2587429,0.0,297.33,297.4,292.734285714,300.1,294.7,12.5,75.8385714286,0.0,14.25,2.37142857143,25.7,7.68571428571,31.7,20.0,40.4,91,17.0671428571,15.5957142857,15.3271428571,16.58,295.674285714,294.211428571,293.938571429,295.204285714,82.8671428571,76.9142857143,75.4557142857,85.57,299.107142857,298.692857143,298.742857143,297.95,27.3142857143,26.6428571429,26.5857142857,26.3714285714,0.2438,0.23142812499999998,0.21905624999999998,0.206684375,0.045,0.0469515625,0.048903125,0.050854687499999995,0.2152556,0.20727189333333335,0.19928818666666667,0.19130448,0.1947778,0.19465428,0.19453076,0.19440724,71.43,0.0,0.0,45.95,15.637619047599998,15.559999999975,298.4,298.48571428574996,26.5523809524,26.560714285725,78.54,77.768928571425,0.2327677083333333,0.22933984374999997,0.1037616208333333,0.09004699687500002,0.23704806444444448,0.22760809499999995,0.21605832666666672,0.210676435,23.810000000000034,17.8575,0.12053668025532305,0.992708874098054,4.5217885770490405
sj,1995,2,1995-01-15,0.0518875,0.1416333,0.1755714,0.1716143,0.0,298.284285714,298.45,293.308571429,299.9,296.8,3.59,74.0471428571,0.0,14.6985714286,2.35714285714,25.7714285714,7.68571428571,30.0,21.7,10.5,72,14.25,17.0671428571,15.5957142857,15.3271428571,292.734285714,295.674285714,294.211428571,293.938571429,75.8385714286,82.8671428571,76.9142857143,75.4557142857,297.4,299.107142857,298.692857143,298.742857143,25.7,27.3142857143,26.6428571429,26.5857142857,0.223075,0.2438,0.23142812499999998,0.21905624999999998,0.2193333,0.045,0.0469515625,0.048903125,0.2886167,0.2152556,0.20727189333333335,0.19928818666666667,0.2587429,0.1947778,0.19465428,0.19453076,0.0,71.43,0.0,0.0,15.338571428566665,15.40285714285,298.319047619,298.41249999999997,26.261904761900002,26.357142857150002,77.58428571426667,77.416785714275,0.1729208333333333,0.18754765624999997,0.13532219999999998,0.11322954062500001,0.22648123333333334,0.2216788983333333,0.20837833333333342,0.20494732,23.810000000000034,17.8575,0.23931566428755774,0.970941817426052,4.290459441148391
sj,1995,3,1995-01-22,-0.1193,-0.0359,0.2122571,0.2293714,37.99,296.584285714,296.707142857,292.83,299.1,295.0,32.88,79.5528571429,37.99,14.2814285714,1.78571428571,24.7571428571,7.11428571429,28.9,20.0,29.0,56,14.6985714286,14.25,17.0671428571,15.5957142857,293.308571429,292.734285714,295.674285714,294.211428571,74.0471428571,75.8385714286,82.8671428571,76.9142857143,298.45,297.4,299.107142857,298.692857143,25.7714285714,25.7,27.3142857143,26.6428571429,0.0518875,0.223075,0.2438,0.23142812499999998,0.1416333,0.2193333,0.045,0.0469515625,0.1755714,0.2886167,0.2152556,0.20727189333333335,0.1716143,0.2587429,0.1947778,0.19465428,0.0,0.0,71.43,0.0,14.409999999999997,15.074285714275,297.519047619,297.9160714285,25.4095238095,25.8857142857,76.47952380953333,78.076428571425,0.051887499999999954,0.09986562499999999,0.1083555333333333,0.09251665000000002,0.22548173333333335,0.22292519999999996,0.2199095333333334,0.2136266,12.663333333333368,27.355000000000004,0.3546048870425356,0.9350162426854148,4.04305126783455
sj,1995,4,1995-01-29,0.05175,0.1268,0.1772286,0.1340714,0.0,297.592857143,298.014285714,293.532857143,300.5,295.0,6.2,78.33,0.0,14.9471428571,3.62857142857,26.1285714286,9.04285714286,32.8,20.6,9.9,46,14.2814285714,14.6985714286,14.25,17.0671428571,292.83,293.308571429,292.734285714,295.674285714,79.5528571429,74.0471428571,75.8385714286,82.8671428571,296.707142857,298.45,297.4,299.107142857,24.7571428571,25.7714285714,25.7,27.3142857143,-0.1193,0.0518875,0.223075,0.2438,-0.0359,0.1416333,0.2193333,0.045,0.2122571,0.1755714,0.2886167,0.2152556,0.2293714,0.1716143,0.2587429,0.1947778,37.99,0.0,0.0,71.43,14.642380952366665,14.544285714274999,297.72380952366666,297.64285714275,25.552380952366665,25.589285714275,77.31,76.94214285715,-0.0052208333333333716,0.051853125,0.07751109999999997,0.11296665000000002,0.1883523666666667,0.21341844999999998,0.17835236666666673,0.19845000000000002,12.663333333333368,9.4975,0.4647231720437685,0.8854560256532099,3.8501476017100584
sj,1995,5,1995-02-05,0.042041665,0.1449,0.21726,0.2099429,0.0,297.35,297.65,293.91,300.2,295.6,43.3,81.4042857143,0.0,15.2742857143,2.15714285714,25.5,7.28571428571,31.7,21.1,26.9,37,14.9471428571,14.2814285714,14.6985714286,14.25,293.532857143,292.83,293.308571429,292.734285714,78.33,79.5528571429,74.0471428571,75.8385714286,298.014285714,296.707142857,298.45,297.4,26.1285714286,24.7571428571,25.7714285714,25.7,0.05175,-0.1193,0.0518875,0.223075,0.1268,-0.0359,0.1416333,0.2193333,0.1772286,0.2122571,0.1755714,0.2886167,0.1340714,0.2293714,0.1716143,0.2587429,0.0,37.99,0.0,0.0,14.834285714266665,14.80035714285,297.45714285699995,297.70535714275,25.4619047619,25.539285714275,79.7623809524,78.333571428575,-0.00850277833333337,0.006594791249999999,0.07859999999999998,0.09435832500000002,0.20224856666666668,0.195579275,0.19112856666666675,0.18625,12.663333333333368,9.4975,0.5680647467311558,0.8229838658936564,3.6375861597263857
sj,1995,6,1995-02-12,0.03233333,0.059325,0.1748857,0.1713857,0.0,297.855714286,298.014285714,293.025714286,300.5,295.2,3.6,74.6557142857,0.0,14.46,3.8,26.0857142857,9.61428571429,32.8,20.0,0.0,26,15.2742857143,14.9471428571,14.2814285714,14.6985714286,293.91,293.532857143,292.83,293.308571429,81.4042857143,78.33,79.5528571429,74.0471428571,297.65,298.014285714,296.707142857,298.45,25.5,26.1285714286,24.7571428571,25.7714285714,0.042041665,0.05175,-0.1193,0.0518875,0.1449,0.1268,-0.0359,0.1416333,0.21726,0.1772286,0.2122571,0.1755714,0.2099429,0.1340714,0.2293714,0.1716143,0.0,0.0,37.99,0.0,14.893809523799996,14.740714285700001,297.8928571426666,297.59642857125,25.90476190476667,25.617857142850003,78.13,78.485714285725,0.04204166499999996,0.0017062487499999984,0.11034166666666666,0.07378125000000002,0.18979143333333337,0.19540784999999997,0.17180000000000006,0.18619285,0.0,9.4975,0.6631226582407952,0.7485107481711011,3.295836866004329
sj,1995,7,1995-02-19,0.0614,0.062095835,0.1753143,0.2123286,0.0,298.221428571,298.464285714,293.882857143,300.5,295.8,10.07,77.0214285714,0.0,15.2271428571,2.81428571429,26.6285714286,8.65714285714,32.2,20.6,2.8,17,14.46,15.2742857143,14.9471428571,14.2814285714,293.025714286,293.91,293.532857143,292.83,74.6557142857,81.4042857143,78.33,79.5528571429,298.014285714,297.65,298.014285714,296.707142857,26.0857142857,25.5,26.1285714286,24.7571428571,0.03233333,0.042041665,0.05175,-0.1193,0.059325,0.1449,0.1268,-0.0359,0.1748857,0.21726,0.1772286,0.2122571,0.1713857,0.2099429,0.1340714,0.2293714,0.0,0.0,0.0,37.99,14.98714285713333,14.977142857125001,298.04285714266666,298.0357142855,26.071428571433334,26.085714285725,77.6938095238,77.85285714285,0.04525833166666663,0.04688124875,0.08877361166666664,0.09828020875000001,0.18915333333333337,0.18617214999999998,0.1978857333333334,0.18193215000000001,0.0,0.0,0.7485107481711011,0.6631226582407953,2.8903717578961645
sj,1995,8,1995-02-26,0.0935,0.06486667,0.1020143,0.1254143,0.0,297.508571429,297.514285714,293.132857143,299.4,295.9,29.08,76.6342857143,0.0,14.53,1.97142857143,25.9285714286,7.28571428571,31.7,21.7,29.5,17,15.2271428571,14.46,15.2742857143,14.9471428571,293.882857143,293.025714286,293.91,293.532857143,77.0214285714,74.6557142857,81.4042857143,78.33,298.464285714,298.014285714,297.65,298.014285714,26.6285714286,26.0857142857,25.5,26.1285714286,0.0614,0.03233333,0.042041665,0.05175,0.062095835,0.059325,0.1449,0.1268,0.1753143,0.1748857,0.21726,0.1772286,0.2123286,0.1713857,0.2099429,0.1340714,0.0,0.0,0.0,0.0,14.73904761903333,14.872857142850002,297.99761904733333,297.9107142855,26.2142857143,26.035714285725,76.1038095238,77.428928571425,0.062411109999999964,0.05731874875,0.06209583499999997,0.08279687625000003,0.15073810000000004,0.16736857499999996,0.1697095333333334,0.179767875,0.0,0.0,0.8229838658936564,0.5680647467311559,2.8903717578961645
sj,1995,9,1995-03-05,0.07355,0.06865,0.12292,0.10996,0.0,297.175714286,297.257142857,293.444285714,299.5,295.4,50.73,79.8171428571,0.0,14.8528571429,2.42857142857,25.2428571429,8.4,30.6,20.0,51.7,20,14.53,15.2271428571,14.46,15.2742857143,293.132857143,293.882857143,293.025714286,293.91,76.6342857143,77.0214285714,74.6557142857,81.4042857143,297.514285714,298.464285714,298.014285714,297.65,25.9285714286,26.6285714286,26.0857142857,25.5,0.0935,0.0614,0.03233333,0.042041665,0.06486667,0.062095835,0.059325,0.1449,0.1020143,0.1753143,0.1748857,0.21726,0.1254143,0.2123286,0.1713857,0.2099429,0.0,0.0,0.0,0.0,14.869999999999997,14.767499999999998,297.74523809500005,297.81249999975,25.933333333366665,25.97142857145,77.82428571426668,77.032142857125,0.07614999999999997,0.06519583250000001,0.0652041683333333,0.06373437625000003,0.13341620000000007,0.14378357499999997,0.14923430000000007,0.15477215,0.0,0.0,0.8854560256532099,0.4647231720437686,3.044522437723423
sj,1995,10,1995-03-12,0.14535,0.079575,0.1823429,0.1864857,0.0,297.081428571,297.278571429,293.811428571,299.4,295.2,36.42,82.0528571429,0.0,15.1914285714,2.07142857143,25.5,7.05714285714,30.0,21.1,16.9,11,14.8528571429,14.53,15.2271428571,14.46,293.444285714,293.132857143,293.882857143,293.025714286,79.8171428571,76.6342857143,77.0214285714,74.6557142857,297.257142857,297.514285714,298.464285714,298.014285714,25.2428571429,25.9285714286,26.6285714286,26.0857142857,0.07355,0.0935,0.0614,0.03233333,0.06865,0.06486667,0.062095835,0.059325,0.12292,0.1020143,0.1753143,0.1748857,0.10996,0.1254143,0.2123286,0.1713857,0.0,0.0,0.0,0.0,14.858095238099997,14.95035714285,297.34999999999997,297.62857142850004,25.557142857166667,25.825000000025,79.50142857143334,78.88142857142499,0.1041333333333333,0.09345,0.07103055666666665,0.06879687625000003,0.1357590666666667,0.14564787499999998,0.14062000000000008,0.15854715000000003,0.0,0.0,0.9350162426854148,0.35460488704253557,2.4849066497880004
sj,1995,11,1995-03-19,0.0739,0.1150667,0.1452,0.1547429,19.43,297.11,297.085714286,292.821428571,299.6,294.6,18.6,77.02,19.43,14.3042857143,2.05714285714,25.2571428571,6.75714285714,31.7,21.1,16.5,7,15.1914285714,14.8528571429,14.53,15.2271428571,293.811428571,293.444285714,293.132857143,293.882857143,82.0528571429,79.8171428571,76.6342857143,77.0214285714,297.278571429,297.257142857,297.514285714,298.464285714,25.5,25.2428571429,25.9285714286,26.6285714286,0.14535,0.07355,0.0935,0.0614,0.079575,0.06865,0.06486667,0.062095835,0.1823429,0.12292,0.1020143,0.1753143,0.1864857,0.10996,0.1254143,0.2123286,0.0,0.0,0.0,0.0,14.782857142866666,14.71964285715,297.20714285733334,297.2839285715,25.333333333333332,25.482142857150002,79.63,78.881071428575,0.09759999999999996,0.096575,0.08776389999999996,0.08203959250000002,0.15015430000000005,0.13811929999999997,0.1503962000000001,0.144150725,6.476666666666699,4.8575,0.970941817426052,0.23931566428755804,2.0794415416798357
sj,1995,12,1995-03-26,0.031,0.23165,0.2074333,0.2497143,0.0,296.48,296.707142857,290.631428571,300.4,294.0,6.7,69.8614285714,0.0,12.4814285714,3.3,24.6285714286,8.41428571429,31.7,18.9,2.3,16,14.3042857143,15.1914285714,14.8528571429,14.53,292.821428571,293.811428571,293.444285714,293.132857143,77.02,82.0528571429,79.8171428571,76.6342857143,297.085714286,297.278571429,297.257142857,297.514285714,25.2571428571,25.5,25.2428571429,25.9285714286,0.0739,0.14535,0.07355,0.0935,0.1150667,0.079575,0.06865,0.06486667,0.1452,0.1823429,0.12292,0.1020143,0.1547429,0.1864857,0.10996,0.1254143,19.43,0.0,0.0,0.0,13.992380952366664,14.2075,297.023809524,297.08214285725,25.12857142856667,25.15714285715,76.31142857143332,77.18785714284999,0.08341666666666663,0.08095000000000001,0.14209723333333332,0.12373542500000001,0.1783254,0.16447404999999998,0.19698096666666673,0.175225725,6.476666666666699,4.8575,0.992708874098054,0.120536680255323,2.833213344056216
sj,1995,13,1995-04-02,0.19862,0.259575,0.24515,0.3054571,0.0,296.887142857,297.042857143,290.378571429,300.0,293.5,4.6,67.3642857143,0.0,12.3314285714,4.0,25.2428571429,7.75714285714,30.0,20.0,4.1,14,12.4814285714,14.3042857143,15.1914285714,14.8528571429,290.631428571,292.821428571,293.811428571,293.444285714,69.8614285714,77.02,82.0528571429,79.8171428571,296.707142857,297.085714286,297.278571429,297.257142857,24.6285714286,25.2571428571,25.5,25.2428571429,0.031,0.0739,0.14535,0.07355,0.23165,0.1150667,0.079575,0.06865,0.2074333,0.1452,0.1823429,0.12292,0.2497143,0.1547429,0.1864857,0.10996,0.0,19.43,0.0,0.0,13.039047619033331,13.577142857125,296.9452380953333,297.02857142875,25.042857142866666,25.15714285715,71.41523809523333,74.07464285715,0.1011733333333333,0.1122175,0.2020972333333333,0.171466675,0.19926110000000005,0.19503154999999997,0.23663810000000007,0.2241,6.476666666666699,4.8575,1.0,-1.6081226496766364e-16,2.70805020110221
sj,1995,14,1995-04-09,0.1663133333333333,0.2494,0.2327857,0.2684143,0.0,297.665714286,297.921428571,292.555714286,300.9,294.6,0.0,73.4,0.0,14.1228571429,3.61428571429,25.9714285714,8.95714285714,32.8,19.4,0.0,16,12.3314285714,12.4814285714,14.3042857143,15.1914285714,290.378571429,290.631428571,292.821428571,293.811428571,67.3642857143,69.8614285714,77.02,82.0528571429,297.042857143,296.707142857,297.085714286,297.278571429,25.2428571429,24.6285714286,25.2571428571,25.5,0.19862,0.031,0.0739,0.14535,0.259575,0.23165,0.1150667,0.079575,0.24515,0.2074333,0.1452,0.1823429,0.3054571,0.2497143,0.1547429,0.1864857,0.0,0.0,19.43,0.0,12.978571428566665,13.31,297.22380952366666,297.18928571425,25.280952380966667,25.275,70.20857142856666,71.91142857142499,0.13197777777777772,0.11745833333333333,0.24687499999999998,0.21392292500000004,0.22845633333333337,0.20764224999999997,0.27452856666666675,0.24458215,0.0,4.8575,0.992708874098054,-0.12053668025532288,2.833213344056216
sj,1995,15,1995-04-16,0.13400666666666666,0.03495,0.1719143,0.1489429,5.43,298.56,298.742857143,294.338571429,300.6,296.9,2.1,77.6057142857,5.43,15.7357142857,2.82857142857,27.2857142857,7.78571428571,32.8,22.8,0.0,5,14.1228571429,12.3314285714,12.4814285714,14.3042857143,292.555714286,290.378571429,290.631428571,292.821428571,73.4,67.3642857143,69.8614285714,77.02,297.921428571,297.042857143,296.707142857,297.085714286,25.9714285714,25.2428571429,24.6285714286,25.2571428571,0.1663133333333333,0.19862,0.031,0.0739,0.2494,0.259575,0.23165,0.1150667,0.2327857,0.24515,0.2074333,0.1452,0.2684143,0.3054571,0.2497143,0.1547429,0.0,0.0,0.0,19.43,14.06333333333333,13.66785714285,297.9023809523333,297.6035714285,26.166666666666668,25.78214285715,72.79,72.05785714285,0.16631333333333329,0.132485,0.18130833333333332,0.19389375,0.2166166666666667,0.21432082499999996,0.24093810000000007,0.24313215,1.8100000000000331,1.3575,0.9709418174260521,-0.2393156642875575,1.791759469228055
sj,1995,16,1995-04-23,0.1017,0.1127,0.2601571,0.2366143,6.44,297.83,298.007142857,293.554285714,300.2,296.0,19.6,77.3214285714,6.44,15.01,2.61428571429,26.6571428571,7.3,32.8,21.1,72.0,2,15.7357142857,14.1228571429,12.3314285714,12.4814285714,294.338571429,292.555714286,290.378571429,290.631428571,77.6057142857,73.4,67.3642857143,69.8614285714,298.742857143,297.921428571,297.042857143,296.707142857,27.2857142857,25.9714285714,25.2428571429,24.6285714286,0.13400666666666666,0.1663133333333333,0.19862,0.031,0.03495,0.2494,0.259575,0.23165,0.1719143,0.2327857,0.24515,0.2074333,0.1489429,0.2684143,0.3054571,0.2497143,5.43,0.0,0.0,0.0,14.956190476199998,14.299999999999999,298.22380952366666,297.9285714285,26.638095238066665,26.289285714275,76.10904761903333,73.92285714285,0.13400666666666664,0.15016,0.13235,0.16415625,0.22161903333333335,0.22750177499999996,0.21799050000000006,0.23985715000000002,3.9566666666667003,2.9675000000000002,0.9350162426854148,-0.35460488704253545,1.0986122886681096
sj,1995,17,1995-04-30,0.1281,0.150025,0.2205429,0.1873,0.0,297.511428571,297.685714286,292.1,300.2,295.8,2.7,71.9371428571,0.0,13.69,2.65714285714,26.3285714286,6.65714285714,31.1,21.7,1.0,6,15.01,15.7357142857,14.1228571429,12.3314285714,293.554285714,294.338571429,292.555714286,290.378571429,77.3214285714,77.6057142857,73.4,67.3642857143,298.007142857,298.742857143,297.921428571,297.042857143,26.6571428571,27.2857142857,25.9714285714,25.2428571429,0.1017,0.13400666666666666,0.1663133333333333,0.19862,0.1127,0.03495,0.2494,0.259575,0.2601571,0.1719143,0.2327857,0.24515,0.2366143,0.1489429,0.2684143,0.3054571,6.44,5.43,0.0,0.0,14.811904761899996,14.639642857150001,298.14523809533335,298.08928571424997,26.75714285713333,26.5607142857,75.62142857140002,75.06607142855,0.12126888888888886,0.13252999999999998,0.09922499999999997,0.13676875000000002,0.21753809999999998,0.22134999999999996,0.19095240000000005,0.210317875,3.9566666666667003,2.9675000000000002,0.8854560256532099,-0.4647231720437685,1.9459101490553132
sj,1995,18,1995-05-07,0.13577499999999998,0.1521,0.2145429,0.1579714,20.96,298.788571429,299.071428571,294.202857143,301.6,297.3,4.1,76.0728571429,20.96,15.6171428571,2.94285714286,27.8428571429,9.14285714286,34.4,22.2,2.8,5,13.69,15.01,15.7357142857,14.1228571429,292.1,293.554285714,294.338571429,292.555714286,71.9371428571,77.3214285714,77.6057142857,73.4,297.685714286,298.007142857,298.742857143,297.921428571,26.3285714286,26.6571428571,27.2857142857,25.9714285714,0.1281,0.1017,0.13400666666666666,0.1663133333333333,0.150025,0.1127,0.03495,0.2494,0.2205429,0.2601571,0.1719143,0.2327857,0.1873,0.2366143,0.1489429,0.2684143,0.0,6.44,5.43,0.0,14.772380952366666,15.013214285699998,298.2547619046667,298.37678571425,26.942857142866668,27.028571428575002,75.11047619046667,75.734285714275,0.12185833333333329,0.12489541666666665,0.138275,0.11244375000000001,0.23174763333333337,0.21678929999999996,0.19396190000000005,0.18270714999999998,9.133333333333367,8.2075,0.8229838658936565,-0.5680647467311557,1.791759469228055
sj,1995,19,1995-05-14,0.14345,0.1115,0.1990714,0.1708857,9.01,299.131428571,299.357142857,295.428571429,301.8,297.0,9.0,80.2614285714,9.01,16.8228571429,3.0,27.7714285714,7.3,34.4,22.8,29.7,4,15.6171428571,13.69,15.01,15.7357142857,294.202857143,292.1,293.554285714,294.338571429,76.0728571429,71.9371428571,77.3214285714,77.6057142857,299.071428571,297.685714286,298.007142857,298.742857143,27.8428571429,26.3285714286,26.6571428571,27.2857142857,0.13577499999999998,0.1281,0.1017,0.13400666666666666,0.1521,0.150025,0.1127,0.03495,0.2145429,0.2205429,0.2601571,0.1719143,0.1579714,0.1873,0.2366143,0.1489429,20.96,0.0,6.44,5.43,15.376666666666665,15.285,298.70476190466667,298.53035714275,27.314285714300002,27.15,76.09047619046667,76.3982142857,0.13577499999999995,0.12725625,0.137875,0.13158125,0.21138573333333335,0.22357857499999997,0.17205236666666676,0.18819285,9.990000000000032,9.102500000000001,0.7485107481711013,-0.663122658240795,1.6094379124341003
sj,1995,20,1995-05-21,0.0363,0.096525,0.1664333,0.1605714,119.62,298.995714286,299.085714286,295.398571429,301.7,297.1,17.4,80.8657142857,119.62,16.7885714286,2.85714285714,26.9142857143,6.27142857143,31.1,21.7,101.6,3,16.8228571429,15.6171428571,13.69,15.01,295.428571429,294.202857143,292.1,293.554285714,80.2614285714,76.0728571429,71.9371428571,77.3214285714,299.357142857,299.071428571,297.685714286,298.007142857,27.7714285714,27.8428571429,26.3285714286,26.6571428571,0.14345,0.13577499999999998,0.1281,0.1017,0.1115,0.1521,0.150025,0.1127,0.1990714,0.2145429,0.2205429,0.2601571,0.1708857,0.1579714,0.1873,0.2366143,9.01,20.96,0.0,6.44,16.40952380953333,15.72964285715,299.1714285713333,298.8,27.509523809533334,27.2142857143,79.06666666666666,77.284285714275,0.10517499999999995,0.11090624999999998,0.12004166666666664,0.12753750000000003,0.19334920000000003,0.20014762499999997,0.1631428333333334,0.16918212500000002,49.863333333333365,37.3975,0.6631226582407952,-0.7485107481711012,1.3862943611198906
sj,1995,21,1995-05-28,0.0322,0.1621333,0.2318286,0.2402714,204.62,299.454285714,299.578571429,295.994285714,301.7,297.3,17.3,81.4471428571,204.62,17.4128571429,2.32857142857,27.2285714286,7.34285714286,31.7,22.2,97.5,4,16.7885714286,16.8228571429,15.6171428571,13.69,295.398571429,295.428571429,294.202857143,292.1,80.8657142857,80.2614285714,76.0728571429,71.9371428571,299.085714286,299.357142857,299.071428571,297.685714286,26.9142857143,27.7714285714,27.8428571429,26.3285714286,0.0363,0.14345,0.13577499999999998,0.1281,0.096525,0.1115,0.1521,0.150025,0.1664333,0.1990714,0.2145429,0.2205429,0.1605714,0.1708857,0.1579714,0.1873,119.62,9.01,20.96,0.0,17.00809523813333,16.660357142875,299.34047619066666,299.27321428575,27.304761904766668,27.4392857143,80.85809523806667,79.661785714275,0.07064999999999996,0.08693124999999999,0.12338609999999998,0.13056457500000002,0.1991111,0.20296904999999998,0.19057616666666674,0.18242497500000002,111.08333333333337,88.55250000000001,0.5680647467311558,-0.8229838658936564,1.6094379124341003
sj,1995,22,1995-06-04,0.09357499999999999,0.2412,0.1024714,0.1095714,178.89,299.602857143,299.607142857,295.992857143,302.0,298.1,20.33,80.7271428571,178.89,17.4114285714,1.95714285714,27.7,7.32857142857,33.3,23.3,9.1,16,17.4128571429,16.7885714286,16.8228571429,15.6171428571,295.994285714,295.398571429,295.428571429,294.202857143,81.4471428571,80.8657142857,80.2614285714,76.0728571429,299.578571429,299.085714286,299.357142857,299.071428571,27.2285714286,26.9142857143,27.7714285714,27.8428571429,0.0322,0.0363,0.14345,0.13577499999999998,0.1621333,0.096525,0.1115,0.1521,0.2318286,0.1664333,0.1990714,0.2145429,0.2402714,0.1605714,0.1708857,0.1579714,204.62,119.62,9.01,20.96,17.204285714299996,17.108928571449997,299.423809524,299.40714285725,27.280952380966664,27.403571428575,81.0133333333,80.825357142825,0.05402499999999996,0.07638125,0.16661943333333332,0.15283957500000003,0.1669111,0.174951175,0.17013806666666673,0.17032497500000002,167.71000000000004,128.035,0.46472317204376906,-0.8854560256532096,2.833213344056216
sj,1995,23,1995-06-11,0.15495,0.0278,0.2666143,0.2119,106.04,298.688571429,298.65,295.827142857,300.2,297.5,86.8,84.3457142857,106.04,17.2171428571,1.64285714286,27.3,7.14285714286,31.1,22.8,35.5,8,17.4114285714,17.4128571429,16.7885714286,16.8228571429,295.992857143,295.994285714,295.398571429,295.428571429,80.7271428571,81.4471428571,80.8657142857,80.2614285714,299.607142857,299.578571429,299.085714286,299.357142857,27.7,27.2285714286,26.9142857143,27.7714285714,0.09357499999999999,0.0322,0.0363,0.14345,0.2412,0.1621333,0.096525,0.1115,0.1024714,0.2318286,0.1664333,0.1990714,0.1095714,0.2402714,0.1605714,0.1708857,178.89,204.62,119.62,9.01,17.34714285713333,17.2075,299.2785714286667,299.230357143,27.409523809533336,27.285714285725,82.1733333333,81.8464285714,0.09357499999999996,0.07925625,0.14371109999999998,0.131914575,0.20030476666666672,0.19183689999999998,0.18724760000000007,0.18057855,163.18333333333337,152.2925,0.35460488704253584,-0.9350162426854147,2.1972245773362196
sj,1995,24,1995-06-18,0.08955,0.0797,0.1817143,0.1559857,20.16,299.828571429,299.9,295.892857143,301.4,298.4,16.57,79.1371428571,20.16,17.2957142857,2.31428571429,27.7714285714,7.47142857143,32.8,22.8,43.5,7,17.2171428571,17.4114285714,17.4128571429,16.7885714286,295.827142857,295.992857143,295.994285714,295.398571429,84.3457142857,80.7271428571,81.4471428571,80.8657142857,298.65,299.607142857,299.578571429,299.085714286,27.3,27.7,27.2285714286,26.9142857143,0.15495,0.09357499999999999,0.0322,0.0363,0.0278,0.2412,0.1621333,0.096525,0.2666143,0.1024714,0.2318286,0.1664333,0.2119,0.1095714,0.2402714,0.1605714,106.04,178.89,204.62,119.62,17.308095238066667,17.334285714274998,299.38571428566667,299.4339285715,27.590476190466664,27.5,81.4033333333,81.41428571425,0.11269166666666663,0.09256875,0.11623333333333331,0.127708325,0.1836,0.19565715,0.15915236666666674,0.179432125,101.6966666666667,127.4275,0.23931566428755768,-0.970941817426052,2.0794415416798357
sj,1995,25,1995-06-25,0.22135,0.2174,0.2199714,0.1920429,26.56,300.115714286,300.142857143,296.625714286,302.3,298.2,35.24,81.34,26.56,18.0528571429,2.0,28.8428571429,7.37142857143,33.3,24.4,10.5,10,17.2957142857,17.2171428571,17.4114285714,17.4128571429,295.892857143,295.827142857,295.992857143,295.994285714,79.1371428571,84.3457142857,80.7271428571,81.4471428571,299.9,298.65,299.607142857,299.578571429,27.7714285714,27.3,27.7,27.2285714286,0.08955,0.15495,0.09357499999999999,0.0322,0.0797,0.0278,0.2412,0.1621333,0.1817143,0.2666143,0.1024714,0.2318286,0.1559857,0.2119,0.1095714,0.2402714,20.16,106.04,178.89,204.62,17.5219047619,17.494285714275,299.5642857143333,299.575,27.971428571433336,27.903571428575002,81.6076190476,81.387499999975,0.1552833333333333,0.13985625000000002,0.1083,0.141525,0.2227666666666667,0.19269284999999997,0.18664286666666674,0.167375,50.92000000000004,82.91250000000001,0.12053668025532308,-0.992708874098054,2.3978952727983707
sj,1995,26,1995-07-02,0.2319333,0.2115,0.2412286,0.2656857,2.04,300.68,300.807142857,296.741428571,302.7,298.7,13.7,79.38,2.04,18.2071428571,2.75714285714,29.2142857143,6.34285714286,33.9,24.4,15.8,14,18.0528571429,17.2957142857,17.2171428571,17.4114285714,296.625714286,295.892857143,295.827142857,295.992857143,81.34,79.1371428571,84.3457142857,80.7271428571,300.142857143,299.9,298.65,299.607142857,28.8428571429,27.7714285714,27.3,27.7,0.22135,0.08955,0.15495,0.09357499999999999,0.2174,0.0797,0.0278,0.2412,0.2199714,0.1817143,0.2666143,0.1024714,0.1920429,0.1559857,0.2119,0.1095714,26.56,20.16,106.04,178.89,17.8519047619,17.6932142857,300.2833333333333,299.875,28.60952380953334,28.28214285715,79.95238095236665,81.0507142857,0.1809444333333333,0.174445825,0.1695333333333333,0.13410000000000002,0.21430476666666667,0.22738214999999998,0.2045714333333334,0.206403575,16.253333333333362,38.7,-3.216245299353273e-16,-1.0,2.70805020110221
sj,1995,27,1995-07-09,0.3093,0.2909,0.2370571,0.2420429,41.18,301.007142857,301.092857143,296.145714286,303.2,298.6,9.22,75.0657142857,41.18,17.5657142857,3.04285714286,29.6571428571,7.82857142857,34.4,25.0,16.0,7,18.2071428571,18.0528571429,17.2957142857,17.2171428571,296.741428571,296.625714286,295.892857143,295.827142857,79.38,81.34,79.1371428571,84.3457142857,300.807142857,300.142857143,299.9,298.65,29.2142857143,28.8428571429,27.7714285714,27.3,0.2319333,0.22135,0.08955,0.15495,0.2115,0.2174,0.0797,0.0278,0.2412286,0.2199714,0.1817143,0.2666143,0.2656857,0.1920429,0.1559857,0.2119,2.04,26.56,20.16,106.04,17.9419047619,17.78035714285,300.680952381,300.48571428574996,29.238095238099998,28.871428571425,78.59523809523333,78.7307142857,0.2541944333333333,0.213033325,0.23993333333333333,0.199875,0.23275236666666668,0.21999285,0.23325716666666674,0.2139393,23.26000000000003,22.485,-0.12053668025532283,-0.992708874098054,2.0794415416798357
sj,1995,28,1995-07-16,0.2134,0.17265,0.24245,0.2196714,25.89,299.944285714,299.978571429,296.582857143,302.0,298.5,60.59,81.96,25.89,18.0128571429,1.95714285714,29.2857142857,7.6,34.4,24.4,21.4,9,17.5657142857,18.2071428571,18.0528571429,17.2957142857,296.145714286,296.741428571,296.625714286,295.892857143,75.0657142857,79.38,81.34,79.1371428571,301.092857143,300.807142857,300.142857143,299.9,29.6571428571,29.2142857143,28.8428571429,27.7714285714,0.3093,0.2319333,0.22135,0.08955,0.2909,0.2115,0.2174,0.0797,0.2370571,0.2412286,0.2199714,0.1817143,0.2420429,0.2656857,0.1920429,0.1559857,41.18,2.04,26.56,20.16,17.928571428566666,17.95964285715,300.6261904763333,300.50535714299997,29.3857142857,29.25,78.80190476189999,79.436428571425,0.2515444333333333,0.243995825,0.22501666666666664,0.2231125,0.24024523333333334,0.23517677499999998,0.24246666666666675,0.22986072500000002,23.03666666666669,23.9175,-0.23931566428755743,-0.9709418174260521,2.302585092994046
sj,1995,29,1995-07-23,0.1175,0.10775,0.1555714,0.1664857,36.58,300.401428571,300.664285714,296.848571429,302.8,299.0,38.3,81.09,36.58,18.3542857143,2.72857142857,29.2285714286,7.3,33.9,25.0,30.6,11,18.0128571429,17.5657142857,18.2071428571,18.0528571429,296.582857143,296.145714286,296.741428571,296.625714286,81.96,75.0657142857,79.38,81.34,299.978571429,301.092857143,300.807142857,300.142857143,29.2857142857,29.6571428571,29.2142857143,28.8428571429,0.2134,0.3093,0.2319333,0.22135,0.17265,0.2909,0.2115,0.2174,0.24245,0.2370571,0.2412286,0.2199714,0.2196714,0.2420429,0.2656857,0.1920429,25.89,41.18,2.04,26.56,17.977619047633333,18.035,300.5785714286667,300.63571428575,29.390476190466668,29.346428571424998,79.3719047619,79.373928571425,0.2134,0.21803332500000003,0.19043333333333334,0.19569999999999999,0.21169283333333336,0.21907677499999997,0.20940000000000006,0.223471425,34.55000000000003,26.4225,-0.3546048870425356,-0.9350162426854148,2.4849066497880004
sj,1995,30,1995-07-30,0.09035,0.1898,0.0942,0.1322286,101.64,299.988571429,299.957142857,297.244285714,302.3,298.6,62.31,85.0885714286,101.64,18.7771428571,1.6,28.5571428571,6.57142857143,33.3,23.9,43.3,23,18.3542857143,18.0128571429,17.5657142857,18.2071428571,296.848571429,296.582857143,296.145714286,296.741428571,81.09,81.96,75.0657142857,79.38,300.664285714,299.978571429,301.092857143,300.807142857,29.2285714286,29.2857142857,29.6571428571,29.2142857143,0.1175,0.2134,0.3093,0.2319333,0.10775,0.17265,0.2909,0.2115,0.1555714,0.24245,0.2370571,0.2412286,0.1664857,0.2196714,0.2420429,0.2656857,36.58,25.89,41.18,2.04,18.381428571433332,18.177500000000002,300.2,300.42321428575,29.023809523799997,29.182142857124997,82.71285714286667,80.801071428575,0.14041666666666663,0.1826375,0.15673333333333334,0.19027500000000003,0.16407380000000002,0.18231962499999999,0.17279523333333338,0.19010715,54.703333333333354,51.3225,-0.46472317204376806,-0.8854560256532101,3.1780538303479458
sj,1995,31,1995-08-06,0.0632,0.09466667,0.1584857,0.2030286,60.71,300.0,300.0,297.11,302.5,298.4,102.4,84.3757142857,60.71,18.6728571429,2.08571428571,28.7,6.75714285714,33.9,23.9,30.1,17,18.7771428571,18.3542857143,18.0128571429,17.5657142857,297.244285714,296.848571429,296.582857143,296.145714286,85.0885714286,81.09,81.96,75.0657142857,299.957142857,300.664285714,299.978571429,301.092857143,28.5571428571,29.2285714286,29.2857142857,29.6571428571,0.09035,0.1175,0.2134,0.3093,0.1898,0.10775,0.17265,0.2909,0.0942,0.1555714,0.24245,0.2370571,0.1322286,0.1664857,0.2196714,0.2420429,101.64,36.58,25.89,41.18,18.60142857143333,18.4542857143,300.207142857,300.15,28.828571428566665,28.94285714285,83.5180952381,83.128571428575,0.09034999999999997,0.1211125,0.13073889,0.1412166675,0.1360857,0.16267677499999997,0.1672476333333334,0.18035357500000002,66.31000000000003,56.205000000000005,-0.5680647467311556,-0.8229838658936565,2.8903717578961645
sj,1995,32,1995-08-13,0.047,0.047,0.1991833,0.1653571,19.79,300.262857143,300.285714286,296.558571429,302.4,298.6,40.3,80.3971428571,19.79,18.0428571429,2.14285714286,29.0,6.81428571429,33.9,23.3,27.3,19,18.6728571429,18.7771428571,18.3542857143,18.0128571429,297.11,297.244285714,296.848571429,296.582857143,84.3757142857,85.0885714286,81.09,81.96,300.0,299.957142857,300.664285714,299.978571429,28.7,28.5571428571,29.2285714286,29.2857142857,0.0632,0.09035,0.1175,0.2134,0.09466667,0.1898,0.10775,0.17265,0.1584857,0.0942,0.1555714,0.24245,0.2030286,0.1322286,0.1664857,0.2196714,60.71,101.64,36.58,25.89,18.497619047633332,18.4617857143,300.08095238100003,300.22678571425,28.752380952366664,28.871428571425,83.28714285713333,82.73785714285,0.06684999999999997,0.07951250000000001,0.11048889,0.10980416750000001,0.15062300000000003,0.1518601,0.16687143333333343,0.166775,60.71333333333336,54.68,-0.663122658240795,-0.7485107481711013,2.995732273553991
sj,1995,33,1995-08-20,0.08396667,0.0917,0.1771571,0.1886714,4.05,300.554285714,300.685714286,297.27,303.8,298.2,17.7,82.6257142857,4.05,18.8571428571,3.34285714286,30.0714285714,6.94285714286,34.4,25.6,8.7,24,18.0428571429,18.6728571429,18.7771428571,18.3542857143,296.558571429,297.11,297.244285714,296.848571429,80.3971428571,84.3757142857,85.0885714286,81.09,300.285714286,300.0,299.957142857,300.664285714,29.0,28.7,28.5571428571,29.2285714286,0.047,0.0632,0.09035,0.1175,0.047,0.09466667,0.1898,0.10775,0.1991833,0.1584857,0.0942,0.1555714,0.1653571,0.2030286,0.1322286,0.1664857,19.79,60.71,101.64,36.58,18.524285714299996,18.5875,300.32380952399996,300.23214285725,29.25714285713333,29.082142857125,82.46619047616666,83.12178571427499,0.06472222333333329,0.0711291675,0.07778889,0.1057916675,0.17827536666666668,0.15725652499999998,0.18568570000000006,0.172321425,28.183333333333355,46.5475,-0.7485107481711011,-0.6631226582407952,3.2188758248682006
sj,1995,34,1995-08-27,0.1131,0.0862,0.1374,0.1324714,75.11,299.952857143,299.985714286,296.887142857,301.9,298.1,96.1,83.4914285714,75.11,18.4042857143,2.11428571429,28.4285714286,7.65714285714,33.3,23.3,66.0,17,18.8571428571,18.0428571429,18.6728571429,18.7771428571,297.27,296.558571429,297.11,297.244285714,82.6257142857,80.3971428571,84.3757142857,85.0885714286,300.685714286,300.285714286,300.0,299.957142857,30.0714285714,29.0,28.7,28.5571428571,0.08396667,0.047,0.0632,0.09035,0.0917,0.047,0.09466667,0.1898,0.1771571,0.1991833,0.1584857,0.0942,0.1886714,0.1653571,0.2030286,0.1322286,4.05,19.79,60.71,101.64,18.434761904766663,18.4942857143,300.31904761933333,300.2392857145,29.166666666666668,29.05,82.1714285714,82.72249999997499,0.08135555666666662,0.0768166675,0.07496666666666667,0.0798916675,0.17124680000000003,0.16805652499999996,0.1621666333333334,0.172382125,32.983333333333356,39.915,-0.8229838658936564,-0.5680647467311559,2.8903717578961645
sj,1995,35,1995-09-03,0.0326,0.07256667,0.17236,0.1968143,35.83,300.174285714,300.242857143,296.85,302.4,298.5,55.21,82.2257142857,35.83,18.3971428571,2.22857142857,29.1142857143,5.92857142857,32.2,24.4,12.8,28,18.4042857143,18.8571428571,18.0428571429,18.6728571429,296.887142857,297.27,296.558571429,297.11,83.4914285714,82.6257142857,80.3971428571,84.3757142857,299.985714286,300.685714286,300.285714286,300.0,28.4285714286,30.0714285714,29.0,28.7,0.1131,0.08396667,0.047,0.0632,0.0862,0.0917,0.047,0.09466667,0.1374,0.1771571,0.1991833,0.1584857,0.1324714,0.1886714,0.1653571,0.2030286,75.11,4.05,19.79,60.71,18.552857142833332,18.42535714285,300.304761905,300.30000000025,29.204761904766666,29.153571428575,82.78095238093333,82.18499999997499,0.07655555666666664,0.0691666675,0.08348889,0.0743666675,0.16230570000000002,0.17152509999999999,0.17265236666666672,0.17082855,38.33000000000002,33.69499999999999,-0.8854560256532096,-0.4647231720437691,3.367295829986474
sj,1995,36,1995-09-10,0.1071,0.1836,0.18515,0.1699571,20.23,301.218571429,301.35,296.994285714,303.9,298.2,8.6,78.1457142857,20.23,18.5457142857,3.7,29.5714285714,7.91428571429,34.4,23.9,20.4,40,18.3971428571,18.4042857143,18.8571428571,18.0428571429,296.85,296.887142857,297.27,296.558571429,82.2257142857,83.4914285714,82.6257142857,80.3971428571,300.242857143,299.985714286,300.685714286,300.285714286,29.1142857143,28.4285714286,30.0714285714,29.0,0.0326,0.1131,0.08396667,0.047,0.07256667,0.0862,0.0917,0.047,0.17236,0.1374,0.1771571,0.1991833,0.1968143,0.1324714,0.1886714,0.1653571,35.83,75.11,4.05,19.79,18.449047619033333,18.55107142855,300.52619047633334,300.56607142875,29.0380952381,29.296428571424997,81.2876190476,81.622142857125,0.08426666666666664,0.0841916675,0.11412222333333333,0.1085166675,0.16497000000000003,0.16801677499999998,0.16641426666666673,0.17197855,43.72333333333335,33.805,-0.9350162426854147,-0.3546048870425359,3.713572066704308
sj,1995,37,1995-09-17,0.0568,0.0546,0.1436857,0.1392,40.29,300.21,300.2,297.051428571,302.2,298.1,122.7,82.9114285714,40.29,18.63,2.37142857143,29.3714285714,7.44285714286,35.0,24.4,77.1,33,18.5457142857,18.3971428571,18.4042857143,18.8571428571,296.994285714,296.85,296.887142857,297.27,78.1457142857,82.2257142857,83.4914285714,82.6257142857,301.35,300.242857143,299.985714286,300.685714286,29.5714285714,29.1142857143,28.4285714286,30.0714285714,0.1071,0.0326,0.1131,0.08396667,0.1836,0.07256667,0.0862,0.0917,0.18515,0.17236,0.1374,0.1771571,0.1699571,0.1968143,0.1324714,0.1886714,20.23,35.83,75.11,4.05,18.524285714266664,18.494285714275,300.5976190476667,300.44464285725,29.352380952366662,29.121428571425,81.09428571426666,81.69357142855,0.06549999999999996,0.07740000000000001,0.10358889,0.0992416675,0.16706523333333334,0.15964892499999997,0.1686571333333334,0.1596107,32.11666666666668,42.864999999999995,-0.970941817426052,-0.23931566428755774,3.5263605246161616
sj,1995,38,1995-09-24,0.1186333,0.0846,0.1810167,0.2176167,121.4,300.067142857,300.135714286,296.964285714,302.5,298.3,82.5,83.3142857143,121.4,18.5285714286,2.44285714286,29.5857142857,6.91428571429,35.6,25.0,71.2,31,18.63,18.5457142857,18.3971428571,18.4042857143,297.051428571,296.994285714,296.85,296.887142857,82.9114285714,78.1457142857,82.2257142857,83.4914285714,300.2,301.35,300.242857143,299.985714286,29.3714285714,29.5714285714,29.1142857143,28.4285714286,0.0568,0.1071,0.0326,0.1131,0.0546,0.1836,0.07256667,0.0862,0.1436857,0.18515,0.17236,0.1374,0.1392,0.1699571,0.1968143,0.1324714,40.29,20.23,35.83,75.11,18.5680952381,18.525357142849998,300.561904762,300.48214285725,29.5095238095,29.4107142857,81.45714285713332,81.649285714275,0.09417776666666662,0.078783325,0.10759999999999999,0.09884166750000001,0.16995080000000004,0.17055309999999999,0.17559126666666672,0.180897025,60.64000000000002,54.4375,-0.992708874098054,-0.12053668025532357,3.4657359027997265
sj,1995,39,1995-10-01,0.1068,0.08366667,0.092,0.09934286,36.72,300.155714286,300.207142857,296.771428571,301.8,298.7,11.6,81.8542857143,36.72,18.2542857143,1.9,29.9571428571,7.28571428571,34.4,25.6,13.3,33,18.5285714286,18.63,18.5457142857,18.3971428571,296.964285714,297.051428571,296.994285714,296.85,83.3142857143,82.9114285714,78.1457142857,82.2257142857,300.135714286,300.2,301.35,300.242857143,29.5857142857,29.3714285714,29.5714285714,29.1142857143,0.1186333,0.0568,0.1071,0.0326,0.0846,0.0546,0.1836,0.07256667,0.1810167,0.1436857,0.18515,0.17236,0.2176167,0.1392,0.1699571,0.1968143,121.4,40.29,20.23,35.83,18.470952380966665,18.489642857150002,300.180952381,300.47321428575,29.638095238066665,29.6214285714,82.69333333333334,81.55642857142499,0.09407776666666663,0.097333325,0.07428889,0.10161666750000001,0.13890080000000002,0.15046309999999996,0.15205318666666676,0.156529165,66.1366666666667,54.660000000000004,-1.0,-1.8369701987210297e-16,3.5263605246161616
sj,1995,40,1995-10-08,0.2808,0.2151,0.1463429,0.1295571,68.18,299.781428571,299.728571429,296.66,301.9,297.2,74.5,83.1357142857,68.18,18.1457142857,2.28571428571,28.0571428571,6.77142857143,32.2,23.9,45.6,29,18.2542857143,18.5285714286,18.63,18.5457142857,296.771428571,296.964285714,297.051428571,296.994285714,81.8542857143,83.3142857143,82.9114285714,78.1457142857,300.207142857,300.135714286,300.2,301.35,29.9571428571,29.5857142857,29.3714285714,29.5714285714,0.1068,0.1186333,0.0568,0.1071,0.08366667,0.0846,0.0546,0.1836,0.092,0.1810167,0.1436857,0.18515,0.09934286,0.2176167,0.1392,0.1699571,36.72,121.4,40.29,20.23,18.30952380953333,18.38964285715,300.023809524,300.067857143,29.199999999966664,29.242857142825,82.7680952381,82.803928571425,0.1687444333333333,0.14075832500000002,0.12778889000000002,0.1094916675,0.13978653333333335,0.14076132499999996,0.14883888666666675,0.146429165,75.43333333333335,66.64750000000001,-0.992708874098054,0.1205366802553232,3.4011973816621555
sj,1995,41,1995-10-15,0.040825,0.0966,0.1316,0.1375429,45.63,299.54,299.564285714,296.634285714,301.4,298.0,53.98,84.2071428571,45.63,18.1385714286,1.81428571429,28.3857142857,6.92857142857,32.2,24.4,19.1,30,18.1457142857,18.2542857143,18.5285714286,18.63,296.66,296.771428571,296.964285714,297.051428571,83.1357142857,81.8542857143,83.3142857143,82.9114285714,299.728571429,300.207142857,300.135714286,300.2,28.0571428571,29.9571428571,29.5857142857,29.3714285714,0.2808,0.1068,0.1186333,0.0568,0.2151,0.08366667,0.0846,0.0546,0.1463429,0.092,0.1810167,0.1436857,0.1295571,0.09934286,0.2176167,0.1392,68.18,36.72,121.4,40.29,18.17952380953333,18.2667857143,299.8333333333333,299.9089285715,28.79999999996667,28.996428571400003,83.0657142857,83.12785714285,0.1428083333333333,0.136764575,0.13178889,0.11999166750000001,0.12331430000000003,0.13773989999999997,0.12214762000000008,0.14601489,50.176666666666684,67.9825,-0.9709418174260521,0.23931566428755738,3.4339872044851463
sj,1995,42,1995-10-22,0.033625,0.09466,0.09144286,0.1194429,55.67,299.794285714,299.842857143,296.161428571,301.8,297.8,40.8,80.6642857143,55.67,17.6214285714,2.02857142857,27.8428571429,7.17142857143,33.9,23.3,39.1,36,18.1385714286,18.1457142857,18.2542857143,18.5285714286,296.634285714,296.66,296.771428571,296.964285714,84.2071428571,83.1357142857,81.8542857143,83.3142857143,299.564285714,299.728571429,300.207142857,300.135714286,28.3857142857,28.0571428571,29.9571428571,29.5857142857,0.040825,0.2808,0.1068,0.1186333,0.0966,0.2151,0.08366667,0.0846,0.1316,0.1463429,0.092,0.1810167,0.1375429,0.1295571,0.09934286,0.2176167,45.63,68.18,36.72,121.4,17.968571428566662,18.04,299.711904762,299.83571428575,28.095238095233338,28.5607142857,82.66904761903334,82.46535714285,0.11841666666666663,0.1155125,0.13545333333333334,0.1225066675,0.12312858666666669,0.11534643999999997,0.1288476333333334,0.12147144,56.49333333333336,51.550000000000004,-0.9350162426854148,0.35460488704253557,3.6109179126442243
sj,1995,43,1995-10-29,0.13411250000000002,0.1326,0.1581857,0.1374429,54.74,299.441428571,299.421428571,296.337142857,301.8,297.6,46.4,83.2142857143,54.74,17.8471428571,2.38571428571,27.4714285714,7.25714285714,32.2,23.3,53.6,48,17.6214285714,18.1385714286,18.1457142857,18.2542857143,296.161428571,296.634285714,296.66,296.771428571,80.6642857143,84.2071428571,83.1357142857,81.8542857143,299.842857143,299.564285714,299.728571429,300.207142857,27.8428571429,28.3857142857,28.0571428571,29.9571428571,0.033625,0.040825,0.2808,0.1068,0.09466,0.0966,0.2151,0.08366667,0.09144286,0.1316,0.1463429,0.092,0.1194429,0.1375429,0.1295571,0.09934286,55.67,45.63,68.18,36.72,17.86904761903333,17.9382142857,299.6095238093333,299.63928571425004,27.900000000000002,27.939285714275,82.69523809523334,82.80535714285,0.06952083333333331,0.12234062500000001,0.10795333333333335,0.13474,0.12707618666666667,0.13189286499999997,0.13147623333333341,0.13099645000000001,52.01333333333336,56.05500000000001,-0.8854560256532101,0.464723172043768,3.8918202981106265
sj,1995,44,1995-11-05,0.2346,0.07825,0.2700714,0.2854286,30.3,299.772857143,299.942857143,296.17,302.3,298.1,40.4,80.8642857143,30.3,17.67,3.0,28.0428571429,7.64285714286,33.9,23.3,13.5,40,17.8471428571,17.6214285714,18.1385714286,18.1457142857,296.337142857,296.161428571,296.634285714,296.66,83.2142857143,80.6642857143,84.2071428571,83.1357142857,299.421428571,299.842857143,299.564285714,299.728571429,27.4714285714,27.8428571429,28.3857142857,28.0571428571,0.13411250000000002,0.033625,0.040825,0.2808,0.1326,0.09466,0.0966,0.2151,0.1581857,0.09144286,0.1316,0.1463429,0.1374429,0.1194429,0.1375429,0.1295571,54.74,55.67,45.63,68.18,17.712857142833332,17.819285714275,299.7357142856667,299.69285714275,27.785714285733334,27.935714285725,81.58095238096666,82.2375,0.13411249999999997,0.110790625,0.10183666666666667,0.10052749999999999,0.17323332000000002,0.16282498999999998,0.18077146666666674,0.169964325,46.90333333333336,46.585,-0.822983865893657,0.5680647467311548,3.713572066704308
sj,1995,45,1995-11-12,0.0174,0.02905,0.2089143,0.2354857,0.0,299.097142857,299.285714286,295.22,301.1,297.5,32.4,79.4042857143,0.0,16.6042857143,1.91428571429,27.2285714286,6.87142857143,31.7,23.3,53.6,28,17.67,17.8471428571,17.6214285714,18.1385714286,296.17,296.337142857,296.161428571,296.634285714,80.8642857143,83.2142857143,80.6642857143,84.2071428571,299.942857143,299.421428571,299.842857143,299.564285714,28.0428571429,27.4714285714,27.8428571429,28.3857142857,0.2346,0.13411250000000002,0.033625,0.040825,0.07825,0.1326,0.09466,0.0966,0.2700714,0.1581857,0.09144286,0.1316,0.2854286,0.1374429,0.1194429,0.1375429,30.3,54.74,55.67,45.63,17.373809523800002,17.4357142857,299.55,299.62321428575,27.580952380966664,27.64642857145,81.16095238096666,81.0367857143,0.12870416666666665,0.10493437500000001,0.07996666666666667,0.08363999999999999,0.21239046666666672,0.182153565,0.21945240000000008,0.194450025,28.346666666666682,35.1775,-0.7485107481711011,0.6631226582407952,3.367295829986474
sj,1995,46,1995-11-19,0.0406,0.07475,0.19625,0.1903429,24.86,299.622857143,299.807142857,295.37,301.9,297.8,9.9,77.6385714286,24.86,16.77,2.55714285714,27.1571428571,7.18571428571,31.1,22.8,2.8,36,16.6042857143,17.67,17.8471428571,17.6214285714,295.22,296.17,296.337142857,296.161428571,79.4042857143,80.8642857143,83.2142857143,80.6642857143,299.285714286,299.942857143,299.421428571,299.842857143,27.2285714286,28.0428571429,27.4714285714,27.8428571429,0.0174,0.2346,0.13411250000000002,0.033625,0.02905,0.07825,0.1326,0.09466,0.2089143,0.2700714,0.1581857,0.09144286,0.2354857,0.2854286,0.1374429,0.1194429,0.0,30.3,54.74,55.67,17.014761904766665,17.22285714285,299.67857142866666,299.61428571425,27.476190476200003,27.474999999999998,79.3023809524,80.280357142875,0.09753333333333329,0.10667812500000001,0.06068333333333334,0.0786625,0.2250785666666667,0.20835535,0.23708573333333338,0.212175025,18.386666666666684,27.474999999999998,-0.6631226582407955,0.7485107481711007,3.6109179126442243
sj,1995,47,1995-11-26,0.0334,0.1148667,0.2400143,0.2549,90.49,299.275714286,299.4,295.14,301.4,297.7,12.7,78.1414285714,90.49,16.5414285714,2.22857142857,27.3142857143,7.31428571429,32.2,22.8,5.9,19,16.77,16.6042857143,17.67,17.8471428571,295.37,295.22,296.17,296.337142857,77.6385714286,79.4042857143,80.8642857143,83.2142857143,299.807142857,299.285714286,299.942857143,299.421428571,27.1571428571,27.2285714286,28.0428571429,27.4714285714,0.0406,0.0174,0.2346,0.13411250000000002,0.07475,0.02905,0.07825,0.1326,0.19625,0.2089143,0.2700714,0.1581857,0.1903429,0.2354857,0.2854286,0.1374429,24.86,0.0,30.3,54.74,16.638571428566664,16.896428571425,299.4976190476666,299.6089285715,27.23333333333333,27.435714285725,78.39476190476667,79.01214285715,0.030466666666666628,0.0815,0.0728889,0.074229175,0.21505953333333339,0.2288125,0.2269095333333334,0.24153929999999998,38.45000000000002,36.412499999999994,-0.5680647467311559,0.8229838658936564,2.995732273553991
sj,1995,48,1995-12-03,0.0744,0.076375,0.2411714,0.1688714,20.21,299.452857143,299.55,295.837142857,301.4,298.0,13.69,80.6771428571,20.21,17.2571428571,2.07142857143,27.2,7.54285714286,33.3,22.8,13.5,34,16.5414285714,16.77,16.6042857143,17.67,295.14,295.37,295.22,296.17,78.1414285714,77.6385714286,79.4042857143,80.8642857143,299.4,299.807142857,299.285714286,299.942857143,27.3142857143,27.1571428571,27.2285714286,28.0428571429,0.0334,0.0406,0.0174,0.2346,0.1148667,0.07475,0.02905,0.07825,0.2400143,0.19625,0.2089143,0.2700714,0.2549,0.1903429,0.2354857,0.2854286,90.49,24.86,0.0,30.3,16.856190476166663,16.7932142857,299.58571428566665,299.51071428574994,27.2238095238,27.224999999999998,78.81904761903333,78.96535714285,0.049466666666666624,0.04145,0.08866390000000002,0.073760425,0.22581190000000007,0.2215875,0.20470476666666673,0.2124,45.18666666666669,33.89,-0.4647231720437684,0.88545602565321,3.5553480614894135
sj,1995,49,1995-12-10,0.1154,0.135,0.2653,0.2371143,0.0,299.201428571,299.4,294.687142857,300.8,297.6,12.8,76.3328571429,0.0,16.0657142857,2.25714285714,27.0142857143,7.65714285714,31.1,22.2,14.9,23,17.2571428571,16.5414285714,16.77,16.6042857143,295.837142857,295.14,295.37,295.22,80.6771428571,78.1414285714,77.6385714286,79.4042857143,299.55,299.4,299.807142857,299.285714286,27.2,27.3142857143,27.1571428571,27.2285714286,0.0744,0.0334,0.0406,0.0174,0.076375,0.1148667,0.07475,0.02905,0.2411714,0.2400143,0.19625,0.2089143,0.1688714,0.2549,0.1903429,0.2354857,20.21,90.49,24.86,0.0,16.6214285714,16.658571428549998,299.45,299.53928571425,27.176190476200002,27.171428571425,78.3838095238,78.1975,0.07439999999999997,0.06595,0.10874723333333335,0.100247925,0.24882856666666667,0.23568392499999996,0.22029523333333342,0.21280715,36.90000000000001,33.89,-0.35460488704253595,0.9350162426854147,3.1780538303479458
sj,1995,50,1995-12-17,-0.0139,0.01473333,0.1795,0.1348,0.0,298.461428571,298.578571429,294.731428571,300.3,297.4,23.6,79.9857142857,0.0,16.1057142857,1.84285714286,26.6142857143,7.08571428571,30.6,22.2,20.9,17,16.0657142857,17.2571428571,16.5414285714,16.77,294.687142857,295.837142857,295.14,295.37,76.3328571429,80.6771428571,78.1414285714,77.6385714286,299.4,299.55,299.4,299.807142857,27.0142857143,27.2,27.3142857143,27.1571428571,0.1154,0.0744,0.0334,0.0406,0.135,0.076375,0.1148667,0.07475,0.2653,0.2411714,0.2400143,0.19625,0.2371143,0.1688714,0.2549,0.1903429,0.0,20.21,90.49,24.86,16.476190476166664,16.492499999975,299.1761904763334,299.23214285725,26.942857142866668,27.035714285725,78.99857142856666,78.784285714275,0.058633333333333294,0.052324999999999997,0.07536944333333334,0.0852437575,0.22865713333333337,0.23149642499999995,0.18026190000000009,0.198921425,6.736666666666686,27.674999999999997,-0.2393156642875578,0.970941817426052,2.8903717578961645
sj,1995,51,1995-12-24,5.000000000000143e-05,0.03596667,0.1808571,0.1116571,0.0,298.194285714,298.221428571,293.971428571,300.1,296.5,40.3,77.6371428571,0.0,15.3714285714,1.7,25.7142857143,5.85714285714,30.0,22.2,53.9,17,16.1057142857,16.0657142857,17.2571428571,16.5414285714,294.731428571,294.687142857,295.837142857,295.14,79.9857142857,76.3328571429,80.6771428571,78.1414285714,298.578571429,299.4,299.55,299.4,26.6142857143,27.0142857143,27.2,27.3142857143,-0.0139,0.1154,0.0744,0.0334,0.01473333,0.135,0.076375,0.1148667,0.1795,0.2653,0.2411714,0.2400143,0.1348,0.2371143,0.1688714,0.2549,0.0,0.0,20.21,90.49,15.847619047599999,16.199999999975,298.73333333333335,298.9375,26.447619047633335,26.635714285725,77.98523809523334,78.6582142857,0.03384999999999996,0.043987500000000006,0.061900000000000004,0.06551875000000001,0.20855236666666668,0.21670712499999994,0.16119046666666673,0.1631107,0.0,5.0525,-0.12053668025532363,0.992708874098054,2.8903717578961645
sj,1996,1,1996-01-01,0.014,0.01086667,0.09192857,0.1204429,6.35,297.412857143,297.457142857,294.54,299.5,295.9,57.0,84.1357142857,6.35,15.8885714286,1.65714285714,25.1857142857,4.84285714286,28.3,21.7,46.5,23,15.3714285714,16.1057142857,16.0657142857,17.2571428571,293.971428571,294.731428571,294.687142857,295.837142857,77.6371428571,79.9857142857,76.3328571429,80.6771428571,298.221428571,298.578571429,299.4,299.55,25.7142857143,26.6142857143,27.0142857143,27.2,5.000000000000143e-05,-0.0139,0.1154,0.0744,0.03596667,0.01473333,0.135,0.076375,0.1808571,0.1795,0.2653,0.2411714,0.1116571,0.1348,0.2371143,0.1688714,0.0,0.0,0.0,20.21,15.788571428566664,15.857857142850001,298.08571428566665,298.41428571425,25.8380952381,26.13214285715,80.58619047616666,79.52285714285,4.9999999999963844e-05,0.0288875,0.020522223333333332,0.0491416675,0.15076189000000004,0.17939641749999996,0.12230000000000008,0.151003575,2.1166666666666853,1.5875,0.12053668025532305,0.992708874098054,3.1780538303479458
sj,1996,2,1996-01-08,0.1514333,0.1262333,0.1842429,0.1828,15.0,298.528571429,298.628571429,294.661428571,300.6,296.7,9.32,79.3214285714,15.0,16.0157142857,2.45714285714,26.2571428571,7.64285714286,31.1,21.7,24.6,14,15.8885714286,15.3714285714,16.1057142857,16.0657142857,294.54,293.971428571,294.731428571,294.687142857,84.1357142857,77.6371428571,79.9857142857,76.3328571429,297.457142857,298.221428571,298.578571429,299.4,25.1857142857,25.7142857143,26.6142857143,27.0142857143,0.014,5.000000000000143e-05,-0.0139,0.1154,0.01086667,0.03596667,0.01473333,0.135,0.09192857,0.1808571,0.1795,0.2653,0.1204429,0.1116571,0.1348,0.2371143,6.35,0.0,0.0,0.0,15.758571428566663,15.84535714285,298.1023809523333,298.2214285715,25.719047619033333,25.94285714285,80.36476190473333,80.269999999975,0.05516109999999996,0.037895824999999994,0.05768888,0.046949992499999996,0.1523428566666667,0.15913214249999996,0.13830000000000006,0.137425,7.116666666666686,5.3375,0.23931566428755774,0.970941817426052,2.70805020110221
sj,1996,3,1996-01-15,0.0149,0.07636667,0.1466571,0.1969857,55.68,297.752857143,297.864285714,294.551428571,299.6,295.9,50.3,82.5157142857,55.68,15.9171428571,2.07142857143,25.9714285714,6.88571428571,31.1,21.7,40.6,20,16.0157142857,15.8885714286,15.3714285714,16.1057142857,294.661428571,294.54,293.971428571,294.731428571,79.3214285714,84.1357142857,77.6371428571,79.9857142857,298.628571429,297.457142857,298.221428571,298.578571429,26.2571428571,25.1857142857,25.7142857143,26.6142857143,0.1514333,0.014,5.000000000000143e-05,-0.0139,0.1262333,0.01086667,0.03596667,0.01473333,0.1842429,0.09192857,0.1808571,0.1795,0.1828,0.1204429,0.1116571,0.1348,15.0,6.35,0.0,0.0,15.940476190466663,15.798214285700002,297.98333333333335,298.04285714275,25.80476190473333,25.782142857125002,81.99095238093334,80.90249999997499,0.060111099999999966,0.04509582499999999,0.07115554666666667,0.0623583275,0.1409428566666667,0.15092141749999996,0.16674286666666674,0.152971425,25.676666666666687,19.2575,0.3546048870425356,0.9350162426854148,3.044522437723423
sj,1996,4,1996-01-22,0.0958,0.1381,0.2194571,0.2229,60.67,297.422857143,297.485714286,293.802857143,299.7,296.1,44.85,80.4771428571,60.67,15.2085714286,1.94285714286,25.5857142857,5.85714285714,28.9,22.2,47.7,13,15.9171428571,16.0157142857,15.8885714286,15.3714285714,294.551428571,294.661428571,294.54,293.971428571,82.5157142857,79.3214285714,84.1357142857,77.6371428571,297.864285714,298.628571429,297.457142857,298.221428571,25.9714285714,26.2571428571,25.1857142857,25.7142857143,0.0149,0.1514333,0.014,5.000000000000143e-05,0.07636667,0.1262333,0.01086667,0.03596667,0.1466571,0.1842429,0.09192857,0.1808571,0.1969857,0.1828,0.1204429,0.1116571,55.68,15.0,6.35,0.0,15.713809523799997,15.7575,297.99285714300004,297.85892857150003,25.938095238066666,25.749999999975,80.7714285714,81.612499999975,0.08737776666666663,0.06903332499999999,0.11356665666666665,0.08789166,0.18345236666666667,0.16057141749999998,0.2008952333333334,0.18078215,43.78333333333336,34.425,0.4647231720437685,0.8854560256532099,2.639057329615259
sj,1996,5,1996-01-29,0.0627,0.1475333,0.2058429,0.2097286,0.0,296.628571429,296.757142857,292.04,298.2,295.0,28.6,75.6928571429,0.0,13.65,1.94285714286,24.7857142857,6.02857142857,28.3,20.0,32.0,23,15.2085714286,15.9171428571,16.0157142857,15.8885714286,293.802857143,294.551428571,294.661428571,294.54,80.4771428571,82.5157142857,79.3214285714,84.1357142857,297.485714286,297.864285714,298.628571429,297.457142857,25.5857142857,25.9714285714,26.2571428571,25.1857142857,0.0958,0.0149,0.1514333,0.014,0.1381,0.07636667,0.1262333,0.01086667,0.2194571,0.1466571,0.1842429,0.09192857,0.2229,0.1969857,0.1828,0.1204429,60.67,55.68,15.0,6.35,14.92523809523333,15.197857142850001,297.369047619,297.6839285715,25.4476190476,25.649999999974998,79.5619047619,79.501785714275,0.05779999999999996,0.081208325,0.12066665666666666,0.12205831749999999,0.1906523666666667,0.18904999999999997,0.20987143333333338,0.20310357499999998,38.78333333333335,32.837500000000006,0.5680647467311558,0.8229838658936564,3.1780538303479458
sj,1996,6,1996-02-05,0.02765,0.04075,0.1646,0.1686857,0.0,297.307142857,297.435714286,292.581428571,299.4,295.7,11.9,74.9614285714,0.0,14.0585714286,2.15714285714,25.1571428571,6.81428571429,29.4,21.1,10.8,20,13.65,15.2085714286,15.9171428571,16.0157142857,292.04,293.802857143,294.551428571,294.661428571,75.6928571429,80.4771428571,82.5157142857,79.3214285714,296.757142857,297.485714286,297.864285714,298.628571429,24.7857142857,25.5857142857,25.9714285714,26.2571428571,0.0627,0.0958,0.0149,0.1514333,0.1475333,0.1381,0.07636667,0.1262333,0.2058429,0.2194571,0.1466571,0.1842429,0.2097286,0.2229,0.1969857,0.1828,0.0,60.67,55.68,15.0,14.30571428573333,14.708571428575,297.22619047633333,297.38571428575005,25.176190476166667,25.374999999975,77.04380952380001,78.411785714275,0.062049999999999966,0.050262499999999995,0.10879443333333333,0.10068749249999999,0.19663333333333335,0.18413927499999996,0.20043810000000006,0.199575,20.223333333333354,29.087500000000002,0.6631226582407952,0.7485107481711011,3.044522437723423
sj,1996,7,1996-02-12,0.06895,0.13685,0.2188143,0.2143,29.3,297.625714286,297.685714286,293.85,299.9,295.0,15.45,79.6642857143,29.3,15.2385714286,2.22857142857,25.3142857143,7.44285714286,31.1,21.1,25.5,16,14.0585714286,13.65,15.2085714286,15.9171428571,292.581428571,292.04,293.802857143,294.551428571,74.9614285714,75.6928571429,80.4771428571,82.5157142857,297.435714286,296.757142857,297.485714286,297.864285714,25.1571428571,24.7857142857,25.5857142857,25.9714285714,0.02765,0.0627,0.0958,0.0149,0.04075,0.1475333,0.1381,0.07636667,0.1646,0.2058429,0.2194571,0.1466571,0.1686857,0.2097286,0.2229,0.1969857,0.0,0.0,60.67,55.68,14.31571428573333,14.53892857145,297.29285714300005,297.34107142875,25.085714285699996,25.210714285699996,76.77285714286667,77.698928571425,0.05309999999999996,0.063775,0.10837776666666667,0.115808325,0.19641906666666667,0.20217857499999997,0.19757143333333338,0.203903575,9.766666666666685,22.4925,0.7485107481711011,0.6631226582407953,2.833213344056216
sj,1996,8,1996-02-19,0.072475,0.0583,0.1627857,0.1252143,7.2,297.882857143,298.092857143,293.698571429,300.0,296.1,16.7,77.7828571429,7.2,15.1257142857,2.72857142857,25.9714285714,7.71428571429,31.7,21.1,22.1,16,15.2385714286,14.0585714286,13.65,15.2085714286,293.85,292.581428571,292.04,293.802857143,79.6642857143,74.9614285714,75.6928571429,80.4771428571,297.685714286,297.435714286,296.757142857,297.485714286,25.3142857143,25.1571428571,24.7857142857,25.5857142857,0.06895,0.02765,0.0627,0.0958,0.13685,0.04075,0.1475333,0.1381,0.2188143,0.1646,0.2058429,0.2194571,0.2143,0.1686857,0.2097286,0.2229,29.3,0.0,0.0,60.67,14.807619047633331,14.518214285725001,297.7380952383333,297.492857143,25.48095238093333,25.307142857125,77.46952380953333,77.025357142875,0.05635833333333329,0.05794374999999999,0.07863333333333333,0.09585832500000001,0.1820666666666667,0.18801072499999996,0.16940000000000008,0.17948215,12.166666666666686,9.125,0.8229838658936564,0.5680647467311559,2.833213344056216
sj,1996,9,1996-02-26,0.076,0.108975,0.2699333,0.2227714,177.58,297.598571429,297.707142857,293.731428571,299.6,296.0,15.67,79.1985714286,177.58,15.1285714286,2.3,25.5571428571,7.21428571429,29.4,21.1,4.6,23,15.1257142857,15.2385714286,14.0585714286,13.65,293.698571429,293.85,292.581428571,292.04,77.7828571429,79.6642857143,74.9614285714,75.6928571429,298.092857143,297.685714286,297.435714286,296.757142857,25.9714285714,25.3142857143,25.1571428571,24.7857142857,0.072475,0.06895,0.02765,0.0627,0.0583,0.13685,0.04075,0.1475333,0.1627857,0.2188143,0.1646,0.2058429,0.1252143,0.2143,0.1686857,0.2097286,7.2,29.3,0.0,0.0,15.164285714299998,14.887857142875,297.8285714286667,297.730357143,25.614285714266668,25.499999999975,78.88190476193333,77.9017857143,0.07247499999999996,0.06126874999999999,0.10137499999999999,0.08621875000000001,0.2171777666666667,0.20403332499999996,0.18742856666666674,0.18274284999999998,71.36000000000003,53.52,0.8854560256532099,0.4647231720437686,3.1780538303479458
sj,1996,10,1996-03-04,0.056933335,0.11005,0.1926667,0.1776429,9.96,297.292857143,297.478571429,292.128571429,299.6,295.5,3.2,73.06,9.96,13.6957142857,2.52857142857,25.5714285714,7.91428571429,30.6,20.6,3.3,14,15.1285714286,15.1257142857,15.2385714286,14.0585714286,293.731428571,293.698571429,293.85,292.581428571,79.1985714286,77.7828571429,79.6642857143,74.9614285714,297.707142857,298.092857143,297.685714286,297.435714286,25.5571428571,25.9714285714,25.3142857143,25.1571428571,0.076,0.072475,0.06895,0.02765,0.108975,0.0583,0.13685,0.04075,0.2699333,0.1627857,0.2188143,0.1646,0.2227714,0.1252143,0.2143,0.1686857,177.58,7.2,29.3,0.0,14.649999999999999,14.79714285715,297.7595238096667,297.74107142875,25.699999999966668,25.60357142855,76.6804761905,77.42642857145,0.06846944499999996,0.06858958374999999,0.09244166666666666,0.10354375,0.2084619,0.21104999999999996,0.17520953333333342,0.18498215,64.91333333333336,56.010000000000005,0.9350162426854148,0.35460488704253557,2.70805020110221
sj,1996,11,1996-03-11,0.03786667,0.0368,0.1764286,0.1658571,0.0,297.988571429,298.178571429,293.561428571,299.9,296.6,8.6,76.4828571429,0.0,14.9428571429,2.21428571429,26.2428571429,7.2,31.1,21.7,12.7,15,13.6957142857,15.1285714286,15.1257142857,15.2385714286,292.128571429,293.731428571,293.698571429,293.85,73.06,79.1985714286,77.7828571429,79.6642857143,297.478571429,297.707142857,298.092857143,297.685714286,25.5714285714,25.5571428571,25.9714285714,25.3142857143,0.056933335,0.076,0.072475,0.06895,0.11005,0.108975,0.0583,0.13685,0.1926667,0.2699333,0.1627857,0.2188143,0.1776429,0.2227714,0.1252143,0.2143,9.96,177.58,7.2,29.3,14.589047619066664,14.723214285725001,297.78809523833337,297.8642857145,25.790476190466666,25.8357142857,76.24714285716668,76.6310714286,0.05693333499999995,0.06081875124999999,0.085275,0.07853125000000001,0.21300953333333336,0.20045357499999997,0.1887571333333334,0.17287142500000002,62.51333333333336,48.685,0.970941817426052,0.23931566428755804,2.772588722239781
sj,1996,12,1996-03-18,0.07713333,0.1118,0.1855286,0.2112714,0.0,297.428571429,297.6,293.834285714,300.6,295.2,28.0,80.6471428571,0.0,15.2357142857,2.54285714286,26.2,7.7,32.2,22.2,14.2,4,14.9428571429,13.6957142857,15.1285714286,15.1257142857,293.561428571,292.128571429,293.731428571,293.698571429,76.4828571429,73.06,79.1985714286,77.7828571429,298.178571429,297.478571429,297.707142857,298.092857143,26.2428571429,25.5714285714,25.5571428571,25.9714285714,0.03786667,0.056933335,0.076,0.072475,0.0368,0.11005,0.108975,0.0583,0.1764286,0.1926667,0.2699333,0.1627857,0.1658571,0.1776429,0.2227714,0.1252143,0.0,9.96,177.58,7.2,14.624761904766663,14.750714285725,297.75238095266667,297.74107142875005,26.004761904766667,25.89285714285,76.73,77.34714285715,0.05731111166666663,0.061983333749999994,0.08621666666666666,0.09190625,0.18487463333333334,0.20613929999999994,0.18492380000000005,0.1943857,3.3200000000000194,46.885000000000005,0.992708874098054,0.120536680255323,1.6094379124341003
sj,1996,13,1996-03-25,0.060966665,-0.0457,0.1378857,0.1538429,0.0,298.188571429,298.364285714,293.084285714,300.4,296.7,2.8,73.4257142857,0.0,14.5285714286,2.92857142857,26.4,9.02857142857,32.2,20.6,0.5,5,15.2357142857,14.9428571429,13.6957142857,15.1285714286,293.834285714,293.561428571,292.128571429,293.731428571,80.6471428571,76.4828571429,73.06,79.1985714286,297.6,298.178571429,297.478571429,297.707142857,26.2,26.2428571429,25.5714285714,25.5571428571,0.07713333,0.03786667,0.056933335,0.076,0.1118,0.0368,0.11005,0.108975,0.1855286,0.1764286,0.1926667,0.2699333,0.2112714,0.1658571,0.1776429,0.2227714,0.0,0.0,9.96,177.58,14.902380952399996,14.600714285725001,298.0476190476667,297.905357143,26.280952380966667,26.103571428575002,76.8519047619,75.903928571425,0.05865555499999996,0.05822499999999999,0.034300000000000004,0.05323749999999999,0.16661430000000002,0.17312739999999996,0.17699046666666676,0.177153575,0.0,2.49,1.0,-1.6081226496766364e-16,1.791759469228055
sj,1996,14,1996-04-01,0.0448,0.024225,0.0851,0.1079429,0.0,297.21,297.407142857,293.321428571,300.3,295.4,28.8,79.02,0.0,14.7271428571,2.55714285714,25.9285714286,6.9,31.1,21.7,21.6,5,14.5285714286,15.2357142857,14.9428571429,13.6957142857,293.084285714,293.834285714,293.561428571,292.128571429,73.4257142857,80.6471428571,76.4828571429,73.06,298.364285714,297.6,298.178571429,297.478571429,26.4,26.2,26.2428571429,25.5714285714,0.060966665,0.07713333,0.03786667,0.056933335,-0.0457,0.1118,0.0368,0.11005,0.1378857,0.1855286,0.1764286,0.1926667,0.1538429,0.2112714,0.1658571,0.1776429,0.0,0.0,0.0,9.96,14.830476190466664,14.858571428575,297.7904761903333,297.8875,26.176190476200002,26.192857142875,77.69761904759999,77.393928571425,0.06096666499999997,0.05519166624999999,0.030108333333333334,0.03178125,0.13617143333333334,0.14623572499999998,0.1576857333333334,0.159728575,0.0,0.0,0.992708874098054,-0.12053668025532288,1.791759469228055
sj,1996,15,1996-04-08,0.0497,0.1488,0.1627286,0.1776429,49.18,298.135714286,298.207142857,294.365714286,300.8,296.3,27.9,79.7757142857,49.18,15.7514285714,2.52857142857,26.2285714286,7.68571428571,32.2,21.7,80.5,11,14.7271428571,14.5285714286,15.2357142857,14.9428571429,293.321428571,293.084285714,293.834285714,293.561428571,79.02,73.4257142857,80.6471428571,76.4828571429,297.407142857,298.364285714,297.6,298.178571429,25.9285714286,26.4,26.2,26.2428571429,0.0448,0.060966665,0.07713333,0.03786667,0.024225,-0.0457,0.1118,0.0368,0.0851,0.1378857,0.1855286,0.1764286,0.1079429,0.1538429,0.2112714,0.1658571,0.0,0.0,0.0,0.0,15.002380952366664,15.0607142857,297.99285714266665,297.894642857,26.185714285733336,26.1892857143,77.40714285713334,78.217142857125,0.05182222166666663,0.058149998749999994,0.04244166666666666,0.059781249999999994,0.12857143333333335,0.14281072499999997,0.1464762333333334,0.16267502499999997,16.393333333333352,12.295,0.9709418174260521,-0.2393156642875575,2.4849066497880004
sj,1996,16,1996-04-15,0.08893333,0.12235,0.2162143,0.2278286,46.16,297.852857143,298.092857143,293.8,300.7,295.7,24.22,78.3114285714,46.16,15.1857142857,2.3,26.1285714286,6.72857142857,32.2,21.1,8.9,11,15.7514285714,14.7271428571,14.5285714286,15.2357142857,294.365714286,293.321428571,293.084285714,293.834285714,79.7757142857,79.02,73.4257142857,80.6471428571,298.207142857,297.407142857,298.364285714,297.6,26.2285714286,25.9285714286,26.4,26.2,0.0497,0.0448,0.060966665,0.07713333,0.1488,0.024225,-0.0457,0.1118,0.1627286,0.0851,0.1378857,0.1855286,0.1776429,0.1079429,0.1538429,0.2112714,49.18,0.0,0.0,0.0,15.221428571399997,15.0482142857,297.9023809523333,298.01785714275,26.095238095266666,26.17142857145,79.0357142857,77.6332142857,0.0611444433333333,0.061099998749999995,0.09845833333333333,0.062418749999999995,0.1546809666666667,0.15048214999999998,0.17113813333333341,0.16681432499999999,31.78000000000002,23.835,0.9350162426854148,-0.35460488704253545,2.4849066497880004
sj,1996,17,1996-04-22,0.201700015,0.1078,0.1786857,0.1805143,0.0,298.228571429,298.464285714,293.282857143,300.4,297.0,10.9,74.1714285714,0.0,14.7057142857,2.38571428571,26.1285714286,6.4,30.0,22.2,8.2,7,15.1857142857,15.7514285714,14.7271428571,14.5285714286,293.8,294.365714286,293.321428571,293.084285714,78.3114285714,79.7757142857,79.02,73.4257142857,298.092857143,298.207142857,297.407142857,298.364285714,26.1285714286,26.2285714286,25.9285714286,26.4,0.08893333,0.0497,0.0448,0.060966665,0.12235,0.1488,0.024225,-0.0457,0.2162143,0.1627286,0.0851,0.1378857,0.2278286,0.1776429,0.1079429,0.1538429,46.16,49.18,0.0,0.0,15.214285714266666,15.092499999975,298.2547619046667,298.04285714275,26.161904761933332,26.1035714286,77.41952380949999,77.819642857125,0.1134444483333333,0.09628333624999999,0.12631666666666666,0.10079375,0.18587620000000005,0.16068214999999997,0.19532860000000007,0.173482175,31.78000000000002,23.835,0.8854560256532099,-0.4647231720437685,2.0794415416798357
sj,1996,18,1996-04-29,0.3144667,0.1974,0.2231,0.2046286,5.63,298.007142857,298.092857143,293.538571429,299.8,296.6,21.5,76.3942857143,5.63,14.9385714286,1.84285714286,26.0142857143,6.62857142857,30.0,22.2,25.6,4,14.7057142857,15.1857142857,15.7514285714,14.7271428571,293.282857143,293.8,294.365714286,293.321428571,74.1714285714,78.3114285714,79.7757142857,79.02,298.464285714,298.092857143,298.207142857,297.407142857,26.1285714286,26.1285714286,26.2285714286,25.9285714286,0.201700015,0.08893333,0.0497,0.0448,0.1078,0.12235,0.1488,0.024225,0.1786857,0.2162143,0.1627286,0.0851,0.1805143,0.2278286,0.1776429,0.1079429,0.0,46.16,49.18,0.0,14.94333333333333,15.14535714285,298.2166666666667,298.21428571425,26.0904761905,26.125000000025,76.29238095236667,77.16321428570001,0.20170001499999998,0.16370001125,0.14251666666666665,0.14408749999999998,0.20600000000000004,0.19518214999999994,0.2043238333333334,0.19765359999999998,17.263333333333353,25.2425,0.8229838658936565,-0.5680647467311557,1.6094379124341003
sj,1996,19,1996-05-06,-0.0464,-0.0384,0.0964,0.09445714,0.0,297.71,297.8,292.915714286,299.4,296.3,11.1,74.7928571429,0.0,14.3614285714,2.17142857143,25.4428571429,6.32857142857,29.4,21.7,10.6,6,14.9385714286,14.7057142857,15.1857142857,15.7514285714,293.538571429,293.282857143,293.8,294.365714286,76.3942857143,74.1714285714,78.3114285714,79.7757142857,298.092857143,298.464285714,298.092857143,298.207142857,26.0142857143,26.1285714286,26.1285714286,26.2285714286,0.3144667,0.201700015,0.08893333,0.0497,0.1974,0.1078,0.12235,0.1488,0.2231,0.1786857,0.2162143,0.1627286,0.2046286,0.1805143,0.2278286,0.1776429,5.63,0.0,46.16,49.18,14.668571428566663,14.797857142849999,298.119047619,298.1125,25.861904761933335,25.928571428599998,75.11952380953333,75.9175,0.15658890499999997,0.13967501124999998,0.08893333333333332,0.0972875,0.16606190000000004,0.17859999999999998,0.15986668000000007,0.17685716,1.8766666666666856,12.9475,0.7485107481711013,-0.663122658240795,1.9459101490553132
sj,1996,20,1996-05-13,-0.006249999999999999,0.07175,0.1463,0.1586429,21.7,297.595714286,297.628571429,294.451428571,300.1,296.2,68.2,82.84,21.7,15.7971428571,1.71428571429,25.8428571429,5.54285714286,29.4,22.2,44.8,5,14.3614285714,14.9385714286,14.7057142857,15.1857142857,292.915714286,293.538571429,293.282857143,293.8,74.7928571429,76.3942857143,74.1714285714,78.3114285714,297.8,298.092857143,298.464285714,298.092857143,25.4428571429,26.0142857143,26.1285714286,26.1285714286,-0.0464,0.3144667,0.201700015,0.08893333,-0.0384,0.1974,0.1078,0.12235,0.0964,0.2231,0.1786857,0.2162143,0.09445714,0.2046286,0.1805143,0.2278286,0.0,5.63,0.0,46.16,15.032380952366665,14.950714285699998,297.84047619066666,297.9964285715,25.7666666667,25.857142857175,78.00904761906668,77.04964285715,0.0872722333333333,0.11587917874999999,0.07691666666666665,0.08463749999999999,0.1552666666666667,0.16112142499999998,0.1525762133333334,0.159560735,9.110000000000019,6.8325,0.6631226582407952,-0.7485107481711012,1.791759469228055
sj,1996,21,1996-05-20,0.0339,0.0557,0.2153167,0.21815,44.07,298.658571429,298.921428571,295.467142857,300.7,297.4,17.9,82.78,44.07,16.8571428571,2.44285714286,26.7285714286,6.34285714286,30.6,22.8,0.8,2,15.7971428571,14.3614285714,14.9385714286,14.7057142857,294.451428571,292.915714286,293.538571429,293.282857143,82.84,74.7928571429,76.3942857143,74.1714285714,297.628571429,297.8,298.092857143,298.464285714,25.8428571429,25.4428571429,26.0142857143,26.1285714286,-0.006249999999999999,-0.0464,0.3144667,0.201700015,0.07175,-0.0384,0.1974,0.1078,0.1463,0.0964,0.2231,0.1786857,0.1586429,0.09445714,0.2046286,0.1805143,21.7,0.0,5.63,0.0,15.671904761866665,15.48857142855,298.1166666666666,298.11071428574996,26.004761904800002,26.007142857175,80.13761904763334,79.2017857143,-0.006250000000000036,0.07392917499999999,0.02968333333333333,0.0716125,0.15267223333333335,0.17027917499999998,0.15708334666666673,0.16896966,21.92333333333335,17.85,0.5680647467311558,-0.8229838658936564,1.0986122886681096
sj,1996,22,1996-05-27,0.09985,0.1066,0.1409857,0.1087857,68.06,299.441428571,299.592857143,296.237142857,301.8,297.5,21.71,82.7514285714,68.06,17.66,2.81428571429,28.1142857143,6.91428571429,33.3,23.3,9.4,4,16.8571428571,15.7971428571,14.3614285714,14.9385714286,295.467142857,294.451428571,292.915714286,293.538571429,82.78,82.84,74.7928571429,76.3942857143,298.921428571,297.628571429,297.8,298.092857143,26.7285714286,25.8428571429,25.4428571429,26.0142857143,0.0339,-0.006249999999999999,-0.0464,0.3144667,0.0557,0.07175,-0.0384,0.1974,0.2153167,0.1463,0.0964,0.2231,0.21815,0.1586429,0.09445714,0.2046286,44.07,21.7,0.0,5.63,16.771428571399998,16.168928571400002,298.7142857143333,298.48571428575,26.895238095266667,26.532142857175,82.79047619046668,80.79107142857501,0.04249999999999996,0.020274999999999987,0.07801666666666666,0.0489125,0.16753413333333336,0.14975059999999998,0.1618595333333334,0.145008935,44.610000000000014,33.4575,0.46472317204376906,-0.8854560256532096,1.6094379124341003
sj,1996,23,1996-06-03,0.0529,0.080075,0.1793143,0.1579,137.06,299.254285714,299.192857143,296.005714286,301.4,297.9,24.38,82.3685714286,137.06,17.3942857143,2.07142857143,27.8142857143,7.02857142857,32.2,23.9,2.3,2,17.66,16.8571428571,15.7971428571,14.3614285714,296.237142857,295.467142857,294.451428571,292.915714286,82.7514285714,82.78,82.84,74.7928571429,299.592857143,298.921428571,297.628571429,297.8,28.1142857143,26.7285714286,25.8428571429,25.4428571429,0.09985,0.0339,-0.006249999999999999,-0.0464,0.1066,0.0557,0.07175,-0.0384,0.1409857,0.2153167,0.1463,0.0964,0.1087857,0.21815,0.1586429,0.09445714,68.06,44.07,21.7,0.0,17.3038095238,16.927142857125002,299.2357142856667,298.8339285715,27.5523809524,27.125000000025,82.63333333333333,82.685,0.062216666666666635,0.04509999999999999,0.08079166666666666,0.07853125,0.17853890000000003,0.17047917499999998,0.16161190000000009,0.16086965,83.06333333333335,67.7225,0.35460488704253584,-0.9350162426854147,1.0986122886681096
sj,1996,24,1996-06-10,0.0986,0.0893,0.12375,0.13545,27.82,298.742857143,298.828571429,295.438571429,300.6,297.5,43.3,82.2357142857,27.82,16.8,2.02857142857,26.9428571429,5.98571428571,31.1,23.3,40.9,4,17.3942857143,17.66,16.8571428571,15.7971428571,296.005714286,296.237142857,295.467142857,294.451428571,82.3685714286,82.7514285714,82.78,82.84,299.192857143,299.592857143,298.921428571,297.628571429,27.8142857143,28.1142857143,26.7285714286,25.8428571429,0.0529,0.09985,0.0339,-0.006249999999999999,0.080075,0.1066,0.0557,0.07175,0.1793143,0.1409857,0.2153167,0.1463,0.1579,0.1087857,0.21815,0.1586429,137.06,68.06,44.07,21.7,17.284761904766665,17.17785714285,299.204761905,299.1339285715,27.62380952383333,27.400000000025,82.4519047619,82.533928571425,0.08378333333333328,0.07131249999999999,0.09199166666666665,0.08291875,0.14801666666666669,0.16484167499999997,0.1340452333333334,0.155071425,77.64666666666669,69.25250000000001,0.23931566428755768,-0.970941817426052,1.6094379124341003
sj,1996,25,1996-06-17,0.07125,0.0646,0.1461,0.1561714,47.93,298.49,298.564285714,295.435714286,300.8,297.1,73.7,83.3228571429,47.93,16.81,1.92857142857,26.4428571429,5.8,30.6,22.8,84.6,6,16.8,17.3942857143,17.66,16.8571428571,295.438571429,296.005714286,296.237142857,295.467142857,82.2357142857,82.3685714286,82.7514285714,82.78,298.828571429,299.192857143,299.592857143,298.921428571,26.9428571429,27.8142857143,28.1142857143,26.7285714286,0.0986,0.0529,0.09985,0.0339,0.0893,0.080075,0.1066,0.0557,0.12375,0.1793143,0.1409857,0.2153167,0.13545,0.1579,0.1087857,0.21815,27.82,137.06,68.06,44.07,17.001428571433333,17.166071428575002,298.86190476200005,299.04464285725,27.0666666667,27.3285714286,82.6423809524,82.66964285715001,0.07424999999999997,0.08064999999999999,0.07799166666666667,0.08514374999999999,0.14972143333333335,0.14753749999999996,0.14984046666666676,0.139576775,70.93666666666668,70.2175,0.12053668025532308,-0.992708874098054,1.9459101490553132
sj,1996,26,1996-06-24,0.16555,0.1205,0.1861857,0.1705857,15.99,299.641428571,299.707142857,296.044285714,301.8,297.6,22.5,80.9071428571,15.99,17.4685714286,2.24285714286,27.6857142857,5.92857142857,32.8,23.3,19.3,6,16.81,16.8,17.3942857143,17.66,295.435714286,295.438571429,296.005714286,296.237142857,83.3228571429,82.2357142857,82.3685714286,82.7514285714,298.564285714,298.828571429,299.192857143,299.592857143,26.4428571429,26.9428571429,27.8142857143,28.1142857143,0.07125,0.0986,0.0529,0.09985,0.0646,0.0893,0.080075,0.1066,0.1461,0.12375,0.1793143,0.1409857,0.1561714,0.13545,0.1579,0.1087857,47.93,27.82,137.06,68.06,17.0261904762,17.118214285725,299.03333333333336,299.07321428575005,27.023809523833336,27.221428571449998,82.15523809523334,82.208571428575,0.11179999999999995,0.097075,0.09146666666666665,0.08861875,0.1520119,0.15883749999999996,0.1540690333333334,0.155026775,30.580000000000016,57.2,-3.216245299353273e-16,-1.0,1.9459101490553132
sj,1996,27,1996-07-01,0.111591665,0.07375,0.2217833,0.1834333,6.01,299.581428571,299.685714286,295.834285714,301.5,297.5,23.9,80.0614285714,6.01,17.2114285714,1.97142857143,27.9428571429,6.37142857143,32.2,24.4,5.9,4,17.4685714286,16.81,16.8,17.3942857143,296.044285714,295.435714286,295.438571429,296.005714286,80.9071428571,83.3228571429,82.2357142857,82.3685714286,299.707142857,298.564285714,298.828571429,299.192857143,27.6857142857,26.4428571429,26.9428571429,27.8142857143,0.16555,0.07125,0.0986,0.0529,0.1205,0.0646,0.0893,0.080075,0.1861857,0.1461,0.12375,0.1793143,0.1705857,0.1561714,0.13545,0.1579,15.99,47.93,27.82,137.06,17.16333333333333,17.0725,299.319047619,299.1964285715,27.357142857166668,27.2535714286,81.43047619046668,81.631785714275,0.11613055499999995,0.11174791625,0.08628333333333334,0.08703749999999999,0.18468966666666667,0.16945475,0.17006346666666675,0.1614101,23.31000000000002,24.4375,-0.12053668025532283,-0.992708874098054,1.6094379124341003
sj,1996,28,1996-07-08,0.05763333,0.07825,0.1641167,0.1680333,24.35,299.734285714,299.835714286,296.341428571,302.0,297.9,35.23,81.8357142857,24.35,17.7642857143,2.24285714286,28.0142857143,6.37142857143,32.8,23.3,43.5,6,17.2114285714,17.4685714286,16.81,16.8,295.834285714,296.044285714,295.435714286,295.438571429,80.0614285714,80.9071428571,83.3228571429,82.2357142857,299.685714286,299.707142857,298.564285714,298.828571429,27.9428571429,27.6857142857,26.4428571429,26.9428571429,0.111591665,0.16555,0.07125,0.0986,0.07375,0.1205,0.0646,0.0893,0.2217833,0.1861857,0.1461,0.12375,0.1834333,0.1705857,0.1561714,0.13545,6.01,15.99,47.93,27.82,17.48142857143333,17.313571428575,299.742857143,299.44821428575,27.880952380966665,27.521428571450002,80.93476190473335,81.531785714275,0.11159166499999996,0.10150624874999999,0.09083333333333334,0.084275,0.19069523333333335,0.17954642499999995,0.17401743333333342,0.169555925,15.450000000000019,23.57,-0.23931566428755743,-0.9709418174260521,1.9459101490553132
sj,1996,29,1996-07-15,0.1121,0.095425,0.1674286,0.1645429,97.22,299.018571429,299.064285714,296.124285714,301.4,297.1,123.2,84.3228571429,97.22,17.5385714286,2.24285714286,27.2714285714,5.62857142857,31.1,23.9,53.6,11,17.7642857143,17.2114285714,17.4685714286,16.81,296.341428571,295.834285714,296.044285714,295.435714286,81.8357142857,80.0614285714,80.9071428571,83.3228571429,299.835714286,299.685714286,299.707142857,298.564285714,28.0142857143,27.9428571429,27.6857142857,26.4428571429,0.05763333,0.111591665,0.16555,0.07125,0.07825,0.07375,0.1205,0.0646,0.1641167,0.2217833,0.1861857,0.1461,0.1680333,0.1834333,0.1705857,0.1561714,24.35,6.01,15.99,47.93,17.504761904766664,17.495714285725,299.5285714286667,299.57321428575,27.74285714286667,27.728571428575,82.07333333333334,81.781785714275,0.09377499833333329,0.11171874874999999,0.082475,0.09198125,0.18444286666666668,0.18487857499999996,0.17200316666666673,0.1716488,42.526666666666685,35.8925,-0.3546048870425356,-0.9350162426854148,2.4849066497880004
sj,1996,30,1996-07-22,0.0038,-0.0106,0.14715,0.1767833,14.89,299.714285714,299.964285714,295.794285714,302.0,298.0,15.8,79.1985714286,14.89,17.1457142857,2.32857142857,27.5142857143,5.47142857143,31.1,23.9,9.9,16,17.5385714286,17.7642857143,17.2114285714,17.4685714286,296.124285714,296.341428571,295.834285714,296.044285714,84.3228571429,81.8357142857,80.0614285714,80.9071428571,299.064285714,299.835714286,299.685714286,299.707142857,27.2714285714,28.0142857143,27.9428571429,27.6857142857,0.1121,0.05763333,0.111591665,0.16555,0.095425,0.07825,0.07375,0.1205,0.1674286,0.1641167,0.2217833,0.1861857,0.1645429,0.1680333,0.1834333,0.1705857,97.22,24.35,6.01,15.99,17.482857142866667,17.415,299.62142857133335,299.6375,27.600000000000005,27.685714285725,81.78571428573333,81.35464285715,0.057844443333333294,0.07128124875,0.054358333333333335,0.05920625,0.15956510000000002,0.17511964999999996,0.16978650000000006,0.1731982,45.48666666666668,35.6175,-0.46472317204376806,-0.8854560256532101,2.833213344056216
sj,1996,31,1996-07-29,0.09683333,0.115,0.1986143,0.2044429,41.78,299.394285714,299.457142857,296.03,301.4,297.5,39.1,81.91,41.78,17.39,2.2,27.1714285714,5.15714285714,30.0,23.9,79.3,9,17.1457142857,17.5385714286,17.7642857143,17.2114285714,295.794285714,296.124285714,296.341428571,295.834285714,79.1985714286,84.3228571429,81.8357142857,80.0614285714,299.964285714,299.064285714,299.835714286,299.685714286,27.5142857143,27.2714285714,28.0142857143,27.9428571429,0.0038,0.1121,0.05763333,0.111591665,-0.0106,0.095425,0.07825,0.07375,0.14715,0.1674286,0.1641167,0.2217833,0.1767833,0.1645429,0.1680333,0.1834333,14.89,97.22,24.35,6.01,17.358095238099995,17.45964285715,299.49523809500005,299.58035714275,27.319047619033338,27.49285714285,81.8104761905,81.81678571430001,0.07091110999999996,0.067591665,0.06660833333333334,0.06951875,0.17106430000000003,0.16932739999999996,0.1819230333333334,0.1784506,51.29666666666668,44.559999999999995,-0.5680647467311556,-0.8229838658936565,2.302585092994046
sj,1996,32,1996-08-05,0.088166665,0.05435,0.1329714,0.1440857,34.04,299.137142857,299.121428571,296.408571429,300.7,297.7,67.71,85.01,34.04,17.81,1.7,27.6714285714,5.34285714286,30.6,24.4,31.9,12,17.39,17.1457142857,17.5385714286,17.7642857143,296.03,295.794285714,296.124285714,296.341428571,81.91,79.1985714286,84.3228571429,81.8357142857,299.457142857,299.964285714,299.064285714,299.835714286,27.1714285714,27.5142857143,27.2714285714,28.0142857143,0.09683333,0.0038,0.1121,0.05763333,0.115,-0.0106,0.095425,0.07825,0.1986143,0.14715,0.1674286,0.1641167,0.2044429,0.1767833,0.1645429,0.1680333,41.78,14.89,97.22,24.35,17.448571428566666,17.471071428575,299.514285714,299.401785714,27.452380952366667,27.407142857125,82.03952380953332,82.610357142875,0.06293333166666662,0.07522499875,0.05291666666666667,0.06354375000000001,0.15957856666666667,0.16154107499999998,0.17510396666666672,0.1724637,30.23666666666669,46.982499999999995,-0.663122658240795,-0.7485107481711013,2.5649493574615367
sj,1996,33,1996-08-12,0.0795,0.0291,0.14252,0.2317,19.92,299.651428571,299.792857143,296.078571429,301.8,298.1,29.2,80.9357142857,19.92,17.48,2.61428571429,28.0142857143,6.12857142857,31.7,22.8,14.3,13,17.81,17.39,17.1457142857,17.5385714286,296.408571429,296.03,295.794285714,296.124285714,85.01,81.91,79.1985714286,84.3228571429,299.121428571,299.457142857,299.964285714,299.064285714,27.6714285714,27.1714285714,27.5142857143,27.2714285714,0.088166665,0.09683333,0.0038,0.1121,0.05435,0.115,-0.0106,0.095425,0.1329714,0.1986143,0.14715,0.1674286,0.1440857,0.2044429,0.1767833,0.1645429,34.04,41.78,14.89,97.22,17.56,17.456428571425,299.457142857,299.58392857125,27.619047619033335,27.59285714285,82.61857142856667,81.763571428575,0.08816666499999996,0.06707499874999999,0.06615,0.046962500000000004,0.15803523333333333,0.15531392499999996,0.1934095333333334,0.189252975,31.913333333333355,27.6575,-0.7485107481711011,-0.6631226582407952,2.639057329615259
sj,1996,34,1996-08-19,0.045766665,0.09555,0.3094667,0.2312,110.91,298.984285714,299.042857143,296.128571429,300.7,297.6,68.7,84.3442857143,110.91,17.5228571429,1.97142857143,26.7857142857,6.62857142857,31.1,22.8,80.6,27,17.48,17.81,17.39,17.1457142857,296.078571429,296.408571429,296.03,295.794285714,80.9357142857,85.01,81.91,79.1985714286,299.792857143,299.121428571,299.457142857,299.964285714,28.0142857143,27.6714285714,27.1714285714,27.5142857143,0.0795,0.088166665,0.09683333,0.0038,0.0291,0.05435,0.115,-0.0106,0.14252,0.1329714,0.1986143,0.14715,0.2317,0.1440857,0.2044429,0.1767833,19.92,34.04,41.78,14.89,17.604285714299998,17.550714285725,299.319047619,299.3535714285,27.490476190466666,27.410714285700003,83.43,83.05,0.0711444433333333,0.07756666499999998,0.059666666666666666,0.07350000000000001,0.19498603333333334,0.19589309999999996,0.20232856666666676,0.20285714999999999,54.956666666666685,51.662499999999994,-0.8229838658936564,-0.5680647467311559,3.332204510175204
sj,1996,35,1996-08-26,0.01203333,0.07396667,0.2981857,0.3126,15.74,299.945714286,300.035714286,295.985714286,302.4,298.0,33.7,79.2728571429,15.74,17.4228571429,2.55714285714,27.7571428571,6.21428571429,33.3,23.9,22.6,21,17.5228571429,17.48,17.81,17.39,296.128571429,296.078571429,296.408571429,296.03,84.3442857143,80.9357142857,85.01,81.91,299.042857143,299.792857143,299.121428571,299.457142857,26.7857142857,28.0142857143,27.6714285714,27.1714285714,0.045766665,0.0795,0.088166665,0.09683333,0.09555,0.0291,0.05435,0.115,0.3094667,0.14252,0.1329714,0.1986143,0.2312,0.2317,0.1440857,0.2044429,110.91,19.92,34.04,41.78,17.475238095266665,17.55892857145,299.623809524,299.49821428575,27.51904761903333,27.557142857125,81.51761904763333,82.390714285725,0.045766664999999956,0.056366664999999996,0.06620555666666667,0.0632416675,0.2500574666666667,0.22078594999999998,0.25850000000000006,0.22989642500000002,48.85666666666669,45.152499999999996,-0.8854560256532096,-0.4647231720437691,3.091042453358316
sj,1996,36,1996-09-02,0.0364,0.03065,0.1729,0.1757857,10.59,300.372857143,300.742857143,296.911428571,303.3,298.6,21.95,81.54,10.59,18.4857142857,3.45714285714,28.4857142857,5.87142857143,33.3,23.3,35.1,19,17.4228571429,17.5228571429,17.48,17.81,295.985714286,296.128571429,296.078571429,296.408571429,79.2728571429,84.3442857143,80.9357142857,85.01,300.035714286,299.042857143,299.792857143,299.121428571,27.7571428571,26.7857142857,28.0142857143,27.6714285714,0.01203333,0.045766665,0.0795,0.088166665,0.07396667,0.09555,0.0291,0.05435,0.2981857,0.3094667,0.14252,0.1329714,0.3126,0.2312,0.2317,0.1440857,15.74,110.91,19.92,34.04,17.810476190499998,17.727857142875,299.9404761906667,299.90357142875,27.676190476166664,27.7607142857,81.71904761906667,81.523214285725,0.03139999833333329,0.04342499874999999,0.06672222333333334,0.0573166675,0.2601841333333334,0.23076809999999998,0.23986190000000004,0.237821425,45.74666666666669,39.29,-0.9350162426854147,-0.3546048870425359,2.995732273553991
sj,1996,37,1996-09-09,0.1043,0.1068,0.1678667,0.1728,63.31,299.802857143,299.885714286,296.452857143,301.5,297.8,89.24,81.9857142857,63.31,17.97,1.8,27.9428571429,6.51428571429,32.8,23.3,51.1,17,18.4857142857,17.4228571429,17.5228571429,17.48,296.911428571,295.985714286,296.128571429,296.078571429,81.54,79.2728571429,84.3442857143,80.9357142857,300.742857143,300.035714286,299.042857143,299.792857143,28.4857142857,27.7571428571,26.7857142857,28.0142857143,0.0364,0.01203333,0.045766665,0.0795,0.03065,0.07396667,0.09555,0.0291,0.1729,0.2981857,0.3094667,0.14252,0.1757857,0.3126,0.2312,0.2317,10.59,15.74,110.91,19.92,17.95952380953333,17.850357142874998,300.22142857166665,299.9267857145,28.0619047619,27.74285714285,80.93285714286667,81.78571428572499,0.05091110999999996,0.049624998749999996,0.07047222333333335,0.0767416675,0.21298413333333335,0.23710477499999996,0.2203952333333334,0.223096425,29.88000000000002,50.137499999999996,-0.970941817426052,-0.23931566428755774,2.8903717578961645
sj,1996,38,1996-09-16,0.07237,0.02845,0.1504286,0.1078167,243.55,299.482857143,299.442857143,296.88,301.3,297.6,151.7,85.69,243.55,18.4071428571,1.82857142857,27.0428571429,5.82857142857,31.7,22.8,305.9,24,17.97,18.4857142857,17.4228571429,17.5228571429,296.452857143,296.911428571,295.985714286,296.128571429,81.9857142857,81.54,79.2728571429,84.3442857143,299.885714286,300.742857143,300.035714286,299.042857143,27.9428571429,28.4857142857,27.7571428571,26.7857142857,0.1043,0.0364,0.01203333,0.045766665,0.1068,0.03065,0.07396667,0.09555,0.1678667,0.1729,0.2981857,0.3094667,0.1728,0.1757857,0.3126,0.2312,63.31,10.59,15.74,110.91,18.287619047599996,18.071428571425,300.023809524,300.0267857145,27.823809523833333,27.807142857149998,83.0719047619,82.12214285715001,0.07102333333333329,0.0562758325,0.055299999999999995,0.0599666675,0.1637317666666667,0.19734524999999997,0.1521341333333334,0.1922506,105.81666666666668,83.2975,-0.992708874098054,-0.12053668025532357,3.2188758248682006
sj,1996,39,1996-09-23,0.04044,0.00445,0.1859,0.1818857,59.12,300.32,300.442857143,297.092857143,302.3,299.1,19.32,82.6385714286,59.12,18.5957142857,1.88571428571,27.8714285714,6.35714285714,32.8,23.9,7.3,27,18.4071428571,17.97,18.4857142857,17.4228571429,296.88,296.452857143,296.911428571,295.985714286,85.69,81.9857142857,81.54,79.2728571429,299.442857143,299.885714286,300.742857143,300.035714286,27.0428571429,27.9428571429,28.4857142857,27.7571428571,0.07237,0.1043,0.0364,0.01203333,0.02845,0.1068,0.03065,0.07396667,0.1504286,0.1678667,0.1729,0.2981857,0.1078167,0.1728,0.1757857,0.3126,243.55,63.31,10.59,15.74,18.324285714266665,18.364642857125,299.923809524,300.12857142875,27.619047619066666,27.835714285725,83.4380952381,82.963571428575,0.07236999999999996,0.06337749999999999,0.04656666666666667,0.0425875,0.16806510000000005,0.169273825,0.15416746666666675,0.159572025,121.99333333333334,94.1425,-1.0,-1.8369701987210297e-16,3.332204510175204
sj,1996,40,1996-09-30,-0.0385,0.06813333,0.1651286,0.1952143,27.58,300.018571429,300.207142857,296.09,302.4,298.6,27.2,79.1771428571,27.58,17.5214285714,2.1,27.4142857143,5.88571428571,31.1,23.9,20.9,30,18.5957142857,18.4071428571,17.97,18.4857142857,297.092857143,296.88,296.452857143,296.911428571,82.6385714286,85.69,81.9857142857,81.54,300.442857143,299.442857143,299.885714286,300.742857143,27.8714285714,27.0428571429,27.9428571429,28.4857142857,0.04044,0.07237,0.1043,0.0364,0.00445,0.02845,0.1068,0.03065,0.1859,0.1504286,0.1678667,0.1729,0.1818857,0.1078167,0.1728,0.1757857,59.12,243.55,63.31,10.59,18.17476190473333,18.12357142855,300.030952381,299.99464285725,27.442857142866668,27.567857142875,82.5019047619,82.37285714285,0.02476999999999996,0.04465249999999999,0.03367777666666667,0.0519583325,0.1671524,0.16733097499999997,0.16163890000000009,0.164429175,110.08333333333337,98.39,-0.992708874098054,0.1205366802553232,3.4339872044851463
sj,1996,41,1996-10-07,-0.0066,-0.0355,0.2071833,0.2196167,28.18,299.962857143,300.114285714,296.46,302.3,298.1,23.54,81.26,28.18,17.9414285714,2.54285714286,27.2857142857,6.24285714286,31.7,23.3,17.6,29,17.5214285714,18.5957142857,18.4071428571,17.97,296.09,297.092857143,296.88,296.452857143,79.1771428571,82.6385714286,85.69,81.9857142857,300.207142857,300.442857143,299.442857143,299.885714286,27.4142857143,27.8714285714,27.0428571429,27.9428571429,-0.0385,0.04044,0.07237,0.1043,0.06813333,0.00445,0.02845,0.1068,0.1651286,0.1859,0.1504286,0.1678667,0.1952143,0.1818857,0.1078167,0.1728,27.58,59.12,243.55,63.31,18.019523809499997,18.1164285714,300.25476190466674,300.05178571425,27.523809523799997,27.403571428575,81.02523809523333,82.191428571425,-0.001553333333333376,0.01692749999999999,0.012361110000000007,0.0163833325,0.18607063333333337,0.17716012499999997,0.19890556666666673,0.17613335000000002,38.29333333333335,89.6075,-0.9709418174260521,0.23931566428755738,3.4011973816621555
sj,1996,42,1996-10-14,-0.051750000000000004,0.0609,0.2202286,0.2358,4.62,299.804285714,299.842857143,296.048571429,301.8,298.2,23.7,79.9571428571,4.62,17.4857142857,2.17142857143,27.5714285714,6.64285714286,31.7,23.3,8.9,25,17.9414285714,17.5214285714,18.5957142857,18.4071428571,296.46,296.09,297.092857143,296.88,81.26,79.1771428571,82.6385714286,85.69,300.114285714,300.207142857,300.442857143,299.442857143,27.2857142857,27.4142857143,27.8714285714,27.0428571429,-0.0066,-0.0385,0.04044,0.07237,-0.0355,0.06813333,0.00445,0.02845,0.2071833,0.1651286,0.1859,0.1504286,0.2196167,0.1952143,0.1818857,0.1078167,28.18,27.58,59.12,243.55,17.649523809499996,17.88607142855,300.0547619046667,300.15178571424997,27.4238095238,27.5357142857,80.13142857140001,80.7582142857,-0.03228333333333338,-0.014102500000000013,0.031177776666666674,0.024495832500000002,0.1975135,0.19461012499999997,0.21687700000000007,0.208129175,20.126666666666683,29.875,-0.9350162426854148,0.35460488704253557,3.258096538021482
sj,1996,43,1996-10-21,-0.0969,-0.0902,0.1490143,0.1663143,17.37,300.344285714,300.464285714,296.717142857,302.1,298.7,7.1,80.7342857143,17.37,18.23,2.64285714286,29.0428571429,7.38571428571,33.9,24.4,6.6,35,17.4857142857,17.9414285714,17.5214285714,18.5957142857,296.048571429,296.46,296.09,297.092857143,79.9571428571,81.26,79.1771428571,82.6385714286,299.842857143,300.114285714,300.207142857,300.442857143,27.5714285714,27.2857142857,27.4142857143,27.8714285714,-0.051750000000000004,-0.0066,-0.0385,0.04044,0.0609,-0.0355,0.06813333,0.00445,0.2202286,0.2071833,0.1651286,0.1859,0.2358,0.2196167,0.1952143,0.1818857,4.62,28.18,27.58,59.12,17.8857142857,17.794642857125,300.14047619033335,300.157142857,27.96666666666667,27.828571428575,80.65047619046666,80.282142857125,-0.051750000000000046,-0.04843750000000001,-0.021599999999999994,0.0008333325000000023,0.19214206666666667,0.18538869999999996,0.20724366666666674,0.204236325,16.723333333333354,19.4375,-0.8854560256532101,0.464723172043768,3.58351893845611
sj,1996,44,1996-10-28,0.00525,0.0158,0.1809429,0.1463571,16.06,299.251428571,299.342857143,295.72,302.3,297.7,65.2,81.13,16.06,17.1442857143,2.08571428571,27.0428571429,6.1,31.1,21.7,28.9,33,18.23,17.4857142857,17.9414285714,17.5214285714,296.717142857,296.048571429,296.46,296.09,80.7342857143,79.9571428571,81.26,79.1771428571,300.464285714,299.842857143,300.114285714,300.207142857,29.0428571429,27.5714285714,27.2857142857,27.4142857143,-0.0969,-0.051750000000000004,-0.0066,-0.0385,-0.0902,0.0609,-0.0355,0.06813333,0.1490143,0.2202286,0.2071833,0.1651286,0.1663143,0.2358,0.2196167,0.1952143,17.37,4.62,28.18,27.58,17.619999999999997,17.70035714285,299.8833333333333,299.9410714285,27.885714285733332,27.735714285725003,80.60714285713333,80.77035714285,-0.047800000000000044,-0.03750000000000001,-0.0044999999999999945,-0.012249999999999999,0.1833952666666667,0.18934227499999995,0.18282380000000006,0.192022025,12.683333333333351,16.5575,-0.822983865893657,0.5680647467311548,3.5263605246161616
sj,1996,45,1996-11-04,-0.05675,-0.00865,0.1236143,0.1353,51.59,299.168571429,299.235714286,296.26,301.5,297.5,59.22,84.1114285714,51.59,17.7014285714,2.04285714286,26.8428571429,6.28571428571,31.1,22.2,35.6,30,17.1442857143,18.23,17.4857142857,17.9414285714,295.72,296.717142857,296.048571429,296.46,81.13,80.7342857143,79.9571428571,81.26,299.342857143,300.464285714,299.842857143,300.114285714,27.0428571429,29.0428571429,27.5714285714,27.2857142857,0.00525,-0.0969,-0.051750000000000004,-0.0066,0.0158,-0.0902,0.0609,-0.0355,0.1809429,0.1490143,0.2202286,0.2071833,0.1463571,0.1663143,0.2358,0.2196167,16.06,17.37,4.62,28.18,17.6919047619,17.64035714285,299.680952381,299.7214285715,27.6428571429,27.625000000024997,81.9919047619,81.4832142857,-0.04946666666666671,-0.05003750000000001,-0.027683333333333334,-0.005537499999999999,0.1511905,0.16845002499999998,0.1493238000000001,0.17094284999999998,28.34000000000002,22.410000000000004,-0.7485107481711011,0.6631226582407952,3.4339872044851463
sj,1996,46,1996-11-11,-0.03006667,0.0881,0.07505714,0.098,34.32,298.245714286,298.214285714,295.265714286,299.7,296.8,219.9,83.64,34.32,16.6771428571,1.8,26.1571428571,6.02857142857,30.0,22.2,25.0,29,17.7014285714,17.1442857143,18.23,17.4857142857,296.26,295.72,296.717142857,296.048571429,84.1114285714,81.13,80.7342857143,79.9571428571,299.235714286,299.342857143,300.464285714,299.842857143,26.8428571429,27.0428571429,29.0428571429,27.5714285714,-0.05675,0.00525,-0.0969,-0.051750000000000004,-0.00865,0.0158,-0.0902,0.0609,0.1236143,0.1809429,0.1490143,0.2202286,0.1353,0.1463571,0.1663143,0.2358,51.59,16.06,17.37,4.62,17.174285714266667,17.4382142857,298.93095238100005,299.31428571425,26.68095238096667,27.271428571450002,82.96047619046666,82.403928571425,-0.027188890000000045,-0.044616667500000005,0.03175,0.0012624999999999997,0.12653811333333334,0.13215715999999997,0.12655236666666672,0.13649285,33.990000000000016,29.835,-0.6631226582407955,0.7485107481711007,3.4011973816621555
sj,1996,47,1996-11-18,-0.059077779999999996,0.039525,0.06076667,0.0578,42.76,298.477142857,298.557142857,295.438571429,300.5,296.8,113.55,83.3971428571,42.76,16.8428571429,1.6,25.8714285714,5.6,29.4,22.2,88.3,31,16.6771428571,17.7014285714,17.1442857143,18.23,295.265714286,296.26,295.72,296.717142857,83.64,84.1114285714,81.13,80.7342857143,298.214285714,299.235714286,299.342857143,300.464285714,26.1571428571,26.8428571429,27.0428571429,29.0428571429,-0.03006667,-0.05675,0.00525,-0.0969,0.0881,-0.00865,0.0158,-0.0902,0.07505714,0.1236143,0.1809429,0.1490143,0.098,0.1353,0.1463571,0.1663143,34.32,51.59,16.06,17.37,17.073809523799998,17.091428571425,298.66904761899997,298.83750000000003,26.290476190466666,26.478571428575,83.71619047616666,83.06964285712499,-0.04863148333333337,-0.03516111250000001,0.03965833333333333,0.03369375,0.08647937000000001,0.11009525249999996,0.09703333333333342,0.109364275,42.890000000000015,36.1825,-0.5680647467311559,0.8229838658936564,3.4657359027997265
sj,1996,48,1996-11-25,-0.08808888999999999,0.1038667,0.1649714,0.1447714,65.18,298.197142857,298.421428571,295.667142857,300.5,296.6,49.0,86.0714285714,65.18,17.1285714286,2.04285714286,25.6142857143,4.58571428571,28.3,22.8,39.5,29,16.8428571429,16.6771428571,17.7014285714,17.1442857143,295.438571429,295.265714286,296.26,295.72,83.3971428571,83.64,84.1114285714,81.13,298.557142857,298.214285714,299.235714286,299.342857143,25.8714285714,26.1571428571,26.8428571429,27.0428571429,-0.059077779999999996,-0.03006667,-0.05675,0.00525,0.039525,0.0881,-0.00865,0.0158,0.06076667,0.07505714,0.1236143,0.1809429,0.0578,0.098,0.1353,0.1463571,42.76,34.32,51.59,16.06,16.882857142866666,17.087500000000002,298.3976190473333,298.607142857,25.880952380933334,26.121428571425,84.3695238095,84.304999999975,-0.059077780000000045,-0.05849583500000001,0.07716390000000001,0.055710425,0.10026507000000001,0.10610237749999996,0.10019046666666674,0.10896785,47.420000000000016,48.4625,-0.4647231720437684,0.88545602565321,3.4011973816621555
sj,1996,49,1996-12-02,-0.1171,-0.01016667,0.2602714,0.2308429,0.0,297.642857143,297.678571429,292.941428571,299.7,295.6,20.57,75.2928571429,0.0,14.4585714286,1.9,25.0142857143,5.05714285714,28.3,21.7,19.6,22,17.1285714286,16.8428571429,16.6771428571,17.7014285714,295.667142857,295.438571429,295.265714286,296.26,86.0714285714,83.3971428571,83.64,84.1114285714,298.421428571,298.557142857,298.214285714,299.235714286,25.6142857143,25.8714285714,26.1571428571,26.8428571429,-0.08808888999999999,-0.059077779999999996,-0.03006667,-0.05675,0.1038667,0.039525,0.0881,-0.00865,0.1649714,0.06076667,0.07505714,0.1236143,0.1447714,0.0578,0.098,0.1353,65.18,42.76,34.32,51.59,16.143333333366666,16.2767857143,298.219047619,298.21785714274995,25.5,25.664285714274996,81.58714285713334,82.10035714285,-0.08808889000000004,-0.073583335,0.04440834333333334,0.05533125750000001,0.16200315666666668,0.14026665249999998,0.1444714333333334,0.132853575,35.98000000000002,35.565,-0.35460488704253595,0.9350162426854147,3.1354942159291497
sj,1996,50,1996-12-09,-0.07093333333333333,0.0495,0.1559143,0.176,0.0,297.827142857,297.978571429,292.662857143,300.6,295.2,3.8,73.2528571429,0.0,14.2457142857,2.75714285714,24.8,6.57142857143,30.0,20.6,3.1,27,14.4585714286,17.1285714286,16.8428571429,16.6771428571,292.941428571,295.667142857,295.438571429,295.265714286,75.2928571429,86.0714285714,83.3971428571,83.64,297.678571429,298.421428571,298.557142857,298.214285714,25.0142857143,25.6142857143,25.8714285714,26.1571428571,-0.1171,-0.08808888999999999,-0.059077779999999996,-0.03006667,-0.01016667,0.1038667,0.039525,0.0881,0.2602714,0.1649714,0.06076667,0.07505714,0.2308429,0.1447714,0.0578,0.098,0.0,65.18,42.76,34.32,15.277619047633332,15.668928571450001,298.0261904763333,298.1589285715,25.142857142866664,25.325000000000003,78.20571428573334,79.503571428575,-0.09204074111111114,-0.08380000083333335,0.04773334333333334,0.0456812575,0.19371903333333332,0.16048094249999997,0.18387143333333342,0.152353575,21.726666666666684,26.985,-0.2393156642875578,0.970941817426052,3.332204510175204
sj,1996,51,1996-12-16,-0.024766666666666673,0.1639,0.1702286,0.1818571,0.0,296.635714286,296.771428571,292.787142857,299.1,295.6,40.7,79.3728571429,0.0,14.3328571429,1.82857142857,24.9571428571,4.7,28.9,21.1,25.4,24,14.2457142857,14.4585714286,17.1285714286,16.8428571429,292.662857143,292.941428571,295.667142857,295.438571429,73.2528571429,75.2928571429,86.0714285714,83.3971428571,297.978571429,297.678571429,298.421428571,298.557142857,24.8,25.0142857143,25.6142857143,25.8714285714,-0.07093333333333333,-0.1171,-0.08808888999999999,-0.059077779999999996,0.0495,-0.01016667,0.1038667,0.039525,0.1559143,0.2602714,0.1649714,0.06076667,0.176,0.2308429,0.1447714,0.0578,0.0,0.0,65.18,42.76,14.345714285733331,15.04142857145,297.47619047633333,297.7125,24.923809523800003,25.096428571425,75.9728571429,78.497500000025,-0.07093333333333338,-0.0752222225,0.06774444333333333,0.07677500749999999,0.19547143333333336,0.18784642499999998,0.1962333333333334,0.18336785,0.0,16.295,-0.12053668025532363,0.992708874098054,3.2188758248682006
sj,1996,52,1996-12-23,0.0214,0.0214,0.156975,0.1470375,0.0,297.031428571,297.114285714,291.424285714,299.0,294.5,3.93,71.0628571429,0.0,13.1528571429,2.48571428571,24.5142857143,5.78571428571,27.8,19.4,4.0,26,14.3328571429,14.2457142857,14.4585714286,17.1285714286,292.787142857,292.662857143,292.941428571,295.667142857,79.3728571429,73.2528571429,75.2928571429,86.0714285714,296.771428571,297.978571429,297.678571429,298.421428571,24.9571428571,24.8,25.0142857143,25.6142857143,-0.024766666666666673,-0.07093333333333333,-0.1171,-0.08808888999999999,0.1639,0.0495,-0.01016667,0.1038667,0.1702286,0.1559143,0.2602714,0.1649714,0.1818571,0.176,0.2308429,0.1447714,0.0,0.0,0.0,65.18,13.910476190499997,14.047500000025,297.28809523800004,297.38571428575,24.757142857133335,24.821428571425002,74.5628571429,74.74535714289999,-0.02476666666666671,-0.04785000000000002,0.07826666666666666,0.0561583325,0.16103930000000002,0.18584732499999998,0.16829820000000006,0.18393437499999998,0.0,0.0,6.432490598706546e-16,1.0,3.295836866004329
sj,1997,1,1997-01-01,0.1526333,0.1094,0.2077429,0.1732857,0.0,299.677142857,299.821428571,295.014285714,301.5,297.7,3.24,75.6785714286,0.0,16.3771428571,2.35714285714,26.6285714286,7.71428571429,31.7,21.7,0.5,29,13.1528571429,14.3328571429,14.2457142857,14.4585714286,291.424285714,292.787142857,292.662857143,292.941428571,71.0628571429,79.3728571429,73.2528571429,75.2928571429,297.114285714,296.771428571,297.978571429,297.678571429,24.5142857143,24.9571428571,24.8,25.0142857143,0.0214,-0.024766666666666673,-0.07093333333333333,-0.1171,0.0214,0.1639,0.0495,-0.01016667,0.156975,0.1702286,0.1559143,0.2602714,0.1470375,0.1818571,0.176,0.2308429,0.0,0.0,0.0,0.0,14.620952380966665,14.52714285715,297.902380952,297.92142857125,25.36666666666667,25.225,75.37142857146667,74.841785714325,0.049755544444444404,0.019583324999999985,0.09823333333333333,0.08604999999999999,0.17831550000000004,0.17271519999999999,0.16739343333333342,0.169545075,0.0,0.0,0.12053668025532305,0.992708874098054,3.4011973816621555
sj,1997,2,1997-01-08,0.003366649999999999,0.1839,0.2683714,0.1435857,0.0,297.188571429,297.428571429,293.558571429,299.2,295.6,24.14,80.3,0.0,14.9671428571,2.37142857143,24.6714285714,5.64285714286,27.8,21.1,29.0,22,16.3771428571,13.1528571429,14.3328571429,14.2457142857,295.014285714,291.424285714,292.787142857,292.662857143,75.6785714286,71.0628571429,79.3728571429,73.2528571429,299.821428571,297.114285714,296.771428571,297.978571429,26.6285714286,24.5142857143,24.9571428571,24.8,0.1526333,0.0214,-0.024766666666666673,-0.07093333333333333,0.1094,0.0214,0.1639,0.0495,0.2077429,0.156975,0.1702286,0.1559143,0.1732857,0.1470375,0.1818571,0.176,0.0,0.0,0.0,0.0,14.832380952366664,14.7075,298.12142857133335,297.78392857125,25.271428571433333,25.19285714285,75.6804761905,76.60357142859999,0.05913331666666663,0.03815832083333332,0.1049,0.11965,0.21102976666666665,0.200829475,0.15463630000000006,0.1614415,0.0,0.0,0.23931566428755774,0.970941817426052,3.1354942159291497
sj,1997,3,1997-01-15,-0.1459,0.0338,0.2233714,0.2170857,0.0,297.568571429,297.664285714,292.797142857,299.4,296.1,7.79,74.94,0.0,14.2785714286,2.24285714286,24.3857142857,6.65714285714,28.9,19.4,0.6,33,14.9671428571,16.3771428571,13.1528571429,14.3328571429,293.558571429,295.014285714,291.424285714,292.787142857,80.3,75.6785714286,71.0628571429,79.3728571429,297.428571429,299.821428571,297.114285714,296.771428571,24.6714285714,26.6285714286,24.5142857143,24.9571428571,0.003366649999999999,0.1526333,0.0214,-0.024766666666666673,0.1839,0.1094,0.0214,0.1639,0.2683714,0.2077429,0.156975,0.1702286,0.1435857,0.1732857,0.1470375,0.1818571,0.0,0.0,0.0,0.0,15.2076190476,14.693928571425001,298.3047619046667,298.007142857,25.228571428566667,25.05,76.97285714286666,75.49535714287501,0.003366649999999962,0.007874987499999986,0.10903333333333336,0.08712500000000001,0.23316190000000003,0.214115175,0.17798570000000005,0.17024865,0.0,0.0,0.3546048870425356,0.9350162426854148,3.5263605246161616
sj,1997,4,1997-01-22,0.0495,0.07316667,0.1704714,0.1861429,6.65,297.485714286,297.742857143,293.787142857,300.9,295.2,23.5,80.0928571429,6.65,15.1742857143,3.14285714286,24.9,6.42857142857,28.9,21.1,2.0,24,14.2785714286,14.9671428571,16.3771428571,13.1528571429,292.797142857,293.558571429,295.014285714,291.424285714,74.94,80.3,75.6785714286,71.0628571429,297.664285714,297.428571429,299.821428571,297.114285714,24.3857142857,24.6714285714,26.6285714286,24.5142857143,-0.1459,0.003366649999999999,0.1526333,0.0214,0.0338,0.1839,0.1094,0.0214,0.2233714,0.2683714,0.2077429,0.156975,0.2170857,0.1435857,0.1732857,0.1470375,0.0,0.0,0.0,0.0,14.806666666666665,15.199285714275,297.611904762,298.16428571425,24.652380952366666,25.146428571424998,78.44428571430001,77.752857142875,-0.031011116666666703,0.014899987499999986,0.09695555666666666,0.10006666750000001,0.22073806666666665,0.21748927499999998,0.1822714333333334,0.18002500000000002,2.216666666666681,1.6625,0.4647231720437685,0.8854560256532099,3.2188758248682006
sj,1997,5,1997-01-29,0.0451,0.04505,0.1107571,0.1018,66.05,296.741428571,296.842857143,293.532857143,298.9,295.3,81.3,82.3885714286,66.05,14.8985714286,1.82857142857,24.6285714286,4.68571428571,28.3,21.1,58.9,30,15.1742857143,14.2785714286,14.9671428571,16.3771428571,293.787142857,292.797142857,293.558571429,295.014285714,80.0928571429,74.94,80.3,75.6785714286,297.742857143,297.664285714,297.428571429,299.821428571,24.9,24.3857142857,24.6714285714,26.6285714286,0.0495,-0.1459,0.003366649999999999,0.1526333,0.07316667,0.0338,0.1839,0.1094,0.1704714,0.2233714,0.2683714,0.2077429,0.1861429,0.2170857,0.1435857,0.1732857,6.65,0.0,0.0,0.0,14.783809523833332,14.82964285715,297.4166666666667,297.41964285725,24.638095238100004,24.646428571425,79.1404761905,79.43035714287501,-0.017100000000000035,-0.011983337500000014,0.05067222333333333,0.0839791675,0.1681999666666667,0.19324282499999998,0.16834286666666673,0.16215357500000002,24.23333333333335,18.175,0.5680647467311558,0.8229838658936564,3.4339872044851463
sj,1997,6,1997-02-05,0.04245,0.03413333,0.1372714,0.1156857,53.52,297.27,297.407142857,292.575714286,299.1,295.8,14.3,75.0757142857,53.52,14.0585714286,2.07142857143,23.7,6.1,27.8,19.4,49.5,20,14.8985714286,15.1742857143,14.2785714286,14.9671428571,293.532857143,293.787142857,292.797142857,293.558571429,82.3885714286,80.0928571429,74.94,80.3,296.842857143,297.742857143,297.664285714,297.428571429,24.6285714286,24.9,24.3857142857,24.6714285714,0.0451,0.0495,-0.1459,0.003366649999999999,0.04505,0.07316667,0.0338,0.1839,0.1107571,0.1704714,0.2233714,0.2683714,0.1018,0.1861429,0.2170857,0.1435857,66.05,6.65,0.0,0.0,14.710476190499998,14.602500000025,297.33095238100003,297.41428571425,24.40952380953333,24.403571428575,79.18571428573334,78.1242857143,0.0456833333333333,-0.002212500000000013,0.05078333333333334,0.0465375,0.13949996666666667,0.160467825,0.13454286666666673,0.155178575,42.07333333333335,31.555,0.6631226582407952,0.7485107481711011,3.044522437723423
sj,1997,7,1997-02-12,0.0455,0.1281,0.1796714,0.1705857,24.98,297.12,297.292857143,293.637142857,298.8,295.7,50.58,80.9471428571,24.98,15.0171428571,1.7,24.5714285714,5.7,27.8,21.1,25.4,17,14.0585714286,14.8985714286,15.1742857143,14.2785714286,292.575714286,293.532857143,293.787142857,292.797142857,75.0757142857,82.3885714286,80.0928571429,74.94,297.407142857,296.842857143,297.742857143,297.664285714,23.7,24.6285714286,24.9,24.3857142857,0.04245,0.0451,0.0495,-0.1459,0.03413333,0.04505,0.07316667,0.0338,0.1372714,0.1107571,0.1704714,0.2233714,0.1156857,0.1018,0.1861429,0.2170857,53.52,66.05,6.65,0.0,14.658095238099998,14.787142857149998,297.180952381,297.3214285715,24.3,24.45,79.47047619046667,79.626071428575,0.044349999999999966,0.045637499999999984,0.06909444333333332,0.0701125,0.14256663333333333,0.149542825,0.1293571333333334,0.143553575,48.183333333333344,37.800000000000004,0.7485107481711011,0.6631226582407953,2.8903717578961645
sj,1997,8,1997-02-19,0.0297,0.07732,0.1488286,0.1815429,0.0,297.587142857,297.714285714,293.221428571,299.2,296.2,15.14,76.7128571429,0.0,14.6142857143,2.05714285714,24.6857142857,6.27142857143,28.3,21.1,22.9,24,15.0171428571,14.0585714286,14.8985714286,15.1742857143,293.637142857,292.575714286,293.532857143,293.787142857,80.9471428571,75.0757142857,82.3885714286,80.0928571429,297.292857143,297.407142857,296.842857143,297.742857143,24.5714285714,23.7,24.6285714286,24.9,0.0455,0.04245,0.0451,0.0495,0.1281,0.03413333,0.04505,0.07316667,0.1796714,0.1372714,0.1107571,0.1704714,0.1705857,0.1156857,0.1018,0.1861429,24.98,53.52,66.05,6.65,14.563333333333333,14.64714285715,297.4714285713333,297.31428571425,24.31904761903333,24.396428571425,77.57857142856666,78.781071428575,0.03921666666666663,0.04068749999999999,0.07985110999999999,0.07115083250000001,0.15525713333333335,0.144132125,0.15593810000000008,0.142403575,26.166666666666682,36.1375,0.8229838658936564,0.5680647467311559,3.2188758248682006
sj,1997,9,1997-02-26,0.057499999999999996,0.04896667,0.15534,0.1579,0.0,297.264285714,297.357142857,292.472857143,298.8,295.7,15.1,74.6314285714,0.0,13.9314285714,2.17142857143,24.4714285714,5.54285714286,27.8,21.1,30.0,28,14.6142857143,15.0171428571,14.0585714286,14.8985714286,293.221428571,293.637142857,292.575714286,293.532857143,76.7128571429,80.9471428571,75.0757142857,82.3885714286,297.714285714,297.292857143,297.407142857,296.842857143,24.6857142857,24.5714285714,23.7,24.6285714286,0.0297,0.0455,0.04245,0.0451,0.07732,0.1281,0.03413333,0.04505,0.1488286,0.1796714,0.1372714,0.1107571,0.1815429,0.1705857,0.1156857,0.1018,0.0,24.98,53.52,66.05,14.52095238093333,14.405357142849999,297.45476190466667,297.44285714275003,24.57619047616667,24.357142857124998,77.43047619046666,76.841785714275,0.04423333333333329,0.043787499999999986,0.08479555666666666,0.07213,0.16128,0.15527785,0.17000953333333343,0.15642857500000001,8.32666666666668,19.625,0.8854560256532099,0.4647231720437686,3.367295829986474
sj,1997,10,1997-03-05,0.0853,0.067683335,0.2277,0.2670143,0.0,297.292857143,297.392857143,292.41,299.0,295.5,9.5,74.2557142857,0.0,13.8857142857,2.21428571429,24.5714285714,4.98571428571,27.8,21.1,15.5,18,13.9314285714,14.6142857143,15.0171428571,14.0585714286,292.472857143,293.221428571,293.637142857,292.575714286,74.6314285714,76.7128571429,80.9471428571,75.0757142857,297.357142857,297.714285714,297.292857143,297.407142857,24.4714285714,24.6857142857,24.5714285714,23.7,0.057499999999999996,0.0297,0.0455,0.04245,0.04896667,0.07732,0.1281,0.03413333,0.15534,0.1488286,0.1796714,0.1372714,0.1579,0.1815429,0.1705857,0.1156857,0.0,0.0,24.98,53.52,14.143809523799996,14.362142857125,297.48809523799997,297.43928571425,24.57619047616667,24.574999999975002,75.2,76.63678571427499,0.05749999999999996,0.05449999999999998,0.06465666833333333,0.08051750125,0.17728953333333333,0.17788500000000002,0.20215240000000004,0.194260725,0.0,6.245,0.9350162426854148,0.35460488704253557,2.9444389791664403
sj,1997,11,1997-03-12,0.1131,0.0864,0.1700714,0.1512429,0.0,297.138571429,297.35,292.495714286,299.3,295.8,14.3,75.3728571429,0.0,13.9771428571,2.15714285714,24.3571428571,5.78571428571,27.8,21.1,13.8,13,13.8857142857,13.9314285714,14.6142857143,15.0171428571,292.41,292.472857143,293.221428571,293.637142857,74.2557142857,74.6314285714,76.7128571429,80.9471428571,297.392857143,297.357142857,297.714285714,297.292857143,24.5714285714,24.4714285714,24.6857142857,24.5714285714,0.0853,0.057499999999999996,0.0297,0.0455,0.067683335,0.04896667,0.07732,0.1281,0.2277,0.15534,0.1488286,0.1796714,0.2670143,0.1579,0.1815429,0.1705857,0.0,0.0,0.0,24.98,13.931428571399998,14.102142857125001,297.36666666666673,297.4535714285,24.466666666633333,24.5214285714,74.75333333333333,75.243214285725,0.08529999999999997,0.07139999999999999,0.067683335,0.07009250125,0.1843704666666667,0.175485,0.19205240000000004,0.18942502500000002,0.0,0.0,0.970941817426052,0.23931566428755804,2.639057329615259
sj,1997,12,1997-03-19,0.1409,0.12525,0.2582143,0.2533286,0.0,297.078571429,297.221428571,292.767142857,299.1,296.0,17.92,76.9042857143,0.0,14.2228571429,1.9,24.7428571429,6.58571428571,28.9,21.1,15.2,9,13.9771428571,13.8857142857,13.9314285714,14.6142857143,292.495714286,292.41,292.472857143,293.221428571,75.3728571429,74.2557142857,74.6314285714,76.7128571429,297.35,297.392857143,297.357142857,297.714285714,24.3571428571,24.5714285714,24.4714285714,24.6857142857,0.1131,0.0853,0.057499999999999996,0.0297,0.0864,0.067683335,0.04896667,0.07732,0.1700714,0.2277,0.15534,0.1488286,0.1512429,0.2670143,0.1579,0.1815429,0.0,0.0,0.0,0.0,14.028571428566664,14.004285714275,297.32142857133334,297.33035714275,24.557142857133332,24.5357142857,75.51095238096666,75.291071428575,0.11309999999999996,0.09919999999999998,0.09311111166666668,0.08207500125,0.2186619,0.202831425,0.22386193333333337,0.20737145,0.0,0.0,0.992708874098054,0.120536680255323,2.302585092994046
sj,1997,13,1997-03-26,0.11245,0.107,0.2076143,0.2154,0.0,297.721428571,297.921428571,292.758571429,300.6,295.7,7.0,74.1185714286,0.0,14.2271428571,3.44285714286,25.3142857143,8.07142857143,31.1,20.6,1.5,14,14.2228571429,13.9771428571,13.8857142857,13.9314285714,292.767142857,292.495714286,292.41,292.472857143,76.9042857143,75.3728571429,74.2557142857,74.6314285714,297.221428571,297.35,297.392857143,297.357142857,24.7428571429,24.3571428571,24.5714285714,24.4714285714,0.1409,0.1131,0.0853,0.057499999999999996,0.12525,0.0864,0.067683335,0.04896667,0.2582143,0.1700714,0.2277,0.15534,0.2533286,0.1512429,0.2670143,0.1579,0.0,0.0,0.0,0.0,14.142380952366665,14.078214285700001,297.49761904733333,297.47142857125,24.804761904766664,24.746428571425,75.46523809526667,75.162857142875,0.12214999999999997,0.11293749999999998,0.10621666666666667,0.09658333375,0.21196666666666666,0.2159,0.20665716666666675,0.22174645,0.0,0.0,1.0,-1.6081226496766364e-16,2.70805020110221
sj,1997,14,1997-04-02,0.086325,0.123,0.1983167,0.1916833,0.0,297.692857143,297.857142857,292.775714286,299.9,295.5,5.9,74.2057142857,0.0,14.2314285714,2.68571428571,25.0857142857,7.45714285714,29.4,20.6,2.9,11,14.2271428571,14.2228571429,13.9771428571,13.8857142857,292.758571429,292.767142857,292.495714286,292.41,74.1185714286,76.9042857143,75.3728571429,74.2557142857,297.921428571,297.221428571,297.35,297.392857143,25.3142857143,24.7428571429,24.3571428571,24.5714285714,0.11245,0.1409,0.1131,0.0853,0.107,0.12525,0.0864,0.067683335,0.2076143,0.2582143,0.1700714,0.2277,0.2154,0.2533286,0.1512429,0.2670143,0.0,0.0,0.0,0.0,14.22714285713333,14.164642857125,297.6666666663333,297.58749999975,25.047619047633333,24.875,75.07619047620001,75.15035714287501,0.11322499999999995,0.11319374999999998,0.11841666666666667,0.1104125,0.22138176666666667,0.208554175,0.2201373000000001,0.2029137,0.0,0.0,0.992708874098054,-0.12053668025532288,2.4849066497880004
sj,1997,15,1997-04-09,0.0602,0.069825,0.2164286,0.2027714,6.65,296.595714286,296.635714286,291.842857143,300.7,294.3,18.73,74.85,6.65,13.4928571429,2.38571428571,25.3571428571,5.61428571429,31.1,21.7,0.6,11,14.2314285714,14.2271428571,14.2228571429,13.9771428571,292.775714286,292.758571429,292.767142857,292.495714286,74.2057142857,74.1185714286,76.9042857143,75.3728571429,297.857142857,297.921428571,297.221428571,297.35,25.0857142857,25.3142857143,24.7428571429,24.3571428571,0.086325,0.11245,0.1409,0.1131,0.123,0.107,0.12525,0.0864,0.1983167,0.2076143,0.2582143,0.1700714,0.1916833,0.2154,0.2533286,0.1512429,0.0,0.0,0.0,0.0,13.983809523799998,14.043571428575,297.4714285713333,297.40892857125,25.252380952366668,25.125,74.39142857143334,75.01964285715,0.08632499999999997,0.09996874999999998,0.09994166666666666,0.10626875,0.2074532,0.220143475,0.20328490000000007,0.215795825,2.216666666666681,1.6625,0.9709418174260521,-0.2393156642875575,2.4849066497880004
sj,1997,16,1997-04-16,0.033075,0.05155,0.2085429,0.2354857,0.0,297.178571429,297.464285714,291.674285714,299.6,295.1,7.5,71.5585714286,0.0,13.35,2.78571428571,25.9,7.92857142857,31.7,20.0,0.8,19,13.4928571429,14.2314285714,14.2271428571,14.2228571429,291.842857143,292.775714286,292.758571429,292.767142857,74.85,74.2057142857,74.1185714286,76.9042857143,296.635714286,297.857142857,297.921428571,297.221428571,25.3571428571,25.0857142857,25.3142857143,24.7428571429,0.0602,0.086325,0.11245,0.1409,0.069825,0.123,0.107,0.12525,0.2164286,0.1983167,0.2076143,0.2582143,0.2027714,0.1916833,0.2154,0.2533286,6.65,0.0,0.0,0.0,13.691428571433333,13.82535714285,297.319047619,297.469642857,25.4476190476,25.414285714275,73.5380952381,73.683214285725,0.059866666666666624,0.07301249999999998,0.08145833333333334,0.08784375,0.20776273333333337,0.207725625,0.2099801333333334,0.2113351,2.216666666666681,1.6625,0.9350162426854148,-0.35460488704253545,2.995732273553991
sj,1997,17,1997-04-23,0.0388,0.023,0.2024429,0.2222571,0.0,298.821428571,299.05,294.098571429,301.7,296.7,16.2,75.4171428571,0.0,15.5014285714,3.84285714286,27.6714285714,9.61428571429,34.4,21.1,0.0,10,13.35,13.4928571429,14.2314285714,14.2271428571,291.674285714,291.842857143,292.775714286,292.758571429,71.5585714286,74.85,74.2057142857,74.1185714286,297.464285714,296.635714286,297.857142857,297.921428571,25.9,25.3571428571,25.0857142857,25.3142857143,0.033075,0.0602,0.086325,0.11245,0.05155,0.069825,0.123,0.107,0.2085429,0.2164286,0.1983167,0.2076143,0.2354857,0.2027714,0.1916833,0.2154,0.0,6.65,0.0,0.0,14.114761904766665,14.143928571425,297.7166666666667,297.75178571425,26.309523809499996,26.00357142855,73.9419047619,74.00785714285,0.04402499999999996,0.05459999999999998,0.048125,0.06684375000000001,0.20913813333333334,0.206432775,0.22017140000000004,0.213049375,2.216666666666681,1.6625,0.8854560256532099,-0.4647231720437685,2.3978952727983707
sj,1997,18,1997-04-30,-0.0035,0.007333333,0.1991,0.1928833,5.73,299.204285714,299.385714286,294.82,301.7,296.7,4.0,76.9528571429,5.73,16.17,3.45714285714,27.7714285714,8.27142857143,33.9,22.8,0.5,8,15.5014285714,13.35,13.4928571429,14.2314285714,294.098571429,291.674285714,291.842857143,292.775714286,75.4171428571,71.5585714286,74.85,74.2057142857,299.05,297.464285714,296.635714286,297.857142857,27.6714285714,25.9,25.3571428571,25.0857142857,0.0388,0.033075,0.0602,0.086325,0.023,0.05155,0.069825,0.123,0.2024429,0.2085429,0.2164286,0.1983167,0.2222571,0.2354857,0.2027714,0.1916833,0.0,0.0,6.65,0.0,15.007142857133331,14.628571428575,298.6333333333334,298.1339285715,27.114285714266668,26.674999999975,74.64285714286667,74.69464285715,0.022791666666666627,0.03214374999999999,0.027294444333333334,0.03792708325,0.20336193333333333,0.2066286,0.21687536666666674,0.213349375,1.9100000000000144,3.095,0.8229838658936565,-0.5680647467311557,2.1972245773362196
sj,1997,19,1997-05-07,-0.0597,0.0331,0.1650857,0.1324571,0.0,299.35,299.507142857,294.727142857,301.1,297.8,1.5,75.8785714286,0.0,16.0785714286,2.7,27.9285714286,8.42857142857,33.9,23.3,0.3,8,16.17,15.5014285714,13.35,13.4928571429,294.82,294.098571429,291.674285714,291.842857143,76.9528571429,75.4171428571,71.5585714286,74.85,299.385714286,299.05,297.464285714,296.635714286,27.7714285714,27.6714285714,25.9,25.3571428571,-0.0035,0.0388,0.033075,0.0602,0.007333333,0.023,0.05155,0.069825,0.1991,0.2024429,0.2085429,0.2164286,0.1928833,0.2222571,0.2354857,0.2027714,5.73,0.0,0.0,6.65,15.916666666666664,15.275000000000002,299.3142857143334,298.85178571425,27.790476190466666,27.31785714285,76.08285714286667,74.9517857143,-0.008133333333333373,0.0021687499999999867,0.02114444433333333,0.02874583325,0.18887620000000002,0.193792875,0.18253250000000007,0.1957708,1.9100000000000144,1.4325,0.7485107481711013,-0.663122658240795,2.1972245773362196
sj,1997,20,1997-05-14,0.1019,0.0747,0.1175167,0.1297857,33.03,298.85,298.985714286,294.798571429,301.4,297.1,27.3,78.5371428571,33.03,16.1442857143,2.54285714286,27.5714285714,8.67142857143,32.8,22.2,12.6,9,16.0785714286,16.17,15.5014285714,13.35,294.727142857,294.82,294.098571429,291.674285714,75.8785714286,76.9528571429,75.4171428571,71.5585714286,299.507142857,299.385714286,299.05,297.464285714,27.9285714286,27.7714285714,27.6714285714,25.9,-0.0597,-0.0035,0.0388,0.033075,0.0331,0.007333333,0.023,0.05155,0.1650857,0.1991,0.2024429,0.2085429,0.1324571,0.1928833,0.2222571,0.2354857,0.0,5.73,0.0,0.0,16.130952380966665,15.973571428575001,299.29285714300005,299.23214285725,27.757142857133335,27.735714285700002,77.12285714286666,76.696428571425,0.012899999999999962,0.019374999999999986,0.03837777766666667,0.03453333325,0.16056746666666669,0.17103632500000002,0.15170870000000009,0.1693458,12.920000000000016,9.690000000000001,0.6631226582407952,-0.7485107481711012,2.302585092994046
sj,1997,21,1997-05-21,0.0798,0.1065333,0.1590333,0.09873333,0.0,299.241428571,299.385714286,294.661428571,301.1,297.8,10.1,75.9828571429,0.0,15.9971428571,2.42857142857,27.5857142857,7.08571428571,32.2,23.9,12.9,3,16.1442857143,16.0785714286,16.17,15.5014285714,294.798571429,294.727142857,294.82,294.098571429,78.5371428571,75.8785714286,76.9528571429,75.4171428571,298.985714286,299.507142857,299.385714286,299.05,27.5714285714,27.9285714286,27.7714285714,27.6714285714,0.1019,-0.0597,-0.0035,0.0388,0.0747,0.0331,0.007333333,0.023,0.1175167,0.1650857,0.1991,0.2024429,0.1297857,0.1324571,0.1928833,0.2222571,33.03,0.0,5.73,0.0,16.07333333333333,16.0975,299.292857143,299.31607142875004,27.695238095233332,27.714285714275,76.79952380953334,76.837857142875,0.04066666666666663,0.029624999999999985,0.07144443333333333,0.05541665825,0.14721190000000003,0.160183925,0.12032537666666675,0.13846485749999998,11.010000000000014,9.690000000000001,0.5680647467311558,-0.8229838658936564,1.3862943611198906
sj,1997,22,1997-05-28,0.0235,0.05535,0.2090857,0.1450571,64.1,299.281428571,299.435714286,295.262857143,301.4,297.7,10.5,78.7114285714,64.1,16.66,2.67142857143,27.3142857143,7.02857142857,31.7,22.8,30.5,7,15.9971428571,16.1442857143,16.0785714286,16.17,294.661428571,294.798571429,294.727142857,294.82,75.9828571429,78.5371428571,75.8785714286,76.9528571429,299.385714286,298.985714286,299.507142857,299.385714286,27.5857142857,27.5714285714,27.9285714286,27.7714285714,0.0798,0.1019,-0.0597,-0.0035,0.1065333,0.0747,0.0331,0.007333333,0.1590333,0.1175167,0.1650857,0.1991,0.09873333,0.1297857,0.1324571,0.1928833,0.0,33.03,0.0,5.73,16.267142857133333,16.22,299.2690476193334,299.32857142875,27.490476190466666,27.599999999999998,77.7438095238,77.2775,0.06839999999999996,0.036374999999999984,0.0788611,0.067420825,0.1618785666666667,0.16268035,0.12452537666666674,0.1265083075,32.37666666666668,24.2825,0.46472317204376906,-0.8854560256532096,2.0794415416798357
sj,1997,23,1997-06-04,0.0557,0.08895,0.1841571,0.1623571,118.35,298.995714286,299.042857143,295.978571429,300.6,297.9,41.7,83.4857142857,118.35,17.3685714286,1.97142857143,27.2714285714,7.07142857143,32.8,22.2,31.3,14,16.66,15.9971428571,16.1442857143,16.0785714286,295.262857143,294.661428571,294.798571429,294.727142857,78.7114285714,75.9828571429,78.5371428571,75.8785714286,299.435714286,299.385714286,298.985714286,299.507142857,27.3142857143,27.5857142857,27.5714285714,27.9285714286,0.0235,0.0798,0.1019,-0.0597,0.05535,0.1065333,0.0747,0.0331,0.2090857,0.1590333,0.1175167,0.1650857,0.1450571,0.09873333,0.1297857,0.1324571,64.1,0.0,33.03,0.0,16.675238095233333,16.542499999999997,299.28809523833337,299.21250000025003,27.390476190466668,27.4357142857,79.39333333333333,79.179285714275,0.052999999999999964,0.06522499999999999,0.0836111,0.081383325,0.18409203333333335,0.1674482,0.1353825100000001,0.1339833075,60.816666666666684,53.87,0.35460488704253584,-0.9350162426854147,2.70805020110221
sj,1997,24,1997-06-11,0.1197,0.0904,0.1477167,0.1914143,0.0,300.001428571,300.264285714,296.174285714,302.3,298.2,9.9,79.7457142857,0.0,17.62,2.87142857143,28.6,7.0,32.8,23.9,0.3,4,17.3685714286,16.66,15.9971428571,16.1442857143,295.978571429,295.262857143,294.661428571,294.798571429,83.4857142857,78.7114285714,75.9828571429,78.5371428571,299.042857143,299.435714286,299.385714286,298.985714286,27.2714285714,27.3142857143,27.5857142857,27.5714285714,0.0557,0.0235,0.0798,0.1019,0.08895,0.05535,0.1065333,0.0747,0.1841571,0.2090857,0.1590333,0.1175167,0.1623571,0.1450571,0.09873333,0.1297857,118.35,64.1,0.0,33.03,17.216190476199998,16.911428571425,299.58095238100003,299.53214285725,27.728571428566667,27.69285714285,80.6476190476,79.481428571425,0.06629999999999997,0.06967499999999999,0.07823333333333332,0.085308325,0.18031983333333335,0.1749982,0.16627616666666675,0.14939045750000002,60.816666666666684,45.6125,0.23931566428755768,-0.970941817426052,1.6094379124341003
sj,1997,25,1997-06-18,0.0108,0.05426667,0.1710429,0.2157,2.43,300.367142857,300.6,296.411428571,302.6,298.0,7.8,79.3642857143,2.43,17.8471428571,2.91428571429,29.0142857143,7.51428571429,33.9,23.9,0.5,9,17.62,17.3685714286,16.66,15.9971428571,296.174285714,295.978571429,295.262857143,294.661428571,79.7457142857,83.4857142857,78.7114285714,75.9828571429,300.264285714,299.042857143,299.435714286,299.385714286,28.6,27.2714285714,27.3142857143,27.5857142857,0.1197,0.0557,0.0235,0.0798,0.0904,0.08895,0.05535,0.1065333,0.1477167,0.1841571,0.2090857,0.1590333,0.1914143,0.1623571,0.1450571,0.09873333,0.0,118.35,64.1,0.0,17.611904761899996,17.373928571424997,299.969047619,299.83571428575,28.295238095233334,28.05,80.86523809523332,80.326785714275,0.06206666666666663,0.052424999999999986,0.07787222333333332,0.0722416675,0.16763890000000004,0.1780006,0.1898238000000001,0.178632125,40.26000000000001,46.22,0.12053668025532308,-0.992708874098054,2.302585092994046
sj,1997,26,1997-06-25,0.0749,0.07762,0.1302143,0.1368,34.69,300.044285714,300.092857143,296.322857143,302.0,298.4,23.4,80.2457142857,34.69,17.7328571429,2.18571428571,28.6571428571,6.68571428571,32.8,23.9,18.6,14,17.8471428571,17.62,17.3685714286,16.66,296.411428571,296.174285714,295.978571429,295.262857143,79.3642857143,79.7457142857,83.4857142857,78.7114285714,300.6,300.264285714,299.042857143,299.435714286,29.0142857143,28.6,27.2714285714,27.3142857143,0.0108,0.1197,0.0557,0.0235,0.05426667,0.0904,0.08895,0.05535,0.1710429,0.1477167,0.1841571,0.2090857,0.2157,0.1914143,0.1623571,0.1450571,2.43,0.0,118.35,64.1,17.73333333333333,17.64214285715,300.319047619,300.0,28.75714285713333,28.3857142857,79.78523809523334,80.71035714285,0.06846666666666663,0.06527499999999999,0.07409555666666666,0.0778091675,0.1496579666666667,0.15828275,0.18130476666666673,0.17656785000000003,12.373333333333347,38.8675,-3.216245299353273e-16,-1.0,2.70805020110221
sj,1997,27,1997-07-02,0.1012,0.09026667,0.1940286,0.1983714,38.84,300.295714286,300.514285714,296.238571429,302.3,298.3,24.3,78.6385714286,38.84,17.6357142857,2.91428571429,28.4142857143,6.42857142857,32.2,24.4,4.1,7,17.7328571429,17.8471428571,17.62,17.3685714286,296.322857143,296.411428571,296.174285714,295.978571429,80.2457142857,79.3642857143,79.7457142857,83.4857142857,300.092857143,300.6,300.264285714,299.042857143,28.6571428571,29.0142857143,28.6,27.2714285714,0.0749,0.0108,0.1197,0.0557,0.07762,0.05426667,0.0904,0.08895,0.1302143,0.1710429,0.1477167,0.1841571,0.1368,0.2157,0.1914143,0.1623571,34.69,2.43,0.0,118.35,17.73857142856666,17.708928571424998,300.4023809523333,300.36785714275,28.695238095233336,28.671428571425,79.4161904762,79.498571428575,0.062299999999999967,0.07664999999999998,0.07405111333333332,0.078138335,0.16509526666666668,0.160750625,0.1836238000000001,0.185571425,25.32000000000001,18.990000000000002,-0.12053668025532283,-0.992708874098054,2.0794415416798357
sj,1997,28,1997-07-09,0.0883,0.07483333,0.1354571,0.1118571,5.87,300.488571429,300.642857143,296.415714286,302.3,299.0,21.3,78.62,5.87,17.8457142857,2.42857142857,29.0142857143,7.54285714286,33.9,23.9,8.7,9,17.6357142857,17.7328571429,17.8471428571,17.62,296.238571429,296.322857143,296.411428571,296.174285714,78.6385714286,80.2457142857,79.3642857143,79.7457142857,300.514285714,300.092857143,300.6,300.264285714,28.4142857143,28.6571428571,29.0142857143,28.6,0.1012,0.0749,0.0108,0.1197,0.09026667,0.07762,0.05426667,0.0904,0.1940286,0.1302143,0.1710429,0.1477167,0.1983714,0.1368,0.2157,0.1914143,38.84,34.69,2.43,0.0,17.738095238099998,17.76535714285,300.4166666666667,300.4625,28.695238095233336,28.775000000000002,79.16809523810001,79.21714285715001,0.0881333333333333,0.06879999999999999,0.08090666666666665,0.0742466675,0.15323333333333336,0.157685725,0.14900950000000007,0.165682125,26.46666666666668,20.4575,-0.23931566428755743,-0.9709418174260521,2.302585092994046
sj,1997,29,1997-07-16,-0.0562,0.0112,0.1573143,0.1659714,24.42,300.094285714,300.171428571,296.511428571,302.2,298.1,35.4,80.9171428571,24.42,17.9485714286,2.54285714286,28.6142857143,6.74285714286,32.8,24.4,40.9,3,17.8457142857,17.6357142857,17.7328571429,17.8471428571,296.415714286,296.238571429,296.322857143,296.411428571,78.62,78.6385714286,80.2457142857,79.3642857143,300.642857143,300.514285714,300.092857143,300.6,29.0142857143,28.4142857143,28.6571428571,29.0142857143,0.0883,0.1012,0.0749,0.0108,0.07483333,0.09026667,0.07762,0.05426667,0.1354571,0.1940286,0.1302143,0.1710429,0.1118571,0.1983714,0.1368,0.2157,5.87,38.84,34.69,2.43,17.81,17.790714285725002,300.4428571426667,300.35535714275,28.68095238096667,28.675,79.39190476190001,79.60535714285001,0.044433333333333304,0.05204999999999999,0.058766666666666655,0.06348,0.16226666666666667,0.154253575,0.15873330000000008,0.15324997499999998,23.04333333333335,25.955,-0.3546048870425356,-0.9350162426854148,1.3862943611198906
sj,1997,30,1997-07-23,-0.1562,0.044725,0.1646429,0.1496857,41.34,299.958571429,299.942857143,296.602857143,302.7,298.2,73.74,82.1328571429,41.34,18.0457142857,1.77142857143,27.9,6.28571428571,31.7,23.3,51.2,3,17.9485714286,17.8457142857,17.6357142857,17.7328571429,296.511428571,296.415714286,296.238571429,296.322857143,80.9171428571,78.62,78.6385714286,80.2457142857,300.171428571,300.642857143,300.514285714,300.092857143,28.6142857143,29.0142857143,28.4142857143,28.6571428571,-0.0562,0.0883,0.1012,0.0749,0.0112,0.07483333,0.09026667,0.07762,0.1573143,0.1354571,0.1940286,0.1302143,0.1659714,0.1118571,0.1983714,0.1368,24.42,5.87,38.84,34.69,17.946666666666665,17.868928571425002,300.25238095233334,300.31785714275003,28.509523809533334,28.485714285725003,80.55666666666667,80.07714285715001,-0.0413666666666667,-0.005725000000000015,0.04358610999999999,0.05525625,0.15247143333333335,0.16286072499999998,0.14250473333333338,0.15647139999999998,23.876666666666683,27.6175,-0.46472317204376806,-0.8854560256532101,1.3862943611198906
sj,1997,31,1997-07-30,0.1393,0.07825,0.2511714,0.1919429,29.9,300.117142857,300.214285714,296.215714286,302.4,297.8,33.6,79.4542857143,29.9,17.6171428571,2.74285714286,27.8285714286,6.6,31.7,22.8,16.3,14,18.0457142857,17.9485714286,17.8457142857,17.6357142857,296.602857143,296.511428571,296.415714286,296.238571429,82.1328571429,80.9171428571,78.62,78.6385714286,299.942857143,300.171428571,300.642857143,300.514285714,27.9,28.6142857143,29.0142857143,28.4142857143,-0.1562,-0.0562,0.0883,0.1012,0.044725,0.0112,0.07483333,0.09026667,0.1646429,0.1573143,0.1354571,0.1940286,0.1496857,0.1659714,0.1118571,0.1983714,41.34,24.42,5.87,38.84,17.870476190466665,17.864285714275,300.1095238093333,300.24285714275004,28.114285714299996,28.339285714299997,80.83476190476667,80.281071428575,-0.024366666666666693,0.0037999999999999874,0.044724999999999994,0.052252082500000005,0.19104286666666667,0.177146425,0.1692000000000001,0.154864275,31.886666666666684,25.3825,-0.5680647467311556,-0.8229838658936565,2.70805020110221
sj,1997,32,1997-08-06,0.0981,0.0981,0.1404571,0.1142286,19.57,300.294285714,300.414285714,296.735714286,302.5,297.8,28.6,81.1042857143,19.57,18.18,2.51428571429,28.6428571429,5.94285714286,32.2,25.0,5.2,12,17.6171428571,18.0457142857,17.9485714286,17.8457142857,296.215714286,296.602857143,296.511428571,296.415714286,79.4542857143,82.1328571429,80.9171428571,78.62,300.214285714,299.942857143,300.171428571,300.642857143,27.8285714286,27.9,28.6142857143,29.0142857143,0.1393,-0.1562,-0.0562,0.0883,0.07825,0.044725,0.0112,0.07483333,0.2511714,0.1646429,0.1573143,0.1354571,0.1919429,0.1496857,0.1659714,0.1118571,29.9,41.34,24.42,5.87,17.947619047599996,17.94785714285,300.19047619033336,300.1857142855,28.12380952383333,28.246428571449997,80.89714285716667,80.90214285715,0.02706666666666664,0.006249999999999988,0.07369166666666666,0.05806875,0.1854238,0.178396425,0.15195240000000007,0.15545715,30.270000000000014,28.8075,-0.663122658240795,-0.7485107481711013,2.5649493574615367
sj,1997,33,1997-08-13,0.008933333,0.046675,0.1411,0.1585714,57.65,299.84,299.992857143,296.572857143,301.9,298.1,42.79,82.3928571429,57.65,17.9885714286,2.47142857143,28.2857142857,6.61428571429,32.8,23.9,53.4,10,18.18,17.6171428571,18.0457142857,17.9485714286,296.735714286,296.215714286,296.602857143,296.511428571,81.1042857143,79.4542857143,82.1328571429,80.9171428571,300.414285714,300.214285714,299.942857143,300.171428571,28.6428571429,27.8285714286,27.9,28.6142857143,0.0981,0.1393,-0.1562,-0.0562,0.0981,0.07825,0.044725,0.0112,0.1404571,0.2511714,0.1646429,0.1573143,0.1142286,0.1919429,0.1496857,0.1659714,19.57,29.9,41.34,24.42,17.928571428566666,17.95785714285,300.207142857,300.1410714285,28.2523809524,28.1642857143,80.98380952383333,81.2710714286,0.08211111099999997,0.02253333324999999,0.07434166666666665,0.06693750000000001,0.17757616666666667,0.17434285,0.1549143000000001,0.15360715,35.70666666666668,37.115,-0.7485107481711011,-0.6631226582407952,2.3978952727983707
sj,1997,34,1997-08-20,0.0347916665,0.11135,0.1741857,0.1446,20.35,299.761428571,299.8,296.658571429,301.8,298.2,45.7,83.28,20.35,18.0914285714,2.02857142857,28.4142857143,6.51428571429,32.2,24.4,52.3,21,17.9885714286,18.18,17.6171428571,18.0457142857,296.572857143,296.735714286,296.215714286,296.602857143,82.3928571429,81.1042857143,79.4542857143,82.1328571429,299.992857143,300.414285714,300.214285714,299.942857143,28.2857142857,28.6428571429,27.8285714286,27.9,0.008933333,0.0981,0.1393,-0.1562,0.046675,0.0981,0.07825,0.044725,0.1411,0.1404571,0.2511714,0.1646429,0.1585714,0.1142286,0.1919429,0.1496857,57.65,19.57,29.9,41.34,18.086666666666662,17.969285714275,300.069047619,300.10535714275,28.447619047633335,28.292857142874997,82.25904761906668,81.55785714287501,0.04727499983333331,0.070281249875,0.08537499999999999,0.08359375,0.1519142666666667,0.17672854999999998,0.13913333333333341,0.15233572499999998,32.52333333333335,31.8675,-0.8229838658936564,-0.5680647467311559,3.091042453358316
sj,1997,35,1997-08-27,0.06065,0.08936667,0.1869714,0.2091857,94.72,300.265714286,300.335714286,296.704285714,302.5,298.8,35.9,81.1428571429,94.72,18.1828571429,2.1,27.9857142857,6.44285714286,32.2,22.8,50.0,26,18.0914285714,17.9885714286,18.18,17.6171428571,296.658571429,296.572857143,296.735714286,296.215714286,83.28,82.3928571429,81.1042857143,79.4542857143,299.8,299.992857143,300.414285714,300.214285714,28.4142857143,28.2857142857,28.6428571429,27.8285714286,0.0347916665,0.008933333,0.0981,0.1393,0.11135,0.046675,0.0981,0.07825,0.1741857,0.1411,0.1404571,0.2511714,0.1446,0.1585714,0.1142286,0.1919429,20.35,57.65,19.57,29.9,18.087619047633332,18.110714285725003,300.042857143,300.13571428575,28.228571428566667,28.332142857149996,82.27190476193333,81.980000000025,0.03479166649999998,0.05061874987499999,0.08246388999999998,0.08637291750000001,0.16741903333333333,0.16067855,0.17078570000000007,0.156646425,57.573333333333345,48.0725,-0.8854560256532096,-0.4647231720437691,3.295836866004329
sj,1997,36,1997-09-03,0.1072,0.1159667,0.2084,0.1735571,8.83,300.138571429,300.121428571,296.804285714,302.0,298.5,35.9,82.22,8.83,18.3085714286,2.07142857143,28.7285714286,6.58571428571,32.8,25.0,17.0,47,18.1828571429,18.0914285714,17.9885714286,18.18,296.704285714,296.658571429,296.572857143,296.735714286,81.1428571429,83.28,82.3928571429,81.1042857143,300.335714286,299.8,299.992857143,300.414285714,27.9857142857,28.4142857143,28.2857142857,28.6428571429,0.06065,0.0347916665,0.008933333,0.0981,0.08936667,0.11135,0.046675,0.0981,0.1869714,0.1741857,0.1411,0.1404571,0.2091857,0.1446,0.1585714,0.1142286,94.72,20.35,57.65,19.57,18.194285714299998,18.142857142875002,300.08571428566665,300.0625,28.376190476199998,28.353571428575,82.2142857143,82.25892857145,0.06754722216666664,0.05289374987499999,0.10556112333333333,0.0908395925,0.1898523666666667,0.177664275,0.17578093333333342,0.17147855,41.30000000000001,45.3875,-0.9350162426854147,-0.3546048870425359,3.8712010109078907
sj,1997,37,1997-09-10,0.03495,0.0815,0.1973143,0.1827714,11.47,300.548571429,300.721428571,297.414285714,302.6,298.9,46.4,83.1642857143,11.47,19.0442857143,2.58571428571,28.9571428571,6.12857142857,32.8,24.4,15.8,42,18.3085714286,18.1828571429,18.0914285714,17.9885714286,296.804285714,296.704285714,296.658571429,296.572857143,82.22,81.1428571429,83.28,82.3928571429,300.121428571,300.335714286,299.8,299.992857143,28.7285714286,27.9857142857,28.4142857143,28.2857142857,0.1072,0.06065,0.0347916665,0.008933333,0.1159667,0.08936667,0.11135,0.046675,0.2084,0.1869714,0.1741857,0.1411,0.1735571,0.2091857,0.1446,0.1585714,8.83,94.72,20.35,57.65,18.51190476193333,18.4067857143,300.3928571426666,300.244642857,28.55714285713333,28.521428571424998,82.17571428573332,82.4517857143,0.06759999999999998,0.05939791662499999,0.09561112333333333,0.0995458425,0.19756190000000004,0.19171785,0.1885047333333334,0.17752854999999998,38.34000000000001,33.8425,-0.970941817426052,-0.23931566428755774,3.7612001156935624
sj,1997,38,1997-09-17,-0.049,0.01545,0.1992286,0.1866286,86.14,300.682857143,300.807142857,297.247142857,303.6,299.0,36.89,81.8085714286,86.14,18.8285714286,2.58571428571,28.9,6.67142857143,34.4,25.0,18.1,31,19.0442857143,18.3085714286,18.1828571429,18.0914285714,297.414285714,296.804285714,296.704285714,296.658571429,83.1642857143,82.22,81.1428571429,83.28,300.721428571,300.121428571,300.335714286,299.8,28.9571428571,28.7285714286,27.9857142857,28.4142857143,0.03495,0.1072,0.06065,0.0347916665,0.0815,0.1159667,0.08936667,0.11135,0.1973143,0.2084,0.1869714,0.1741857,0.1827714,0.1735571,0.2091857,0.1446,11.47,8.83,94.72,20.35,18.727142857166665,18.591071428600003,300.5499999996667,300.49642857125,28.861904761899996,28.642857142849998,82.39761904763334,82.08392857145,0.031049999999999984,0.03844999999999999,0.07097223333333333,0.0755708425,0.20164763333333335,0.197978575,0.18098570000000005,0.1880357,35.48000000000001,50.29,-0.992708874098054,-0.12053668025532357,3.4657359027997265
sj,1997,39,1997-09-24,0.12258,0.09823333,0.1432143,0.1434143,13.18,300.42,300.514285714,296.385714286,302.6,298.0,39.6,78.78,13.18,17.8285714286,2.4,28.4,6.74285714286,32.2,23.9,25.4,34,18.8285714286,19.0442857143,18.3085714286,18.1828571429,297.247142857,297.414285714,296.804285714,296.704285714,81.8085714286,83.1642857143,82.22,81.1428571429,300.807142857,300.721428571,300.121428571,300.335714286,28.9,28.9571428571,28.7285714286,27.9857142857,-0.049,0.03495,0.1072,0.06065,0.01545,0.0815,0.1159667,0.08936667,0.1992286,0.1973143,0.2084,0.1869714,0.1866286,0.1827714,0.1735571,0.2091857,86.14,11.47,8.83,94.72,18.56714285716666,18.502500000025,300.68095238066667,300.54107142825,28.752380952366668,28.746428571425,81.25095238096667,81.493214285725,0.03617666666666664,0.05393249999999999,0.06506110999999999,0.07778750749999999,0.17991906666666668,0.1870393,0.1709381000000001,0.17159285,36.930000000000014,29.905,-1.0,-1.8369701987210297e-16,3.5553480614894135
sj,1997,40,1997-10-01,0.1123,0.1054,0.2000571,0.1438857,46.15,300.132857143,300.207142857,297.268571429,302.6,298.7,39.0,84.4371428571,46.15,18.8142857143,2.12857142857,27.5857142857,6.75714285714,32.2,21.7,31.2,33,17.8285714286,18.8285714286,19.0442857143,18.3085714286,296.385714286,297.247142857,297.414285714,296.804285714,78.78,81.8085714286,83.1642857143,82.22,300.514285714,300.807142857,300.721428571,300.121428571,28.4,28.9,28.9571428571,28.7285714286,0.12258,-0.049,0.03495,0.1072,0.09823333,0.01545,0.0815,0.1159667,0.1432143,0.1992286,0.1973143,0.2084,0.1434143,0.1866286,0.1827714,0.1735571,13.18,86.14,11.47,8.83,18.490476190499997,18.628928571449997,300.50952380933336,300.56249999975,28.295238095233334,28.4607142857,81.67523809523334,82.0475,0.06195999999999998,0.05520749999999999,0.07302777666666666,0.07514583250000001,0.18083333333333337,0.18495357499999998,0.15797620000000007,0.16417500000000002,48.49000000000001,39.235,-0.992708874098054,0.1205366802553232,3.5263605246161616
sj,1997,41,1997-10-08,0.0019,0.095825,0.09027143,0.0999,70.29,300.564285714,300.735714286,296.787142857,303.2,298.5,26.0,80.0842857143,70.29,18.31,2.64285714286,28.5,7.3,33.3,23.3,44.4,52,18.8142857143,17.8285714286,18.8285714286,19.0442857143,297.268571429,296.385714286,297.247142857,297.414285714,84.4371428571,78.78,81.8085714286,83.1642857143,300.207142857,300.514285714,300.807142857,300.721428571,27.5857142857,28.4,28.9,28.9571428571,0.1123,0.12258,-0.049,0.03495,0.1054,0.09823333,0.01545,0.0815,0.2000571,0.1432143,0.1992286,0.1973143,0.1438857,0.1434143,0.1866286,0.1827714,46.15,13.18,86.14,11.47,18.31761904763333,18.445357142875,300.4857142856667,300.5660714285,28.1619047619,28.346428571425,81.10047619046667,81.2775,0.07892666666666664,0.04694499999999999,0.09981944333333333,0.07872708249999999,0.1445142766666667,0.1581928575,0.12906666666666675,0.14345715,43.206666666666685,53.94,-0.9709418174260521,0.23931566428755738,3.970291913552122
sj,1997,42,1997-10-15,-0.01515,0.0831,0.2018667,0.2107333,99.33,299.478571429,299.435714286,296.435714286,302.9,297.6,182.0,83.5757142857,99.33,17.9271428571,1.84285714286,27.3571428571,6.42857142857,31.1,22.8,6.3,56,18.31,18.8142857143,17.8285714286,18.8285714286,296.787142857,297.268571429,296.385714286,297.247142857,80.0842857143,84.4371428571,78.78,81.8085714286,300.735714286,300.207142857,300.514285714,300.807142857,28.5,27.5857142857,28.4,28.9,0.0019,0.1123,0.12258,-0.049,0.095825,0.1054,0.09823333,0.01545,0.09027143,0.2000571,0.1432143,0.1992286,0.0999,0.1438857,0.1434143,0.1866286,70.29,46.15,13.18,86.14,18.350476190466665,18.22,300.12619047633336,300.22321428575003,27.814285714266664,27.9607142857,82.69904761903332,81.719285714275,0.033016666666666646,0.05540749999999999,0.09477499999999998,0.09563958249999999,0.16406507666666667,0.1588523825,0.1515063333333334,0.149483325,71.92333333333335,57.237500000000004,-0.9350162426854148,0.35460488704253557,4.04305126783455
sj,1997,43,1997-10-22,0.015716666666666667,0.1966,0.3152429,0.2916429,80.85,299.608571429,299.842857143,296.304285714,302.3,296.4,27.34,82.2342857143,80.85,17.8185714286,3.34285714286,27.7,5.88571428571,32.8,23.9,8.7,70,17.9271428571,18.31,18.8142857143,17.8285714286,296.435714286,296.787142857,297.268571429,296.385714286,83.5757142857,80.0842857143,84.4371428571,78.78,299.435714286,300.735714286,300.207142857,300.514285714,27.3571428571,28.5,27.5857142857,28.4,-0.01515,0.0019,0.1123,0.12258,0.0831,0.095825,0.1054,0.09823333,0.2018667,0.09027143,0.2000571,0.1432143,0.2107333,0.0999,0.1438857,0.1434143,99.33,70.29,46.15,13.18,18.018571428566663,18.2175,300.00476190499995,300.05535714300004,27.85238095236667,27.7857142857,81.96476190476666,82.58285714285,0.0008222222222222034,0.028691666666666657,0.12517499999999998,0.12023124999999998,0.20246034333333338,0.2018595325,0.20075873333333338,0.18654047499999998,83.49000000000002,74.155,-0.8854560256532101,0.464723172043768,4.2626798770413155
sj,1997,44,1997-10-29,0.04658333333333334,0.1695,0.2978143,0.2102,0.78,300.381428571,300.55,296.101428571,302.3,298.1,7.27,77.5328571429,0.78,17.5514285714,2.7,28.3857142857,5.81428571429,32.8,24.4,0.0,112,17.8185714286,17.9271428571,18.31,18.8142857143,296.304285714,296.435714286,296.787142857,297.268571429,82.2342857143,83.5757142857,80.0842857143,84.4371428571,299.842857143,299.435714286,300.735714286,300.207142857,27.7,27.3571428571,28.5,27.5857142857,0.015716666666666667,-0.01515,0.0019,0.1123,0.1966,0.0831,0.095825,0.1054,0.3152429,0.2018667,0.09027143,0.2000571,0.2916429,0.2107333,0.0999,0.1438857,80.85,99.33,70.29,46.15,17.765714285699996,17.901785714275,299.942857143,300.14107142875,27.814285714266664,27.9857142857,81.1142857143,80.8567857143,0.01571666666666665,0.012262499999999994,0.1497333333333333,0.13625625,0.27164130000000003,0.2262988325,0.23752540000000008,0.20311905,60.320000000000014,62.8125,-0.822983865893657,0.5680647467311548,4.727387818712341
sj,1997,45,1997-11-05,0.07745,0.14647500000000002,0.1989571,0.1767429,2.08,300.031428571,300.092857143,295.695714286,301.9,298.6,9.5,77.3071428571,2.08,17.0957142857,2.04285714286,27.7428571429,6.11428571429,31.1,23.9,27.1,70,17.5514285714,17.8185714286,17.9271428571,18.31,296.101428571,296.304285714,296.435714286,296.787142857,77.5328571429,82.2342857143,83.5757142857,80.0842857143,300.55,299.842857143,299.435714286,300.735714286,28.3857142857,27.7,27.3571428571,28.5,0.04658333333333334,0.015716666666666667,-0.01515,0.0019,0.1695,0.1966,0.0831,0.095825,0.2978143,0.3152429,0.2018667,0.09027143,0.2102,0.2916429,0.2107333,0.0999,0.78,80.85,99.33,70.29,17.488571428566665,17.5982142857,300.161904762,299.980357143,27.942857142866668,27.796428571424997,79.02476190476666,80.1625,0.04658333333333332,0.031149999999999997,0.17085833333333333,0.14891875,0.2706714333333334,0.25347025,0.22619526666666676,0.222329775,27.903333333333347,45.76,-0.7485107481711011,0.6631226582407952,4.2626798770413155
sj,1997,46,1997-11-12,0.0695,0.12345,0.1481429,0.1022714,18.83,299.687142857,299.792857143,295.345714286,302.6,297.9,9.0,77.1628571429,18.83,16.7642857143,2.24285714286,27.3428571429,7.4,32.8,22.8,34.6,47,17.0957142857,17.5514285714,17.8185714286,17.9271428571,295.695714286,296.101428571,296.304285714,296.435714286,77.3071428571,77.5328571429,82.2342857143,83.5757142857,300.092857143,300.55,299.842857143,299.435714286,27.7428571429,28.3857142857,27.7,27.3571428571,0.07745,0.04658333333333334,0.015716666666666667,-0.01515,0.14647500000000002,0.1695,0.1966,0.0831,0.1989571,0.2978143,0.3152429,0.2018667,0.1767429,0.2102,0.2916429,0.2107333,2.08,0.78,80.85,99.33,17.13714285713333,17.3075,300.14523809533335,300.06964285725,27.823809523833333,27.792857142875,77.33428571430001,78.5592857143,0.06451111111111109,0.0523125,0.146475,0.15900625000000002,0.21497143333333335,0.24003929999999998,0.1630714333333334,0.1952143,7.230000000000014,25.634999999999998,-0.6631226582407955,0.7485107481711007,3.8712010109078907
sj,1997,47,1997-11-19,0.14435,-0.1026,0.2017857,0.1477857,50.55,299.491428571,299.528571429,296.312857143,301.8,298.0,40.5,82.7657142857,50.55,17.7385714286,1.8,27.3285714286,6.0,31.1,23.9,6.1,48,16.7642857143,17.0957142857,17.5514285714,17.8185714286,295.345714286,295.695714286,296.101428571,296.304285714,77.1628571429,77.3071428571,77.5328571429,82.2342857143,299.792857143,300.092857143,300.55,299.842857143,27.3428571429,27.7428571429,28.3857142857,27.7,0.0695,0.07745,0.04658333333333334,0.015716666666666667,0.12345,0.14647500000000002,0.1695,0.1966,0.1481429,0.1989571,0.2978143,0.3152429,0.1022714,0.1767429,0.2102,0.2916429,18.83,2.08,0.78,80.85,17.199523809533332,17.2875,299.804761905,299.99107142875005,27.471428571466664,27.700000000025,79.07857142856666,78.69214285715,0.0971,0.08447083333333333,0.055775,0.08420625000000001,0.1829619,0.211675,0.14226666666666674,0.15925,23.82000000000001,18.06,-0.5680647467311559,0.8229838658936564,3.8918202981106265
sj,1997,48,1997-11-26,0.2192,0.1606,0.1749286,0.2117571,4.76,299.62,299.7,296.337142857,301.9,297.9,42.9,82.27,4.76,17.7714285714,2.2,27.2571428571,5.67142857143,30.6,23.9,81.8,49,17.7385714286,16.7642857143,17.0957142857,17.5514285714,296.312857143,295.345714286,295.695714286,296.101428571,82.7657142857,77.1628571429,77.3071428571,77.5328571429,299.528571429,299.792857143,300.092857143,300.55,27.3285714286,27.3428571429,27.7428571429,28.3857142857,0.14435,0.0695,0.07745,0.04658333333333334,-0.1026,0.12345,0.14647500000000002,0.1695,0.2017857,0.1481429,0.1989571,0.2978143,0.1477857,0.1022714,0.1767429,0.2102,50.55,18.83,2.08,0.78,17.424761904766665,17.3425,299.67380952400003,299.77857142875,27.309523809533335,27.417857142875,80.73285714286665,79.876428571425,0.14434999999999998,0.127625,0.06048333333333331,0.08198125,0.1749524,0.180953575,0.15393806666666676,0.159639275,24.71333333333335,19.055,-0.4647231720437684,0.88545602565321,3.912023005428146
sj,1997,49,1997-12-03,0.0568,0.0661,0.3493143,0.3120714,3.01,299.455714286,299.507142857,295.575714286,301.3,298.2,14.7,79.3957142857,3.01,17.0014285714,1.87142857143,26.6714285714,6.61428571429,31.7,23.3,39.9,66,17.7714285714,17.7385714286,16.7642857143,17.0957142857,296.337142857,296.312857143,295.345714286,295.695714286,82.27,82.7657142857,77.1628571429,77.3071428571,299.7,299.528571429,299.792857143,300.092857143,27.2571428571,27.3285714286,27.3428571429,27.7428571429,0.2192,0.14435,0.0695,0.07745,0.1606,-0.1026,0.12345,0.14647500000000002,0.1749286,0.2017857,0.1481429,0.1989571,0.2117571,0.1477857,0.1022714,0.1767429,4.76,50.55,18.83,2.08,17.503809523799998,17.318928571425,299.5785714286667,299.63214285725,27.085714285700004,27.150000000000002,81.47714285713333,80.398571428575,0.14011666666666664,0.12246249999999999,0.04136666666666665,0.0618875,0.2420095333333334,0.218542875,0.22387140000000008,0.1934714,19.440000000000012,19.287499999999998,-0.35460488704253595,0.9350162426854147,4.204692619390966
sj,1997,50,1997-12-10,0.05996666666666667,-0.0448,0.2314143,0.2354714,0.0,300.132857143,300.35,295.152857143,302.0,298.8,0.3,74.2814285714,0.0,16.53,2.67142857143,26.7571428571,8.25714285714,32.2,21.7,0.0,56,17.0014285714,17.7714285714,17.7385714286,16.7642857143,295.575714286,296.337142857,296.312857143,295.345714286,79.3957142857,82.27,82.7657142857,77.1628571429,299.507142857,299.7,299.528571429,299.792857143,26.6714285714,27.2571428571,27.3285714286,27.3428571429,0.0568,0.2192,0.14435,0.0695,0.0661,0.1606,-0.1026,0.12345,0.3493143,0.1749286,0.2017857,0.1481429,0.3120714,0.2117571,0.1477857,0.1022714,3.01,4.76,50.55,18.83,17.100952380933332,17.26035714285,299.85238095233336,299.7714285715,26.8952380952,27.003571428550003,78.64904761903334,79.6782142857,0.11198888888888887,0.12007916666666667,0.06063333333333332,0.019825000000000002,0.25188573333333336,0.239360725,0.25309996666666673,0.22677139999999998,2.590000000000014,14.579999999999998,-0.2393156642875578,0.970941817426052,4.04305126783455
sj,1997,51,1997-12-17,0.06313333333333333,0.0001,0.2579571,0.2339,0.0,299.638571429,299.664285714,294.795714286,301.6,298.1,3.9,74.7957142857,0.0,16.1457142857,2.47142857143,26.5714285714,7.3,32.2,22.2,1.5,61,16.53,17.0014285714,17.7714285714,17.7385714286,295.152857143,295.575714286,296.337142857,296.312857143,74.2814285714,79.3957142857,82.27,82.7657142857,300.35,299.507142857,299.7,299.528571429,26.7571428571,26.6714285714,27.2571428571,27.3285714286,0.05996666666666667,0.0568,0.2192,0.14435,-0.0448,0.0661,0.1606,-0.1026,0.2314143,0.3493143,0.1749286,0.2017857,0.2354714,0.3120714,0.2117571,0.1477857,0.0,3.01,4.76,50.55,16.559047619033333,16.862142857125,299.8404761903334,299.80535714275004,26.666666666633333,26.814285714249998,76.15761904760001,77.6857142857,0.05996666666666666,0.09977499999999999,0.007133333333333312,0.0455,0.27956190000000003,0.253403575,0.2604809333333334,0.248299975,1.0033333333333474,1.9425,-0.12053668025532363,0.992708874098054,4.127134385045092
sj,1997,52,1997-12-24,0.0663,0.075925,0.2132111,0.2257889,22.52,299.214285714,299.285714286,295.351428571,301.7,297.6,16.3,79.47,22.52,16.7042857143,2.57142857143,26.7142857143,7.57142857143,31.7,22.2,17.3,67,16.1457142857,16.53,17.0014285714,17.7714285714,294.795714286,295.152857143,295.575714286,296.337142857,74.7957142857,74.2814285714,79.3957142857,82.27,299.664285714,300.35,299.507142857,299.7,26.5714285714,26.7571428571,26.6714285714,27.2571428571,0.06313333333333333,0.05996666666666667,0.0568,0.2192,0.0001,-0.0448,0.0661,0.1606,0.2579571,0.2314143,0.3493143,0.1749286,0.2339,0.2354714,0.3120714,0.2117571,0.0,0.0,3.01,4.76,16.459999999999997,16.59535714285,299.76666666666665,299.70178571425,26.680952380933334,26.67857142855,76.18238095236666,76.9857142857,0.06313333333333332,0.06154999999999999,0.010408333333333311,0.024331250000000002,0.2341941666666667,0.2629742,0.23172010000000007,0.251807925,7.506666666666681,6.3825,6.432490598706546e-16,1.0,4.219507705176107
sj,1998,1,1998-01-01,0.0455,0.0478,0.1239857,0.08344286,16.555,299.02071428550005,299.1392857145,295.1907142855,301.2,297.4,30.35,79.5507142857,16.555,16.5335714286,2.364285714285,26.535714285700003,6.857142857145,31.7,22.5,25.299999999999997,64,16.7042857143,16.1457142857,16.53,17.0014285714,295.351428571,294.795714286,295.152857143,295.575714286,79.47,74.7957142857,74.2814285714,79.3957142857,299.285714286,299.664285714,300.35,299.507142857,26.7142857143,26.5714285714,26.7571428571,26.6714285714,0.0663,0.06313333333333333,0.05996666666666667,0.0568,0.075925,0.0001,-0.0448,0.0661,0.2132111,0.2579571,0.2314143,0.3493143,0.2257889,0.2339,0.2354714,0.3120714,22.52,0.0,0.0,3.01,16.4611904762,16.47839285715,299.36309523816664,299.60982142862497,26.607142857133336,26.644642857125,77.93880952379999,77.02446428569999,0.0583111111111111,0.058724999999999986,0.04127499999999998,0.019756250000000003,0.19838463333333337,0.20664205,0.18104392000000005,0.19465079,13.025000000000015,9.76875,0.12053668025532305,0.992708874098054,4.174387269895637
sj,1998,2,1998-01-08,0.05076667,0.0341,0.2233714,0.1341571,10.59,298.827142857,298.992857143,295.03,300.7,297.2,44.4,79.6314285714,10.59,16.3628571429,2.15714285714,26.3571428571,6.14285714286,31.7,22.8,33.3,68,16.5335714286,16.7042857143,16.1457142857,16.53,295.1907142855,295.351428571,294.795714286,295.152857143,79.5507142857,79.47,74.7957142857,74.2814285714,299.1392857145,299.285714286,299.664285714,300.35,26.535714285700003,26.7142857143,26.5714285714,26.7571428571,0.0455,0.0663,0.06313333333333333,0.05996666666666667,0.0478,0.075925,0.0001,-0.0448,0.1239857,0.2132111,0.2579571,0.2314143,0.08344286,0.2257889,0.2339,0.2354714,16.555,22.52,0.0,0.0,16.5335714286,16.436607142874998,299.1392857145,299.270535714375,26.5357142857,26.544642857124998,79.5507142857,78.3619642857,0.05418888999999999,0.05642500083333332,0.05260833333333331,0.03948125,0.18685606666666668,0.204631325,0.14779628666666675,0.169322215,16.555000000000014,12.41625,0.23931566428755774,0.970941817426052,4.23410650459726
sj,1998,3,1998-01-15,-0.01615,-0.008225,0.2047143,0.1985714,106.97,297.612857143,297.685714286,294.852857143,300.2,296.4,53.2,84.6942857143,106.97,16.2085714286,1.88571428571,24.8857142857,5.85714285714,29.4,20.6,152.4,49,16.3628571429,16.5335714286,16.7042857143,16.1457142857,295.03,295.1907142855,295.351428571,294.795714286,79.6314285714,79.5507142857,79.47,74.7957142857,298.992857143,299.1392857145,299.285714286,299.664285714,26.3571428571,26.535714285700003,26.7142857143,26.5714285714,0.05076667,0.0455,0.0663,0.06313333333333333,0.0341,0.0478,0.075925,0.0001,0.2233714,0.1239857,0.2132111,0.2579571,0.1341571,0.08344286,0.2257889,0.2339,10.59,16.555,22.52,0.0,16.368333333366664,16.4523214286,298.6059523811666,298.77589285737497,25.926190476166667,26.1232142857,81.29214285713333,80.83660714285,0.026705556666666658,0.036604167499999986,0.02455833333333331,0.037399999999999996,0.18402380000000004,0.191320625,0.13872378666666674,0.16049006500000002,44.70500000000001,39.15875,0.3546048870425356,0.9350162426854148,3.912023005428146
sj,1998,4,1998-01-22,0.1797,0.03345,0.2514571,0.1921,0.0,298.611428571,298.8,294.51,300.6,296.8,8.4,78.1828571429,0.0,15.8814285714,2.4,25.6142857143,6.48571428571,29.4,21.1,4.8,50,16.2085714286,16.3628571429,16.5335714286,16.7042857143,294.852857143,295.03,295.1907142855,295.351428571,84.6942857143,79.6314285714,79.5507142857,79.47,297.685714286,298.992857143,299.1392857145,299.285714286,24.8857142857,26.3571428571,26.535714285700003,26.7142857143,-0.01615,0.05076667,0.0455,0.0663,-0.008225,0.0341,0.0478,0.075925,0.2047143,0.2233714,0.1239857,0.2132111,0.1985714,0.1341571,0.08344286,0.2257889,106.97,10.59,16.555,22.52,16.150952380966668,16.246607142875,298.492857143,298.65446428587495,25.619047619033335,25.8482142857,80.83619047619999,80.514821428575,0.07143888999999999,0.06495416749999999,0.019774999999999977,0.02678125,0.2265142666666667,0.200882125,0.1749428333333334,0.15206784,39.186666666666675,33.528749999999995,0.4647231720437685,0.8854560256532099,3.9318256327243257
sj,1998,5,1998-01-29,0.13155,0.045825,0.1461143,0.1313571,7.72,298.694285714,298.857142857,294.19,300.6,297.0,16.3,76.2614285714,7.72,15.5614285714,2.34285714286,26.5428571429,7.25714285714,31.1,22.2,1.3,56,15.8814285714,16.2085714286,16.3628571429,16.5335714286,294.51,294.852857143,295.03,295.1907142855,78.1828571429,84.6942857143,79.6314285714,79.5507142857,298.8,297.685714286,298.992857143,299.1392857145,25.6142857143,24.8857142857,26.3571428571,26.535714285700003,0.1797,-0.01615,0.05076667,0.0455,0.03345,-0.008225,0.0341,0.0478,0.2514571,0.2047143,0.2233714,0.1239857,0.1921,0.1985714,0.1341571,0.08344286,0.0,106.97,10.59,16.555,15.883809523799997,16.003571428575,298.4476190476667,298.5839285715,25.68095238096667,25.85,79.71285714286667,79.6925,0.09836666666666664,0.08646666749999998,0.023683333333333306,0.0262875,0.20076190000000005,0.206414275,0.17400950000000007,0.1640464,38.23000000000001,31.319999999999997,0.5680647467311558,0.8229838658936564,4.04305126783455
sj,1998,6,1998-02-05,-0.0479,-0.0525,0.1274857,0.09734286,0.0,298.578571429,298.807142857,293.971428571,301.3,296.6,8.6,75.7771428571,0.0,15.3614285714,3.27142857143,26.5857142857,8.11428571429,31.7,21.1,0.0,75,15.5614285714,15.8814285714,16.2085714286,16.3628571429,294.19,294.51,294.852857143,295.03,76.2614285714,78.1828571429,84.6942857143,79.6314285714,298.857142857,298.8,297.685714286,298.992857143,26.5428571429,25.6142857143,24.8857142857,26.3571428571,0.13155,0.1797,-0.01615,0.05076667,0.045825,0.03345,-0.008225,0.0341,0.1461143,0.2514571,0.2047143,0.2233714,0.1313571,0.1921,0.1985714,0.1341571,7.72,0.0,106.97,10.59,15.601428571399998,15.7532142857,298.82142857133334,298.53749999999997,26.247619047633332,25.90714285715,76.74047619046667,78.728928571425,0.08778333333333332,0.06179999999999999,0.008924999999999975,0.004637500000000001,0.17501903333333338,0.18244285,0.1402666533333334,0.15484284,2.5733333333333475,28.672499999999996,0.6631226582407952,0.7485107481711011,4.330733340286331
sj,1998,7,1998-02-12,0.11825,0.0559,0.1819,0.1763143,142.6,299.058571429,299.25,295.628571429,302.2,296.7,18.5,81.6128571429,142.6,17.0885714286,2.95714285714,27.2571428571,6.9,32.2,22.8,79.2,63,15.3614285714,15.5614285714,15.8814285714,16.2085714286,293.971428571,294.19,294.51,294.852857143,75.7771428571,76.2614285714,78.1828571429,84.6942857143,298.807142857,298.857142857,298.8,297.685714286,26.5857142857,26.5428571429,25.6142857143,24.8857142857,-0.0479,0.13155,0.1797,-0.01615,-0.0525,0.045825,0.03345,-0.008225,0.1274857,0.1461143,0.2514571,0.2047143,0.09734286,0.1313571,0.1921,0.1985714,0.0,7.72,0.0,106.97,16.003809523799998,15.973214285700001,298.9714285713333,298.9285714285,26.795238095233334,26.5,77.8838095238,77.958571428575,0.06729999999999998,0.09539999999999998,0.01640833333333331,0.02066875,0.15183333333333338,0.176739275,0.13500475333333342,0.149278565,50.10666666666668,37.58,0.7485107481711011,0.6631226582407953,4.1588830833596715
sj,1998,8,1998-02-19,0.136375,0.0754,0.2395714,0.2387,0.0,297.59,297.835714286,291.901428571,300.2,296.2,3.1,70.7014285714,0.0,13.5128571429,2.24285714286,24.4142857143,6.08571428571,28.9,20.0,8.7,62,17.0885714286,15.3614285714,15.5614285714,15.8814285714,295.628571429,293.971428571,294.19,294.51,81.6128571429,75.7771428571,76.2614285714,78.1828571429,299.25,298.807142857,298.857142857,298.8,27.2571428571,26.5857142857,26.5428571429,25.6142857143,0.11825,-0.0479,0.13155,0.1797,0.0559,-0.0525,0.045825,0.03345,0.1819,0.1274857,0.1461143,0.2514571,0.1763143,0.09734286,0.1313571,0.1921,142.6,0.0,7.72,0.0,15.320952380966665,15.381071428575002,298.630952381,298.6875,26.085714285700004,26.200000000000003,76.03047619046667,76.0882142857,0.06890833333333332,0.08456874999999998,0.026266666666666643,0.031156249999999996,0.18298570000000003,0.17376785,0.1707857200000001,0.160928565,47.53333333333335,37.57999999999999,0.8229838658936564,0.5680647467311559,4.143134726391533
sj,1998,9,1998-02-26,0.1545,0.0849,0.24338,0.1549833,0.0,298.892857143,299.128571429,294.114285714,300.6,297.8,1.1,75.0157142857,0.0,15.4771428571,2.28571428571,26.2714285714,7.94285714286,31.1,21.1,6.4,41,13.5128571429,17.0885714286,15.3614285714,15.5614285714,291.901428571,295.628571429,293.971428571,294.19,70.7014285714,81.6128571429,75.7771428571,76.2614285714,297.835714286,299.25,298.807142857,298.857142857,24.4142857143,27.2571428571,26.5857142857,26.5428571429,0.136375,0.11825,-0.0479,0.13155,0.0754,0.0559,-0.0525,0.045825,0.2395714,0.1819,0.1274857,0.1461143,0.2387,0.1763143,0.09734286,0.1313571,0.0,142.6,0.0,7.72,15.359523809533334,15.360000000000001,298.7380952383333,298.75535714299997,25.98095238093333,26.132142857125,75.77666666666667,75.77678571427501,0.136375,0.09030624999999998,0.07206666666666664,0.040924999999999996,0.22161713333333335,0.198084275,0.18999920000000006,0.166835115,47.53333333333335,35.64999999999999,0.8854560256532099,0.4647231720437686,3.7376696182833684
sj,1998,10,1998-03-05,0.06366667,0.09633333,0.1728429,0.1622143,0.0,297.655714286,297.792857143,293.5,301.1,295.0,10.3,77.9242857143,0.0,14.9357142857,2.84285714286,25.6142857143,7.25714285714,32.2,21.1,7.0,50,15.4771428571,13.5128571429,17.0885714286,15.3614285714,294.114285714,291.901428571,295.628571429,293.971428571,75.0157142857,70.7014285714,81.6128571429,75.7771428571,299.128571429,297.835714286,299.25,298.807142857,26.2714285714,24.4142857143,27.2571428571,26.5857142857,0.1545,0.136375,0.11825,-0.0479,0.0849,0.0754,0.0559,-0.0525,0.24338,0.2395714,0.1819,0.1274857,0.1549833,0.2387,0.1763143,0.09734286,0.0,0.0,142.6,0.0,14.6419047619,15.253571428575,298.25238095266667,298.5017857145,25.433333333333334,25.889285714274997,74.54714285713332,76.313571428575,0.11818055666666666,0.11819791749999999,0.08554444333333332,0.0781333325,0.21859810000000005,0.20942357500000003,0.18529920000000008,0.183052975,0.0,35.64999999999999,0.9350162426854148,0.35460488704253557,3.9318256327243257
sj,1998,11,1998-03-12,0.062033334999999995,0.0797,0.1391714,0.1625286,0.0,298.278571429,298.385714286,294.697142857,301.2,295.7,42.78,80.7785714286,0.0,16.0814285714,2.22857142857,25.8142857143,6.9,32.2,21.1,15.1,34,14.9357142857,15.4771428571,13.5128571429,17.0885714286,293.5,294.114285714,291.901428571,295.628571429,77.9242857143,75.0157142857,70.7014285714,81.6128571429,297.792857143,299.128571429,297.835714286,299.25,25.6142857143,26.2714285714,24.4142857143,27.2571428571,0.06366667,0.1545,0.136375,0.11825,0.09633333,0.0849,0.0754,0.0559,0.1728429,0.24338,0.2395714,0.1819,0.1622143,0.1549833,0.2387,0.1763143,0.0,0.0,0.0,142.6,15.498095238066663,15.001785714275,298.435714286,298.28571428600003,25.900000000000002,25.528571428575,77.9061904762,76.105,0.09340000166666666,0.10414375124999997,0.08697777666666663,0.0840833325,0.18513143333333337,0.198741425,0.1599087333333334,0.17960654999999998,0.0,0.0,0.970941817426052,0.23931566428755804,3.5553480614894135
sj,1998,12,1998-03-19,0.0604,0.08823333,0.2129286,0.2124143,0.0,298.175714286,298.371428571,292.907142857,300.4,296.2,0.6,72.6428571429,0.0,14.3671428571,2.51428571429,24.8857142857,7.01428571429,28.9,20.6,27.7,31,16.0814285714,14.9357142857,15.4771428571,13.5128571429,294.697142857,293.5,294.114285714,291.901428571,80.7785714286,77.9242857143,75.0157142857,70.7014285714,298.385714286,297.792857143,299.128571429,297.835714286,25.8142857143,25.6142857143,26.2714285714,24.4142857143,0.062033334999999995,0.06366667,0.1545,0.136375,0.0797,0.09633333,0.0849,0.0754,0.1391714,0.1728429,0.24338,0.2395714,0.1625286,0.1622143,0.1549833,0.2387,0.0,0.0,0.0,0.0,15.128095238066663,15.215357142825,298.18333333333334,298.41964285725,25.4380952381,25.646428571424998,77.11523809526666,76.590357142875,0.06203333499999999,0.08515000124999998,0.08808888666666664,0.08729166499999999,0.1749809666666667,0.192080725,0.17905240000000008,0.173035125,0.0,0.0,0.992708874098054,0.120536680255323,3.4657359027997265
sj,1998,13,1998-03-26,0.0638,0.0731,0.1881667,0.1685,0.0,298.502857143,298.664285714,294.098571429,300.7,296.5,21.0,76.6757142857,0.0,15.48,2.55714285714,26.2285714286,6.9,31.1,22.2,16.5,38,14.3671428571,16.0814285714,14.9357142857,15.4771428571,292.907142857,294.697142857,293.5,294.114285714,72.6428571429,80.7785714286,77.9242857143,75.0157142857,298.371428571,298.385714286,297.792857143,299.128571429,24.8857142857,25.8142857143,25.6142857143,26.2714285714,0.0604,0.062033334999999995,0.06366667,0.1545,0.08823333,0.0797,0.09633333,0.0849,0.2129286,0.1391714,0.1728429,0.24338,0.2124143,0.1625286,0.1622143,0.1549833,0.0,0.0,0.0,0.0,15.309523809499998,15.216071428549999,298.47380952366666,298.30357142850005,25.64285714286667,25.635714285725,76.69904761906666,77.005357142875,0.06207777833333331,0.06247500124999998,0.0803444433333333,0.084341665,0.18008890000000002,0.17827739999999997,0.18114763333333342,0.1764143,0.0,0.0,1.0,-1.6081226496766364e-16,3.6635616461296463
sj,1998,14,1998-04-02,0.0672,0.02766667,0.1485333,0.1277429,72.98,298.044285714,298.192857143,294.628571429,301.1,296.5,41.2,81.4057142857,72.98,15.9985714286,2.52857142857,25.7142857143,6.2,31.7,21.7,15.5,30,15.48,14.3671428571,16.0814285714,14.9357142857,294.098571429,292.907142857,294.697142857,293.5,76.6757142857,72.6428571429,80.7785714286,77.9242857143,298.664285714,298.371428571,298.385714286,297.792857143,26.2285714286,24.8857142857,25.8142857143,25.6142857143,0.0638,0.0604,0.062033334999999995,0.06366667,0.0731,0.08823333,0.0797,0.09633333,0.1881667,0.2129286,0.1391714,0.1728429,0.1685,0.2124143,0.1625286,0.1622143,0.0,0.0,0.0,0.0,15.281904761899996,15.481785714274999,298.4095238093334,298.4035714285,25.609523809533332,25.660714285725,76.90809523809999,77.875714285725,0.06379999999999998,0.06335833374999998,0.06299999999999999,0.067175,0.18320953333333337,0.1722,0.16955240000000008,0.16779645,24.326666666666686,18.244999999999994,0.992708874098054,-0.12053668025532288,3.4339872044851463
sj,1998,15,1998-04-09,0.048,0.0652,0.09894286,0.1027714,12.01,297.871428571,298.2,294.215714286,300.8,295.6,19.0,80.19,12.01,15.6357142857,3.0,26.0285714286,6.35714285714,31.7,21.7,10.7,32,15.9985714286,15.48,14.3671428571,16.0814285714,294.628571429,294.098571429,292.907142857,294.697142857,81.4057142857,76.6757142857,72.6428571429,80.7785714286,298.192857143,298.664285714,298.371428571,298.385714286,25.7142857143,26.2285714286,24.8857142857,25.8142857143,0.0672,0.0638,0.0604,0.062033334999999995,0.02766667,0.0731,0.08823333,0.0797,0.1485333,0.1881667,0.2129286,0.1391714,0.1277429,0.1685,0.2124143,0.1625286,72.98,0.0,0.0,0.0,15.704761904766665,15.37035714285,298.35238095233336,298.357142857,25.9904761905,25.7142857143,79.4238095238,77.728571428575,0.059666666666666646,0.05984999999999998,0.05532222333333331,0.06355,0.1452142866666667,0.162142865,0.13300476666666675,0.15285715,28.330000000000023,21.247499999999995,0.9709418174260521,-0.2393156642875575,3.4965075614664802
sj,1998,16,1998-04-16,0.0308,0.076,0.1139714,0.1258571,0.0,298.472857143,298.578571429,294.97,300.7,296.5,23.9,81.1457142857,0.0,16.4028571429,2.15714285714,26.9285714286,6.11428571429,33.9,22.2,7.9,26,15.6357142857,15.9985714286,15.48,14.3671428571,294.215714286,294.628571429,294.098571429,292.907142857,80.19,81.4057142857,76.6757142857,72.6428571429,298.2,298.192857143,298.664285714,298.371428571,26.0285714286,25.7142857143,26.2285714286,24.8857142857,0.048,0.0672,0.0638,0.0604,0.0652,0.02766667,0.0731,0.08823333,0.09894286,0.1485333,0.1881667,0.2129286,0.1027714,0.1277429,0.1685,0.2124143,12.01,72.98,0.0,0.0,16.012380952399997,15.8792857143,298.323809524,298.40892857150004,26.223809523833335,26.225000000025,80.9138095238,79.854285714275,0.04866666666666666,0.05244999999999998,0.05628888999999998,0.0604916675,0.12048252000000004,0.137403565,0.11879046666666675,0.13121785,28.330000000000023,21.247499999999995,0.9350162426854148,-0.35460488704253545,3.295836866004329
sj,1998,17,1998-04-23,0.0671,0.09136667,0.1444857,0.1479571,22.22,297.735714286,297.792857143,293.542857143,299.8,296.2,24.3,77.7128571429,22.22,15.0142857143,2.15714285714,25.6,5.85714285714,29.4,21.7,73.4,30,16.4028571429,15.6357142857,15.9985714286,15.48,294.97,294.215714286,294.628571429,294.098571429,81.1457142857,80.19,81.4057142857,76.6757142857,298.578571429,298.2,298.192857143,298.664285714,26.9285714286,26.0285714286,25.7142857143,26.2285714286,0.0308,0.048,0.0672,0.0638,0.076,0.0652,0.02766667,0.0731,0.1139714,0.09894286,0.1485333,0.1881667,0.1258571,0.1027714,0.1277429,0.1685,0.0,12.01,72.98,0.0,15.684285714299996,15.762857142875,298.1904761906667,298.19107142875,26.185714285733336,26.067857142875003,79.68285714286667,80.113571428575,0.04863333333333333,0.05327499999999999,0.0775222233333333,0.065058335,0.11913332000000003,0.12648331499999999,0.12552853333333341,0.126082125,11.410000000000018,26.802499999999995,0.8854560256532099,-0.4647231720437685,3.4339872044851463
sj,1998,18,1998-04-30,0.1063,0.0461,0.2191857,0.2073286,71.64,299.565714286,299.835714286,295.834285714,301.5,298.2,11.7,80.0728571429,71.64,17.2314285714,2.35714285714,26.8714285714,6.9,31.1,22.8,16.3,36,15.0142857143,16.4028571429,15.6357142857,15.9985714286,293.542857143,294.97,294.215714286,294.628571429,77.7128571429,81.1457142857,80.19,81.4057142857,297.792857143,298.578571429,298.2,298.192857143,25.6,26.9285714286,26.0285714286,25.7142857143,0.0671,0.0308,0.048,0.0672,0.09136667,0.076,0.0652,0.02766667,0.1444857,0.1139714,0.09894286,0.1485333,0.1479571,0.1258571,0.1027714,0.1277429,22.22,0.0,12.01,72.98,16.216190476199998,16.071071428575,298.735714286,298.6017857145,26.46666666666667,26.357142857150002,79.64380952383333,79.780357142875,0.06806666666666665,0.06305,0.07115555666666665,0.0696666675,0.15921426666666672,0.144146415,0.1603809333333334,0.14597855,31.286666666666687,26.46749999999999,0.8229838658936565,-0.5680647467311557,3.6109179126442243
sj,1998,19,1998-05-07,0.06986666666666666,0.09693333,0.1582429,0.1198143,0.0,299.132857143,299.292857143,294.827142857,301.3,297.7,17.6,77.3314285714,0.0,16.2214285714,2.18571428571,26.7857142857,6.2,31.1,22.2,6.9,35,17.2314285714,15.0142857143,16.4028571429,15.6357142857,295.834285714,293.542857143,294.97,294.215714286,80.0728571429,77.7128571429,81.1457142857,80.19,299.835714286,297.792857143,298.578571429,298.2,26.8714285714,25.6,26.9285714286,26.0285714286,0.1063,0.0671,0.0308,0.048,0.0461,0.09136667,0.076,0.0652,0.2191857,0.1444857,0.1139714,0.09894286,0.2073286,0.1479571,0.1258571,0.1027714,71.64,22.22,0.0,12.01,16.155714285699997,16.217499999999998,298.973809524,298.87500000025,26.419047619033336,26.546428571425,78.37238095240001,79.065714285725,0.08108888888888888,0.06851666666666666,0.07813333333333332,0.0776,0.17397143333333334,0.158971425,0.15836666666666674,0.150239275,31.286666666666687,23.46499999999999,0.7485107481711013,-0.663122658240795,3.58351893845611
sj,1998,20,1998-05-14,0.03343333333333333,0.04255,0.1317833,0.1003,55.76,299.2,299.4,295.11,302.9,296.6,10.3,78.4014285714,55.76,16.5028571429,3.62857142857,27.1428571429,7.01428571429,33.9,22.2,7.1,46,16.2214285714,17.2314285714,15.0142857143,16.4028571429,294.827142857,295.834285714,293.542857143,294.97,77.3314285714,80.0728571429,77.7128571429,81.1457142857,299.292857143,299.835714286,297.792857143,298.578571429,26.7857142857,26.8714285714,25.6,26.9285714286,0.06986666666666666,0.1063,0.0671,0.0308,0.09693333,0.0461,0.09136667,0.076,0.1582429,0.2191857,0.1444857,0.1139714,0.1198143,0.2073286,0.1479571,0.1258571,0.0,71.64,22.22,0.0,16.651904761899996,16.2425,299.50952380966663,299.080357143,26.933333333333334,26.6,78.6019047619,78.37964285715,0.06986666666666665,0.06917499999999999,0.061861109999999976,0.0692375,0.16973730000000006,0.16342439999999997,0.14248096666666674,0.14385,42.46666666666669,37.40499999999999,0.6631226582407952,-0.7485107481711012,3.8501476017100584
sj,1998,21,1998-05-21,-0.003,0.033625,0.1648667,0.1742,56.4,300.024285714,300.085714286,297.062857143,302.9,297.8,53.7,84.0714285714,56.4,18.6142857143,2.82857142857,27.9142857143,6.97142857143,34.4,23.3,59.1,48,16.5028571429,16.2214285714,17.2314285714,15.0142857143,295.11,294.827142857,295.834285714,293.542857143,78.4014285714,77.3314285714,80.0728571429,77.7128571429,299.4,299.292857143,299.835714286,297.792857143,27.1428571429,26.7857142857,26.8714285714,25.6,0.03343333333333333,0.06986666666666666,0.1063,0.0671,0.04255,0.09693333,0.0461,0.09136667,0.1317833,0.1582429,0.2191857,0.1444857,0.1003,0.1198143,0.2073286,0.1479571,55.76,0.0,71.64,22.22,17.112857142866662,17.1425,299.592857143,299.65357142874996,27.280952380966664,27.178571428574998,79.93476190473334,79.969285714275,0.03343333333333331,0.05164999999999999,0.05770277666666664,0.0548020825,0.1516309666666667,0.16851965,0.13143810000000009,0.150410725,37.386666666666684,45.94999999999999,0.5680647467311558,-0.8229838658936564,3.8918202981106265
sj,1998,22,1998-05-28,0.0484,0.0372,0.1550833,0.1645167,15.86,299.842857143,299.935714286,297.02,302.3,298.4,59.4,84.6357142857,15.86,18.5114285714,2.18571428571,27.9714285714,5.65714285714,31.1,24.4,13.8,44,18.6142857143,16.5028571429,16.2214285714,17.2314285714,297.062857143,295.11,294.827142857,295.834285714,84.0714285714,78.4014285714,77.3314285714,80.0728571429,300.085714286,299.4,299.292857143,299.835714286,27.9142857143,27.1428571429,26.7857142857,26.8714285714,-0.003,0.03343333333333333,0.06986666666666666,0.1063,0.033625,0.04255,0.09693333,0.0461,0.1648667,0.1317833,0.1582429,0.2191857,0.1742,0.1003,0.1198143,0.2073286,56.4,55.76,0.0,71.64,17.876190476199998,17.4625,299.8071428573333,299.67857142875,27.676190476200002,27.453571428575,82.36952380950001,81.109999999975,0.026277777777777758,0.037174999999999986,0.03779166666666664,0.0525770825,0.1505777666666667,0.15249405,0.14633890000000008,0.13970775,42.673333333333346,32.004999999999995,0.46472317204376906,-0.8854560256532096,3.8066624897703196
sj,1998,23,1998-06-04,-0.0427,0.07076667,0.1536,0.1221429,8.19,299.618571429,299.807142857,296.351428571,301.4,298.1,35.8,82.46,8.19,17.7657142857,2.32857142857,27.8571428571,6.2,32.2,23.9,10.5,51,18.5114285714,18.6142857143,16.5028571429,16.2214285714,297.02,297.062857143,295.11,294.827142857,84.6357142857,84.0714285714,78.4014285714,77.3314285714,299.935714286,300.085714286,299.4,299.292857143,27.9714285714,27.9142857143,27.1428571429,26.7857142857,0.0484,-0.003,0.03343333333333333,0.06986666666666666,0.0372,0.033625,0.04255,0.09693333,0.1550833,0.1648667,0.1317833,0.1582429,0.1645167,0.1742,0.1003,0.1198143,15.86,56.4,55.76,0.0,18.29714285713333,17.848571428575,299.942857143,299.80714285724997,27.91428571426667,27.721428571425,83.72238095236666,82.392142857125,0.0008999999999999795,0.009033333333333317,0.04719722333333331,0.0460354175,0.15785000000000005,0.151333325,0.15361986666666674,0.1402899,26.816666666666688,34.052499999999995,0.35460488704253584,-0.9350162426854147,3.9512437185814275
sj,1998,24,1998-06-11,0.12125,0.12125,0.2368143,0.2751714,86.21,300.757142857,300.842857143,297.451428571,302.7,299.2,20.7,82.3057142857,86.21,18.9914285714,2.42857142857,28.4285714286,6.98571428571,32.8,23.9,38.6,59,17.7657142857,18.5114285714,18.6142857143,16.5028571429,296.351428571,297.02,297.062857143,295.11,82.46,84.6357142857,84.0714285714,78.4014285714,299.807142857,299.935714286,300.085714286,299.4,27.8571428571,27.9714285714,27.9142857143,27.1428571429,-0.0427,0.0484,-0.003,0.03343333333333333,0.07076667,0.0372,0.033625,0.04255,0.1536,0.1550833,0.1648667,0.1317833,0.1221429,0.1645167,0.1742,0.1003,8.19,15.86,56.4,55.76,18.42285714283333,18.470714285699998,300.1952380953333,300.167857143,28.085714285700004,28.04285714285,83.1338095238,83.36821428569999,0.04231666666666664,0.030987499999999984,0.07640555666666664,0.0657104175,0.18183253333333338,0.177591075,0.18727700000000005,0.18400774999999997,36.75333333333335,41.66499999999999,0.23931566428755768,-0.970941817426052,4.0943445622221
sj,1998,25,1998-06-18,0.0725,0.0509,0.2078286,0.1756286,49.52,300.517142857,300.564285714,296.435714286,303.0,298.9,15.4,78.53,49.52,17.8542857143,2.38571428571,28.1,6.52857142857,32.8,23.9,23.4,71,18.9914285714,17.7657142857,18.5114285714,18.6142857143,297.451428571,296.351428571,297.02,297.062857143,82.3057142857,82.46,84.6357142857,84.0714285714,300.842857143,299.807142857,299.935714286,300.085714286,28.4285714286,27.8571428571,27.9714285714,27.9142857143,0.12125,-0.0427,0.0484,-0.003,0.12125,0.07076667,0.0372,0.033625,0.2368143,0.1536,0.1550833,0.1648667,0.2751714,0.1221429,0.1645167,0.1742,86.21,8.19,15.86,56.4,18.2038095238,18.2807142857,300.40476190466666,300.2875,28.12857142856667,28.089285714275004,81.09857142856667,81.98285714285001,0.05034999999999998,0.049862499999999976,0.0809722233333333,0.0700291675,0.19941430000000002,0.18833155,0.19098096666666675,0.1843649,47.97333333333335,39.94499999999999,0.12053668025532308,-0.992708874098054,4.276666119016055
sj,1998,26,1998-06-25,0.03745,0.0167,0.1447,0.1523571,72.08,299.944285714,299.95,296.995714286,302.3,298.3,71.33,84.0257142857,72.08,18.47,2.35714285714,28.2142857143,6.74285714286,32.2,23.9,20.6,102,17.8542857143,18.9914285714,17.7657142857,18.5114285714,296.435714286,297.451428571,296.351428571,297.02,78.53,82.3057142857,82.46,84.6357142857,300.564285714,300.842857143,299.807142857,299.935714286,28.1,28.4285714286,27.8571428571,27.9714285714,0.0725,0.12125,-0.0427,0.0484,0.0509,0.12125,0.07076667,0.0372,0.2078286,0.2368143,0.1536,0.1550833,0.1756286,0.2751714,0.1221429,0.1645167,49.52,86.21,8.19,15.86,18.438571428566664,18.27035714285,300.4523809523334,300.2910714285,28.247619047633336,28.15,81.62047619046668,81.83035714285,0.07706666666666663,0.04712499999999998,0.06294999999999996,0.0649041675,0.19644763333333337,0.18573572500000002,0.20105236666666673,0.181325,69.27000000000002,53.999999999999986,-3.216245299353273e-16,-1.0,4.634728988229636
sj,1998,27,1998-07-02,0.0715,0.096075,0.1718429,0.1558857,20.06,300.595714286,300.721428571,296.847142857,302.7,299.0,33.31,80.0857142857,20.06,18.2785714286,2.3,28.6142857143,5.85714285714,32.2,25.0,0.0,128,18.47,17.8542857143,18.9914285714,17.7657142857,296.995714286,296.435714286,297.451428571,296.351428571,84.0257142857,78.53,82.3057142857,82.46,299.95,300.564285714,300.842857143,299.807142857,28.2142857143,28.1,28.4285714286,27.8571428571,0.03745,0.0725,0.12125,-0.0427,0.0167,0.0509,0.12125,0.07076667,0.1447,0.2078286,0.2368143,0.1536,0.1523571,0.1756286,0.2751714,0.1221429,72.08,49.52,86.21,8.19,18.200952380966665,18.398571428575,300.4119047616667,300.519642857,28.30952380953333,28.3392857143,80.88047619046667,81.23678571427502,0.06048333333333331,0.07567499999999998,0.0545583333333333,0.07123125,0.17479050000000004,0.19029645,0.16129046666666672,0.1897607,47.22000000000002,56.96749999999999,-0.12053668025532283,-0.992708874098054,4.859812404361672
sj,1998,28,1998-07-09,-0.03095,0.0628,0.1886286,0.1695286,54.05,300.452857143,300.435714286,296.924285714,302.9,298.5,45.31,81.29,54.05,18.3914285714,2.3,28.3857142857,6.74285714286,32.8,22.8,11.7,127,18.2785714286,18.47,17.8542857143,18.9914285714,296.847142857,296.995714286,296.435714286,297.451428571,80.0857142857,84.0257142857,78.53,82.3057142857,300.721428571,299.95,300.564285714,300.842857143,28.6142857143,28.2142857143,28.1,28.4285714286,0.0715,0.03745,0.0725,0.12125,0.096075,0.0167,0.0509,0.12125,0.1718429,0.1447,0.2078286,0.2368143,0.1558857,0.1523571,0.1756286,0.2751714,20.06,72.08,49.52,86.21,18.379999999999995,18.248571428574998,300.369047619,300.41785714275,28.40476190476667,28.328571428575003,81.80047619046667,80.98285714285001,0.025999999999999978,0.037624999999999985,0.058524999999999966,0.056618749999999995,0.16839050000000003,0.17825002499999998,0.15925713333333338,0.16335,48.73000000000002,48.927499999999995,-0.23931566428755743,-0.9709418174260521,4.852030263919617
sj,1998,29,1998-07-16,0.0289,0.04713333,0.08254286,0.06893333,10.42,300.337142857,300.457142857,296.288571429,302.8,298.1,30.86,78.99,10.42,17.7157142857,2.71428571429,28.3857142857,7.07142857143,33.3,23.9,62.5,150,18.3914285714,18.2785714286,18.47,17.8542857143,296.924285714,296.847142857,296.995714286,296.435714286,81.29,80.0857142857,84.0257142857,78.53,300.435714286,300.721428571,299.95,300.564285714,28.3857142857,28.6142857143,28.2142857143,28.1,-0.03095,0.0715,0.03745,0.0725,0.0628,0.096075,0.0167,0.0509,0.1886286,0.1718429,0.1447,0.2078286,0.1695286,0.1558857,0.1523571,0.1756286,54.05,20.06,72.08,49.52,18.128571428566662,18.213928571424997,300.53809523800004,300.3910714285,28.4619047619,28.4,80.1219047619,81.09785714285,0.02314999999999998,0.026724999999999985,0.0686694433333333,0.055677082499999996,0.14767145333333337,0.14692859,0.13144921000000007,0.13667618249999997,28.17666666666669,39.15249999999999,-0.3546048870425356,-0.9350162426854148,5.017279836814924
sj,1998,30,1998-07-23,0.0554,0.1065,0.1776429,0.1602571,68.74,299.822857143,299.885714286,296.502857143,302.2,298.1,93.68,82.2128571429,68.74,17.9457142857,1.88571428571,27.5571428571,6.68571428571,31.7,23.9,81.9,191,17.7157142857,18.3914285714,18.2785714286,18.47,296.288571429,296.924285714,296.847142857,296.995714286,78.99,81.29,80.0857142857,84.0257142857,300.457142857,300.435714286,300.721428571,299.95,28.3857142857,28.3857142857,28.6142857143,28.2142857143,0.0289,-0.03095,0.0715,0.03745,0.04713333,0.0628,0.096075,0.0167,0.08254286,0.1886286,0.1718429,0.1447,0.06893333,0.1695286,0.1558857,0.1523571,10.42,54.05,20.06,72.08,18.017619047599997,18.08285714285,300.2595238096667,300.375,28.1095238095,28.235714285700002,80.83095238096666,80.64464285715,0.017783333333333314,0.031212499999999983,0.07214444333333331,0.0781270825,0.1496047866666667,0.155164315,0.1329063433333334,0.13865118249999997,44.40333333333336,38.317499999999995,-0.46472317204376806,-0.8854560256532101,5.2574953720277815
sj,1998,31,1998-07-30,0.14065,0.127,0.26975,0.2465286,16.03,300.061428571,300.035714286,297.038571429,302.0,298.5,107.87,83.7428571429,16.03,18.5471428571,2.04285714286,28.2714285714,5.72857142857,31.7,23.9,20.5,256,17.9457142857,17.7157142857,18.3914285714,18.2785714286,296.502857143,296.288571429,296.924285714,296.847142857,82.2128571429,78.99,81.29,80.0857142857,299.885714286,300.457142857,300.435714286,300.721428571,27.5571428571,28.3857142857,28.3857142857,28.6142857143,0.0554,0.0289,-0.03095,0.0715,0.1065,0.04713333,0.0628,0.096075,0.1776429,0.08254286,0.1886286,0.1718429,0.1602571,0.06893333,0.1695286,0.1558857,68.74,10.42,54.05,20.06,18.069523809499998,18.149999999974998,300.1261904763333,300.20357142875,28.071428571400002,28.149999999975,81.6485714286,81.55892857145,0.0749833333333333,0.04849999999999999,0.0935444433333333,0.0858583325,0.17664525333333336,0.17964109,0.15857301000000007,0.16131190749999996,31.73000000000002,37.30999999999999,-0.5680647467311556,-0.8229838658936565,5.54907608489522
sj,1998,32,1998-08-06,0.02866667,0.057625,0.1758571,0.1526857,25.79,300.662857143,300.885714286,297.127142857,303.2,298.6,27.7,81.2171428571,25.79,18.6314285714,2.91428571429,28.4571428571,6.18571428571,32.2,24.4,6.2,329,18.5471428571,17.9457142857,17.7157142857,18.3914285714,297.038571429,296.502857143,296.288571429,296.924285714,83.7428571429,82.2128571429,78.99,81.29,300.035714286,299.885714286,300.457142857,300.435714286,28.2714285714,27.5571428571,28.3857142857,28.3857142857,0.14065,0.0554,0.0289,-0.03095,0.127,0.1065,0.04713333,0.0628,0.26975,0.1776429,0.08254286,0.1886286,0.2465286,0.1602571,0.06893333,0.1695286,16.03,68.74,10.42,54.05,18.37476190473333,18.209999999975,300.2690476193333,300.31607142875,28.0952380952,28.167857142825,82.39095238096667,81.54071428572499,0.07490555666666665,0.06340416749999998,0.09704166666666664,0.08456458250000001,0.20775000000000002,0.17644821499999996,0.18649046666666672,0.1571011825,36.85333333333335,30.24499999999999,-0.663122658240795,-0.7485107481711013,5.799092654460526
sj,1998,33,1998-08-13,0.05346667,0.0935,0.1854333,0.1739,38.44,300.668571429,300.621428571,297.457142857,303.1,298.9,55.9,82.8,38.44,19.0157142857,2.27142857143,29.0714285714,6.34285714286,32.8,24.4,3.8,263,18.6314285714,18.5471428571,17.9457142857,17.7157142857,297.127142857,297.038571429,296.502857143,296.288571429,81.2171428571,83.7428571429,82.2128571429,78.99,300.885714286,300.035714286,299.885714286,300.457142857,28.4571428571,28.2714285714,27.5571428571,28.3857142857,0.02866667,0.14065,0.0554,0.0289,0.057625,0.127,0.1065,0.04713333,0.1758571,0.26975,0.1776429,0.08254286,0.1526857,0.2465286,0.1602571,0.06893333,25.79,16.03,68.74,10.42,18.7314285714,18.534999999975,300.5142857143333,300.35714285725,28.599999999966666,28.33928571425,82.58666666666666,82.493214285725,0.07426111333333331,0.06954583499999999,0.09270833333333332,0.09615625,0.21034680000000003,0.20217082499999997,0.19103810000000007,0.18334284999999997,26.75333333333336,37.24999999999999,-0.7485107481711011,-0.6631226582407952,5.575949103146316
sj,1998,34,1998-08-20,0.1072,0.0567,0.1809667,0.1720333,24.34,300.367142857,300.35,297.467142857,303.0,298.9,63.2,84.2028571429,24.34,19.01,1.72857142857,29.2142857143,6.41428571429,32.8,25.0,20.4,220,19.0157142857,18.6314285714,18.5471428571,17.9457142857,297.457142857,297.127142857,297.038571429,296.502857143,82.8,81.2171428571,83.7428571429,82.2128571429,300.621428571,300.885714286,300.035714286,299.885714286,29.0714285714,28.4571428571,28.2714285714,27.5571428571,0.05346667,0.02866667,0.14065,0.0554,0.0935,0.057625,0.127,0.1065,0.1854333,0.1758571,0.26975,0.1776429,0.1739,0.1526857,0.2465286,0.1602571,38.44,25.79,16.03,68.74,18.8857142857,18.801071428550003,300.619047619,300.47321428575003,28.91428571426667,28.75357142855,82.74,82.99071428572499,0.06311111333333332,0.08249583499999999,0.06927499999999999,0.08370625000000001,0.1807523666666667,0.203001775,0.16620633333333343,0.18628689999999998,29.523333333333355,26.14999999999999,-0.8229838658936564,-0.5680647467311559,5.3981627015177525
sj,1998,35,1998-08-27,0.0307,0.07575,0.1548167,0.1902571,96.58,300.468571429,300.578571429,297.401428571,303.1,298.7,98.3,83.45,96.58,19.0271428571,2.67142857143,28.0428571429,6.82857142857,33.9,23.3,146.4,204,19.01,19.0157142857,18.6314285714,18.5471428571,297.467142857,297.457142857,297.127142857,297.038571429,84.2028571429,82.8,81.2171428571,83.7428571429,300.35,300.621428571,300.885714286,300.035714286,29.2142857143,29.0714285714,28.4571428571,28.2714285714,0.1072,0.05346667,0.02866667,0.14065,0.0567,0.0935,0.057625,0.127,0.1809667,0.1854333,0.1758571,0.26975,0.1720333,0.1739,0.1526857,0.2465286,24.34,38.44,25.79,16.03,19.017619047599997,18.92107142855,300.5166666666667,300.60892857150003,28.7761904762,28.696428571425002,83.4842857143,82.91749999999999,0.06378888999999997,0.055008334999999985,0.07531666666666664,0.07089375,0.17373890000000003,0.17426845,0.1787301333333334,0.172219025,53.120000000000026,46.287499999999994,-0.8854560256532096,-0.4647231720437691,5.3230099791384085
sj,1998,36,1998-09-03,0.0388,0.05403333,0.1585429,0.1456429,47.74,300.687142857,300.707142857,297.328571429,303.4,298.4,52.5,82.1928571429,47.74,18.9085714286,2.9,28.7571428571,7.12857142857,33.9,22.8,27.4,181,19.0271428571,19.01,19.0157142857,18.6314285714,297.401428571,297.467142857,297.457142857,297.127142857,83.45,84.2028571429,82.8,81.2171428571,300.578571429,300.35,300.621428571,300.885714286,28.0428571429,29.2142857143,29.0714285714,28.4571428571,0.0307,0.1072,0.05346667,0.02866667,0.07575,0.0567,0.0935,0.057625,0.1548167,0.1809667,0.1854333,0.1758571,0.1902571,0.1720333,0.1739,0.1526857,96.58,24.34,38.44,25.79,18.981904761899997,18.990357142849998,300.5452380953334,300.56428571425005,28.671428571433335,28.771428571424998,83.28190476193333,83.16142857145,0.05889999999999999,0.05754166749999999,0.062161109999999985,0.06999583250000001,0.16477543333333336,0.16993989999999998,0.16931110000000008,0.17045832499999997,56.22000000000002,51.77499999999999,-0.9350162426854147,-0.3546048870425359,5.204006687076795
sj,1998,37,1998-09-10,0.07465,0.05796667,0.1518857,0.122,72.73,300.147142857,300.2,297.16,302.0,298.7,73.6,84.0028571429,72.73,18.7242857143,2.02857142857,28.3285714286,6.84285714286,32.2,24.4,61.3,99,18.9085714286,19.0271428571,19.01,19.0157142857,297.328571429,297.401428571,297.467142857,297.457142857,82.1928571429,83.45,84.2028571429,82.8,300.707142857,300.578571429,300.35,300.621428571,28.7571428571,28.0428571429,29.2142857143,29.0714285714,0.0388,0.0307,0.1072,0.05346667,0.05403333,0.07575,0.0567,0.0935,0.1585429,0.1548167,0.1809667,0.1854333,0.1456429,0.1902571,0.1720333,0.1739,47.74,96.58,24.34,38.44,18.886666666666663,18.917499999999997,300.4952380953333,300.4589285715,28.376190476199998,28.585714285725,83.21523809526666,83.462142857175,0.04804999999999998,0.06283749999999999,0.06258333333333331,0.06111250000000001,0.1550817666666667,0.16155299999999997,0.1526333333333334,0.157483325,72.35000000000002,60.3475,-0.970941817426052,-0.23931566428755774,4.605170185988092
sj,1998,38,1998-09-17,0.06275,0.0401,0.1554833,0.14148,35.03,300.587142857,300.607142857,297.275714286,303.0,298.8,33.83,82.3328571429,35.03,18.8471428571,2.18571428571,28.7285714286,6.98571428571,34.4,24.4,39.7,54,18.7242857143,18.9085714286,19.0271428571,19.01,297.16,297.328571429,297.401428571,297.467142857,84.0028571429,82.1928571429,83.45,84.2028571429,300.2,300.707142857,300.578571429,300.35,28.3285714286,28.7571428571,28.0428571429,29.2142857143,0.07465,0.0388,0.0307,0.1072,0.05796667,0.05403333,0.07575,0.0567,0.1518857,0.1585429,0.1548167,0.1809667,0.122,0.1456429,0.1902571,0.1720333,72.73,47.74,96.58,24.34,18.826666666666664,18.876785714274998,300.5047619046667,300.52321428575,28.604761904766665,28.4642857143,82.8428571429,82.994642857175,0.05873333333333331,0.05172499999999998,0.050699999999999974,0.056962500000000006,0.15530396666666668,0.15518215,0.1363743000000001,0.14984499999999998,51.83333333333335,63.019999999999996,-0.992708874098054,-0.12053668025532357,4.007333185232471
sj,1998,39,1998-09-24,0.05085,0.04685,0.2315857,0.2066857,82.87,300.13,300.185714286,297.06,302.1,298.8,55.8,83.3314285714,82.87,18.5814285714,1.85714285714,27.7714285714,6.22857142857,32.2,24.4,123.6,80,18.8471428571,18.7242857143,18.9085714286,19.0271428571,297.275714286,297.16,297.328571429,297.401428571,82.3328571429,84.0028571429,82.1928571429,83.45,300.607142857,300.2,300.707142857,300.578571429,28.7285714286,28.3285714286,28.7571428571,28.0428571429,0.06275,0.07465,0.0388,0.0307,0.0401,0.05796667,0.05403333,0.07575,0.1554833,0.1518857,0.1585429,0.1548167,0.14148,0.122,0.1456429,0.1902571,35.03,72.73,47.74,96.58,18.7176190476,18.76535714285,300.330952381,300.42499999999995,28.2761904762,28.396428571424998,83.2223809524,82.965000000025,0.06274999999999999,0.05676249999999999,0.048305556666666645,0.049737500000000004,0.1796515666666667,0.17437439999999998,0.15672190000000008,0.15395214999999998,63.54333333333335,59.5925,-1.0,-1.8369701987210297e-16,4.394449154672439
sj,1998,40,1998-10-01,-0.0022,0.0382,0.1618857,0.1683143,223.61,300.597142857,300.757142857,296.538571429,302.9,298.5,124.4,78.7828571429,223.61,18.0614285714,2.8,27.9142857143,6.28571428571,32.8,23.9,24.7,102,18.5814285714,18.8471428571,18.7242857143,18.9085714286,297.06,297.275714286,297.16,297.328571429,83.3314285714,82.3328571429,84.0028571429,82.1928571429,300.185714286,300.607142857,300.2,300.707142857,27.7714285714,28.7285714286,28.3285714286,28.7571428571,0.05085,0.06275,0.07465,0.0388,0.04685,0.0401,0.05796667,0.05403333,0.2315857,0.1554833,0.1518857,0.1585429,0.2066857,0.14148,0.122,0.1456429,82.87,35.03,72.73,47.74,18.49666666663333,18.55357142855,300.51666666666665,300.4375,28.138095238100004,28.185714285725002,81.48238095239999,82.112500000025,0.03713333333333332,0.046512499999999984,0.04171666666666665,0.0457791675,0.18298490000000003,0.17521009999999998,0.1721600000000001,0.15961999999999998,113.8366666666667,103.56,-0.992708874098054,0.1205366802553232,4.634728988229636
sj,1998,41,1998-10-08,0.005633333333333332,-0.019,0.1630571,0.1492,33.26,300.712857143,300.742857143,296.921428571,302.9,298.9,28.3,79.9985714286,33.26,18.4185714286,2.34285714286,28.2571428571,5.5,31.7,24.4,25.0,127,18.0614285714,18.5814285714,18.8471428571,18.7242857143,296.538571429,297.06,297.275714286,297.16,78.7828571429,83.3314285714,82.3328571429,84.0028571429,300.757142857,300.185714286,300.607142857,300.2,27.9142857143,27.7714285714,28.7285714286,28.3285714286,-0.0022,0.05085,0.06275,0.07465,0.0382,0.04685,0.0401,0.05796667,0.1618857,0.2315857,0.1554833,0.1518857,0.1683143,0.2066857,0.14148,0.122,223.61,82.87,35.03,72.73,18.3538095238,18.477142857125,300.561904762,300.57321428575,27.98095238093333,28.16785714285,80.7042857143,81.11142857145,0.018094444444444423,0.02925833333333332,0.022016666666666653,0.026537500000000006,0.18550950000000008,0.17800295,0.1747333333333334,0.16641999999999998,113.24666666666671,93.6925,-0.9709418174260521,0.23931566428755738,4.852030263919617
sj,1998,42,1998-10-15,0.013466666666666665,0.08155,0.1864143,0.1386857,25.94,300.795714286,300.857142857,296.612857143,302.9,299.3,18.5,78.0985714286,25.94,18.0914285714,2.68571428571,27.7571428571,6.31428571429,31.7,23.3,15.5,73,18.4185714286,18.0614285714,18.5814285714,18.8471428571,296.921428571,296.538571429,297.06,297.275714286,79.9985714286,78.7828571429,83.3314285714,82.3328571429,300.742857143,300.757142857,300.185714286,300.607142857,28.2571428571,27.9142857143,27.7714285714,28.7285714286,0.005633333333333332,-0.0022,0.05085,0.06275,-0.019,0.0382,0.04685,0.0401,0.1630571,0.1618857,0.2315857,0.1554833,0.1492,0.1683143,0.2066857,0.14148,33.26,223.61,82.87,35.03,18.190476190466665,18.2882142857,300.78571428566664,300.63571428575,27.976190476166668,27.924999999975,78.96000000003333,80.052857142875,0.005633333333333314,0.016937499999999984,0.03358333333333332,0.0369,0.17045236666666672,0.1857357,0.15206666666666677,0.165721425,94.27000000000004,91.42,-0.9350162426854148,0.35460488704253557,4.304065093204169
sj,1998,43,1998-10-22,0.0213,0.085,0.1969667,0.1962,32.09,300.247142857,300.235714286,296.9,301.9,298.8,36.5,82.0385714286,32.09,18.41,2.12857142857,28.1571428571,6.92857142857,33.9,23.9,26.7,68,18.0914285714,18.4185714286,18.0614285714,18.5814285714,296.612857143,296.921428571,296.538571429,297.06,78.0985714286,79.9985714286,78.7828571429,83.3314285714,300.857142857,300.742857143,300.757142857,300.185714286,27.7571428571,28.2571428571,27.9142857143,27.7714285714,0.013466666666666665,0.005633333333333332,-0.0022,0.05085,0.08155,-0.019,0.0382,0.04685,0.1864143,0.1630571,0.1618857,0.2315857,0.1386857,0.1492,0.1683143,0.2066857,25.94,33.26,223.61,82.87,18.306666666666665,18.24535714285,300.611904762,300.64821428575,28.0571428571,28.0214285714,80.04523809526667,79.729642857175,0.013466666666666648,0.009549999999999986,0.04918333333333332,0.04643750000000001,0.18214603333333337,0.17708095,0.16136190000000009,0.16309999999999997,30.43000000000002,78.725,-0.8854560256532101,0.464723172043768,4.23410650459726
sj,1998,44,1998-10-29,-0.0359,-0.0726,0.1117286,0.09242857,182.46,299.848571429,299.985714286,296.867142857,302.1,297.7,92.4,83.8657142857,182.46,18.3757142857,2.08571428571,27.7142857143,6.12857142857,32.8,23.3,54.6,64,18.41,18.0914285714,18.4185714286,18.0614285714,296.9,296.612857143,296.921428571,296.538571429,82.0385714286,78.0985714286,79.9985714286,78.7828571429,300.235714286,300.857142857,300.742857143,300.757142857,28.1571428571,27.7571428571,28.2571428571,27.9142857143,0.0213,0.013466666666666665,0.005633333333333332,-0.0022,0.085,0.08155,-0.019,0.0382,0.1969667,0.1864143,0.1630571,0.1618857,0.1962,0.1386857,0.1492,0.1683143,32.09,25.94,33.26,223.61,18.292380952366667,18.323928571425,300.35952380966665,300.455357143,27.87619047616667,27.971428571399997,81.3342857143,81.000357142875,-0.0003777777777777963,0.0011249999999999854,0.031316666666666645,0.01873750000000001,0.16503653333333337,0.164541675,0.14243809000000007,0.1441285675,80.16333333333336,68.4375,-0.822983865893657,0.5680647467311548,4.174387269895637
sj,1998,45,1998-11-05,-0.016016666500000002,-0.00225,0.2212286,0.1698,121.65,299.652857143,299.692857143,296.942857143,301.7,298.5,89.5,85.12,121.65,18.4842857143,1.78571428571,27.4285714286,6.45714285714,31.1,23.3,81.5,55,18.3757142857,18.41,18.0914285714,18.4185714286,296.867142857,296.9,296.612857143,296.921428571,83.8657142857,82.0385714286,78.0985714286,79.9985714286,299.985714286,300.235714286,300.857142857,300.742857143,27.7142857143,28.1571428571,27.7571428571,28.2571428571,-0.0359,0.0213,0.013466666666666665,0.005633333333333332,-0.0726,0.085,0.08155,-0.019,0.1117286,0.1969667,0.1864143,0.1630571,0.09242857,0.1962,0.1386857,0.1492,182.46,32.09,25.94,33.26,18.423333333333332,18.34035714285,299.97142857166665,300.192857143,27.766666666666666,27.764285714275,83.67476190476667,82.280714285725,-0.010205555500000019,-0.004287499958333349,0.0033833333333333176,0.022925000000000008,0.17664130000000003,0.17908454999999998,0.1528095233333334,0.1492785675,112.06666666666668,90.535,-0.7485107481711011,0.6631226582407952,4.02535169073515
sj,1998,46,1998-11-12,0.003866667,-0.05725,0.1859167,0.09834286,18.07,300.002857143,300.05,296.42,302.4,297.9,36.1,80.9142857143,18.07,17.8685714286,2.07142857143,27.7857142857,6.67142857143,32.8,23.3,8.7,67,18.4842857143,18.3757142857,18.41,18.0914285714,296.942857143,296.867142857,296.9,296.612857143,85.12,83.8657142857,82.0385714286,78.0985714286,299.692857143,299.985714286,300.235714286,300.857142857,27.4285714286,27.7142857143,28.1571428571,27.7571428571,-0.016016666500000002,-0.0359,0.0213,0.013466666666666665,-0.00225,-0.0726,0.085,0.08155,0.2212286,0.1117286,0.1969667,0.1864143,0.1698,0.09242857,0.1962,0.1386857,121.65,182.46,32.09,25.94,18.242857142866665,18.284642857149997,299.90952380966667,299.99107142875005,27.642857142866664,27.771428571424998,83.3,82.98464285714999,-0.01601666650000002,-0.006687499875000014,-0.04403333333333335,-0.011774999999999992,0.17295796666666666,0.17896014999999998,0.12019047666666675,0.1391928575,107.39333333333336,88.5675,-0.6631226582407955,0.7485107481711007,4.219507705176107
sj,1998,47,1998-11-19,0.0269833335,0.004249999999999997,0.2537429,0.2166143,110.03,298.675714286,298.657142857,296.182857143,300.3,297.3,143.4,86.2142857143,110.03,17.6271428571,1.48571428571,26.7285714286,6.21428571429,30.6,23.3,71.3,84,17.8685714286,18.4842857143,18.3757142857,18.41,296.42,296.942857143,296.867142857,296.9,80.9142857143,85.12,83.8657142857,82.0385714286,300.05,299.692857143,299.985714286,300.235714286,27.7857142857,27.4285714286,27.7142857143,28.1571428571,0.003866667,-0.016016666500000002,-0.0359,0.0213,-0.05725,-0.00225,-0.0726,0.085,0.1859167,0.2212286,0.1117286,0.1969667,0.09834286,0.1698,0.09242857,0.1962,18.07,121.65,182.46,32.09,17.99333333333333,18.088928571425,299.4666666666667,299.5964285715,27.3142857143,27.4142857143,84.08285714286667,84.02857142857499,0.004944444666666648,-0.0052666665000000125,-0.01841666666666669,-0.03196249999999999,0.22029606666666668,0.1931542,0.16158572000000007,0.1442964325,83.25000000000001,108.05249999999998,-0.5680647467311559,0.8229838658936564,4.442651256490317
sj,1998,48,1998-11-26,0.0501,0.06575,0.1662429,0.1467571,0.0,299.232857143,299.321428571,295.492857143,301.4,297.4,57.1,80.0214285714,0.0,16.8671428571,2.01428571429,26.5571428571,5.68571428571,30.0,22.8,29.8,85,17.6271428571,17.8685714286,18.4842857143,18.3757142857,296.182857143,296.42,296.942857143,296.867142857,86.2142857143,80.9142857143,85.12,83.8657142857,298.657142857,300.05,299.692857143,299.985714286,26.7285714286,27.7857142857,27.4285714286,27.7142857143,0.0269833335,0.003866667,-0.016016666500000002,-0.0359,0.004249999999999997,-0.05725,-0.00225,-0.0726,0.2537429,0.1859167,0.2212286,0.1117286,0.2166143,0.09834286,0.1698,0.09242857,110.03,18.07,121.65,182.46,17.454285714266664,17.711785714275,299.3428571426667,299.43035714275004,27.023809523799997,27.125,82.38333333333333,83.0675,0.026983333499999984,0.01623333349999999,0.00424999999999998,0.002625000000000006,0.20196750000000005,0.20678277499999997,0.15390475333333342,0.157878565,42.70000000000002,62.43749999999999,-0.4647231720437684,0.88545602565321,4.454347296253507
sj,1998,49,1998-12-03,0.05675,0.06565,0.06918571,0.05278571,22.35,298.301428571,298.257142857,295.172857143,300.4,296.5,115.77,83.0242857143,22.35,16.5871428571,1.88571428571,25.6428571429,5.94285714286,29.4,22.2,48.2,67,16.8671428571,17.6271428571,17.8685714286,18.4842857143,295.492857143,296.182857143,296.42,296.942857143,80.0214285714,86.2142857143,80.9142857143,85.12,299.321428571,298.657142857,300.05,299.692857143,26.5571428571,26.7285714286,27.7857142857,27.4285714286,0.0501,0.0269833335,0.003866667,-0.016016666500000002,0.06575,0.004249999999999997,-0.05725,-0.00225,0.1662429,0.2537429,0.1859167,0.2212286,0.1467571,0.2166143,0.09834286,0.1698,0.0,110.03,18.07,121.65,17.0271428571,17.237499999975,298.74523809500005,299.07142857125,26.309523809533335,26.678571428574998,83.08666666666667,82.543571428575,0.04461111116666664,0.03442500012499999,0.04521666666666665,0.019600000000000006,0.16305717000000003,0.1687720525,0.13871903666666674,0.12862499249999998,44.12666666666669,37.61249999999999,-0.35460488704253595,0.9350162426854147,4.219507705176107
sj,1998,50,1998-12-10,0.0619,0.002633333,0.2133,0.1730143,152.94,298.094285714,298.15,295.54,299.8,297.1,158.72,85.9114285714,152.94,16.9657142857,1.35714285714,25.8142857143,5.01428571429,28.9,22.8,97.6,73,16.5871428571,16.8671428571,17.6271428571,17.8685714286,295.172857143,295.492857143,296.182857143,296.42,83.0242857143,80.0214285714,86.2142857143,80.9142857143,298.257142857,299.321428571,298.657142857,300.05,25.6428571429,26.5571428571,26.7285714286,27.7857142857,0.05675,0.0501,0.0269833335,0.003866667,0.06565,0.06575,0.004249999999999997,-0.05725,0.06918571,0.1662429,0.2537429,0.1859167,0.05278571,0.1467571,0.2166143,0.09834286,22.35,0.0,110.03,18.07,16.806666666633333,17.01178571425,298.57619047599997,298.59642857125,26.004761904766667,26.185714285725,82.9857142857,83.79285714285001,0.05624999999999999,0.048933333374999985,0.04467777766666665,0.03457083325,0.14957620333333335,0.17561787749999996,0.12418570333333341,0.1472928525,58.430000000000014,71.32999999999998,-0.2393156642875578,0.970941817426052,4.304065093204169
sj,1998,51,1998-12-17,-0.08216667,-0.091675,0.2399,0.1700571,16.76,299.042857143,299.1,295.032857143,300.9,297.6,10.2,78.6685714286,16.76,16.4085714286,1.97142857143,26.0714285714,5.54285714286,31.1,22.8,18.9,89,16.9657142857,16.5871428571,16.8671428571,17.6271428571,295.54,295.172857143,295.492857143,296.182857143,85.9114285714,83.0242857143,80.0214285714,86.2142857143,298.15,298.257142857,299.321428571,298.657142857,25.8142857143,25.6428571429,26.5571428571,26.7285714286,0.0619,0.05675,0.0501,0.0269833335,0.002633333,0.06565,0.06575,0.004249999999999997,0.2133,0.06918571,0.1662429,0.2537429,0.1730143,0.05278571,0.1467571,0.2166143,152.94,22.35,0.0,110.03,16.653809523799996,16.707142857125,298.50238095233334,298.707142857,25.842857142866666,26.021428571424998,82.53476190476665,81.906428571425,0.01216110999999998,0.021645832499999986,-0.0077972223333333535,0.01058958325000001,0.17412857000000004,0.17215715249999997,0.13195237000000007,0.1356535525,64.01666666666668,48.01249999999999,-0.12053668025532363,0.992708874098054,4.499809670330265
sj,1998,52,1998-12-24,0.06056667,-0.13095,0.15715,0.0981875,0.0,299.282857143,299.435714286,295.215714286,301.4,298.0,12.8,78.4185714286,0.0,16.5642857143,2.12857142857,25.9285714286,6.04285714286,30.0,22.2,29.7,68,16.4085714286,16.9657142857,16.5871428571,16.8671428571,295.032857143,295.54,295.172857143,295.492857143,78.6685714286,85.9114285714,83.0242857143,80.0214285714,299.1,298.15,298.257142857,299.321428571,26.0714285714,25.8142857143,25.6428571429,26.5571428571,-0.08216667,0.0619,0.05675,0.0501,-0.091675,0.002633333,0.06565,0.06575,0.2399,0.2133,0.06918571,0.1662429,0.1700571,0.1730143,0.05278571,0.1467571,16.76,152.94,22.35,0.0,16.646190476199994,16.631428571424998,298.89523809533335,298.73571428575,25.9380952381,25.864285714300003,80.99952380953333,81.50571428572499,0.013433333333333316,0.02426249999999999,-0.07333055566666669,-0.03858541675,0.20345000000000005,0.16988392749999998,0.1470863000000001,0.1235111525,56.566666666666684,48.01249999999999,6.432490598706546e-16,1.0,4.23410650459726
sj,1999,53,1999-01-01,-0.00625555333333333,-0.10927500000000001,0.172925,0.1308021,22.695,298.9914285715,299.125,295.1564285715,301.04999999999995,297.65,15.26,79.50785714285,22.695,16.5085714286,2.2785714285700003,25.75,5.757142857145,29.45,22.2,22.95,59,16.5642857143,16.4085714286,16.9657142857,16.5871428571,295.215714286,295.032857143,295.54,295.172857143,78.4185714286,78.6685714286,85.9114285714,83.0242857143,299.435714286,299.1,298.15,298.257142857,25.9285714286,26.0714285714,25.8142857143,25.6428571429,0.06056667,-0.08216667,0.0619,0.05675,-0.13095,-0.091675,0.002633333,0.06565,0.15715,0.2399,0.2133,0.06918571,0.0981875,0.1700571,0.1730143,0.05278571,0.0,16.76,152.94,22.35,16.49380952383333,16.611785714299998,299.22023809533334,298.95267857150003,25.916666666666668,25.891071428575003,78.86500000001666,80.6266071428625,-0.00928518444444446,0.008511111666666656,-0.11063333333333336,-0.08231666675,0.1899916666666667,0.19581874999999999,0.13301556666666675,0.14301524999999998,13.151666666666685,48.098749999999995,0.12053668025532314,0.992708874098054,4.0943445622221
sj,1999,1,1999-01-08,-0.07307777666666666,-0.0876,0.1887,0.1634167,45.39,298.7,298.814285714,295.097142857,300.7,297.3,17.72,80.5971428571,45.39,16.4528571429,2.42857142857,25.5714285714,5.47142857143,28.9,22.2,16.2,56,16.5085714286,16.5642857143,16.4085714286,16.9657142857,295.1564285715,295.215714286,295.032857143,295.54,79.50785714285,78.4185714286,78.6685714286,85.9114285714,299.125,299.435714286,299.1,298.15,25.75,25.9285714286,26.0714285714,25.8142857143,-0.00625555333333333,0.06056667,-0.08216667,0.0619,-0.10927500000000001,-0.13095,-0.091675,0.002633333,0.172925,0.15715,0.2399,0.2133,0.1308021,0.0981875,0.1700571,0.1730143,22.695,0.0,16.76,152.94,16.508571428599996,16.483571428599998,299.125,299.11875,25.75,25.830357142849998,79.50785714285,79.2980357142875,-0.006255553333333348,-0.02523333250000001,-0.10927500000000001,-0.104875,0.17292500000000002,0.18966875,0.1308021000000001,0.14061585,22.695000000000018,21.211249999999993,0.12053668025532305,0.992708874098054,4.04305126783455
sj,1999,2,1999-01-15,-0.1399,-0.03763333,0.1813833,0.1448429,0.0,298.482857143,298.55,294.12,300.1,297.4,12.6,76.9542857143,0.0,15.4928571429,1.67142857143,25.0714285714,5.72857142857,28.3,20.0,20.6,77,16.4528571429,16.5085714286,16.5642857143,16.4085714286,295.097142857,295.1564285715,295.215714286,295.032857143,80.5971428571,79.50785714285,78.4185714286,78.6685714286,298.814285714,299.125,299.435714286,299.1,25.5714285714,25.75,25.9285714286,26.0714285714,-0.07307777666666666,-0.00625555333333333,0.06056667,-0.08216667,-0.0876,-0.10927500000000001,-0.13095,-0.091675,0.1887,0.172925,0.15715,0.2399,0.1634167,0.1308021,0.0981875,0.1700571,45.39,22.695,0.0,16.76,16.151428571466663,16.254642857175,298.82976190466667,298.98125000000005,25.464285714266666,25.580357142849998,79.01976190475,78.8694642857125,-0.07307777666666669,-0.039666665000000004,-0.07816944333333335,-0.0913645825,0.1810027666666667,0.175039575,0.1463539000000001,0.1343123,22.695000000000018,17.02124999999999,0.23931566428755774,0.970941817426052,4.356708826689592
sj,1999,3,1999-01-22,-0.0698,-0.03795,0.1808,0.1158429,47.16,297.861428571,297.971428571,294.408571429,300.0,296.1,20.62,81.31,47.16,15.7685714286,2.2,24.9857142857,6.88571428571,30.0,21.1,27.2,75,15.4928571429,16.4528571429,16.5085714286,16.5642857143,294.12,295.097142857,295.1564285715,295.215714286,76.9542857143,80.5971428571,79.50785714285,78.4185714286,298.55,298.814285714,299.125,299.435714286,25.0714285714,25.5714285714,25.75,25.9285714286,-0.1399,-0.07307777666666666,-0.00625555333333333,0.06056667,-0.03763333,-0.0876,-0.10927500000000001,-0.13095,0.1813833,0.1887,0.172925,0.15715,0.1448429,0.1634167,0.1308021,0.0981875,0.0,45.39,22.695,0.0,15.904761904799997,16.05571428575,298.445238095,298.61517857125,25.2095238095,25.344642857124995,79.62047619046666,79.5923214285625,-0.0942592588888889,-0.0722583325,-0.05439444333333334,-0.06811458249999999,0.1836277666666667,0.180952075,0.1413675000000001,0.13872615,30.850000000000012,28.81124999999999,0.3546048870425356,0.9350162426854148,4.330733340286331
sj,1999,4,1999-01-29,0.0535,-0.10875,0.1818429,0.1406143,0.0,297.442857143,297.571428571,293.701428571,299.1,295.8,40.75,79.6714285714,0.0,15.0728571429,1.77142857143,24.8857142857,6.41428571429,28.3,21.1,8.6,47,15.7685714286,15.4928571429,16.4528571429,16.5085714286,294.408571429,294.12,295.097142857,295.1564285715,81.31,76.9542857143,80.5971428571,79.50785714285,297.971428571,298.55,298.814285714,299.125,24.9857142857,25.0714285714,25.5714285714,25.75,-0.0698,-0.1399,-0.07307777666666666,-0.00625555333333333,-0.03795,-0.03763333,-0.0876,-0.10927500000000001,0.1808,0.1813833,0.1887,0.172925,0.1158429,0.1448429,0.1634167,0.1308021,47.16,0.0,45.39,22.695,15.444761904799998,15.696785714325001,298.03095238066663,298.226785714,24.98095238093333,25.128571428549996,79.3119047619,79.63321428569999,-0.052066666666666685,-0.05731944416666667,-0.06144444333333334,-0.0679833325,0.18134206666666672,0.18318154999999997,0.1337667000000001,0.14117919999999998,15.720000000000015,23.137499999999992,0.4647231720437685,0.8854560256532099,3.8712010109078907
sj,1999,5,1999-02-05,0.060200000000000004,0.05145,0.2175,0.1739286,0.0,296.772857143,296.757142857,290.955714286,299.3,294.5,14.9,70.1985714286,0.0,12.7414285714,2.0,24.1714285714,5.64285714286,27.8,19.4,18.0,50,15.0728571429,15.7685714286,15.4928571429,16.4528571429,293.701428571,294.408571429,294.12,295.097142857,79.6714285714,81.31,76.9542857143,80.5971428571,297.571428571,297.971428571,298.55,298.814285714,24.8857142857,24.9857142857,25.0714285714,25.5714285714,0.0535,-0.0698,-0.1399,-0.07307777666666666,-0.10875,-0.03795,-0.03763333,-0.0876,0.1818429,0.1808,0.1813833,0.1887,0.1406143,0.1158429,0.1448429,0.1634167,0.0,47.16,0.0,45.39,14.527619047633332,14.76892857145,297.433333333,297.71249999975004,24.680952380933334,24.77857142855,77.06,77.033571428575,0.014633333333333325,-0.024000000000000007,-0.03175000000000001,-0.03322083249999999,0.1933809666666667,0.19038154999999998,0.14346193333333343,0.14380717499999998,15.720000000000015,11.789999999999992,0.5680647467311558,0.8229838658936564,3.9318256327243257
sj,1999,6,1999-02-12,0.0669,0.043925000000000006,0.2283286,0.2092,0.0,296.668571429,296.785714286,290.552857143,298.9,295.3,4.7,68.6414285714,0.0,12.3657142857,1.91428571429,23.4,7.38571428571,27.8,17.8,2.9,42,12.7414285714,15.0728571429,15.7685714286,15.4928571429,290.955714286,293.701428571,294.408571429,294.12,70.1985714286,79.6714285714,81.31,76.9542857143,296.757142857,297.571428571,297.971428571,298.55,24.1714285714,24.8857142857,24.9857142857,25.0714285714,0.060200000000000004,0.0535,-0.0698,-0.1399,0.05145,-0.10875,-0.03795,-0.03763333,0.2175,0.1818429,0.1808,0.1813833,0.1739286,0.1406143,0.1158429,0.1448429,0.0,0.0,47.16,0.0,13.39333333333333,13.98714285715,297.03809523800004,297.27142857125,24.152380952366666,24.3607142857,72.83714285713334,74.95535714285,0.0602,0.027699999999999995,-0.004458333333333342,-0.01283124999999999,0.2092238333333334,0.20211787499999997,0.17458096666666675,0.15989645,0.0,11.789999999999992,0.6631226582407952,0.7485107481711011,3.7612001156935624
sj,1999,7,1999-02-19,0.0263,0.0364,0.1718571,0.1876,18.66,297.218571429,297.442857143,292.73,299.4,295.5,18.64,76.2457142857,18.66,14.2257142857,2.57142857143,24.3285714286,7.51428571429,29.4,19.4,24.8,28,12.3657142857,12.7414285714,15.0728571429,15.7685714286,290.552857143,290.955714286,293.701428571,294.408571429,68.6414285714,70.1985714286,79.6714285714,81.31,296.785714286,296.757142857,297.571428571,297.971428571,23.4,24.1714285714,24.8857142857,24.9857142857,0.0669,0.060200000000000004,0.0535,-0.0698,0.043925000000000006,0.05145,-0.10875,-0.03795,0.2283286,0.2175,0.1818429,0.1808,0.2092,0.1739286,0.1406143,0.1158429,0.0,0.0,0.0,47.16,13.110952380933332,13.601428571425,296.9952380953334,297.13928571425004,23.966666666666665,24.196428571425,71.69523809523334,73.689285714275,0.05113333333333333,0.05172499999999999,0.04392499999999999,0.005756250000000008,0.20589523333333337,0.19988214999999998,0.19024286666666676,0.177835725,6.220000000000017,4.664999999999993,0.7485107481711011,0.6631226582407953,3.367295829986474
sj,1999,8,1999-02-26,0.12905,0.086,0.1234714,0.1325,23.9,295.938571429,296.114285714,290.634285714,299.7,293.7,8.7,72.2514285714,23.9,12.4928571429,2.71428571429,24.0428571429,6.9,28.9,18.9,0.0,37,14.2257142857,12.3657142857,12.7414285714,15.0728571429,292.73,290.552857143,290.955714286,293.701428571,76.2457142857,68.6414285714,70.1985714286,79.6714285714,297.442857143,296.785714286,296.757142857,297.571428571,24.3285714286,23.4,24.1714285714,24.8857142857,0.0263,0.0669,0.060200000000000004,0.0535,0.0364,0.043925000000000006,0.05145,-0.10875,0.1718571,0.2283286,0.2175,0.1818429,0.1876,0.2092,0.1739286,0.1406143,18.66,0.0,0.0,0.0,13.028095238099999,12.956428571425,296.780952381,296.775,23.92380952383333,23.985714285725003,72.3795238095,71.83428571427501,0.07408333333333332,0.0706125,0.05544166666666666,0.054443750000000006,0.1745523666666667,0.18528927499999998,0.17643333333333344,0.17580714999999997,14.186666666666682,10.639999999999993,0.8229838658936564,0.5680647467311559,3.6375861597263857
sj,1999,9,1999-03-05,-0.0509,0.03793333,0.1977167,0.1614667,0.0,297.542857143,297.678571429,293.311428571,299.7,295.3,8.3,77.4271428571,0.0,14.73,2.78571428571,25.0,7.42857142857,29.4,20.6,40.1,37,12.4928571429,14.2257142857,12.3657142857,12.7414285714,290.634285714,292.73,290.552857143,290.955714286,72.2514285714,76.2457142857,68.6414285714,70.1985714286,296.114285714,297.442857143,296.785714286,296.757142857,24.0428571429,24.3285714286,23.4,24.1714285714,0.12905,0.0263,0.0669,0.060200000000000004,0.086,0.0364,0.043925000000000006,0.05145,0.1234714,0.1718571,0.2283286,0.2175,0.1325,0.1876,0.2092,0.1739286,23.9,18.66,0.0,0.0,13.816190476199997,13.453571428575,297.0785714286667,297.005357143,24.45714285716667,24.192857142875,75.30809523806667,73.6414285714,0.034816666666666655,0.042837499999999994,0.053444443333333314,0.05106458250000001,0.16434840000000003,0.18034344999999996,0.1605222333333334,0.172691675,14.186666666666682,10.639999999999993,0.8854560256532099,0.4647231720437686,3.6375861597263857
sj,1999,10,1999-03-12,-0.071225,0.043425,0.1611167,0.2284286,0.0,297.882857143,298.071428571,292.421428571,299.7,296.0,0.4,71.6914285714,0.0,13.9357142857,2.48571428571,24.9571428571,7.51428571429,29.4,20.6,0.0,27,14.73,12.4928571429,14.2257142857,12.3657142857,293.311428571,290.634285714,292.73,290.552857143,77.4271428571,72.2514285714,76.2457142857,68.6414285714,297.678571429,296.114285714,297.442857143,296.785714286,25.0,24.0428571429,24.3285714286,23.4,-0.0509,0.12905,0.0263,0.0669,0.03793333,0.086,0.0364,0.043925000000000006,0.1977167,0.1234714,0.1718571,0.2283286,0.1614667,0.1325,0.1876,0.2092,0.0,23.9,18.66,0.0,13.71952380953333,13.846071428575,297.288095238,297.32678571425004,24.666666666666668,24.58214285715,73.78999999996667,74.4039285714,0.00230833333333332,0.00830624999999999,0.05578610999999999,0.050939582500000004,0.1607682666666667,0.16354047499999996,0.17413176666666674,0.177498825,7.966666666666683,10.639999999999993,0.9350162426854148,0.35460488704253557,3.332204510175204
sj,1999,11,1999-03-19,-0.10475,0.0402,0.2573714,0.2754429,5.5,297.542857143,297.8,292.764285714,300.0,295.8,5.5,74.8042857143,5.5,14.2442857143,3.0,24.8857142857,7.34285714286,31.1,20.6,8.4,12,13.9357142857,14.73,12.4928571429,14.2257142857,292.421428571,293.311428571,290.634285714,292.73,71.6914285714,77.4271428571,72.2514285714,76.2457142857,298.071428571,297.678571429,296.114285714,297.442857143,24.9571428571,25.0,24.0428571429,24.3285714286,-0.071225,-0.0509,0.12905,0.0263,0.043425,0.03793333,0.086,0.0364,0.1611167,0.1977167,0.1234714,0.1718571,0.2284286,0.1614667,0.1325,0.1876,0.0,0.0,23.9,18.66,14.30333333333333,13.850714285725,297.84999999999997,297.4160714285,24.9476190476,24.721428571425,74.64095238093333,74.04357142855,-0.07562500000000001,-0.02445625000000001,0.04051944333333332,0.0518895825,0.2054016,0.18491904999999997,0.2217794000000001,0.19945954999999999,1.83333333333335,7.3499999999999925,0.970941817426052,0.23931566428755804,2.5649493574615367
sj,1999,12,1999-03-26,0.135,0.03233333,0.1988,0.1830571,5.24,298.222857143,298.45,293.23,300.5,296.3,3.1,73.94,5.24,14.6714285714,2.84285714286,25.6714285714,7.67142857143,30.6,21.1,0.0,15,14.2442857143,13.9357142857,14.73,12.4928571429,292.764285714,292.421428571,293.311428571,290.634285714,74.8042857143,71.6914285714,77.4271428571,72.2514285714,297.8,298.071428571,297.678571429,296.114285714,24.8857142857,24.9571428571,25.0,24.0428571429,-0.10475,-0.071225,-0.0509,0.12905,0.0402,0.043425,0.03793333,0.086,0.2573714,0.1611167,0.1977167,0.1234714,0.2754429,0.2284286,0.1614667,0.1325,5.5,0.0,0.0,23.9,14.283809523799997,14.39535714285,298.10714285700004,298.0,25.1714285714,25.128571428549996,73.47857142856667,74.46571428569999,-0.013658333333333347,-0.02296875000000001,0.03865277666666666,0.03847291500000001,0.20576270000000005,0.20375119999999997,0.22897620000000007,0.21209882499999996,3.5800000000000165,2.684999999999993,0.992708874098054,0.120536680255323,2.772588722239781
sj,1999,13,1999-04-02,0.0541,-0.0981,0.1572667,0.1370571,15.91,298.308571429,298.414285714,294.377142857,300.4,296.1,8.9,78.91,15.91,15.7328571429,2.31428571429,25.7428571429,6.9,30.6,21.7,7.9,22,14.6714285714,14.2442857143,13.9357142857,14.73,293.23,292.764285714,292.421428571,293.311428571,73.94,74.8042857143,71.6914285714,77.4271428571,298.45,297.8,298.071428571,297.678571429,25.6714285714,24.8857142857,24.9571428571,25.0,0.135,-0.10475,-0.071225,-0.0509,0.03233333,0.0402,0.043425,0.03793333,0.1988,0.2573714,0.1611167,0.1977167,0.1830571,0.2754429,0.2284286,0.1614667,5.24,5.5,0.0,0.0,14.882857142866664,14.646071428575,298.2214285713333,298.18392857125,25.433333333333337,25.314285714274998,75.88476190476666,74.83642857142499,0.02811666666666665,0.0032812499999999908,-0.008522223333333342,0.004464582500000005,0.2044793666666667,0.1936387,0.1985190333333334,0.20599642499999998,8.883333333333349,6.6624999999999925,1.0,-1.6081226496766364e-16,3.1354942159291497
sj,1999,14,1999-04-09,0.0441,0.00075,0.2009429,0.2108429,18.76,297.975714286,298.092857143,293.272857143,300.1,295.7,16.2,75.3885714286,18.76,14.7457142857,2.58571428571,25.6142857143,6.02857142857,29.4,21.1,30.8,8,15.7328571429,14.6714285714,14.2442857143,13.9357142857,294.377142857,293.23,292.764285714,292.421428571,78.91,73.94,74.8042857143,71.6914285714,298.414285714,298.45,297.8,298.071428571,25.7428571429,25.6714285714,24.8857142857,24.9571428571,0.0541,0.135,-0.10475,-0.071225,-0.0981,0.03233333,0.0402,0.043425,0.1572667,0.1988,0.2573714,0.1611167,0.1370571,0.1830571,0.2754429,0.2284286,15.91,5.24,5.5,0.0,15.049999999999997,14.848571428575,298.319047619,298.18928571425,25.676190476200002,25.478571428575,76.07952380953333,75.760714285725,0.07773333333333331,0.03211249999999999,-0.02167222333333334,-0.0062041674999999945,0.1856698666666667,0.20359524999999998,0.1769857000000001,0.20159999999999997,13.30333333333335,11.352499999999994,0.992708874098054,-0.12053668025532288,2.1972245773362196
sj,1999,15,1999-04-16,0.0341,0.0351,0.1027857,0.09751429,75.59,297.481428571,297.642857143,292.405714286,301.0,295.2,12.76,73.6414285714,75.59,13.9742857143,3.6,25.3857142857,6.67142857143,30.0,21.1,19.8,15,14.7457142857,15.7328571429,14.6714285714,14.2442857143,293.272857143,294.377142857,293.23,292.764285714,75.3885714286,78.91,73.94,74.8042857143,298.092857143,298.414285714,298.45,297.8,25.6142857143,25.7428571429,25.6714285714,24.8857142857,0.0441,0.0541,0.135,-0.10475,0.00075,-0.0981,0.03233333,0.0402,0.2009429,0.1572667,0.1988,0.2573714,0.2108429,0.1370571,0.1830571,0.2754429,18.76,15.91,5.24,5.5,14.81761904763333,14.781071428575,298.05,298.15000000000003,25.580952380966664,25.603571428575002,75.98,75.47,0.04409999999999997,0.066825,-0.02075000000000001,-0.007479167499999993,0.15366510000000005,0.164948825,0.1484714300000001,0.15711784749999996,36.75333333333335,28.874999999999993,0.9709418174260521,-0.2393156642875575,2.772588722239781
sj,1999,16,1999-04-23,0.0869,0.03965,0.1907857,0.1153857,0.0,299.254285714,299.457142857,294.524285714,301.4,296.7,2.0,75.39,0.0,15.8685714286,3.2,26.9142857143,7.48571428571,32.2,22.8,9.2,17,13.9742857143,14.7457142857,15.7328571429,14.6714285714,292.405714286,293.272857143,294.377142857,293.23,73.6414285714,75.3885714286,78.91,73.94,297.642857143,298.092857143,298.414285714,298.45,25.3857142857,25.6142857143,25.7428571429,25.6714285714,0.0341,0.0441,0.0541,0.135,0.0351,0.00075,-0.0981,0.03233333,0.1027857,0.2009429,0.1572667,0.1988,0.09751429,0.2108429,0.1370571,0.1830571,75.59,18.76,15.91,5.24,14.862857142866664,15.080357142875,298.3976190476667,298.40178571425,25.971428571433336,25.9142857143,74.80666666666667,75.8325,0.0550333333333333,0.05479999999999999,0.025166666666666657,-0.005649999999999995,0.16483810000000004,0.16294524999999999,0.1412476300000001,0.14019999749999998,31.450000000000017,27.564999999999994,0.9350162426854148,-0.35460488704253545,2.8903717578961645
sj,1999,17,1999-04-30,0.07295,0.02765,0.1945833,0.1375,10.2,299.035714286,299.15,294.201428571,301.0,297.2,5.35,74.7985714286,10.2,15.5614285714,2.72857142857,26.6857142857,7.38571428571,31.7,22.2,4.1,10,15.8685714286,13.9742857143,14.7457142857,15.7328571429,294.524285714,292.405714286,293.272857143,294.377142857,75.39,73.6414285714,75.3885714286,78.91,299.457142857,297.642857143,298.092857143,298.414285714,26.9142857143,25.3857142857,25.6142857143,25.7428571429,0.0869,0.0341,0.0441,0.0541,0.03965,0.0351,0.00075,-0.0981,0.1907857,0.1027857,0.2009429,0.1572667,0.1153857,0.09751429,0.2108429,0.1370571,0.0,75.59,18.76,15.91,15.134761904766664,15.0375,298.75,298.58571428575,26.328571428566665,26.15,74.61,74.80464285715,0.06464999999999997,0.05951249999999998,0.03413333333333332,0.025787500000000005,0.16271823333333338,0.1722744,0.11679999666666678,0.14031072249999998,28.596666666666682,26.137499999999992,0.8854560256532099,-0.4647231720437685,2.3978952727983707
sj,1999,18,1999-05-07,0.064,0.04806667,0.1721429,0.1899429,88.2,299.431428571,299.5,295.415714286,301.8,298.0,13.3,78.6828571429,88.2,16.7957142857,2.08571428571,28.2285714286,9.21428571429,33.9,22.2,0.5,9,15.5614285714,15.8685714286,13.9742857143,14.7457142857,294.201428571,294.524285714,292.405714286,293.272857143,74.7985714286,75.39,73.6414285714,75.3885714286,299.15,299.457142857,297.642857143,298.092857143,26.6857142857,26.9142857143,25.3857142857,25.6142857143,0.07295,0.0869,0.0341,0.0441,0.02765,0.03965,0.0351,0.00075,0.1945833,0.1907857,0.1027857,0.2009429,0.1375,0.1153857,0.09751429,0.2108429,10.2,0.0,75.59,18.76,16.07523809523333,15.55,299.36904761899996,298.9375,27.2761904762,26.803571428575,76.2904761905,75.628214285725,0.07461666666666665,0.06448749999999999,0.03845555666666666,0.037616667500000006,0.1858373,0.16507439999999998,0.14760953333333343,0.13508572249999998,32.80000000000002,43.49749999999999,0.8229838658936565,-0.5680647467311557,2.302585092994046
sj,1999,19,1999-05-14,0.058058332500000004,0.0578,0.0804,0.08112,46.5,299.098571429,299.121428571,294.572857143,301.0,297.2,14.28,76.3085714286,46.5,15.9671428571,2.58571428571,26.9571428571,7.62857142857,32.8,21.7,73.1,11,16.7957142857,15.5614285714,15.8685714286,13.9742857143,295.415714286,294.201428571,294.524285714,292.405714286,78.6828571429,74.7985714286,75.39,73.6414285714,299.5,299.15,299.457142857,297.642857143,28.2285714286,26.6857142857,26.9142857143,25.3857142857,0.064,0.07295,0.0869,0.0341,0.04806667,0.02765,0.03965,0.0351,0.1721429,0.1945833,0.1907857,0.1027857,0.1899429,0.1375,0.1153857,0.09751429,88.2,10.2,0.0,75.59,16.108095238066664,16.0482142857,299.25714285699996,299.307142857,27.290476190466666,27.196428571425,76.5966666667,76.295000000025,0.06500277749999998,0.07047708312499999,0.04450555666666666,0.043291667500000006,0.1490420666666667,0.159477975,0.13618763333333342,0.13098715,48.30000000000001,36.224999999999994,0.7485107481711013,-0.663122658240795,2.4849066497880004
sj,1999,20,1999-05-21,0.052116665,0.09066667,0.1944714,0.1691571,33.82,299.775714286,299.935714286,295.268571429,302.6,297.0,22.1,76.5985714286,33.82,16.6514285714,3.18571428571,27.8285714286,7.32857142857,33.3,23.3,14.3,20,15.9671428571,16.7957142857,15.5614285714,15.8685714286,294.572857143,295.415714286,294.201428571,294.524285714,76.3085714286,78.6828571429,74.7985714286,75.39,299.121428571,299.5,299.15,299.457142857,26.9571428571,28.2285714286,26.6857142857,26.9142857143,0.058058332500000004,0.064,0.07295,0.0869,0.0578,0.04806667,0.02765,0.03965,0.0804,0.1721429,0.1945833,0.1907857,0.08112,0.1899429,0.1375,0.1153857,46.5,88.2,10.2,0.0,16.471428571399997,16.2439285714,299.51904761900005,299.42678571425,27.671428571433335,27.425,77.19666666670001,76.597142857175,0.058058332499999976,0.061781249374999986,0.06551111333333333,0.056045835,0.1490047666666667,0.16039939999999997,0.1467400000000001,0.14442999999999998,56.17333333333335,44.67999999999999,0.6631226582407952,-0.7485107481711012,3.044522437723423
sj,1999,21,1999-05-28,0.046174997499999995,0.0738,0.1826429,0.1713286,15.26,300.052857143,300.164285714,296.214285714,302.4,298.6,18.64,79.7171428571,15.26,17.6385714286,2.21428571429,28.3857142857,6.74285714286,33.3,24.4,8.2,13,16.6514285714,15.9671428571,16.7957142857,15.5614285714,295.268571429,294.572857143,295.415714286,294.201428571,76.5985714286,76.3085714286,78.6828571429,74.7985714286,299.935714286,299.121428571,299.5,299.15,27.8285714286,26.9571428571,28.2285714286,26.6857142857,0.052116665,0.058058332500000004,0.064,0.07295,0.09066667,0.0578,0.04806667,0.02765,0.1944714,0.0804,0.1721429,0.1945833,0.1691571,0.08112,0.1899429,0.1375,33.82,46.5,88.2,10.2,16.752380952366664,16.763214285700002,299.74047619033337,299.68035714275004,27.7238095238,27.85,77.54142857143334,77.8267857143,0.05211666499999998,0.055087498749999984,0.07408888999999999,0.06758333500000001,0.1525047666666667,0.15741429999999998,0.14053523333333343,0.15288714999999997,31.860000000000014,45.94499999999999,0.5680647467311558,-0.8229838658936564,2.639057329615259
sj,1999,22,1999-06-04,0.04023333,-0.0127,0.1208833,0.09056667,2.16,300.587142857,300.671428571,296.235714286,302.7,298.4,6.6,77.3714285714,2.16,17.6442857143,3.25714285714,28.4142857143,6.57142857143,33.3,23.9,5.9,11,17.6385714286,16.6514285714,15.9671428571,16.7957142857,296.214285714,295.268571429,294.572857143,295.415714286,79.7171428571,76.5985714286,76.3085714286,78.6828571429,300.164285714,299.935714286,299.121428571,299.5,28.3857142857,27.8285714286,26.9571428571,28.2285714286,0.046174997499999995,0.052116665,0.058058332500000004,0.064,0.0738,0.09066667,0.0578,0.04806667,0.1826429,0.1944714,0.0804,0.1721429,0.1713286,0.1691571,0.08112,0.1899429,15.26,33.82,46.5,88.2,17.31142857143333,16.97535714285,300.257142857,299.97321428550003,28.209523809533334,27.896428571424998,77.8957142857,77.49892857142501,0.046174997499999974,0.04914583124999999,0.05058889,0.05239166750000001,0.16599920000000004,0.1445994,0.14368412333333344,0.12804309249999996,17.080000000000016,24.434999999999988,0.46472317204376906,-0.8854560256532096,2.4849066497880004
sj,1999,23,1999-06-11,0.0499,0.0499,0.07223333,0.08013333,100.35,300.025714286,299.978571429,296.43,302.0,298.3,24.8,80.7542857143,100.35,17.8542857143,2.5,27.9142857143,7.55714285714,33.9,22.8,56.8,16,17.6442857143,17.6385714286,16.6514285714,15.9671428571,296.235714286,296.214285714,295.268571429,294.572857143,77.3714285714,79.7171428571,76.5985714286,76.3085714286,300.671428571,300.164285714,299.935714286,299.121428571,28.4142857143,28.3857142857,27.8285714286,26.9571428571,0.04023333,0.046174997499999995,0.052116665,0.058058332500000004,-0.0127,0.0738,0.09066667,0.0578,0.1208833,0.1826429,0.1944714,0.0804,0.09056667,0.1713286,0.1691571,0.08112,2.16,15.26,33.82,46.5,17.712380952399997,17.44714285715,300.2714285713333,300.1875,28.2380952381,28.135714285725,79.28095238093334,78.61035714284999,0.045436109166666634,0.047106248124999986,0.03699999999999999,0.05041666750000001,0.1252531766666667,0.14255773249999998,0.11400953333333343,0.12779642499999996,39.25666666666668,37.89749999999999,0.35460488704253584,-0.9350162426854147,2.833213344056216
sj,1999,24,1999-06-18,0.0617916675,0.06756667,0.1184833,0.09545,115.14,300.351428571,300.378571429,296.54,302.3,298.7,30.1,79.75,115.14,17.9828571429,2.38571428571,27.7,6.84285714286,31.7,23.9,17.6,11,17.8542857143,17.6442857143,17.6385714286,16.6514285714,296.43,296.235714286,296.214285714,295.268571429,80.7542857143,77.3714285714,79.7171428571,76.5985714286,299.978571429,300.671428571,300.164285714,299.935714286,27.9142857143,28.4142857143,28.3857142857,27.8285714286,0.0499,0.04023333,0.046174997499999995,0.052116665,0.0499,-0.0127,0.0738,0.09066667,0.07223333,0.1208833,0.1826429,0.1944714,0.08013333,0.09056667,0.1713286,0.1691571,100.35,2.16,15.26,33.82,17.827142857166663,17.780000000024998,300.34285714299995,300.29821428574996,28.009523809533334,28.103571428575002,79.2919047619,79.39821428569999,0.050641665833333314,0.049524998749999986,0.03492222333333332,0.04464166750000001,0.10386664333333336,0.12356070749999999,0.08871666666666678,0.10936964999999997,72.55000000000001,58.22749999999999,0.23931566428755768,-0.970941817426052,2.4849066497880004
sj,1999,25,1999-06-25,0.073683335,0.01375,0.0755,0.13685,96.93,299.367142857,299.314285714,296.415714286,301.6,297.9,81.61,83.9614285714,96.93,17.8442857143,1.94285714286,27.2142857143,5.88571428571,31.1,22.8,60.6,7,17.9828571429,17.8542857143,17.6442857143,17.6385714286,296.54,296.43,296.235714286,296.214285714,79.75,80.7542857143,77.3714285714,79.7171428571,300.378571429,299.978571429,300.671428571,300.164285714,27.7,27.9142857143,28.4142857143,28.3857142857,0.0617916675,0.0499,0.04023333,0.046174997499999995,0.06756667,0.0499,-0.0127,0.0738,0.1184833,0.07223333,0.1208833,0.1826429,0.09545,0.08013333,0.09056667,0.1713286,115.14,100.35,2.16,15.26,17.89380952383333,17.83142857145,299.8904761906667,300.08571428575,27.609523809533332,27.810714285725,81.48857142856667,80.459285714275,0.06179166749999998,0.05640208312499999,0.043738889999999996,0.029629167500000005,0.0887388766666667,0.0967749825,0.10414444333333343,0.10074999999999998,104.14000000000003,78.64499999999998,0.12053668025532308,-0.992708874098054,2.0794415416798357
sj,1999,26,1999-07-02,0.0855750025,0.063,0.1645714,0.1307143,17.32,300.148571429,300.257142857,296.622857143,302.4,298.3,25.74,81.25,17.32,18.0514285714,2.34285714286,28.4428571429,5.32857142857,31.7,25.0,5.4,17,17.8442857143,17.9828571429,17.8542857143,17.6442857143,296.415714286,296.54,296.43,296.235714286,83.9614285714,79.75,80.7542857143,77.3714285714,299.314285714,300.378571429,299.978571429,300.671428571,27.2142857143,27.7,27.9142857143,28.4142857143,0.073683335,0.0617916675,0.0499,0.04023333,0.01375,0.06756667,0.0499,-0.0127,0.0755,0.1184833,0.07223333,0.1208833,0.13685,0.09545,0.08013333,0.09056667,96.93,115.14,100.35,2.16,17.95952380953333,17.933214285725,299.98333333333335,299.98214285725,27.785714285733334,27.817857142875,81.6538095238,81.428928571425,0.07368333499999997,0.06773750124999998,0.04810555666666666,0.0485541675,0.11951823333333338,0.10769700749999998,0.12100476666666676,0.11078690749999998,76.46333333333335,82.43499999999999,-3.216245299353273e-16,-1.0,2.8903717578961645
sj,1999,27,1999-07-09,0.09746667,0.08616667,0.1838571,0.1788857,73.3,299.504285714,299.535714286,295.92,301.4,297.8,55.1,80.7985714286,73.3,17.2957142857,2.35714285714,27.4,5.72857142857,31.1,22.8,36.6,14,18.0514285714,17.8442857143,17.9828571429,17.8542857143,296.622857143,296.415714286,296.54,296.43,81.25,83.9614285714,79.75,80.7542857143,300.257142857,299.314285714,300.378571429,299.978571429,28.4428571429,27.2142857143,27.7,27.9142857143,0.0855750025,0.073683335,0.0617916675,0.0499,0.063,0.01375,0.06756667,0.0499,0.1645714,0.0755,0.1184833,0.07223333,0.1307143,0.13685,0.09545,0.08013333,17.32,96.93,115.14,100.35,17.730476190466664,17.793571428575,299.7023809523334,299.8714285715,27.68571428573333,27.6892857143,82.00333333333333,81.44,0.08557500249999998,0.07962916874999999,0.054305556666666664,0.05762083500000001,0.14130950000000003,0.13560295,0.1488166666666668,0.13547499999999996,62.51666666666669,75.67249999999999,-0.12053668025532283,-0.992708874098054,2.70805020110221
sj,1999,28,1999-07-16,0.0545,0.067425,0.1345667,0.09766,29.53,299.79,299.835714286,296.394285714,302.4,297.5,58.2,81.8471428571,29.53,17.8042857143,2.5,27.2714285714,6.67142857143,32.8,23.3,17.5,13,17.2957142857,18.0514285714,17.8442857143,17.9828571429,295.92,296.622857143,296.415714286,296.54,80.7985714286,81.25,83.9614285714,79.75,299.535714286,300.257142857,299.314285714,300.378571429,27.4,28.4428571429,27.2142857143,27.7,0.09746667,0.0855750025,0.073683335,0.0617916675,0.08616667,0.063,0.01375,0.06756667,0.1838571,0.1645714,0.0755,0.1184833,0.1788857,0.1307143,0.13685,0.09545,73.3,17.32,96.93,115.14,17.717142857133332,17.748928571424997,299.8761904763333,299.73571428575,27.704761904766666,27.58214285715,81.29857142856666,81.964285714275,0.07918055749999998,0.07780625187499998,0.07219722333333332,0.05758541750000001,0.1609984,0.1396238,0.13575333333333342,0.13602749999999997,40.05000000000002,54.26999999999999,-0.23931566428755743,-0.9709418174260521,2.639057329615259
sj,1999,29,1999-07-23,0.1169,0.0494,0.2071143,0.1935286,96.36,299.85,299.857142857,296.861428571,301.9,298.5,66.52,83.9185714286,96.36,18.3228571429,2.0,26.7,5.47142857143,31.1,21.7,56.2,15,17.8042857143,17.2957142857,18.0514285714,17.8442857143,296.394285714,295.92,296.622857143,296.415714286,81.8471428571,80.7985714286,81.25,83.9614285714,299.835714286,299.535714286,300.257142857,299.314285714,27.2714285714,27.4,28.4428571429,27.2142857143,0.0545,0.09746667,0.0855750025,0.073683335,0.067425,0.08616667,0.063,0.01375,0.1345667,0.1838571,0.1645714,0.0755,0.09766,0.1788857,0.1307143,0.13685,29.53,73.3,17.32,96.93,17.80761904763333,17.868571428575,299.742857143,299.87142857149996,27.123809523800002,27.453571428574996,82.18809523809999,81.953571428575,0.08962222333333332,0.08861041812499999,0.06766388999999999,0.0664979175,0.1751793666666667,0.17252737499999998,0.15669143333333344,0.15019714999999997,66.39666666666669,54.12749999999998,-0.3546048870425356,-0.9350162426854148,2.772588722239781
sj,1999,30,1999-07-30,0.0101,0.089,0.2987143,0.1783571,8.53,300.064285714,300.15,296.474285714,302.6,298.0,32.44,80.9685714286,8.53,17.9028571429,2.47142857143,28.1,6.52857142857,32.8,23.9,19.9,30,18.3228571429,17.8042857143,17.2957142857,18.0514285714,296.861428571,296.394285714,295.92,296.622857143,83.9185714286,81.8471428571,80.7985714286,81.25,299.857142857,299.835714286,299.535714286,300.257142857,26.7,27.2714285714,27.4,28.4428571429,0.1169,0.0545,0.09746667,0.0855750025,0.0494,0.067425,0.08616667,0.063,0.2071143,0.1345667,0.1838571,0.1645714,0.1935286,0.09766,0.1788857,0.1307143,96.36,29.53,73.3,17.32,18.01000000003333,17.83142857145,299.94761904766665,299.84464285725,27.35714285713333,27.36785714285,82.24476190476666,81.88321428572499,0.06049999999999998,0.06974166749999999,0.06860833333333333,0.07299791750000001,0.21346510000000005,0.20606309999999997,0.15651523333333342,0.16210784999999997,44.80666666666668,51.929999999999986,-0.46472317204376806,-0.8854560256532101,3.4339872044851463
sj,1999,31,1999-08-06,-0.07305,0.020225,0.1632429,0.1692429,22.01,300.498571429,300.485714286,297.047142857,302.8,298.8,29.35,81.6728571429,22.01,18.5571428571,2.42857142857,28.3714285714,6.27142857143,32.8,22.8,18.8,25,17.9028571429,18.3228571429,17.8042857143,17.2957142857,296.474285714,296.861428571,296.394285714,295.92,80.9685714286,83.9185714286,81.8471428571,80.7985714286,300.15,299.857142857,299.835714286,299.535714286,28.1,26.7,27.2714285714,27.4,0.0101,0.1169,0.0545,0.09746667,0.089,0.0494,0.067425,0.08616667,0.2987143,0.2071143,0.1345667,0.1838571,0.1783571,0.1935286,0.09766,0.1788857,8.53,96.36,29.53,73.3,18.260952380966664,18.1467857143,300.1642857143333,300.08214285725,27.7238095238,27.610714285700002,82.18666666669999,82.10178571430001,0.017983333333333313,0.027112499999999984,0.052874999999999985,0.05651250000000001,0.22302383333333334,0.20090955,0.1803762000000001,0.15969714999999995,42.30000000000002,39.10749999999999,-0.5680647467311556,-0.8229838658936565,3.258096538021482
sj,1999,32,1999-08-13,-0.031450000000000006,0.11395,0.2125714,0.1689143,44.23,299.97,300.007142857,296.742857143,302.6,298.4,61.7,82.6457142857,44.23,18.2128571429,1.84285714286,28.0857142857,6.35714285714,31.7,23.9,26.7,40,18.5571428571,17.9028571429,18.3228571429,17.8042857143,297.047142857,296.474285714,296.861428571,296.394285714,81.6728571429,80.9685714286,83.9185714286,81.8471428571,300.485714286,300.15,299.857142857,299.835714286,28.3714285714,28.1,26.7,27.2714285714,-0.07305,0.0101,0.1169,0.0545,0.020225,0.089,0.0494,0.067425,0.1632429,0.2987143,0.2071143,0.1345667,0.1692429,0.1783571,0.1935286,0.09766,22.01,8.53,96.36,29.53,18.2242857143,18.24892857145,300.2142857143333,300.125,28.1857142857,27.814285714274998,81.7623809524,82.30142857145,-0.03146666666666669,0.005624999999999986,0.07439166666666665,0.06814375,0.22484286666666672,0.22041072499999997,0.17217143333333343,0.17751072499999998,24.92333333333335,42.782499999999985,-0.663122658240795,-0.7485107481711013,3.713572066704308
sj,1999,33,1999-08-20,0.01015,0.0687,0.1973,0.1710857,31.78,300.327142857,300.285714286,296.857142857,302.4,298.9,46.2,81.3871428571,31.78,18.3328571429,2.02857142857,28.3714285714,6.35714285714,31.7,25.0,10.0,44,18.2128571429,18.5571428571,17.9028571429,18.3228571429,296.742857143,297.047142857,296.474285714,296.861428571,82.6457142857,81.6728571429,80.9685714286,83.9185714286,300.007142857,300.485714286,300.15,299.857142857,28.0857142857,28.3714285714,28.1,26.7,-0.031450000000000006,-0.07305,0.0101,0.1169,0.11395,0.020225,0.089,0.0494,0.2125714,0.1632429,0.2987143,0.2071143,0.1689143,0.1692429,0.1783571,0.1935286,44.23,22.01,8.53,96.36,18.36761904763333,18.25142857145,300.2595238096667,300.23214285725,28.276190476166665,28.232142857124998,81.9019047619,81.668571428575,-0.03145000000000003,-0.02106250000000002,0.06762499999999999,0.07296875,0.19103810000000002,0.21795715,0.16974763333333343,0.17189999999999997,32.67333333333335,26.637499999999985,-0.7485107481711011,-0.6631226582407952,3.8066624897703196
sj,1999,34,1999-08-27,-0.01465,0.03655,0.1689,0.1532571,133.65,300.227142857,300.285714286,296.86,302.8,298.7,61.8,81.9985714286,133.65,18.36,2.14285714286,27.8571428571,6.84285714286,33.9,23.9,78.5,25,18.3328571429,18.2128571429,18.5571428571,17.9028571429,296.857142857,296.742857143,297.047142857,296.474285714,81.3871428571,82.6457142857,81.6728571429,80.9685714286,300.285714286,300.007142857,300.485714286,300.15,28.3714285714,28.0857142857,28.3714285714,28.1,0.01015,-0.031450000000000006,-0.07305,0.0101,0.0687,0.11395,0.020225,0.089,0.1973,0.2125714,0.1632429,0.2987143,0.1710857,0.1689143,0.1692429,0.1783571,31.78,44.23,22.01,8.53,18.30190476193333,18.365714285724998,300.192857143,300.26607142874997,28.104761904733333,28.1714285714,82.01047619046666,81.926071428575,-0.011983333333333355,-0.027250000000000017,0.07306666666666665,0.059856250000000014,0.19292380000000006,0.18550357499999998,0.16441903333333344,0.16562499999999997,69.88666666666668,57.91749999999999,-0.8229838658936564,-0.5680647467311559,3.258096538021482
sj,1999,35,1999-09-03,0.036175,-0.0331,0.2106571,0.1876,30.98,300.458571429,300.435714286,296.895714286,302.7,299.1,25.74,81.0028571429,30.98,18.41,1.98571428571,28.1857142857,7.02857142857,32.8,23.9,69.7,21,18.36,18.3328571429,18.2128571429,18.5571428571,296.86,296.857142857,296.742857143,297.047142857,81.9985714286,81.3871428571,82.6457142857,81.6728571429,300.285714286,300.285714286,300.007142857,300.485714286,27.8571428571,28.3714285714,28.0857142857,28.3714285714,-0.01465,0.01015,-0.031450000000000006,-0.07305,0.03655,0.0687,0.11395,0.020225,0.1689,0.1973,0.2125714,0.1632429,0.1532571,0.1710857,0.1689143,0.1692429,133.65,31.78,44.23,22.01,18.36761904763333,18.32892857145,300.335714286,300.25357142875,28.13809523806667,28.124999999975,81.46285714286667,81.758571428575,0.010558333333333314,5.62499999999834e-05,0.02405,0.046525000000000004,0.19228570000000003,0.19735712499999997,0.17064760000000012,0.17021427499999997,65.47000000000001,60.15999999999998,-0.8854560256532096,-0.4647231720437691,3.091042453358316
sj,1999,36,1999-09-10,0.087,0.06035,0.0897,0.0988,66.06,300.584285714,300.621428571,296.801428571,302.8,298.8,40.7,79.9657142857,66.06,18.31,2.21428571429,28.3,6.04285714286,31.7,25.0,32.5,48,18.41,18.36,18.3328571429,18.2128571429,296.895714286,296.86,296.857142857,296.742857143,81.0028571429,81.9985714286,81.3871428571,82.6457142857,300.435714286,300.285714286,300.285714286,300.007142857,28.1857142857,27.8571428571,28.3714285714,28.0857142857,0.036175,-0.01465,0.01015,-0.031450000000000006,-0.0331,0.03655,0.0687,0.11395,0.2106571,0.1689,0.1973,0.2125714,0.1876,0.1532571,0.1710857,0.1689143,30.98,133.65,31.78,44.23,18.36,18.353214285725,300.44761904766665,300.40714285725,28.114285714266668,28.17857142855,80.98904761906667,81.088571428575,0.03617499999999998,0.029668749999999983,0.021266666666666666,0.03312500000000001,0.15641903333333337,0.16663927499999998,0.1465523666666668,0.15268569999999998,76.89666666666669,65.61749999999998,-0.9350162426854147,-0.3546048870425359,3.8918202981106265
sj,1999,37,1999-09-17,-0.0121,0.067475,0.1585833,0.1250857,121.24,300.961428571,301.021428571,297.084285714,303.2,299.5,34.13,79.6971428571,121.24,18.71,2.15714285714,28.4142857143,6.84285714286,33.9,24.4,35.1,56,18.31,18.41,18.36,18.3328571429,296.801428571,296.895714286,296.86,296.857142857,79.9657142857,81.0028571429,81.9985714286,81.3871428571,300.621428571,300.435714286,300.285714286,300.285714286,28.3,28.1857142857,27.8571428571,28.3714285714,0.087,0.036175,-0.01465,0.01015,0.06035,-0.0331,0.03655,0.0687,0.0897,0.2106571,0.1689,0.1973,0.0988,0.1876,0.1532571,0.1710857,66.06,30.98,133.65,31.78,18.476666666666663,18.4475,300.6928571426667,300.5910714285,28.3,28.189285714275,80.2219047619,80.66607142857501,0.037024999999999975,0.024106249999999982,0.03157499999999999,0.03281875000000001,0.15298013333333338,0.1569601,0.1371619000000001,0.14118569999999997,72.76000000000002,87.98249999999999,-0.970941817426052,-0.23931566428755774,4.04305126783455
sj,1999,38,1999-09-24,0.08305,0.06535,0.1360286,0.1046286,44.44,300.572857143,300.621428571,296.701428571,302.8,298.3,30.4,79.39,44.44,18.2142857143,2.7,28.4571428571,6.6,32.2,24.4,31.3,60,18.71,18.31,18.41,18.36,297.084285714,296.801428571,296.895714286,296.86,79.6971428571,79.9657142857,81.0028571429,81.9985714286,301.021428571,300.621428571,300.435714286,300.285714286,28.4142857143,28.3,28.1857142857,27.8571428571,-0.0121,0.087,0.036175,-0.01465,0.067475,0.06035,-0.0331,0.03655,0.1585833,0.0897,0.2106571,0.1689,0.1250857,0.0988,0.1876,0.1532571,121.24,66.06,30.98,133.65,18.41142857143333,18.411071428575,300.7547619043334,300.67499999975,28.390476190466668,28.339285714275,79.68428571426666,80.013928571425,0.052649999999999975,0.048531249999999984,0.06439166666666667,0.040018750000000006,0.1281039666666667,0.14874225,0.10950476666666677,0.12902857499999998,77.24666666666668,65.67999999999998,-0.992708874098054,-0.12053668025532357,4.110873864173311
sj,1999,39,1999-10-01,0.05016667,0.03946667,0.1699833,0.1612833,62.41,300.644285714,300.635714286,296.824285714,303.5,298.9,64.72,79.8371428571,62.41,18.3457142857,2.21428571429,28.7142857143,7.95714285714,34.4,23.9,38.9,45,18.2142857143,18.71,18.31,18.41,296.701428571,297.084285714,296.801428571,296.895714286,79.39,79.6971428571,79.9657142857,81.0028571429,300.621428571,301.021428571,300.621428571,300.435714286,28.4571428571,28.4142857143,28.3,28.1857142857,0.08305,-0.0121,0.087,0.036175,0.06535,0.067475,0.06035,-0.0331,0.1360286,0.1585833,0.0897,0.2106571,0.1046286,0.1250857,0.0988,0.1876,44.44,121.24,66.06,30.98,18.423333333333332,18.395,300.75952380933336,300.72499999975,28.528571428566668,28.471428571425,79.6414285714,79.72249999997501,0.04037222333333331,0.05202916749999998,0.05743055666666666,0.058160417500000006,0.1548650666666667,0.1385738,0.13033253333333342,0.12244939999999997,76.03000000000002,73.53749999999998,-1.0,-1.8369701987210297e-16,3.828641396489095
sj,1999,40,1999-10-08,0.1322,0.01383333,0.2102286,0.1405857,52.34,300.497142857,300.6,296.657142857,302.5,298.5,22.37,79.6742857143,52.34,18.12,1.94285714286,28.0,6.98571428571,32.8,23.3,16.2,55,18.3457142857,18.2142857143,18.71,18.31,296.824285714,296.701428571,297.084285714,296.801428571,79.8371428571,79.39,79.6971428571,79.9657142857,300.635714286,300.621428571,301.021428571,300.621428571,28.7142857143,28.4571428571,28.4142857143,28.3,0.05016667,0.08305,-0.0121,0.087,0.03946667,0.06535,0.067475,0.06035,0.1699833,0.1360286,0.1585833,0.0897,0.1612833,0.1046286,0.1250857,0.0988,62.41,44.44,121.24,66.06,18.226666666666663,18.3475,300.619047619,300.71964285700005,28.390476190466668,28.396428571425,79.6338095238,79.649642857125,0.08847222333333331,0.06332916749999999,0.039549999999999995,0.04653125000000001,0.1720801666666667,0.16870595,0.13549920000000013,0.13289582499999997,53.063333333333354,70.10749999999999,-0.992708874098054,0.1205366802553232,4.02535169073515
sj,1999,41,1999-10-15,-0.0864,0.12685,0.09071667,0.05796667,45.32,299.827142857,299.835714286,295.871428571,301.7,298.5,41.31,79.16,45.32,17.3042857143,1.95714285714,27.1714285714,6.44285714286,31.1,23.3,27.8,32,18.12,18.3457142857,18.2142857143,18.71,296.657142857,296.824285714,296.701428571,297.084285714,79.6742857143,79.8371428571,79.39,79.6971428571,300.6,300.635714286,300.621428571,301.021428571,28.0,28.7142857143,28.4571428571,28.4142857143,0.1322,0.05016667,0.08305,-0.0121,0.01383333,0.03946667,0.06535,0.067475,0.2102286,0.1699833,0.1360286,0.1585833,0.1405857,0.1612833,0.1046286,0.1250857,52.34,62.41,44.44,121.24,17.923333333333332,17.996071428575,300.3571428573334,300.42321428574996,27.9619047619,28.0857142857,79.55714285713334,79.51535714285001,0.03198888999999997,0.04475416749999998,0.06004999999999999,0.061375000000000006,0.15697619000000004,0.15173929249999998,0.11994522333333342,0.11611606749999998,53.35666666666668,51.127499999999976,-0.9709418174260521,0.23931566428755738,3.4965075614664802
sj,1999,42,1999-10-22,-0.03668333333333334,-0.0368,0.036,0.037475,171.59,300.025714286,300.014285714,296.82,301.6,298.7,40.8,82.6571428571,171.59,18.3157142857,1.85714285714,26.7571428571,5.04285714286,31.1,23.9,71.5,46,17.3042857143,18.12,18.3457142857,18.2142857143,295.871428571,296.657142857,296.824285714,296.701428571,79.16,79.6742857143,79.8371428571,79.39,299.835714286,300.6,300.635714286,300.621428571,27.1714285714,28.0,28.7142857143,28.4571428571,-0.0864,0.1322,0.05016667,0.08305,0.12685,0.01383333,0.03946667,0.06535,0.09071667,0.2102286,0.1699833,0.1360286,0.05796667,0.1405857,0.1612833,0.1046286,45.32,52.34,62.41,44.44,17.91333333333333,18.021428571425,300.15000000000003,300.2714285715,27.309523809499996,27.6607142857,80.49714285713333,80.332142857125,0.0030388888888888666,0.014820834166666649,0.034627776666666645,0.03583750000000001,0.11231509000000005,0.12673214249999998,0.07867579000000009,0.09932766749999998,89.75000000000001,82.91499999999998,-0.9350162426854148,0.35460488704253557,3.8501476017100584
sj,1999,43,1999-10-29,0.013033333333333327,0.009325,0.1754833,0.07245714,67.94,299.804285714,300.035714286,297.13,301.9,298.7,138.1,85.3771428571,67.94,18.7428571429,2.18571428571,27.6714285714,6.3,32.2,23.3,58.4,61,18.3157142857,17.3042857143,18.12,18.3457142857,296.82,295.871428571,296.657142857,296.824285714,82.6571428571,79.16,79.6742857143,79.8371428571,300.014285714,299.835714286,300.6,300.635714286,26.7571428571,27.1714285714,28.0,28.7142857143,-0.03668333333333334,-0.0864,0.1322,0.05016667,-0.0368,0.12685,0.01383333,0.03946667,0.036,0.09071667,0.2102286,0.1699833,0.037475,0.05796667,0.1405857,0.1612833,171.59,45.32,52.34,62.41,18.120952380966667,18.120714285725,299.96190476199996,300.1214285715,27.199999999966664,27.399999999974998,82.39809523806666,81.717142857125,-0.03668333333333336,0.005537499999999982,0.03312499999999998,0.028302082500000006,0.10073332333333336,0.1281071425,0.055966270000000096,0.07712112749999997,94.95,84.29749999999997,-0.8854560256532101,0.464723172043768,4.127134385045092
sj,1999,44,1999-11-05,0.06275,0.1034,0.1734571,0.1658833,4.84,299.96,299.942857143,296.531428571,302.0,298.0,24.52,81.6285714286,4.84,18.0142857143,1.88571428571,27.4428571429,6.54285714286,32.2,23.9,40.9,42,18.7428571429,18.3157142857,17.3042857143,18.12,297.13,296.82,295.871428571,296.657142857,85.3771428571,82.6571428571,79.16,79.6742857143,300.035714286,300.014285714,299.835714286,300.6,27.6714285714,26.7571428571,27.1714285714,28.0,0.013033333333333327,-0.03668333333333334,-0.0864,0.1322,0.009325,-0.0368,0.12685,0.01383333,0.1754833,0.036,0.09071667,0.2102286,0.07245714,0.037475,0.05796667,0.1405857,67.94,171.59,45.32,52.34,18.35761904763333,18.0942857143,299.99761904766666,299.95714285725,27.290476190466666,27.260714285699997,83.22095238093333,82.2057142857,0.013033333333333308,-0.011825000000000023,0.02530833333333332,0.05069375000000001,0.1283134666666667,0.1189142675,0.0919384800000001,0.08344552749999998,81.45666666666669,72.42249999999997,-0.822983865893657,0.5680647467311548,3.7612001156935624
sj,1999,45,1999-11-12,0.1235,0.095575,0.08925,0.08956667,20.03,299.304285714,299.378571429,295.871428571,301.0,298.0,53.27,81.4885714286,20.03,17.2985714286,2.04285714286,26.8857142857,5.85714285714,30.6,23.9,37.1,37,18.0142857143,18.7428571429,18.3157142857,17.3042857143,296.531428571,297.13,296.82,295.871428571,81.6285714286,85.3771428571,82.6571428571,79.16,299.942857143,300.035714286,300.014285714,299.835714286,27.4428571429,27.6714285714,26.7571428571,27.1714285714,0.06275,0.013033333333333327,-0.03668333333333334,-0.0864,0.1034,0.009325,-0.0368,0.12685,0.1734571,0.1754833,0.036,0.09071667,0.1658833,0.07245714,0.037475,0.05796667,4.84,67.94,171.59,45.32,18.018571428599998,18.092857142875,299.78571428600003,299.842857143,27.333333333333332,27.189285714274998,82.83142857143332,82.78785714285,0.06642777777777775,0.04064999999999998,0.06943333333333332,0.04287500000000001,0.14606346666666672,0.11854759999999998,0.1093023700000001,0.09134552749999998,30.936666666666685,66.09999999999998,-0.7485107481711011,0.6631226582407952,3.6375861597263857
sj,1999,46,1999-11-19,-0.0454,0.0747,0.05148,0.03943333,83.66,298.968571429,299.078571429,296.33,301.3,298.0,104.51,85.4042857143,83.66,17.8171428571,1.81428571429,26.7142857143,5.8,30.6,22.8,62.1,43,17.2985714286,18.0142857143,18.7428571429,18.3157142857,295.871428571,296.531428571,297.13,296.82,81.4885714286,81.6285714286,85.3771428571,82.6571428571,299.378571429,299.942857143,300.035714286,300.014285714,26.8857142857,27.4428571429,27.6714285714,26.7571428571,0.1235,0.06275,0.013033333333333327,-0.03668333333333334,0.095575,0.1034,0.009325,-0.0368,0.08925,0.1734571,0.1754833,0.036,0.08956667,0.1658833,0.07245714,0.037475,20.03,4.84,67.94,171.59,17.709999999999997,17.968214285725,299.466666667,299.60892857175,27.0142857143,27.178571428575,82.8404761905,83.47464285715,0.046949999999999985,0.038470833333333315,0.09122499999999999,0.07075000000000001,0.10472903333333335,0.12241759999999999,0.09829443333333343,0.09183510999999998,36.176666666666684,44.11749999999998,-0.6631226582407955,0.7485107481711007,3.784189633918261
sj,1999,47,1999-11-26,0.0005,0.0712,0.1077,0.08874,224.9,298.732857143,298.878571429,296.285714286,300.8,297.1,140.2,86.4057142857,224.9,17.87,1.9,26.6,4.52857142857,31.7,23.3,88.9,34,17.8171428571,17.2985714286,18.0142857143,18.7428571429,296.33,295.871428571,296.531428571,297.13,85.4042857143,81.4885714286,81.6285714286,85.3771428571,299.078571429,299.378571429,299.942857143,300.035714286,26.7142857143,26.8857142857,27.4428571429,27.6714285714,-0.0454,0.1235,0.06275,0.013033333333333327,0.0747,0.095575,0.1034,0.009325,0.05148,0.08925,0.1734571,0.1754833,0.03943333,0.08956667,0.1658833,0.07245714,83.66,20.03,4.84,67.94,17.6619047619,17.75,299.1119047623333,299.3196428575,26.733333333333334,26.910714285725,84.43285714286667,83.7317857143,0.026199999999999977,0.03533749999999998,0.08049166666666666,0.08621875,0.08281000000000004,0.10547177499999999,0.07258000000000009,0.09590582499999997,109.53000000000002,83.35749999999999,-0.5680647467311559,0.8229838658936564,3.5553480614894135
sj,1999,48,1999-12-03,0.1536,0.104775,0.1132333,0.09898571,2.11,298.782857143,299.057142857,294.775714286,301.0,296.8,8.7,78.6828571429,2.11,16.2071428571,3.25714285714,26.1,7.47142857143,30.6,21.1,13.2,40,17.87,17.8171428571,17.2985714286,18.0142857143,296.285714286,296.33,295.871428571,296.531428571,86.4057142857,85.4042857143,81.4885714286,81.6285714286,298.878571429,299.078571429,299.378571429,299.942857143,26.6,26.7142857143,26.8857142857,27.4428571429,0.0005,-0.0454,0.1235,0.06275,0.0712,0.0747,0.095575,0.1034,0.1077,0.05148,0.08925,0.1734571,0.08874,0.03943333,0.08956667,0.1658833,224.9,83.66,20.03,4.84,17.298095238066665,17.2982142857,299.00476190499995,299.098214286,26.471428571433336,26.575,83.49761904763334,82.99535714287501,0.036233333333333305,0.05804999999999998,0.08355833333333333,0.0865625,0.09080443333333336,0.09041582499999998,0.07571968000000008,0.07918142749999997,103.55666666666669,82.67499999999998,-0.4647231720437684,0.88545602565321,3.713572066704308
sj,1999,49,1999-12-10,0.12958999999999998,0.0881,0.2564667,0.2146,63.47,297.332857143,297.3,293.974285714,298.9,296.2,107.84,81.8642857143,63.47,15.4157142857,1.4,24.9285714286,4.61428571429,28.9,21.7,126.0,25,16.2071428571,17.87,17.8171428571,17.2985714286,294.775714286,296.285714286,296.33,295.871428571,78.6828571429,86.4057142857,85.4042857143,81.4885714286,299.057142857,298.878571429,299.078571429,299.378571429,26.1,26.6,26.7142857143,26.8857142857,0.1536,0.0005,-0.0454,0.1235,0.104775,0.0712,0.0747,0.095575,0.1132333,0.1077,0.05148,0.08925,0.09898571,0.08874,0.03943333,0.08956667,2.11,224.9,83.66,20.03,16.497619047599997,16.827499999975,298.41190476199995,298.57857142874997,25.876190476199998,26.085714285725004,82.31761904763333,83.0892857143,0.09456333333333329,0.05957249999999997,0.08802499999999998,0.08469375000000001,0.15913333333333338,0.13222,0.1341085700000001,0.11043975999999997,96.8266666666667,93.53499999999998,-0.35460488704253595,0.9350162426854147,3.258096538021482
sj,1999,50,1999-12-17,0.10558,0.078075,0.1300286,0.07642857,0.0,297.4,297.392857143,292.161428571,298.7,296.3,8.78,72.6528571429,0.0,13.73,1.81428571429,24.9428571429,4.82857142857,28.3,20.6,7.6,16,15.4157142857,16.2071428571,17.87,17.8171428571,293.974285714,294.775714286,296.285714286,296.33,81.8642857143,78.6828571429,86.4057142857,85.4042857143,297.3,299.057142857,298.878571429,299.078571429,24.9285714286,26.1,26.6,26.7142857143,0.12958999999999998,0.1536,0.0005,-0.0454,0.0881,0.104775,0.0712,0.0747,0.2564667,0.1132333,0.1077,0.05148,0.2146,0.09898571,0.08874,0.03943333,63.47,2.11,224.9,83.66,15.117619047599996,15.8057142857,297.9166666666667,298.15714285725,25.323809523833333,25.642857142875002,77.73333333336667,79.90142857145,0.12958999999999996,0.09731749999999997,0.09031666666666666,0.08553750000000002,0.16657620000000004,0.15185715,0.13000476000000008,0.11968856999999997,21.860000000000017,72.61999999999998,-0.2393156642875578,0.970941817426052,2.833213344056216
sj,1999,51,1999-12-24,0.1088,0.12705,0.1088714,0.09908571,0.0,297.382857143,297.514285714,292.964285714,299.4,296.1,14.5,76.4971428571,0.0,14.4371428571,1.8,24.8428571429,4.9,27.8,21.7,10.9,17,13.73,15.4157142857,16.2071428571,17.87,292.161428571,293.974285714,294.775714286,296.285714286,72.6528571429,81.8642857143,78.6828571429,86.4057142857,297.392857143,297.3,299.057142857,298.878571429,24.9428571429,24.9285714286,26.1,26.6,0.10558,0.12958999999999998,0.1536,0.0005,0.078075,0.0881,0.104775,0.0712,0.1300286,0.2564667,0.1132333,0.1077,0.07642857,0.2146,0.09898571,0.08874,0.0,63.47,2.11,224.9,14.527619047599998,14.947499999975001,297.4023809523333,297.8160714285,24.9047619048,25.203571428600004,77.00476190476667,77.4242857143,0.11465666666666663,0.12439249999999996,0.09774166666666666,0.0995,0.1651222333333334,0.15214999999999998,0.1300380933333334,0.12227499749999998,21.156666666666684,16.39499999999998,-0.12053668025532363,0.992708874098054,2.8903717578961645
sj,2000,52,2000-01-01,-0.1336,-0.061225,0.1682,0.08631111,40.35,298.367142857,298.307142857,293.887142857,300.3,296.4,12.34,76.3171428571,40.35,15.2571428571,2.64285714286,25.4714285714,6.55714285714,29.4,21.1,7.9,17,14.4371428571,13.73,15.4157142857,16.2071428571,292.964285714,292.161428571,293.974285714,294.775714286,76.4971428571,72.6528571429,81.8642857143,78.6828571429,297.514285714,297.392857143,297.3,299.057142857,24.8428571429,24.9428571429,24.9285714286,26.1,0.1088,0.10558,0.12958999999999998,0.1536,0.12705,0.078075,0.0881,0.104775,0.1088714,0.1300286,0.2564667,0.1132333,0.09908571,0.07642857,0.2146,0.09898571,0.0,0.0,63.47,2.11,14.474761904733333,14.709999999975,297.73809523799997,297.6285714285,25.08571428573333,25.04642857145,75.1557142857,76.83285714285,0.026926666666666644,0.05259249999999998,0.04796666666666665,0.05800000000000002,0.13570000000000004,0.165891675,0.08727513000000009,0.11910634749999997,13.450000000000019,25.954999999999977,6.432490598706546e-16,1.0,2.8903717578961645
sj,2000,1,2000-01-08,0.20635,0.1613,0.1398833,0.09583333,81.73,298.148571429,298.164285714,294.355714286,299.9,296.5,32.3,79.6071428571,81.73,15.7228571429,1.9,25.1285714286,5.31428571429,29.4,21.7,28.6,16,15.2571428571,14.4371428571,13.73,15.4157142857,293.887142857,292.964285714,292.161428571,293.974285714,76.3171428571,76.4971428571,72.6528571429,81.8642857143,298.307142857,297.514285714,297.392857143,297.3,25.4714285714,24.8428571429,24.9428571429,24.9285714286,-0.1336,0.1088,0.10558,0.12958999999999998,-0.061225,0.12705,0.078075,0.0881,0.1682,0.1088714,0.1300286,0.2564667,0.08631111,0.09908571,0.07642857,0.2146,40.35,0.0,0.0,63.47,15.13904761903333,14.786785714275,297.99523809499993,297.844642857,25.147619047633338,25.096428571449998,77.47380952376666,76.26857142855,0.06051666666666664,0.07178249999999997,0.07570833333333332,0.0763,0.13898490000000005,0.136745825,0.09374338333333343,0.08941467999999997,40.69333333333336,30.519999999999982,0.12053668025532305,0.992708874098054,2.833213344056216
sj,2000,2,2000-01-15,0.337,0.30785,0.2466857,0.1686286,45.19,297.441428571,297.585714286,293.191428571,299.1,296.1,47.1,77.3428571429,45.19,14.6128571429,2.05714285714,25.1142857143,5.15714285714,28.3,21.7,12.0,23,15.7228571429,15.2571428571,14.4371428571,13.73,294.355714286,293.887142857,292.964285714,292.161428571,79.6071428571,76.3171428571,76.4971428571,72.6528571429,298.164285714,298.307142857,297.514285714,297.392857143,25.1285714286,25.4714285714,24.8428571429,24.9428571429,0.20635,-0.1336,0.1088,0.10558,0.1613,-0.061225,0.12705,0.078075,0.1398833,0.1682,0.1088714,0.1300286,0.09583333,0.08631111,0.09908571,0.07642857,81.73,40.35,0.0,0.0,15.19761904763333,15.0075,298.019047619,297.89285714274996,25.2380952381,25.1392857143,77.7557142857,77.44107142855,0.13658333333333333,0.1296375,0.13597499999999998,0.13374375,0.18492300000000003,0.16591009999999998,0.11692434666666675,0.11246468749999997,55.75666666666668,41.81749999999998,0.23931566428755774,0.970941817426052,3.1780538303479458
sj,2000,3,2000-01-22,0.353,0.3073,0.3262714,0.2914286,0.0,296.588571429,296.478571429,290.852857143,299.0,293.2,14.7,70.4571428571,0.0,12.61,1.84285714286,23.6142857143,4.82857142857,27.2,20.0,17.7,18,14.6128571429,15.7228571429,15.2571428571,14.4371428571,293.191428571,294.355714286,293.887142857,292.964285714,77.3428571429,79.6071428571,76.3171428571,76.4971428571,297.585714286,298.164285714,298.307142857,297.514285714,25.1142857143,25.1285714286,25.4714285714,24.8428571429,0.337,0.20635,-0.1336,0.1088,0.30785,0.1613,-0.061225,0.12705,0.2466857,0.1398833,0.1682,0.1088714,0.1686286,0.09583333,0.08631111,0.09908571,45.19,81.73,40.35,0.0,14.315238095266665,14.550714285725,297.4095238096667,297.6339285715,24.619047619066666,24.83214285715,75.80238095236666,75.93107142855,0.29878333333333335,0.19068749999999998,0.25881666666666664,0.17880625,0.23761346666666672,0.2202601,0.18529684333333343,0.16055040999999995,42.306666666666686,41.81749999999998,0.3546048870425356,0.9350162426854148,2.9444389791664403
sj,2000,4,2000-01-29,0.3419,0.228,0.32975,0.38142,0.0,296.184285714,296.364285714,289.827142857,299.0,292.6,0.7,67.7657142857,0.0,11.9642857143,3.1,22.8428571429,6.84285714286,28.3,17.8,2.0,18,12.61,14.6128571429,15.7228571429,15.2571428571,290.852857143,293.191428571,294.355714286,293.887142857,70.4571428571,77.3428571429,79.6071428571,76.3171428571,296.478571429,297.585714286,298.164285714,298.307142857,23.6142857143,25.1142857143,25.1285714286,25.4714285714,0.353,0.337,0.20635,-0.1336,0.3073,0.30785,0.1613,-0.061225,0.3262714,0.2466857,0.1398833,0.1682,0.2914286,0.1686286,0.09583333,0.08631111,0.0,45.19,81.73,40.35,13.062380952399998,13.727500000025,296.8095238096667,297.14821428575,23.857142857166668,24.175000000025,71.85523809523333,73.7932142857,0.3439666666666666,0.30956249999999996,0.28104999999999997,0.2511125,0.30090236666666675,0.2606476,0.28049240000000003,0.23432763249999997,15.063333333333347,31.729999999999983,0.4647231720437685,0.8854560256532099,2.9444389791664403
sj,2000,5,2000-02-05,0.29455,0.2239,0.2389333,0.1607,0.0,297.671428571,297.864285714,292.734285714,299.8,295.8,2.02,74.0628571429,0.0,14.2128571429,2.24285714286,25.1714285714,7.44285714286,30.0,20.6,14.1,9,11.9642857143,12.61,14.6128571429,15.7228571429,289.827142857,290.852857143,293.191428571,294.355714286,67.7657142857,70.4571428571,77.3428571429,79.6071428571,296.364285714,296.478571429,297.585714286,298.164285714,22.8428571429,23.6142857143,25.1142857143,25.1285714286,0.3419,0.353,0.337,0.20635,0.228,0.3073,0.30785,0.1613,0.32975,0.3262714,0.2466857,0.1398833,0.38142,0.2914286,0.1686286,0.09583333,0.0,0.0,45.19,81.73,12.929047619066665,13.350000000025,296.9023809523333,297.07321428575,23.876190476199998,24.185714285725002,70.7619047619,72.40714285715,0.32981666666666665,0.3316125,0.25306666666666666,0.2667625,0.2983182333333334,0.2854101,0.27784953333333345,0.25054429999999994,0.0,11.297499999999978,0.5680647467311558,0.8229838658936564,2.302585092994046
sj,2000,6,2000-02-12,0.24385835,0.1061,0.2147429,0.1499286,24.19,297.675714286,297.9,293.27,299.9,296.3,2.6,76.5028571429,24.19,14.6528571429,2.11428571429,24.9285714286,7.12857142857,30.0,20.6,3.0,7,14.2128571429,11.9642857143,12.61,14.6128571429,292.734285714,289.827142857,290.852857143,293.191428571,74.0628571429,67.7657142857,70.4571428571,77.3428571429,297.864285714,296.364285714,296.478571429,297.585714286,25.1714285714,22.8428571429,23.6142857143,25.1142857143,0.29455,0.3419,0.353,0.337,0.2239,0.228,0.3073,0.30785,0.2389333,0.32975,0.3262714,0.2466857,0.1607,0.38142,0.2914286,0.1686286,0.0,0.0,0.0,45.19,13.610000000033331,13.360000000025,297.376190476,297.15178571425,24.314285714300002,24.139285714299998,72.77714285716667,72.19714285715,0.29343611666666664,0.3083270875,0.18600000000000003,0.21632500000000002,0.26114206666666673,0.2774244,0.23068286666666674,0.24586929999999996,8.063333333333349,6.047499999999979,0.6631226582407952,0.7485107481711011,2.0794415416798357
sj,2000,7,2000-02-19,0.1931667,0.17314,0.1632714,0.08688571,0.0,297.745714286,297.978571429,293.25,299.9,296.3,3.1,76.1171428571,0.0,14.6185714286,2.35714285714,25.2,7.28571428571,30.0,21.1,3.8,7,14.6528571429,14.2128571429,11.9642857143,12.61,293.27,292.734285714,289.827142857,290.852857143,76.5028571429,74.0628571429,67.7657142857,70.4571428571,297.9,297.864285714,296.364285714,296.478571429,24.9285714286,25.1714285714,22.8428571429,23.6142857143,0.24385835,0.29455,0.3419,0.353,0.1061,0.2239,0.228,0.3073,0.2147429,0.2389333,0.32975,0.3262714,0.1499286,0.1607,0.38142,0.2914286,24.19,0.0,0.0,0.0,14.494761904799999,13.862142857175,297.91428571433335,297.52678571424997,25.100000000000005,24.535714285725,75.56095238096667,73.61214285715,0.24385835,0.26836876249999997,0.16771333333333335,0.182785,0.20564920000000006,0.2366744,0.13250477000000008,0.19473357749999998,8.063333333333349,6.047499999999979,0.7485107481711011,0.6631226582407953,2.0794415416798357
sj,2000,8,2000-02-26,0.18170835000000002,0.2075,0.1507571,0.1469167,7.67,297.088571429,297.221428571,292.174285714,298.9,295.3,13.41,74.0642857143,7.67,13.67,1.98571428571,24.7714285714,6.62857142857,28.3,20.6,3.8,4,14.6185714286,14.6528571429,14.2128571429,11.9642857143,293.25,293.27,292.734285714,289.827142857,76.1171428571,76.5028571429,74.0628571429,67.7657142857,297.978571429,297.9,297.864285714,296.364285714,25.2,24.9285714286,25.1714285714,22.8428571429,0.1931667,0.24385835,0.29455,0.3419,0.17314,0.1061,0.2239,0.228,0.1632714,0.2147429,0.2389333,0.32975,0.08688571,0.1499286,0.1607,0.38142,0.0,24.19,0.0,0.0,14.313809523833333,14.288571428600001,297.7,297.7410714285,24.96666666666667,25.017857142849998,75.56142857143334,75.1867857143,0.20624446666666665,0.22832084999999996,0.16224666666666668,0.17766,0.17625713333333337,0.191926175,0.12791033666666676,0.13610775249999998,10.620000000000013,7.9649999999999785,0.8229838658936564,0.5680647467311559,1.6094379124341003
sj,2000,9,2000-03-04,0.17025,0.1962,0.2178,0.1580429,98.45,296.552857143,296.678571429,291.952857143,298.9,294.5,14.91,75.7214285714,98.45,13.5871428571,2.47142857143,24.5285714286,6.81428571429,29.4,20.0,15.0,3,13.67,14.6185714286,14.6528571429,14.2128571429,292.174285714,293.25,293.27,292.734285714,74.0642857143,76.1171428571,76.5028571429,74.0628571429,297.221428571,297.978571429,297.9,297.864285714,24.7714285714,25.2,24.9285714286,25.1714285714,0.18170835000000002,0.1931667,0.24385835,0.29455,0.2075,0.17314,0.1061,0.2239,0.1507571,0.1632714,0.2147429,0.2389333,0.1469167,0.08688571,0.1499286,0.1607,7.67,0.0,24.19,0.0,13.958571428566664,14.13214285715,297.292857143,297.44464285724996,24.833333333333332,24.85714285715,75.30095238093334,75.601428571425,0.18170835,0.19724585,0.19228,0.17073500000000003,0.1772761666666667,0.18664285,0.13061510333333343,0.13544347749999996,35.37333333333335,32.57749999999998,0.8854560256532099,0.4647231720437686,1.3862943611198906
sj,2000,10,2000-03-11,0.3779,0.22,0.16348,0.1562286,11.48,296.202857143,296.357142857,289.642857143,299.1,294.4,1.1,66.7357142857,11.48,11.7157142857,3.02857142857,24.0,8.02857142857,29.4,19.4,0.0,2,13.5871428571,13.67,14.6185714286,14.6528571429,291.952857143,292.174285714,293.25,293.27,75.7214285714,74.0642857143,76.1171428571,76.5028571429,296.678571429,297.221428571,297.978571429,297.9,24.5285714286,24.7714285714,25.2,24.9285714286,0.17025,0.18170835000000002,0.1931667,0.24385835,0.1962,0.2075,0.17314,0.1061,0.2178,0.1507571,0.1632714,0.2147429,0.1580429,0.1469167,0.08688571,0.1499286,98.45,7.67,0.0,24.19,12.990952380933331,13.39785714285,296.75238095233334,297.0589285715,24.433333333333334,24.625,72.1738095238,73.159642857125,0.24328611666666666,0.2307562625,0.2079,0.19921,0.17734570000000005,0.173827125,0.1537294000000001,0.13701847749999999,39.20000000000002,29.39999999999998,0.9350162426854148,0.35460488704253557,1.0986122886681096
sj,2000,11,2000-03-18,0.2311,0.230875,0.1591,0.0873,25.96,296.315714286,296.45,290.998571429,298.4,294.0,3.29,72.1428571429,25.96,12.7385714286,2.35714285714,25.0714285714,5.55714285714,28.9,21.1,0.8,8,11.7157142857,13.5871428571,13.67,14.6185714286,289.642857143,291.952857143,292.174285714,293.25,66.7357142857,75.7214285714,74.0642857143,76.1171428571,296.357142857,296.678571429,297.221428571,297.978571429,24.0,24.5285714286,24.7714285714,25.2,0.3779,0.17025,0.18170835000000002,0.1931667,0.22,0.1962,0.2075,0.17314,0.16348,0.2178,0.1507571,0.1632714,0.1562286,0.1580429,0.1469167,0.08688571,11.48,98.45,7.67,0.0,12.680476190466663,12.92785714285,296.4952380953333,296.67678571424995,24.53333333333333,24.59285714285,71.53333333333333,72.166071428575,0.25975,0.2402395875,0.2156916666666667,0.21364375000000002,0.18012666666666674,0.172784275,0.13385716666666675,0.13712204999999997,45.29666666666668,35.88999999999998,0.970941817426052,0.23931566428755804,2.1972245773362196
sj,2000,12,2000-03-25,0.2204,0.1969,0.2298571,0.1853,0.0,296.744285714,296.907142857,291.225714286,298.8,294.6,6.8,71.39,0.0,12.93,2.32857142857,24.8,7.38571428571,29.4,19.4,3.5,3,12.7385714286,11.7157142857,13.5871428571,13.67,290.998571429,289.642857143,291.952857143,292.174285714,72.1428571429,66.7357142857,75.7214285714,74.0642857143,296.45,296.357142857,296.678571429,297.221428571,25.0714285714,24.0,24.5285714286,24.7714285714,0.2311,0.3779,0.17025,0.18170835000000002,0.230875,0.22,0.1962,0.2075,0.1591,0.16348,0.2178,0.1507571,0.0873,0.1562286,0.1580429,0.1469167,25.96,11.48,98.45,7.67,12.46142857143333,12.742857142850001,296.57142857133334,296.59821428575,24.623809523800002,24.599999999999998,70.08952380953333,71.4975,0.2764666666666667,0.24991249999999998,0.215925,0.21099375,0.18414570000000005,0.19255927499999997,0.14294286666666675,0.14671787499999997,12.480000000000013,33.972499999999975,0.992708874098054,0.120536680255323,1.3862943611198906
sj,2000,13,2000-04-01,0.21271665,0.1460667,0.25795,0.2118429,2.09,296.352857143,296.607142857,290.81,299.3,293.6,5.14,71.3514285714,2.09,12.6371428571,4.07142857143,24.4,7.14285714286,28.9,20.0,3.1,1,12.93,12.7385714286,11.7157142857,13.5871428571,291.225714286,290.998571429,289.642857143,291.952857143,71.39,72.1428571429,66.7357142857,75.7214285714,296.907142857,296.45,296.357142857,296.678571429,24.8,25.0714285714,24.0,24.5285714286,0.2204,0.2311,0.3779,0.17025,0.1969,0.230875,0.22,0.1962,0.2298571,0.1591,0.16348,0.2178,0.1853,0.0873,0.1562286,0.1580429,0.0,25.96,11.48,98.45,12.768571428566664,12.50535714285,296.65476190466666,296.58035714275,24.75714285713333,24.567857142850002,71.6280952381,70.405,0.22140554999999998,0.26052916249999997,0.19128056666666668,0.19846042500000002,0.21563570000000007,0.202596775,0.16148096666666675,0.16016787499999996,9.350000000000014,9.882499999999979,1.0,-1.6081226496766364e-16,0.6931471805599453
sj,2000,14,2000-04-08,0.2050333,0.04636667,0.1806286,0.2042857,7.23,297.817142857,297.964285714,293.632857143,300.1,296.0,17.9,77.7857142857,7.23,15.0585714286,2.55714285714,25.5857142857,7.05714285714,30.6,21.7,13.3,1,12.6371428571,12.93,12.7385714286,11.7157142857,290.81,291.225714286,290.998571429,289.642857143,71.3514285714,71.39,72.1428571429,66.7357142857,296.607142857,296.907142857,296.45,296.357142857,24.4,24.8,25.0714285714,24.0,0.21271665,0.2204,0.2311,0.3779,0.1460667,0.1969,0.230875,0.22,0.25795,0.2298571,0.1591,0.16348,0.2118429,0.1853,0.0873,0.1562286,2.09,0.0,25.96,11.48,13.541904761899998,13.341071428575,297.15952380933334,296.982142857,24.92857142856667,24.964285714275,73.50904761903332,73.1675,0.21271665000000003,0.21731248749999998,0.12977779,0.1550520925,0.22281190000000006,0.20688392499999997,0.2004762000000001,0.17218214999999995,3.106666666666681,8.819999999999979,0.992708874098054,-0.12053668025532288,0.6931471805599453
sj,2000,15,2000-04-15,0.07435,0.102575,0.1650857,0.1372286,0.0,297.752857143,297.871428571,293.187142857,299.9,293.9,5.3,75.8428571429,0.0,14.65,3.54285714286,25.9714285714,7.3,30.6,20.6,6.3,2,15.0585714286,12.6371428571,12.93,12.7385714286,293.632857143,290.81,291.225714286,290.998571429,77.7857142857,71.3514285714,71.39,72.1428571429,297.964285714,296.607142857,296.907142857,296.45,25.5857142857,24.4,24.8,25.0714285714,0.2050333,0.21271665,0.2204,0.2311,0.04636667,0.1460667,0.1969,0.230875,0.1806286,0.25795,0.2298571,0.1591,0.2042857,0.2118429,0.1853,0.0873,7.23,2.09,0.0,25.96,14.115238095233332,13.818928571425001,297.4809523806667,297.33749999975,25.31904761903333,25.189285714274998,74.99333333333334,74.0925,0.16403331666666668,0.1781249875,0.09833612333333334,0.12297709250000001,0.2012214333333334,0.20838035,0.18445240000000007,0.18466429999999998,3.106666666666681,2.3299999999999788,0.9709418174260521,-0.2393156642875575,1.0986122886681096
sj,2000,16,2000-04-22,-0.287,0.0767,0.08985,0.07655714,0.0,297.622857143,297.785714286,292.83,299.8,296.1,14.9,74.7542857143,0.0,14.2714285714,2.22857142857,25.8,6.71428571429,29.4,20.6,18.6,3,14.65,15.0585714286,12.6371428571,12.93,293.187142857,293.632857143,290.81,291.225714286,75.8428571429,77.7857142857,71.3514285714,71.39,297.871428571,297.964285714,296.607142857,296.907142857,25.9714285714,25.5857142857,24.4,24.8,0.07435,0.2050333,0.21271665,0.2204,0.102575,0.04636667,0.1460667,0.1969,0.1650857,0.1806286,0.25795,0.2298571,0.1372286,0.2042857,0.2118429,0.1853,0.0,7.23,2.09,0.0,14.659999999999997,14.154285714275,297.8738095236667,297.557142857,25.7857142857,25.439285714275,76.12761904763333,74.93357142857501,-0.002538899999999992,0.05127498749999998,0.07521389,0.0929270925,0.14518810000000007,0.17337857499999998,0.13935714666666676,0.15747858499999998,2.4100000000000144,2.3299999999999788,0.9350162426854148,-0.35460488704253545,1.3862943611198906
sj,2000,17,2000-04-29,0.1544,0.13275,0.2154143,0.1837429,82.06,298.342857143,298.585714286,294.254285714,300.6,296.3,5.0,78.2442857143,82.06,15.6228571429,3.2,26.9285714286,8.41428571429,32.2,22.2,1.3,3,14.2714285714,14.65,15.0585714286,12.6371428571,292.83,293.187142857,293.632857143,290.81,74.7542857143,75.8428571429,77.7857142857,71.3514285714,297.785714286,297.871428571,297.964285714,296.607142857,25.8,25.9714285714,25.5857142857,24.4,-0.287,0.07435,0.2050333,0.21271665,0.0767,0.102575,0.04636667,0.1460667,0.08985,0.1650857,0.1806286,0.25795,0.07655714,0.1372286,0.2042857,0.2118429,0.0,0.0,7.23,2.09,14.848095238099999,14.900714285725,298.08095238100003,298.05178571425,26.233333333333334,26.071428571425,76.2804761905,76.6567857143,-0.019416666666666655,0.03669582499999998,0.10400833333333333,0.08959791750000001,0.1567833333333334,0.16274465,0.13250954666666676,0.15045358499999997,27.35333333333335,22.32249999999998,0.8854560256532099,-0.4647231720437685,1.3862943611198906
sj,2000,18,2000-05-06,0.1302,0.1127,0.1250143,0.1334571,6.13,298.648571429,298.721428571,294.138571429,300.4,297.0,3.4,76.2142857143,6.13,15.48,2.44285714286,27.1428571429,7.8,32.2,21.7,3.6,2,15.6228571429,14.2714285714,14.65,15.0585714286,294.254285714,292.83,293.187142857,293.632857143,78.2442857143,74.7542857143,75.8428571429,77.7857142857,298.585714286,297.785714286,297.871428571,297.964285714,26.9285714286,25.8,25.9714285714,25.5857142857,0.1544,-0.287,0.07435,0.2050333,0.13275,0.0767,0.102575,0.04636667,0.2154143,0.08985,0.1650857,0.1806286,0.1837429,0.07655714,0.1372286,0.2042857,82.06,0.0,0.0,7.23,15.124761904766665,15.006071428575,298.36428571433333,298.2410714285,26.623809523833334,26.460714285725,76.4042857143,76.26392857145,-0.0007999999999999859,0.017987499999999983,0.10738333333333333,0.10618125000000002,0.14342620000000006,0.148841075,0.13125238000000009,0.13274643499999997,29.39666666666668,22.047499999999978,0.8229838658936565,-0.5680647467311557,1.0986122886681096
sj,2000,19,2000-05-13,0.10835,0.09815,0.1490857,0.1343857,21.53,298.32,298.442857143,294.264285714,300.4,296.6,16.35,78.3371428571,21.53,15.6385714286,2.77142857143,26.6428571429,6.91428571429,30.6,22.2,7.7,0,15.48,15.6228571429,14.2714285714,14.65,294.138571429,294.254285714,292.83,293.187142857,76.2142857143,78.2442857143,74.7542857143,75.8428571429,298.721428571,298.585714286,297.785714286,297.871428571,27.1428571429,26.9285714286,25.8,25.9714285714,0.1302,0.1544,-0.287,0.07435,0.1127,0.13275,0.0767,0.102575,0.1250143,0.2154143,0.08985,0.1650857,0.1334571,0.1837429,0.07655714,0.1372286,6.13,82.06,0.0,0.0,15.580476190499999,15.253214285725,298.5833333333333,298.3839285715,26.9047619048,26.6285714286,77.59857142856667,76.8875,0.13098333333333334,0.026487499999999983,0.11453333333333333,0.10507500000000002,0.1631714333333334,0.14484107499999999,0.15052856666666675,0.13203570999999997,36.573333333333345,27.42999999999998,0.7485107481711013,-0.663122658240795,0.0
sj,2000,20,2000-05-20,0.0865,0.08775,0.1752833,0.1601286,68.14,298.771428571,298.964285714,294.554285714,301.0,297.0,10.06,77.7128571429,68.14,15.9185714286,2.64285714286,26.6,7.12857142857,32.2,21.1,83.3,0,15.6385714286,15.48,15.6228571429,14.2714285714,294.264285714,294.138571429,294.254285714,292.83,78.3371428571,76.2142857143,78.2442857143,74.7542857143,298.442857143,298.721428571,298.585714286,297.785714286,26.6428571429,27.1428571429,26.9285714286,25.8,0.10835,0.1302,0.1544,-0.287,0.09815,0.1127,0.13275,0.0767,0.1490857,0.1250143,0.2154143,0.08985,0.1343857,0.1334571,0.1837429,0.07655714,21.53,6.13,82.06,0.0,15.679047619066665,15.665000000025,298.70952380933335,298.6785714285,26.795238095266665,26.8285714286,77.42142857143334,77.62714285715,0.10835,0.11986249999999998,0.09953333333333332,0.10783750000000002,0.1497944333333334,0.1661994,0.14265713333333344,0.15292857499999996,31.933333333333348,44.464999999999975,0.6631226582407952,-0.7485107481711012,0.0
sj,2000,21,2000-05-27,0.1882,0.1144,0.1839857,0.1126714,39.45,298.778571429,299.142857143,294.865714286,301.2,297.0,13.8,79.1971428571,39.45,16.2371428571,2.91428571429,26.8142857143,6.01428571429,31.1,22.8,0.3,2,15.9185714286,15.6385714286,15.48,15.6228571429,294.554285714,294.264285714,294.138571429,294.254285714,77.7128571429,78.3371428571,76.2142857143,78.2442857143,298.964285714,298.442857143,298.721428571,298.585714286,26.6,26.6428571429,27.1428571429,26.9285714286,0.0865,0.10835,0.1302,0.1544,0.08775,0.09815,0.1127,0.13275,0.1752833,0.1490857,0.1250143,0.2154143,0.1601286,0.1343857,0.1334571,0.1837429,68.14,21.53,6.13,82.06,15.93142857143333,15.818571428575,298.85,298.81785714275,26.685714285733336,26.800000000025,78.4157142857,77.86535714285,0.12768333333333334,0.1283125,0.10009999999999998,0.10325000000000002,0.16945156666666672,0.15834225,0.13572856666666677,0.13516069999999997,43.04000000000002,33.81249999999998,0.5680647467311558,-0.8229838658936564,1.0986122886681096
sj,2000,22,2000-06-03,0.0849,0.11876,0.20226,0.1301571,48.51,299.28,299.4,295.227142857,301.7,297.3,17.1,78.5371428571,48.51,16.5871428571,2.42857142857,27.5571428571,6.84285714286,32.2,23.3,25.6,2,16.2371428571,15.9185714286,15.6385714286,15.48,294.865714286,294.554285714,294.264285714,294.138571429,79.1971428571,77.7128571429,78.3371428571,76.2142857143,299.142857143,298.964285714,298.442857143,298.721428571,26.8142857143,26.6,26.6428571429,27.1428571429,0.1882,0.0865,0.10835,0.1302,0.1144,0.08775,0.09815,0.1127,0.1839857,0.1752833,0.1490857,0.1250143,0.1126714,0.1601286,0.1343857,0.1334571,39.45,68.14,21.53,6.13,16.247619047599997,16.095357142850002,299.169047619,298.9875,26.990476190466666,26.903571428575,78.48238095236667,78.44607142855,0.11986666666666668,0.11698749999999997,0.10697,0.10476500000000002,0.1871763333333334,0.17765367499999998,0.13431903333333342,0.13433569999999997,52.03333333333335,44.40749999999998,0.46472317204376906,-0.8854560256532096,1.0986122886681096
sj,2000,23,2000-06-10,0.1459,0.138175,0.1687286,0.1188429,46.02,299.624285714,299.757142857,295.667142857,301.7,297.7,10.95,79.0514285714,46.02,17.0342857143,2.45714285714,27.8571428571,6.44285714286,31.7,23.3,4.8,0,16.5871428571,16.2371428571,15.9185714286,15.6385714286,295.227142857,294.865714286,294.554285714,294.264285714,78.5371428571,79.1971428571,77.7128571429,78.3371428571,299.4,299.142857143,298.964285714,298.442857143,27.5571428571,26.8142857143,26.6,26.6428571429,0.0849,0.1882,0.0865,0.10835,0.11876,0.1144,0.08775,0.09815,0.20226,0.1839857,0.1752833,0.1490857,0.1301571,0.1126714,0.1601286,0.1343857,48.51,39.45,68.14,21.53,16.6195238095,16.444285714275,299.43333333333334,299.3160714285,27.4095238095,27.207142857125,78.92857142853332,78.624642857125,0.13966666666666666,0.12637499999999996,0.12377833333333332,0.11477125000000002,0.18499143333333337,0.1825644,0.12055713333333344,0.13044999999999995,44.66000000000002,50.52999999999998,0.35460488704253584,-0.9350162426854147,0.0
sj,2000,24,2000-06-17,0.1097,0.0902,0.2046833,0.1521833,46.38,299.785714286,299.864285714,295.135714286,301.9,297.9,21.3,75.7485714286,46.38,16.4542857143,2.35714285714,27.9857142857,6.44285714286,32.8,23.3,26.2,6,17.0342857143,16.5871428571,16.2371428571,15.9185714286,295.667142857,295.227142857,294.865714286,294.554285714,79.0514285714,78.5371428571,79.1971428571,77.7128571429,299.757142857,299.4,299.142857143,298.964285714,27.8571428571,27.5571428571,26.8142857143,26.6,0.1459,0.0849,0.1882,0.0865,0.138175,0.11876,0.1144,0.08775,0.1687286,0.20226,0.1839857,0.1752833,0.1188429,0.1301571,0.1126714,0.1601286,46.02,48.51,39.45,68.14,16.691904761900002,16.5782142857,299.67380952366665,299.5410714285,27.79999999996667,27.55357142855,77.77904761903334,78.13357142855,0.1135,0.13217499999999996,0.11571166666666666,0.11538375000000002,0.19189063333333337,0.1899144,0.13372776666666675,0.12846367499999997,46.97000000000002,45.089999999999975,0.23931566428755768,-0.970941817426052,1.9459101490553132
sj,2000,25,2000-06-24,0.1431,0.1623333,0.2898,0.2421286,45.96,299.502857143,299.578571429,295.94,301.7,297.5,30.64,80.8457142857,45.96,17.2885714286,2.32857142857,27.4285714286,5.84285714286,31.1,23.9,15.6,3,16.4542857143,17.0342857143,16.5871428571,16.2371428571,295.135714286,295.667142857,295.227142857,294.865714286,75.7485714286,79.0514285714,78.5371428571,79.1971428571,299.864285714,299.757142857,299.4,299.142857143,27.9857142857,27.8571428571,27.5571428571,26.8142857143,0.1097,0.1459,0.0849,0.1882,0.0902,0.138175,0.11876,0.1144,0.2046833,0.1687286,0.20226,0.1839857,0.1521833,0.1188429,0.1301571,0.1126714,46.38,46.02,48.51,39.45,16.92571428573333,16.841071428575,299.73333333333335,299.65,27.75714285713333,27.707142857125,78.54857142856666,78.5457142857,0.13290000000000002,0.12089999999999998,0.1302361,0.12736707500000002,0.2210706333333334,0.216367975,0.17105160000000008,0.16082797499999996,46.120000000000026,46.71749999999998,0.12053668025532308,-0.992708874098054,1.3862943611198906
sj,2000,26,2000-07-01,0.11045,0.1341,0.1740429,0.1527333,33.94,299.607142857,299.635714286,295.367142857,301.4,297.7,19.02,77.6171428571,33.94,16.7057142857,2.15714285714,27.7714285714,6.61428571429,31.7,23.3,31.5,6,17.2885714286,16.4542857143,17.0342857143,16.5871428571,295.94,295.135714286,295.667142857,295.227142857,80.8457142857,75.7485714286,79.0514285714,78.5371428571,299.578571429,299.864285714,299.757142857,299.4,27.4285714286,27.9857142857,27.8571428571,27.5571428571,0.1431,0.1097,0.1459,0.0849,0.1623333,0.0902,0.138175,0.11876,0.2898,0.2046833,0.1687286,0.20226,0.2421286,0.1521833,0.1188429,0.1301571,45.96,46.38,46.02,48.51,16.8161904762,16.870714285725,299.692857143,299.7089285715,27.728571428566667,27.7607142857,78.07047619046666,78.3157142857,0.12108333333333333,0.1272875,0.12887776666666667,0.13120207500000003,0.22284206666666673,0.2093137,0.18234840000000008,0.16647202499999997,42.09333333333335,43.07499999999998,-3.216245299353273e-16,-1.0,1.9459101490553132
sj,2000,27,2000-07-08,0.0812,0.07275,0.1071,0.06248333,7.95,300.118571429,300.214285714,295.871428571,301.8,298.6,12.7,77.6814285714,7.95,17.2385714286,2.28571428571,27.9714285714,5.55714285714,31.1,24.4,27.1,2,16.7057142857,17.2885714286,16.4542857143,17.0342857143,295.367142857,295.94,295.135714286,295.667142857,77.6171428571,80.8457142857,75.7485714286,79.0514285714,299.635714286,299.578571429,299.864285714,299.757142857,27.7714285714,27.4285714286,27.9857142857,27.8571428571,0.11045,0.1431,0.1097,0.1459,0.1341,0.1623333,0.0902,0.138175,0.1740429,0.2898,0.2046833,0.1687286,0.1527333,0.2421286,0.1521833,0.1188429,33.94,45.96,46.38,46.02,17.07761904763333,16.9217857143,299.8095238096667,299.82321428575005,27.7238095238,27.789285714275003,78.71476190473334,77.97321428570001,0.11158333333333333,0.11111249999999998,0.12306109999999999,0.11484582500000001,0.19031430000000005,0.19390654999999998,0.15244841000000006,0.15238213249999996,29.283333333333346,33.557499999999976,-0.12053668025532283,-0.992708874098054,1.0986122886681096
sj,2000,28,2000-07-15,0.17185,0.17685,0.2847857,0.2321714,5.81,300.025714286,300.185714286,295.875714286,301.9,298.4,16.7,78.1257142857,5.81,17.2457142857,2.28571428571,28.2714285714,6.34285714286,32.2,24.4,3.5,3,17.2385714286,16.7057142857,17.2885714286,16.4542857143,295.871428571,295.367142857,295.94,295.135714286,77.6814285714,77.6171428571,80.8457142857,75.7485714286,300.214285714,299.635714286,299.578571429,299.864285714,27.9714285714,27.7714285714,27.4285714286,27.9857142857,0.0812,0.11045,0.1431,0.1097,0.07275,0.1341,0.1623333,0.0902,0.1071,0.1740429,0.2898,0.2046833,0.06248333,0.1527333,0.2421286,0.1521833,7.95,33.94,45.96,46.38,17.063333333333333,17.11964285715,300.01190476200003,299.90357142875,28.00476190473334,27.860714285700002,77.80809523806667,78.567499999975,0.12116666666666666,0.12664999999999998,0.12789999999999999,0.136508325,0.18864286666666674,0.21393215,0.14912934333333341,0.17237915749999996,15.900000000000013,23.41499999999998,-0.23931566428755743,-0.9709418174260521,1.3862943611198906
sj,2000,29,2000-07-22,0.22305,0.18965,0.2902,0.2455143,9.53,300.164285714,300.335714286,296.078571429,302.6,297.9,23.18,78.6042857143,9.53,17.4628571429,2.9,28.5285714286,6.51428571429,32.8,23.3,22.7,2,17.2457142857,17.2385714286,16.7057142857,17.2885714286,295.875714286,295.871428571,295.367142857,295.94,78.1257142857,77.6814285714,77.6171428571,80.8457142857,300.185714286,300.214285714,299.635714286,299.578571429,28.2714285714,27.9714285714,27.7714285714,27.4285714286,0.17185,0.0812,0.11045,0.1431,0.17685,0.07275,0.1341,0.1623333,0.2847857,0.1071,0.1740429,0.2898,0.2321714,0.06248333,0.1527333,0.2421286,5.81,7.95,33.94,45.96,17.315714285733332,17.163214285725,300.2452380953334,300.092857143,28.25714285713333,28.1357142857,78.13714285713334,78.007142857125,0.15869999999999998,0.14663749999999998,0.14641666666666667,0.1433375,0.2273619000000001,0.21403214999999998,0.18005634333333342,0.17322558249999997,7.763333333333347,14.307499999999978,-0.3546048870425356,-0.9350162426854148,1.0986122886681096
sj,2000,30,2000-07-29,0.1667,0.3276,0.2619143,0.2189714,0.0,299.908571429,300.107142857,295.961428571,301.9,298.2,19.7,79.0085714286,0.0,17.3328571429,2.35714285714,28.3285714286,6.5,32.8,23.9,7.9,4,17.4628571429,17.2457142857,17.2385714286,16.7057142857,296.078571429,295.875714286,295.871428571,295.367142857,78.6042857143,78.1257142857,77.6814285714,77.6171428571,300.335714286,300.185714286,300.214285714,299.635714286,28.5285714286,28.2714285714,27.9714285714,27.7714285714,0.22305,0.17185,0.0812,0.11045,0.18965,0.17685,0.07275,0.1341,0.2902,0.2847857,0.1071,0.1740429,0.2455143,0.2321714,0.06248333,0.1527333,9.53,5.81,7.95,33.94,17.347142857166663,17.320000000025,300.2095238096667,300.21071428575,28.376190476199998,28.275000000000002,78.57952380953334,78.355,0.1872,0.16069999999999995,0.2313666666666667,0.1917125,0.27896666666666675,0.236,0.23221903333333346,0.1897851075,5.1133333333333475,5.8224999999999785,-0.46472317204376806,-0.8854560256532101,1.6094379124341003
sj,2000,31,2000-08-05,0.13025,0.1474,0.12684,0.1106,32.67,300.034285714,300.121428571,296.411428571,302.1,298.0,33.7,80.7514285714,32.67,17.8457142857,2.32857142857,28.2142857143,6.55714285714,33.3,22.8,32.7,5,17.3328571429,17.4628571429,17.2457142857,17.2385714286,295.961428571,296.078571429,295.875714286,295.871428571,79.0085714286,78.6042857143,78.1257142857,77.6814285714,300.107142857,300.335714286,300.185714286,300.214285714,28.3285714286,28.5285714286,28.2714285714,27.9714285714,0.1667,0.22305,0.17185,0.0812,0.3276,0.18965,0.17685,0.07275,0.2619143,0.2902,0.2847857,0.1071,0.2189714,0.2455143,0.2321714,0.06248333,0.0,9.53,5.81,7.95,17.547142857166666,17.4717857143,300.188095238,300.1875,28.357142857166668,28.335714285724997,79.45476190476667,79.1225,0.17333333333333334,0.17296249999999996,0.22155,0.210375,0.22631810000000008,0.24093499999999998,0.1916952333333334,0.20181427499999996,14.066666666666682,12.00249999999998,-0.5680647467311556,-0.8229838658936565,1.791759469228055
sj,2000,32,2000-08-12,0.14415,0.1204667,0.2751571,0.2257571,60.71,299.924285714,299.971428571,296.564285714,302.0,298.1,60.66,82.0214285714,60.71,18.0042857143,2.51428571429,28.2714285714,6.82857142857,32.8,22.8,37.2,2,17.8457142857,17.3328571429,17.4628571429,17.2457142857,296.411428571,295.961428571,296.078571429,295.875714286,80.7514285714,79.0085714286,78.6042857143,78.1257142857,300.121428571,300.107142857,300.335714286,300.185714286,28.2142857143,28.3285714286,28.5285714286,28.2714285714,0.13025,0.1667,0.22305,0.17185,0.1474,0.3276,0.18965,0.17685,0.12684,0.2619143,0.2902,0.2847857,0.1106,0.2189714,0.2455143,0.2321714,32.67,0.0,9.53,5.81,17.72761904763333,17.66142857145,300.06666666633333,300.13392857125,28.271428571433333,28.335714285725,80.5938095238,80.09642857142501,0.14703333333333335,0.16603749999999998,0.1984889,0.196279175,0.22130380000000005,0.23852784999999999,0.18510950000000012,0.20021069999999996,31.126666666666683,25.727499999999978,-0.663122658240795,-0.7485107481711013,1.0986122886681096
sj,2000,33,2000-08-19,0.17645,0.1304,0.2522,0.2054571,8.62,300.528571429,300.557142857,296.635714286,302.8,298.6,27.72,79.5071428571,8.62,18.0671428571,2.2,28.6142857143,6.44285714286,32.8,23.9,26.9,9,18.0042857143,17.8457142857,17.3328571429,17.4628571429,296.564285714,296.411428571,295.961428571,296.078571429,82.0214285714,80.7514285714,79.0085714286,78.6042857143,299.971428571,300.121428571,300.107142857,300.335714286,28.2714285714,28.2142857143,28.3285714286,28.5285714286,0.14415,0.13025,0.1667,0.22305,0.1204667,0.1474,0.3276,0.18965,0.2751571,0.12684,0.2619143,0.2902,0.2257571,0.1106,0.2189714,0.2455143,60.71,32.67,0.0,9.53,17.972380952366667,17.8125,300.2166666663333,300.189285714,28.366666666666664,28.35714285715,80.75999999996667,80.322142857125,0.15028333333333332,0.15438749999999998,0.13275556666666666,0.181466675,0.21806570000000006,0.22902784999999998,0.1806047333333334,0.19019639999999996,34.000000000000014,25.49999999999998,-0.7485107481711011,-0.6631226582407952,2.302585092994046
sj,2000,34,2000-08-26,0.2156667,0.1542333,0.1988667,0.1828714,27.4,300.468571429,300.7,296.598571429,303.2,298.5,29.66,79.5585714286,27.4,18.0385714286,2.82857142857,28.7285714286,6.6,32.8,23.9,13.7,2,18.0671428571,18.0042857143,17.8457142857,17.3328571429,296.635714286,296.564285714,296.411428571,295.961428571,79.5071428571,82.0214285714,80.7514285714,79.0085714286,300.557142857,299.971428571,300.121428571,300.107142857,28.6142857143,28.2714285714,28.2142857143,28.3285714286,0.17645,0.14415,0.13025,0.1667,0.1304,0.1204667,0.1474,0.3276,0.2522,0.2751571,0.12684,0.2619143,0.2054571,0.2257571,0.1106,0.2189714,8.62,60.71,32.67,0.0,18.036666666666665,17.988928571425,300.4095238093333,300.33749999975,28.5380952381,28.45714285715,80.36238095236668,80.459642857125,0.17875556666666667,0.16662917499999996,0.13503333333333334,0.138125,0.24207460000000003,0.21326594999999998,0.20469520000000008,0.18117139999999998,32.24333333333335,32.34999999999998,-0.8229838658936564,-0.5680647467311559,1.0986122886681096
sj,2000,35,2000-09-02,0.18738335,0.2435,0.2776,0.1937857,164.26,299.96,300.092857143,296.735714286,302.3,298.4,87.78,82.6757142857,164.26,18.2314285714,2.3,27.1857142857,6.44285714286,31.1,21.7,156.6,4,18.0385714286,18.0671428571,18.0042857143,17.8457142857,296.598571429,296.635714286,296.564285714,296.411428571,79.5585714286,79.5071428571,82.0214285714,80.7514285714,300.7,300.557142857,299.971428571,300.121428571,28.7285714286,28.6142857143,28.2714285714,28.2142857143,0.2156667,0.17645,0.14415,0.13025,0.1542333,0.1304,0.1204667,0.1474,0.1988667,0.2522,0.2751571,0.12684,0.1828714,0.2054571,0.2257571,0.1106,27.4,8.62,60.71,32.67,18.112380952366664,18.08535714285,300.45,300.33035714275,28.176190476200002,28.2,80.58047619046667,80.94071428570001,0.19316668333333334,0.18091251249999998,0.1760444333333333,0.16215,0.24288890000000007,0.25095595,0.1940380666666668,0.201967825,66.76,65.24749999999997,-0.8854560256532096,-0.4647231720437691,1.6094379124341003
sj,2000,36,2000-09-09,0.1591,0.0836,0.2533667,0.21125,26.9,300.517142857,300.542857143,296.891428571,302.8,298.0,22.0,80.6785714286,26.9,18.4042857143,2.71428571429,27.9857142857,6.27142857143,31.7,23.9,16.8,8,18.2314285714,18.0385714286,18.0671428571,18.0042857143,296.735714286,296.598571429,296.635714286,296.564285714,82.6757142857,79.5585714286,79.5071428571,82.0214285714,300.092857143,300.7,300.557142857,299.971428571,27.1857142857,28.7285714286,28.6142857143,28.2714285714,0.18738335,0.2156667,0.17645,0.14415,0.2435,0.1542333,0.1304,0.1204667,0.2776,0.1988667,0.2522,0.2751571,0.1937857,0.1828714,0.2054571,0.2257571,164.26,27.4,8.62,60.71,18.224761904766662,18.18535714285,300.4452380953333,300.47321428575003,27.96666666666667,28.128571428575,80.97095238096666,80.605,0.18738335000000003,0.18465001249999996,0.16044443333333333,0.15293332499999998,0.24327780000000007,0.24550835,0.1959690333333334,0.19834104999999996,72.85333333333334,56.79499999999997,-0.9350162426854147,-0.3546048870425359,2.1972245773362196
sj,2000,37,2000-09-16,0.0577,0.1507,0.2971857,0.2543429,30.52,300.794285714,300.885714286,296.811428571,302.7,299.1,18.79,78.9485714286,30.52,18.3142857143,2.28571428571,28.1857142857,6.98571428571,33.3,22.8,9.3,6,18.4042857143,18.2314285714,18.0385714286,18.0671428571,296.891428571,296.735714286,296.598571429,296.635714286,80.6785714286,82.6757142857,79.5585714286,79.5071428571,300.542857143,300.092857143,300.7,300.557142857,27.9857142857,27.1857142857,28.7285714286,28.6142857143,0.1591,0.18738335,0.2156667,0.17645,0.0836,0.2435,0.1542333,0.1304,0.2533667,0.2776,0.1988667,0.2522,0.21125,0.1937857,0.1828714,0.2054571,26.9,164.26,27.4,8.62,18.316666666666663,18.24714285715,300.5071428573333,300.555357143,27.7857142857,28.021428571425,80.76761904763333,80.465357142875,0.13472778333333335,0.15496251249999998,0.15926666666666664,0.158008325,0.2760508000000001,0.256754775,0.21979286666666675,0.21056249999999999,73.89333333333333,62.26999999999997,-0.970941817426052,-0.23931566428755774,1.9459101490553132
sj,2000,38,2000-09-23,0.1961,0.1446667,0.17028,0.20995,50.88,300.577142857,300.778571429,296.684285714,303.1,297.8,56.4,79.5842857143,50.88,18.1628571429,2.47142857143,27.7571428571,6.7,31.7,23.9,18.5,3,18.3142857143,18.4042857143,18.2314285714,18.0385714286,296.811428571,296.891428571,296.735714286,296.598571429,78.9485714286,80.6785714286,82.6757142857,79.5585714286,300.885714286,300.542857143,300.092857143,300.7,28.1857142857,27.9857142857,27.1857142857,28.7285714286,0.0577,0.1591,0.18738335,0.2156667,0.1507,0.0836,0.2435,0.1542333,0.2971857,0.2533667,0.2776,0.1988667,0.2543429,0.21125,0.1937857,0.1828714,30.52,26.9,164.26,27.4,18.29380952383333,18.278214285725,300.735714286,300.57500000025,27.976190476166664,27.77857142855,79.73714285716666,80.4717857143,0.13763333333333333,0.15007083749999997,0.12632223333333334,0.15561667499999998,0.24027746666666672,0.24960809999999997,0.22518096666666676,0.21733214999999997,36.10000000000001,68.13999999999997,-0.992708874098054,-0.12053668025532357,1.3862943611198906
sj,2000,39,2000-09-30,0.2250375,0.1337,0.10358,0.1369667,42.65,299.88,299.921428571,296.597142857,301.5,298.8,42.8,82.2828571429,42.65,18.0857142857,1.72857142857,27.5285714286,6.04285714286,31.1,23.9,30.6,11,18.1628571429,18.3142857143,18.4042857143,18.2314285714,296.684285714,296.811428571,296.891428571,296.735714286,79.5842857143,78.9485714286,80.6785714286,82.6757142857,300.778571429,300.885714286,300.542857143,300.092857143,27.7571428571,28.1857142857,27.9857142857,27.1857142857,0.1961,0.0577,0.1591,0.18738335,0.1446667,0.1507,0.0836,0.2435,0.17028,0.2971857,0.2533667,0.2776,0.20995,0.2543429,0.21125,0.1937857,50.88,30.52,26.9,164.26,18.18761904763333,18.2417857143,300.5285714286667,300.53214285725,27.823809523799998,27.864285714275,80.27190476193334,80.3735714286,0.15961250000000002,0.15948437499999996,0.14302223333333333,0.128166675,0.19034856666666675,0.20610309999999998,0.20041986666666675,0.20312739999999999,41.350000000000016,37.737499999999976,-1.0,-1.8369701987210297e-16,2.4849066497880004
sj,2000,40,2000-10-07,0.253975,0.16295,0.3692714,0.2687429,126.67,300.202857143,300.271428571,296.974285714,302.1,298.8,35.3,82.5857142857,126.67,18.4914285714,2.37142857143,27.7714285714,5.88571428571,32.8,23.9,16.1,14,18.0857142857,18.1628571429,18.3142857143,18.4042857143,296.597142857,296.684285714,296.811428571,296.891428571,82.2828571429,79.5842857143,78.9485714286,80.6785714286,299.921428571,300.778571429,300.885714286,300.542857143,27.5285714286,27.7571428571,28.1857142857,27.9857142857,0.2250375,0.1961,0.0577,0.1591,0.1337,0.1446667,0.1507,0.0836,0.10358,0.17028,0.2971857,0.2533667,0.1369667,0.20995,0.2543429,0.21125,42.65,50.88,30.52,26.9,18.246666666666666,18.263571428575,300.3238095236667,300.46428571424997,27.685714285699998,27.8107142857,81.4842857143,80.850357142875,0.2250375,0.18320312499999997,0.14710556666666666,0.14800417500000002,0.21437713333333341,0.23507927499999998,0.20521986666666678,0.21750062499999998,73.4,62.67999999999998,-0.992708874098054,0.1205366802553232,2.70805020110221
sj,2000,41,2000-10-14,0.38,0.26065,0.3931286,0.27105,8.57,300.271428571,300.235714286,295.737142857,302.7,298.1,15.4,76.3714285714,8.57,17.1314285714,3.41428571429,27.8,7.38571428571,32.8,23.3,20.1,15,18.4914285714,18.0857142857,18.1628571429,18.3142857143,296.974285714,296.597142857,296.684285714,296.811428571,82.5857142857,82.2828571429,79.5842857143,78.9485714286,300.271428571,299.921428571,300.778571429,300.885714286,27.7714285714,27.5285714286,27.7571428571,28.1857142857,0.253975,0.2250375,0.1961,0.0577,0.16295,0.1337,0.1446667,0.1507,0.3692714,0.10358,0.17028,0.2971857,0.2687429,0.1369667,0.20995,0.2543429,126.67,42.65,50.88,30.52,17.90285714283333,17.96785714285,300.1428571426666,300.30178571425,27.700000000000003,27.714285714275,80.41333333333334,80.206071428575,0.28633749999999997,0.263778125,0.18576666666666664,0.175491675,0.2886600000000001,0.259065,0.22558653333333342,0.22167739999999997,59.296666666666674,57.19249999999998,-0.9709418174260521,0.23931566428755738,2.772588722239781
sj,2000,42,2000-10-21,0.10035,0.0895,0.2096857,0.08204286,37.34,300.418571429,300.421428571,296.267142857,302.6,298.3,11.22,78.1814285714,37.34,17.7042857143,3.78571428571,28.0571428571,7.18571428571,33.3,23.9,21.8,20,17.1314285714,18.4914285714,18.0857142857,18.1628571429,295.737142857,296.974285714,296.597142857,296.684285714,76.3714285714,82.5857142857,82.2828571429,79.5842857143,300.235714286,300.271428571,299.921428571,300.778571429,27.8,27.7714285714,27.5285714286,27.7571428571,0.38,0.253975,0.2250375,0.1961,0.26065,0.16295,0.1337,0.1446667,0.3931286,0.3692714,0.10358,0.17028,0.27105,0.2687429,0.1369667,0.20995,8.57,126.67,42.65,50.88,17.775714285699994,17.8532142857,300.3095238093333,300.21249999975,27.87619047616667,27.789285714275003,79.04619047616667,79.85535714285001,0.244775,0.23984062499999997,0.17103333333333334,0.16169999999999998,0.32402856666666674,0.26891642499999996,0.20727858666666676,0.18970061499999996,57.52666666666667,53.80749999999998,-0.9350162426854148,0.35460488704253557,3.044522437723423
sj,2000,43,2000-10-28,0.1535,0.2298,0.14888,0.091525,62.57,300.018571429,299.971428571,295.725714286,302.6,298.0,15.3,77.4428571429,62.57,17.1171428571,3.45714285714,27.1428571429,6.52857142857,31.1,23.3,24.1,9,17.7042857143,17.1314285714,18.4914285714,18.0857142857,296.267142857,295.737142857,296.974285714,296.597142857,78.1814285714,76.3714285714,82.5857142857,82.2828571429,300.421428571,300.235714286,300.271428571,299.921428571,28.0571428571,27.8,27.7714285714,27.5285714286,0.10035,0.38,0.253975,0.2250375,0.0895,0.26065,0.16295,0.1337,0.2096857,0.3931286,0.3692714,0.10358,0.08204286,0.27105,0.2687429,0.1369667,37.34,8.57,126.67,42.65,17.3176190476,17.611071428549998,300.20952380933335,300.22499999975,27.666666666666668,27.692857142850002,77.33190476189999,78.64535714285,0.21128333333333335,0.22195624999999997,0.19331666666666666,0.18572499999999997,0.25056476666666677,0.280241425,0.14820595333333342,0.17834018999999998,36.16000000000001,58.78749999999998,-0.8854560256532101,0.464723172043768,2.302585092994046
sj,2000,44,2000-11-04,0.19015,0.168,0.1864333,0.1104333,80.61,300.261428571,300.235714286,296.5,302.4,298.4,20.3,80.0071428571,80.61,17.9942857143,2.9,27.5428571429,6.37142857143,32.2,23.3,18.8,20,17.1171428571,17.7042857143,17.1314285714,18.4914285714,295.725714286,296.267142857,295.737142857,296.974285714,77.4428571429,78.1814285714,76.3714285714,82.5857142857,299.971428571,300.421428571,300.235714286,300.271428571,27.1428571429,28.0571428571,27.8,27.7714285714,0.1535,0.10035,0.38,0.253975,0.2298,0.0895,0.26065,0.16295,0.14888,0.2096857,0.3931286,0.3692714,0.091525,0.08204286,0.27105,0.2687429,62.57,37.34,8.57,126.67,17.60523809523333,17.486785714275,300.20952380933335,300.2160714285,27.580952380966668,27.635714285724998,78.54380952380001,78.0007142857,0.148,0.206,0.16243333333333335,0.1869875,0.1816663333333334,0.23453189999999996,0.09466705333333342,0.13876278999999997,60.173333333333346,47.27249999999998,-0.822983865893657,0.5680647467311548,3.044522437723423
sj,2000,45,2000-11-11,0.1105667,0.0267,0.1561,0.04188571,77.9,299.061428571,299.085714286,293.638571429,301.9,295.9,28.8,72.6842857143,77.9,15.2585714286,3.62857142857,25.8714285714,6.41428571429,30.6,21.7,44.9,28,17.9942857143,17.1171428571,17.7042857143,17.1314285714,296.5,295.725714286,296.267142857,295.737142857,80.0071428571,77.4428571429,78.1814285714,76.3714285714,300.235714286,299.971428571,300.421428571,300.235714286,27.5428571429,27.1428571429,28.0571428571,27.8,0.19015,0.1535,0.10035,0.38,0.168,0.2298,0.0895,0.26065,0.1864333,0.14888,0.2096857,0.3931286,0.1104333,0.091525,0.08204286,0.27105,80.61,62.57,37.34,8.57,16.789999999999996,17.018571428575,299.7642857143333,299.9285714285,26.8523809524,27.153571428575,76.71142857143333,77.078928571425,0.15140556666666669,0.138641675,0.14150000000000001,0.1285,0.16380443333333342,0.17527474999999995,0.08128133666666676,0.08147171749999997,73.69333333333334,64.60499999999999,-0.7485107481711011,0.6631226582407952,3.367295829986474
sj,2000,46,2000-11-18,0.0979,0.012,0.1572,0.06461429,6.3,299.187142857,299.207142857,293.448571429,301.7,295.9,2.1,70.9771428571,6.3,14.9914285714,4.1,26.3285714286,5.54285714286,30.0,22.2,1.3,38,15.2585714286,17.9942857143,17.1171428571,17.7042857143,293.638571429,296.5,295.725714286,296.267142857,72.6842857143,80.0071428571,77.4428571429,78.1814285714,299.085714286,300.235714286,299.971428571,300.421428571,25.8714285714,27.5428571429,27.1428571429,28.0571428571,0.1105667,0.19015,0.1535,0.10035,0.0267,0.168,0.2298,0.0895,0.1561,0.1864333,0.14888,0.2096857,0.04188571,0.1104333,0.091525,0.08204286,77.9,80.61,62.57,37.34,16.08142857143333,16.34035714285,299.5095238096667,299.625,26.580952380966664,26.72142857145,74.55619047616668,75.27785714285,0.13287223333333334,0.138029175,0.0689,0.10912499999999999,0.16657776666666677,0.16215332499999996,0.07231110000000009,0.07711457499999996,54.936666666666675,56.844999999999985,-0.6631226582407955,0.7485107481711007,3.6635616461296463
sj,2000,47,2000-11-25,0.10902500000000001,0.0323,0.2099,0.09903333,0.0,299.92,299.857142857,294.66,301.6,297.5,7.18,72.9257142857,0.0,16.0371428571,2.71428571429,26.8714285714,6.78571428571,30.6,22.8,14.7,30,14.9914285714,15.2585714286,17.9942857143,17.1171428571,293.448571429,293.638571429,296.5,295.725714286,70.9771428571,72.6842857143,80.0071428571,77.4428571429,299.207142857,299.085714286,300.235714286,299.971428571,26.3285714286,25.8714285714,27.5428571429,27.1428571429,0.0979,0.1105667,0.19015,0.1535,0.012,0.0267,0.168,0.2298,0.1572,0.1561,0.1864333,0.14888,0.06461429,0.04188571,0.1104333,0.091525,6.3,77.9,80.61,62.57,15.429047619033332,16.07035714285,299.38333333333327,299.5964285715,26.35714285713333,26.653571428575,72.19571428569999,74.14857142855001,0.10583056666666668,0.126910425,0.02366666666666667,0.05974999999999999,0.17440000000000008,0.17740832499999998,0.0685111100000001,0.07899165749999998,28.066666666666677,41.202499999999986,-0.5680647467311559,0.8229838658936564,3.4339872044851463
sj,2000,48,2000-12-02,0.12015,0.13648,0.1959,0.1356667,11.07,299.618571429,299.635714286,295.388571429,301.2,298.0,24.8,77.6485714286,11.07,16.7542857143,2.35714285714,26.3,6.0,29.4,22.8,30.0,30,16.0371428571,14.9914285714,15.2585714286,17.9942857143,294.66,293.448571429,293.638571429,296.5,72.9257142857,70.9771428571,72.6842857143,80.0071428571,299.857142857,299.207142857,299.085714286,300.235714286,26.8714285714,26.3285714286,25.8714285714,27.5428571429,0.10902500000000001,0.0979,0.1105667,0.19015,0.0323,0.012,0.0267,0.168,0.2099,0.1572,0.1561,0.1864333,0.09903333,0.06461429,0.04188571,0.1104333,0.0,6.3,77.9,80.61,15.927619047599999,15.760357142850001,299.56666666666666,299.44642857149995,26.5,26.34285714285,73.85047619046667,73.558928571425,0.109025,0.10941042499999999,0.06026,0.051869999999999986,0.18766666666666673,0.17977499999999996,0.09977144000000009,0.08530000749999997,5.79000000000001,23.81749999999998,-0.4647231720437684,0.88545602565321,3.4339872044851463
sj,2000,49,2000-12-09,0.11875,0.0806,0.1176333,0.04611667,19.69,299.702857143,299.728571429,295.402857143,301.5,297.9,6.8,77.3571428571,19.69,16.7714285714,2.05714285714,26.8142857143,6.37142857143,31.1,22.8,6.4,23,16.7542857143,16.0371428571,14.9914285714,15.2585714286,295.388571429,294.66,293.448571429,293.638571429,77.6485714286,72.9257142857,70.9771428571,72.6842857143,299.635714286,299.857142857,299.207142857,299.085714286,26.3,26.8714285714,26.3285714286,25.8714285714,0.12015,0.10902500000000001,0.0979,0.1105667,0.13648,0.0323,0.012,0.0267,0.1959,0.2099,0.1572,0.1561,0.1356667,0.09903333,0.06461429,0.04188571,11.07,0.0,6.3,77.9,16.520952380933334,16.13857142855,299.7404761906667,299.60714285725,26.6619047619,26.578571428575,75.97714285713333,74.727142857125,0.11597500000000001,0.11145624999999998,0.08312666666666667,0.06534499999999999,0.17447776666666673,0.17015832499999997,0.09360556666666675,0.08635774749999997,10.253333333333343,9.26499999999998,-0.35460488704253595,0.9350162426854147,3.1780538303479458
sj,2000,50,2000-12-16,0.0044,0.08713333,0.1021,-0.02248571,0.0,299.27,299.378571429,293.881428571,301.3,297.5,3.99,72.2614285714,0.0,15.2528571429,2.52857142857,25.9142857143,7.21428571429,31.1,21.7,7.1,16,16.7714285714,16.7542857143,16.0371428571,14.9914285714,295.402857143,295.388571429,294.66,293.448571429,77.3571428571,77.6485714286,72.9257142857,70.9771428571,299.728571429,299.635714286,299.857142857,299.207142857,26.8142857143,26.3,26.8714285714,26.3285714286,0.11875,0.12015,0.10902500000000001,0.0979,0.0806,0.13648,0.0323,0.012,0.1176333,0.1959,0.2099,0.1572,0.04611667,0.1356667,0.09903333,0.06461429,19.69,11.07,0.0,6.3,16.25952380953333,16.203928571425,299.58095238133336,299.65000000025,26.342857142866666,26.475,75.7557142857,75.0482142857,0.08109999999999999,0.08808124999999999,0.10140444333333333,0.08412833249999999,0.1385444333333334,0.15638332499999996,0.053099220000000086,0.06458274749999997,10.253333333333343,7.689999999999979,-0.2393156642875578,0.970941817426052,2.833213344056216
sj,2000,51,2000-12-23,0.0632,0.04675,0.0446,-0.06345714,0.0,298.581428571,298.585714286,294.132857143,300.4,296.7,37.39,76.5257142857,0.0,15.4628571429,1.71428571429,25.3857142857,5.54285714286,28.9,21.7,63.2,22,15.2528571429,16.7714285714,16.7542857143,16.0371428571,293.881428571,295.402857143,295.388571429,294.66,72.2614285714,77.3571428571,77.6485714286,72.9257142857,299.378571429,299.728571429,299.635714286,299.857142857,25.9142857143,26.8142857143,26.3,26.8714285714,0.0044,0.11875,0.12015,0.10902500000000001,0.08713333,0.0806,0.13648,0.0323,0.1021,0.1176333,0.1959,0.2099,-0.02248571,0.04611667,0.1356667,0.09903333,0.0,19.69,11.07,0.0,15.829047619066664,16.060357142875,299.23095238133334,299.3321428575,26.0380952381,26.103571428575,75.38142857140001,75.9482142857,0.062116666666666674,0.07662499999999998,0.07149444333333334,0.08774083249999998,0.08811110000000007,0.11505832499999996,-0.013275393333333246,0.023960129999999975,6.563333333333343,7.689999999999979,-0.12053668025532363,0.992708874098054,3.1354942159291497
sj,2001,1,2001-01-01,0.004833333,0.006633333,0.2108143,0.2024143,0.0,298.477142857,298.442857143,294.034285714,301.2,295.6,1.3,76.5057142857,0.0,15.4442857143,3.28571428571,25.1285714286,7.68571428571,30.0,20.6,1.9,28,15.4628571429,15.2528571429,16.7714285714,16.7542857143,294.132857143,293.881428571,295.402857143,295.388571429,76.5257142857,72.2614285714,77.3571428571,77.6485714286,298.585714286,299.378571429,299.728571429,299.635714286,25.3857142857,25.9142857143,26.8142857143,26.3,0.0632,0.0044,0.11875,0.12015,0.04675,0.08713333,0.0806,0.13648,0.0446,0.1021,0.1176333,0.1959,-0.06345714,-0.02248571,0.04611667,0.1356667,0.0,0.0,19.69,11.07,15.386666666699996,15.732857142875002,298.8023809526667,299.03392857175,25.476190476200003,25.810714285725,75.0976190476,75.662499999975,0.024144444333333334,0.04779583324999999,0.04683888766666666,0.055279165749999984,0.11917143333333341,0.11878689999999997,0.038823816666666754,0.04064702999999997,0.0,4.922499999999979,0.12053668025532305,0.992708874098054,3.367295829986474
sj,2001,2,2001-01-08,0.09436667,0.0958,0.2041,0.1646833,49.81,298.618571429,298.785714286,293.687142857,300.9,296.3,1.0,74.3357142857,49.81,15.0785714286,3.31428571429,25.3142857143,7.58571428571,30.6,21.1,15.2,14,15.4442857143,15.4628571429,15.2528571429,16.7714285714,294.034285714,294.132857143,293.881428571,295.402857143,76.5057142857,76.5257142857,72.2614285714,77.3571428571,298.442857143,298.585714286,299.378571429,299.728571429,25.1285714286,25.3857142857,25.9142857143,26.8142857143,0.004833333,0.0632,0.0044,0.11875,0.006633333,0.04675,0.08713333,0.0806,0.2108143,0.0446,0.1021,0.1176333,0.2024143,-0.06345714,-0.02248571,0.04611667,0.0,0.0,0.0,19.69,15.328571428599998,15.309642857175,298.604761905,298.79821428599996,25.2761904762,25.435714285725,75.78904761903334,74.90714285712501,0.05413333433333334,0.04170000074999999,0.04972777766666667,0.05907916574999998,0.1531714333333334,0.14040357499999997,0.10121348666666674,0.07028868749999997,16.603333333333342,12.45249999999998,0.23931566428755774,0.970941817426052,2.70805020110221
sj,2001,3,2001-01-15,0.067733335,0.02165,0.18585,0.1796857,0.0,297.828571429,297.992857143,292.405714286,300.7,295.5,1.1,71.9414285714,0.0,13.9214285714,3.41428571429,25.0714285714,8.15714285714,30.6,19.4,4.8,17,15.0785714286,15.4442857143,15.4628571429,15.2528571429,293.687142857,294.034285714,294.132857143,293.881428571,74.3357142857,76.5057142857,76.5257142857,72.2614285714,298.785714286,298.442857143,298.585714286,299.378571429,25.3142857143,25.1285714286,25.3857142857,25.9142857143,0.09436667,0.004833333,0.0632,0.0044,0.0958,0.006633333,0.04675,0.08713333,0.2041,0.2108143,0.0446,0.1021,0.1646833,0.2024143,-0.06345714,-0.02248571,49.81,0.0,0.0,0.0,14.814761904766664,14.9767857143,298.4071428573333,298.4517857145,25.171428571433335,25.224999999999998,74.26095238093332,74.827142857125,0.05564444599999999,0.05753333449999999,0.041361111,0.04270833324999998,0.20025476666666675,0.16134107499999997,0.1822611000000001,0.12083153999999997,16.603333333333342,12.45249999999998,0.3546048870425356,0.9350162426854148,2.8903717578961645
sj,2001,4,2001-01-22,0.0411,0.0514,0.2184714,0.2287714,0.0,298.017142857,298.2,293.358571429,299.9,296.6,10.24,75.38,0.0,14.7328571429,2.14285714286,24.9571428571,6.87142857143,29.4,20.6,31.5,20,13.9214285714,15.0785714286,15.4442857143,15.4628571429,292.405714286,293.687142857,294.034285714,294.132857143,71.9414285714,74.3357142857,76.5057142857,76.5257142857,297.992857143,298.785714286,298.442857143,298.585714286,25.0714285714,25.3142857143,25.1285714286,25.3857142857,0.067733335,0.09436667,0.004833333,0.0632,0.02165,0.0958,0.006633333,0.04675,0.18585,0.2041,0.2108143,0.0446,0.1796857,0.1646833,0.2024143,-0.06345714,0.0,49.81,0.0,0.0,14.577619047633329,14.794285714299999,298.3261904763333,298.355357143,25.114285714266668,25.11785714285,73.88571428569999,74.54071428569999,0.067733335,0.05200833449999998,0.05628333333333333,0.04387083324999999,0.20280713333333342,0.20480892499999998,0.19104680000000007,0.19388867499999995,16.603333333333342,12.45249999999998,0.4647231720437685,0.8854560256532099,3.044522437723423
sj,2001,5,2001-01-29,0.00915,0.041225,0.2434714,0.2032571,23.78,297.972857143,298.157142857,294.052857143,300.7,295.5,32.36,79.0314285714,23.78,15.3785714286,2.74285714286,25.2428571429,6.81428571429,30.6,21.1,21.6,17,14.7328571429,13.9214285714,15.0785714286,15.4442857143,293.358571429,292.405714286,293.687142857,294.034285714,75.38,71.9414285714,74.3357142857,76.5057142857,298.2,297.992857143,298.785714286,298.442857143,24.9571428571,25.0714285714,25.3142857143,25.1285714286,0.0411,0.067733335,0.09436667,0.004833333,0.0514,0.02165,0.0958,0.006633333,0.2184714,0.18585,0.2041,0.2108143,0.2287714,0.1796857,0.1646833,0.2024143,0.0,0.0,49.81,0.0,14.67761904763333,14.777857142875,298.1166666666666,298.2839285715,25.090476190466664,25.146428571425,75.45095238093332,75.172142857125,0.039327778333333334,0.05308750124999998,0.03809166666666667,0.05251874999999999,0.21593093333333338,0.21297319999999997,0.2039047333333334,0.194099375,7.9266666666666765,18.39749999999998,0.5680647467311558,0.8229838658936564,2.8903717578961645
sj,2001,6,2001-02-05,-0.017849999999999998,-0.0056,0.1645,0.1619714,10.73,297.877142857,297.985714286,292.981428571,299.7,296.1,11.2,74.3442857143,10.73,14.4085714286,2.11428571429,25.0,6.82857142857,29.4,21.1,8.5,10,15.3785714286,14.7328571429,13.9214285714,15.0785714286,294.052857143,293.358571429,292.405714286,293.687142857,79.0314285714,75.38,71.9414285714,74.3357142857,298.157142857,298.2,297.992857143,298.785714286,25.2428571429,24.9571428571,25.0714285714,25.3142857143,0.00915,0.0411,0.067733335,0.09436667,0.041225,0.0514,0.02165,0.0958,0.2434714,0.2184714,0.18585,0.2041,0.2032571,0.2287714,0.1796857,0.1646833,23.78,0.0,0.0,49.81,14.84000000003333,14.610357142875,298.11428571433333,298.0839285715,25.066666666666666,25.067857142850002,76.25190476190001,75.17428571427499,0.010799999999999999,0.025033333749999987,0.029008333333333334,0.027168749999999988,0.20881426666666678,0.20307319999999995,0.19799996666666675,0.1934214,11.503333333333345,8.62749999999998,0.6631226582407952,0.7485107481711011,2.3978952727983707
sj,2001,7,2001-02-12,-0.04485,0.0056,0.1603,0.1674286,0.0,297.934285714,298.157142857,293.377142857,299.9,296.3,22.28,75.8514285714,0.0,14.7542857143,2.34285714286,25.3428571429,6.88571428571,29.4,21.1,4.8,13,14.4085714286,15.3785714286,14.7328571429,13.9214285714,292.981428571,294.052857143,293.358571429,292.405714286,74.3442857143,79.0314285714,75.38,71.9414285714,297.985714286,298.157142857,298.2,297.992857143,25.0,25.2428571429,24.9571428571,25.0714285714,-0.017849999999999998,0.00915,0.0411,0.067733335,-0.0056,0.041225,0.0514,0.02165,0.1645,0.2434714,0.2184714,0.18585,0.1619714,0.2032571,0.2287714,0.1796857,10.73,23.78,0.0,0.0,14.847142857166665,14.8185714286,298.09999999999997,298.125,25.19523809526667,25.135714285725,76.40904761903333,76.15178571427501,-0.01785,-0.0031125000000000146,0.013741666666666666,0.023156249999999986,0.18942380000000006,0.19668569999999996,0.17755236666666674,0.19035712499999996,11.503333333333345,8.62749999999998,0.7485107481711011,0.6631226582407953,2.639057329615259
sj,2001,8,2001-02-19,0.2170333,0.1452333,0.2280714,0.2104571,0.0,297.817142857,298.042857143,292.668571429,299.7,296.7,3.02,73.0728571429,0.0,14.0985714286,2.14285714286,24.7571428571,7.0,28.9,19.4,17.6,20,14.7542857143,14.4085714286,15.3785714286,14.7328571429,293.377142857,292.981428571,294.052857143,293.358571429,75.8514285714,74.3442857143,79.0314285714,75.38,298.157142857,297.985714286,298.157142857,298.2,25.3428571429,25.0,25.2428571429,24.9571428571,-0.04485,-0.017849999999999998,0.00915,0.0411,0.0056,-0.0056,0.041225,0.0514,0.1603,0.1645,0.2434714,0.2184714,0.1674286,0.1619714,0.2032571,0.2287714,0.0,10.73,23.78,0.0,14.420476190499997,14.660000000025,298.061904762,298.08571428575,25.03333333333333,25.085714285725,74.42285714286668,75.575,0.05144443333333334,0.040870824999999986,0.048411100000000006,0.04661457499999999,0.18429046666666674,0.19908569999999998,0.17995236666666678,0.18577854999999996,3.5766666666666764,8.62749999999998,0.8229838658936564,0.5680647467311559,3.044522437723423
sj,2001,9,2001-02-26,0.4462667,0.3123,0.3375,0.2732833,0.0,297.152857143,297.235714286,292.815714286,299.0,295.5,25.89,76.9071428571,0.0,14.2657142857,2.01428571429,24.8142857143,5.24285714286,28.3,21.7,53.1,9,14.0985714286,14.7542857143,14.4085714286,15.3785714286,292.668571429,293.377142857,292.981428571,294.052857143,73.0728571429,75.8514285714,74.3442857143,79.0314285714,298.042857143,298.157142857,297.985714286,298.157142857,24.7571428571,25.3428571429,25.0,25.2428571429,0.2170333,-0.04485,-0.017849999999999998,0.00915,0.1452333,0.0056,-0.0056,0.041225,0.2280714,0.1603,0.1645,0.2434714,0.2104571,0.1674286,0.1619714,0.2032571,0.0,0.0,10.73,23.78,14.372857142866664,14.3817857143,297.811904762,297.855357143,24.971428571433332,24.978571428575,75.27714285713334,75.043928571425,0.20615000000000003,0.15015,0.15437776666666667,0.114383325,0.24195713333333344,0.22259284999999998,0.21705633333333343,0.20328509999999997,0.0,2.682499999999979,0.8854560256532099,0.4647231720437686,2.302585092994046
sj,2001,10,2001-03-05,0.2485,0.25445,0.2764286,0.2567143,6.84,297.134285714,297.357142857,292.055714286,300.7,294.4,0.5,73.3871428571,6.84,13.6714285714,3.14285714286,24.7,7.45714285714,31.7,19.4,0.0,18,14.2657142857,14.0985714286,14.7542857143,14.4085714286,292.815714286,292.668571429,293.377142857,292.981428571,76.9071428571,73.0728571429,75.8514285714,74.3442857143,297.235714286,298.042857143,298.157142857,297.985714286,24.8142857143,24.7571428571,25.3428571429,25.0,0.4462667,0.2170333,-0.04485,-0.017849999999999998,0.3123,0.1452333,0.0056,-0.0056,0.3375,0.2280714,0.1603,0.1645,0.2732833,0.2104571,0.1674286,0.1619714,0.0,0.0,0.0,10.73,14.011904761899997,14.1975,297.54523809533333,297.69821428575,24.75714285713333,24.903571428575,74.45571428570001,74.804642857125,0.30393333333333333,0.2167375,0.23732776666666666,0.179395825,0.2806666666666668,0.250575,0.24681823333333344,0.226970825,2.2800000000000096,1.7099999999999786,0.9350162426854148,0.35460488704253557,2.9444389791664403
sj,2001,11,2001-03-12,0.4229,0.4229,0.1950143,0.1967143,0.0,298.558571429,298.885714286,294.027142857,301.3,295.9,10.5,76.2471428571,0.0,15.3871428571,3.62857142857,26.7,6.91428571429,31.7,22.2,0.5,9,13.6714285714,14.2657142857,14.0985714286,14.7542857143,292.055714286,292.815714286,292.668571429,293.377142857,73.3871428571,76.9071428571,73.0728571429,75.8514285714,297.357142857,297.235714286,298.042857143,298.157142857,24.7,24.8142857143,24.7571428571,25.3428571429,0.2485,0.4462667,0.2170333,-0.04485,0.25445,0.3123,0.1452333,0.0056,0.2764286,0.3375,0.2280714,0.1603,0.2567143,0.2732833,0.2104571,0.1674286,6.84,0.0,0.0,0.0,14.441428571399998,14.3557142857,297.8261904763333,297.88035714299997,25.40476190476667,25.24285714285,75.51380952376667,74.90357142855001,0.37255556666666667,0.333675,0.32988333333333336,0.283720825,0.2696476333333334,0.25925357499999996,0.24223730000000013,0.23429224999999998,2.2800000000000096,1.7099999999999786,0.970941817426052,0.23931566428755804,2.302585092994046
sj,2001,12,2001-03-19,0.1274333,0.059925,0.1592286,0.1408857,0.0,298.372857143,298.592857143,293.045714286,300.3,296.8,1.69,72.4428571429,0.0,14.4828571429,2.44285714286,26.3285714286,7.52857142857,30.6,21.7,12.7,8,15.3871428571,13.6714285714,14.2657142857,14.0985714286,294.027142857,292.055714286,292.815714286,292.668571429,76.2471428571,73.3871428571,76.9071428571,73.0728571429,298.885714286,297.357142857,297.235714286,298.042857143,26.7,24.7,24.8142857143,24.7571428571,0.4229,0.2485,0.4462667,0.2170333,0.4229,0.25445,0.3123,0.1452333,0.1950143,0.2764286,0.3375,0.2280714,0.1967143,0.2567143,0.2732833,0.2104571,0.0,6.84,0.0,0.0,14.5138095238,14.451785714275001,298.2785714286667,298.017857143,25.909523809533336,25.635714285725,74.0257142857,74.74607142855,0.26627776666666664,0.31127499999999997,0.24575833333333333,0.26239375,0.21022383333333342,0.242042875,0.19810476666666677,0.21689939999999996,2.2800000000000096,1.7099999999999786,0.992708874098054,0.120536680255323,2.1972245773362196
sj,2001,13,2001-03-26,0.17006664999999999,0.2705,0.2435714,0.2178143,6.11,297.692857143,297.878571429,294.167142857,300.5,295.8,21.55,80.8357142857,6.11,15.5557142857,2.1,26.0428571429,6.51428571429,32.2,21.7,26.7,19,14.4828571429,15.3871428571,13.6714285714,14.2657142857,293.045714286,294.027142857,292.055714286,292.815714286,72.4428571429,76.2471428571,73.3871428571,76.9071428571,298.592857143,298.885714286,297.357142857,297.235714286,26.3285714286,26.7,24.7,24.8142857143,0.1274333,0.4229,0.2485,0.4462667,0.059925,0.4229,0.25445,0.3123,0.1592286,0.1950143,0.2764286,0.3375,0.1408857,0.1967143,0.2567143,0.2732833,0.0,0.0,6.84,0.0,15.1419047619,14.774285714275,298.45238095266666,298.17857142875,26.357142857166668,25.942857142875,76.50857142856667,75.7282142857,0.24013331666666662,0.2422249875,0.2511083333333333,0.25194374999999997,0.19927143333333341,0.21856072499999998,0.18513810000000008,0.20303214999999997,2.0366666666666764,3.2374999999999785,1.0,-1.6081226496766364e-16,2.995732273553991
sj,2001,14,2001-04-02,0.2127,0.1044,0.1409,0.1628857,0.0,298.871428571,299.092857143,293.982857143,301.0,297.2,3.45,74.43,0.0,15.3357142857,2.67142857143,27.0857142857,8.12857142857,32.2,22.2,0.5,11,15.5557142857,14.4828571429,15.3871428571,13.6714285714,294.167142857,293.045714286,294.027142857,292.055714286,80.8357142857,72.4428571429,76.2471428571,73.3871428571,297.878571429,298.592857143,298.885714286,297.357142857,26.0428571429,26.3285714286,26.7,24.7,0.17006664999999999,0.1274333,0.4229,0.2485,0.2705,0.059925,0.4229,0.25445,0.2435714,0.1592286,0.1950143,0.2764286,0.2178143,0.1408857,0.1967143,0.2567143,6.11,0.0,0.0,6.84,15.124761904766665,15.19035714285,298.5214285716666,298.61250000025,26.485714285733334,26.5392857143,75.90285714286667,75.988928571425,0.17006664999999999,0.2332749875,0.14494166666666666,0.21443125,0.18123333333333344,0.18467857499999996,0.1738619000000001,0.17957499999999996,2.0366666666666764,1.5274999999999788,0.992708874098054,-0.12053668025532288,2.4849066497880004
sj,2001,15,2001-04-09,0.14275,0.30695,0.31445,0.2761833,5.2,298.112857143,298.257142857,293.785714286,299.8,296.3,23.5,77.0228571429,5.2,15.1528571429,2.37142857143,26.2714285714,7.08571428571,30.6,21.7,13.0,4,15.3357142857,15.5557142857,14.4828571429,15.3871428571,293.982857143,294.167142857,293.045714286,294.027142857,74.43,80.8357142857,72.4428571429,76.2471428571,299.092857143,297.878571429,298.592857143,298.885714286,27.0857142857,26.0428571429,26.3285714286,26.7,0.2127,0.17006664999999999,0.1274333,0.4229,0.1044,0.2705,0.059925,0.4229,0.1409,0.2435714,0.1592286,0.1950143,0.1628857,0.2178143,0.1408857,0.1967143,0.0,6.11,0.0,0.0,15.348095238099996,15.131785714300001,298.40952380966667,298.455357143,26.46666666666667,26.432142857149998,77.42952380953334,76.182857142875,0.17517221666666669,0.16323748749999997,0.22728333333333336,0.18544375,0.23297380000000004,0.2145375,0.2189611000000001,0.19944225,3.77000000000001,2.827499999999979,0.9709418174260521,-0.2393156642875575,1.6094379124341003
sj,2001,16,2001-04-16,0.0728,0.07826667,0.2111714,0.2161286,11.84,298.267142857,298.407142857,292.982857143,301.2,295.5,3.59,72.64,11.84,14.4171428571,3.81428571429,26.7,7.21428571429,32.2,22.2,8.1,6,15.1528571429,15.3357142857,15.5557142857,14.4828571429,293.785714286,293.982857143,294.167142857,293.045714286,77.0228571429,74.43,80.8357142857,72.4428571429,298.257142857,299.092857143,297.878571429,298.592857143,26.2714285714,27.0857142857,26.0428571429,26.3285714286,0.14275,0.2127,0.17006664999999999,0.1274333,0.30695,0.1044,0.2705,0.059925,0.31445,0.1409,0.2435714,0.1592286,0.2761833,0.1628857,0.2178143,0.1408857,5.2,0.0,6.11,0.0,14.968571428566664,15.11535714285,298.58571428566665,298.4089285715,26.6857142857,26.525,74.69761904763332,76.23214285715,0.14275000000000002,0.14957916249999997,0.16320555666666667,0.19002916749999998,0.22217380000000006,0.22752319999999998,0.2183992000000001,0.21825297499999996,5.6800000000000095,5.787499999999978,0.9350162426854148,-0.35460488704253545,1.9459101490553132
sj,2001,17,2001-04-23,0.0609,0.05855,0.1227286,0.1131857,35.69,298.751428571,298.835714286,294.281428571,301.3,296.7,22.36,76.5814285714,35.69,15.63,3.12857142857,27.2,7.77142857143,33.3,22.8,20.6,6,14.4171428571,15.1528571429,15.3357142857,15.5557142857,292.982857143,293.785714286,293.982857143,294.167142857,72.64,77.0228571429,74.43,80.8357142857,298.407142857,298.257142857,299.092857143,297.878571429,26.7,26.2714285714,27.0857142857,26.0428571429,0.0728,0.14275,0.2127,0.17006664999999999,0.07826667,0.30695,0.1044,0.2705,0.2111714,0.31445,0.1409,0.2435714,0.2161286,0.2761833,0.1628857,0.2178143,11.84,5.2,0.0,6.11,15.066666666666665,15.133928571425,298.5,298.64821428575,26.7238095238,26.814285714274998,75.41476190476668,75.16857142857499,0.09215,0.1222875,0.14792222333333332,0.1370416675,0.21611666666666673,0.19731249999999997,0.20183253333333342,0.192095825,17.576666666666675,13.182499999999978,0.8854560256532099,-0.4647231720437685,1.9459101490553132
sj,2001,18,2001-04-30,0.049,-0.1055,0.1861714,0.1770571,19.98,298.287142857,298.3,293.68,300.5,296.0,9.03,75.7142857143,19.98,15.0614285714,2.6,26.7571428571,7.15714285714,31.1,22.2,16.0,8,15.63,14.4171428571,15.1528571429,15.3357142857,294.281428571,292.982857143,293.785714286,293.982857143,76.5814285714,72.64,77.0228571429,74.43,298.835714286,298.407142857,298.257142857,299.092857143,27.2,26.7,26.2714285714,27.0857142857,0.0609,0.0728,0.14275,0.2127,0.05855,0.07826667,0.30695,0.1044,0.1227286,0.2111714,0.31445,0.1409,0.1131857,0.2161286,0.2761833,0.1628857,35.69,11.84,5.2,0.0,15.036190476166665,15.06535714285,298.5142857143333,298.45000000000005,26.8857142857,26.732142857124998,74.97857142856667,75.48964285714999,0.0609,0.08136249999999999,0.010438889999999998,0.08456666749999998,0.17335713333333339,0.20863035,0.16879046666666675,0.19563867499999998,22.50333333333334,18.177499999999977,0.8229838658936565,-0.5680647467311557,2.1972245773362196
sj,2001,19,2001-05-07,0.0371,0.0705,0.04781429,0.06374286,59.89,299.418571429,299.5,295.365714286,302.0,297.4,16.8,78.5671428571,59.89,16.7714285714,3.2,27.4857142857,7.05714285714,32.2,22.8,64.3,13,15.0614285714,15.63,14.4171428571,15.1528571429,293.68,294.281428571,292.982857143,293.785714286,75.7142857143,76.5814285714,72.64,77.0228571429,298.3,298.835714286,298.407142857,298.257142857,26.7571428571,27.2,26.7,26.2714285714,0.049,0.0609,0.0728,0.14275,-0.1055,0.05855,0.07826667,0.30695,0.1861714,0.1227286,0.2111714,0.31445,0.1770571,0.1131857,0.2161286,0.2761833,19.98,35.69,11.84,5.2,15.82095238093333,15.469999999975,298.87857142866665,298.76071428575,27.1476190476,27.035714285699996,76.95428571426667,75.8757142857,0.04900000000000001,0.054949999999999985,0.007849999999999996,0.025454167499999982,0.1189047633333334,0.14197142249999997,0.11799522000000008,0.14252856499999997,38.52000000000001,31.849999999999977,0.7485107481711013,-0.663122658240795,2.639057329615259
sj,2001,20,2001-05-14,0.1031,0.0941,0.1984833,0.1765571,77.36,299.134285714,299.257142857,295.855714286,301.7,297.3,78.1,82.35,77.36,17.2685714286,2.94285714286,27.8571428571,6.04285714286,32.2,24.4,60.5,8,16.7714285714,15.0614285714,15.63,14.4171428571,295.365714286,293.68,294.281428571,292.982857143,78.5671428571,75.7142857143,76.5814285714,72.64,299.5,298.3,298.835714286,298.407142857,27.4857142857,26.7571428571,27.2,26.7,0.0371,0.049,0.0609,0.0728,0.0705,-0.1055,0.05855,0.07826667,0.04781429,0.1861714,0.1227286,0.2111714,0.06374286,0.1770571,0.1131857,0.2161286,59.89,19.98,35.69,11.84,16.36714285713333,16.18285714285,299.019047619,298.97321428575,27.366666666633336,27.324999999975,78.87714285713332,78.3032142857,0.06306666666666666,0.06252499999999998,0.0197,0.029412499999999984,0.14415633000000008,0.13879939749999998,0.1391190200000001,0.13263568999999997,52.410000000000004,48.229999999999976,0.6631226582407952,-0.7485107481711012,2.1972245773362196
sj,2001,21,2001-05-21,0.08608,0.07736,0.1701429,0.1679429,35.54,299.951428571,299.985714286,295.345714286,302.2,297.6,2.0,76.07,35.54,16.73,3.82857142857,28.8285714286,8.32857142857,33.9,23.3,7.4,8,17.2685714286,16.7714285714,15.0614285714,15.63,295.855714286,295.365714286,293.68,294.281428571,82.35,78.5671428571,75.7142857143,76.5814285714,299.257142857,299.5,298.3,298.835714286,27.8571428571,27.4857142857,26.7571428571,27.2,0.1031,0.0371,0.049,0.0609,0.0941,0.0705,-0.1055,0.05855,0.1984833,0.04781429,0.1861714,0.1227286,0.1765571,0.06374286,0.1770571,0.1131857,77.36,59.89,19.98,35.69,16.923333333333332,16.457857142850003,299.58095238100003,299.26071428575,28.057142857133332,27.732142857124998,78.99571428569999,78.17535714284999,0.07542666666666667,0.06881999999999999,0.08065333333333334,0.034114999999999986,0.13881349666666676,0.15065297249999998,0.13608095333333345,0.14632499,57.59666666666667,48.192499999999974,0.5680647467311558,-0.8229838658936564,2.1972245773362196
sj,2001,22,2001-05-28,0.0619,0.0333,0.1977333,0.1659857,10.8,299.781428571,299.842857143,295.641428571,302.0,298.0,8.1,78.1514285714,10.8,16.9957142857,3.08571428571,28.4714285714,6.58571428571,32.8,25.0,16.6,5,16.73,17.2685714286,16.7714285714,15.0614285714,295.345714286,295.855714286,295.365714286,293.68,76.07,82.35,78.5671428571,75.7142857143,299.985714286,299.257142857,299.5,298.3,28.8285714286,27.8571428571,27.4857142857,26.7571428571,0.08608,0.1031,0.0371,0.049,0.07736,0.0941,0.0705,-0.1055,0.1701429,0.1984833,0.04781429,0.1861714,0.1679429,0.1765571,0.06374286,0.1770571,35.54,77.36,59.89,19.98,16.998095238099996,16.941428571425,299.6952380953333,299.6464285715,28.3857142857,28.1607142857,78.85714285713333,78.784642857125,0.08369333333333334,0.07204499999999998,0.06825333333333333,0.06881499999999999,0.18878650000000008,0.15354344749999999,0.1701619000000001,0.14355713999999997,41.23333333333334,45.89749999999998,0.46472317204376906,-0.8854560256532096,1.791759469228055
sj,2001,23,2001-06-04,0.0312,0.02535,0.1706286,0.1901,61.33,299.944285714,299.85,295.568571429,302.2,297.6,5.85,77.1628571429,61.33,16.9228571429,3.64285714286,28.0714285714,7.22857142857,32.8,23.9,6.7,16,16.9957142857,16.73,17.2685714286,16.7714285714,295.641428571,295.345714286,295.855714286,295.365714286,78.1514285714,76.07,82.35,78.5671428571,299.842857143,299.985714286,299.257142857,299.5,28.4714285714,28.8285714286,27.8571428571,27.4857142857,0.0619,0.08608,0.1031,0.0371,0.0333,0.07736,0.0941,0.0705,0.1977333,0.1701429,0.1984833,0.04781429,0.1659857,0.1679429,0.1765571,0.06374286,10.8,35.54,77.36,59.89,16.882857142866666,16.9792857143,299.89285714300007,299.73392857150003,28.457142857133334,28.307142857125,77.1280952381,78.433571428575,0.05972666666666666,0.07056999999999998,0.045336666666666664,0.05752749999999998,0.17950160000000007,0.18424702499999998,0.1746762000000001,0.17514642499999997,35.89000000000001,46.25749999999998,0.35460488704253584,-0.9350162426854147,2.833213344056216
sj,2001,24,2001-06-11,0.0012749999999999984,0.0271,0.2708714,0.2212,21.93,300.424285714,300.4,295.888571429,302.6,298.2,7.0,76.4257142857,21.93,17.25,3.11428571429,28.5142857143,6.74285714286,33.9,23.9,20.9,12,16.9228571429,16.9957142857,16.73,17.2685714286,295.568571429,295.641428571,295.345714286,295.855714286,77.1628571429,78.1514285714,76.07,82.35,299.85,299.842857143,299.985714286,299.257142857,28.0714285714,28.4714285714,28.8285714286,27.8571428571,0.0312,0.0619,0.08608,0.1031,0.02535,0.0333,0.07736,0.0941,0.1706286,0.1977333,0.1701429,0.1984833,0.1901,0.1659857,0.1679429,0.1765571,61.33,10.8,35.54,77.36,17.056190476199998,16.974642857150002,300.03095238099996,300.01964285725,28.35238095236667,28.471428571425,77.24666666666667,76.9525,0.03145833333333333,0.04511374999999999,0.028583333333333332,0.04077749999999998,0.21307776666666675,0.20234404999999997,0.19242856666666677,0.18630714999999998,31.353333333333342,32.39999999999998,0.23931566428755768,-0.970941817426052,2.5649493574615367
sj,2001,25,2001-06-18,-0.02865,-0.01266667,0.1246571,0.1255571,63.35,299.918571429,299.864285714,295.207142857,302.0,297.4,7.02,75.4614285714,63.35,16.5628571429,3.24285714286,27.7285714286,6.92857142857,31.7,23.9,2.3,11,17.25,16.9228571429,16.9957142857,16.73,295.888571429,295.568571429,295.641428571,295.345714286,76.4257142857,77.1628571429,78.1514285714,76.07,300.4,299.85,299.842857143,299.985714286,28.5142857143,28.0714285714,28.4714285714,28.8285714286,0.0012749999999999984,0.0312,0.0619,0.08608,0.0271,0.02535,0.0333,0.07736,0.2708714,0.1706286,0.1977333,0.1701429,0.2212,0.1901,0.1659857,0.1679429,21.93,61.33,10.8,35.54,16.91190476193333,16.932857142875,300.03809523800004,299.98928571425,28.104761904766665,28.196428571425,76.35000000000001,76.80035714285,0.0012749999999999994,0.016431249999999984,0.013261109999999994,0.018270832499999983,0.1887190333333334,0.19097259999999996,0.17895236666666678,0.1757107,48.870000000000005,39.35249999999998,0.12053668025532308,-0.992708874098054,2.4849066497880004
sj,2001,26,2001-06-25,0.02185,-0.0601,0.2032571,0.1855857,37.72,300.54,300.492857143,296.248571429,302.9,298.5,13.37,77.6171428571,37.72,17.6357142857,3.12857142857,28.6285714286,6.75714285714,33.3,23.9,11.1,18,16.5628571429,17.25,16.9228571429,16.9957142857,295.207142857,295.888571429,295.568571429,295.641428571,75.4614285714,76.4257142857,77.1628571429,78.1514285714,299.864285714,300.4,299.85,299.842857143,27.7285714286,28.5142857143,28.0714285714,28.4714285714,-0.02865,0.0012749999999999984,0.0312,0.0619,-0.01266667,0.0271,0.02535,0.0333,0.1246571,0.2708714,0.1706286,0.1977333,0.1255571,0.2212,0.1901,0.1659857,63.35,21.93,61.33,10.8,17.14952380953333,17.092857142874998,300.25238095233334,300.15178571425,28.290476190499998,28.235714285725,76.50142857140001,76.66678571427501,-0.0018416666666666661,0.006418749999999986,-0.01522222333333334,-0.005079167500000018,0.19959520000000008,0.19235354999999998,0.17744760000000012,0.18061069999999999,41.00000000000001,46.08249999999998,-3.216245299353273e-16,-1.0,2.9444389791664403
sj,2001,27,2001-07-02,-0.0227,0.09093333,0.2069143,0.1882286,85.42,300.207142857,300.278571429,296.354285714,302.5,298.1,28.1,79.5785714286,85.42,17.7457142857,2.75714285714,28.2285714286,6.75714285714,32.8,24.4,16.8,10,17.6357142857,16.5628571429,17.25,16.9228571429,296.248571429,295.207142857,295.888571429,295.568571429,77.6171428571,75.4614285714,76.4257142857,77.1628571429,300.492857143,299.864285714,300.4,299.85,28.6285714286,27.7285714286,28.5142857143,28.0714285714,0.02185,-0.02865,0.0012749999999999984,0.0312,-0.0601,-0.01266667,0.0271,0.02535,0.2032571,0.1246571,0.2708714,0.1706286,0.1855857,0.1255571,0.2212,0.1901,37.72,63.35,21.93,61.33,17.314761904766662,17.298571428575,300.211904762,300.25892857149995,28.195238095266664,28.275000000025003,77.55238095236668,77.2707142857,-0.009833333333333333,-0.007056250000000014,0.006055553333333329,0.011316664999999983,0.1782761666666667,0.20142497499999995,0.16645713333333342,0.18014284999999997,62.163333333333334,52.104999999999976,-0.12053668025532283,-0.992708874098054,2.3978952727983707
sj,2001,28,2001-07-09,-0.0817,0.0287,0.1961143,0.1808,21.89,300.642857143,300.664285714,296.348571429,302.4,298.2,13.5,77.5828571429,21.89,17.7442857143,2.72857142857,28.3428571429,6.42857142857,31.7,23.9,20.0,22,17.7457142857,17.6357142857,16.5628571429,17.25,296.354285714,296.248571429,295.207142857,295.888571429,79.5785714286,77.6171428571,75.4614285714,76.4257142857,300.278571429,300.492857143,299.864285714,300.4,28.2285714286,28.6285714286,27.7285714286,28.5142857143,-0.0227,0.02185,-0.02865,0.0012749999999999984,0.09093333,-0.0601,-0.01266667,0.0271,0.2069143,0.2032571,0.1246571,0.2708714,0.1882286,0.1855857,0.1255571,0.2212,85.42,37.72,63.35,21.93,17.708571428566664,17.42214285715,300.47857142866667,300.32500000000005,28.400000000033334,28.232142857175,78.25952380953333,77.56,-0.027516666666666665,-0.027800000000000012,0.019844443333333326,0.011716664999999984,0.20209523333333337,0.18273569999999997,0.18487143333333342,0.17004284999999997,48.34333333333334,52.09499999999998,-0.23931566428755743,-0.9709418174260521,3.1354942159291497
sj,2001,29,2001-07-16,0.0073,0.06943333,0.2002286,0.1976857,49.38,300.371428571,300.371428571,296.085714286,303.1,298.1,18.3,77.5871428571,49.38,17.4742857143,3.11428571429,28.1142857143,7.54285714286,32.8,22.8,10.6,14,17.7442857143,17.7457142857,17.6357142857,16.5628571429,296.348571429,296.354285714,296.248571429,295.207142857,77.5828571429,79.5785714286,77.6171428571,75.4614285714,300.664285714,300.278571429,300.492857143,299.864285714,28.3428571429,28.2285714286,28.6285714286,27.7285714286,-0.0817,-0.0227,0.02185,-0.02865,0.0287,0.09093333,-0.0601,-0.01266667,0.1961143,0.2069143,0.2032571,0.1246571,0.1808,0.1882286,0.1855857,0.1255571,21.89,85.42,37.72,63.35,17.654761904766662,17.65,300.438095238,300.45178571425004,28.228571428600002,28.3285714286,78.24952380953333,78.091428571425,-0.03236666666666666,-0.018812500000000013,0.06302222,0.03224166499999998,0.20108573333333343,0.20162857499999998,0.18890476666666678,0.18807499999999996,52.23000000000001,48.60249999999998,-0.3546048870425356,-0.9350162426854148,2.70805020110221
sj,2001,30,2001-07-23,-0.0198,0.0057,0.1865714,0.1818,35.85,300.555714286,300.557142857,296.357142857,303.0,298.6,21.24,78.0614285714,35.85,17.7714285714,3.25714285714,28.5857142857,7.14285714286,33.9,23.9,4.5,16,17.4742857143,17.7442857143,17.7457142857,17.6357142857,296.085714286,296.348571429,296.354285714,296.248571429,77.5871428571,77.5828571429,79.5785714286,77.6171428571,300.371428571,300.664285714,300.278571429,300.492857143,28.1142857143,28.3428571429,28.2285714286,28.6285714286,0.0073,-0.0817,-0.0227,0.02185,0.06943333,0.0287,0.09093333,-0.0601,0.2002286,0.1961143,0.2069143,0.2032571,0.1976857,0.1808,0.1882286,0.1855857,49.38,21.89,85.42,37.72,17.663333333333327,17.683928571425,300.53095238066663,300.46785714275,28.347619047633334,28.317857142875,77.7438095238,78.2025,-0.0314,-0.02922500000000001,0.034611109999999994,0.04869166499999999,0.19430476666666674,0.19745714999999997,0.18676190000000012,0.18712857499999996,35.70666666666667,48.13499999999998,-0.46472317204376806,-0.8854560256532101,2.833213344056216
sj,2001,31,2001-07-30,0.0287,0.1132,0.1347143,0.1439429,73.2,300.398571429,300.457142857,296.364285714,302.7,298.6,50.34,78.67,73.2,17.7585714286,2.65714285714,28.0571428571,6.91428571429,32.2,23.3,46.0,18,17.7714285714,17.4742857143,17.7442857143,17.7457142857,296.357142857,296.085714286,296.348571429,296.354285714,78.0614285714,77.5871428571,77.5828571429,79.5785714286,300.557142857,300.371428571,300.664285714,300.278571429,28.5857142857,28.1142857143,28.3428571429,28.2285714286,-0.0198,0.0073,-0.0817,-0.0227,0.0057,0.06943333,0.0287,0.09093333,0.1865714,0.2002286,0.1961143,0.2069143,0.1818,0.1976857,0.1808,0.1882286,35.85,49.38,21.89,85.42,17.668095238099998,17.68714285715,300.46190476166663,300.51249999975,28.252380952366668,28.275000000000002,78.10619047616667,77.97535714285,0.005399999999999999,-0.016375000000000015,0.06277777666666666,0.05425833249999998,0.17383810000000008,0.17940714999999996,0.1744762000000001,0.17605714999999997,52.81,45.079999999999984,-0.5680647467311556,-0.8229838658936565,2.9444389791664403
sj,2001,32,2001-08-06,0.2467,0.2009,0.1926714,0.1882286,40.4,300.712857143,300.714285714,296.9,302.6,299.2,32.62,79.7128571429,40.4,18.3314285714,2.54285714286,27.9285714286,6.35714285714,32.2,23.9,49.0,27,17.7585714286,17.7714285714,17.4742857143,17.7442857143,296.364285714,296.357142857,296.085714286,296.348571429,78.67,78.0614285714,77.5871428571,77.5828571429,300.457142857,300.557142857,300.371428571,300.664285714,28.0571428571,28.5857142857,28.1142857143,28.3428571429,0.0287,-0.0198,0.0073,-0.0817,0.1132,0.0057,0.06943333,0.0287,0.1347143,0.1865714,0.2002286,0.1961143,0.1439429,0.1818,0.1976857,0.1808,73.2,35.85,49.38,21.89,17.953809523799997,17.833928571425,300.576190476,300.52499999975,28.19047619046667,28.171428571425004,78.81476190476667,78.50785714285,0.0852,0.06572499999999998,0.10659999999999999,0.09730833249999998,0.17131903333333343,0.17854642499999995,0.17132383333333345,0.17791429999999997,49.81666666666667,49.70749999999998,-0.663122658240795,-0.7485107481711013,3.332204510175204
sj,2001,33,2001-08-13,0.08985,0.1278333,0.2008143,0.2051143,29.0,300.742857143,300.857142857,297.38,302.9,298.8,50.46,82.0871428571,29.0,18.8928571429,2.6,28.6428571429,5.58571428571,32.2,25.6,24.3,38,18.3314285714,17.7585714286,17.7714285714,17.4742857143,296.9,296.364285714,296.357142857,296.085714286,79.7128571429,78.67,78.0614285714,77.5871428571,300.714285714,300.457142857,300.557142857,300.371428571,27.9285714286,28.0571428571,28.5857142857,28.1142857143,0.2467,0.0287,-0.0198,0.0073,0.2009,0.1132,0.0057,0.06943333,0.1926714,0.1347143,0.1865714,0.2002286,0.1882286,0.1439429,0.1818,0.1976857,40.4,73.2,35.85,49.38,18.32761904763333,18.188571428575,300.676190476,300.64642857125,28.209523809533334,28.303571428574998,80.15666666666668,79.63285714285001,0.12174999999999998,0.0863625,0.1473111,0.11190832499999998,0.17606666666666673,0.17869284999999996,0.17909526666666675,0.17977144999999997,47.53333333333334,44.612499999999976,-0.7485107481711011,-0.6631226582407952,3.6635616461296463
sj,2001,34,2001-08-20,0.0172,0.01255,0.2017286,0.2022143,40.3,300.791428571,300.757142857,297.227142857,302.7,298.4,62.4,81.0757142857,40.3,18.7528571429,2.54285714286,28.9714285714,5.78571428571,32.8,25.6,1.8,35,18.8928571429,18.3314285714,17.7585714286,17.7714285714,297.38,296.9,296.364285714,296.357142857,82.0871428571,79.7128571429,78.67,78.0614285714,300.857142857,300.714285714,300.457142857,300.557142857,28.6428571429,27.9285714286,28.0571428571,28.5857142857,0.08985,0.2467,0.0287,-0.0198,0.1278333,0.2009,0.1132,0.0057,0.2008143,0.1926714,0.1347143,0.1865714,0.2051143,0.1882286,0.1439429,0.1818,29.0,40.4,73.2,35.85,18.659047619066666,18.43392857145,300.776190476,300.69642857125,28.5142857143,28.400000000000002,80.95857142856667,80.386428571425,0.11791666666666666,0.09561249999999999,0.11376109999999999,0.11362082499999998,0.19840476666666673,0.18248214999999995,0.19851906666666677,0.18487502499999997,36.56666666666667,45.72499999999998,-0.8229838658936564,-0.5680647467311559,3.58351893845611
sj,2001,35,2001-08-27,-0.005049999999999999,0.0403125,0.2212714,0.2011286,132.53,300.76,300.742857143,296.4,303.1,298.7,44.3,77.3471428571,132.53,17.8242857143,3.45714285714,28.2714285714,7.54285714286,32.8,23.3,65.0,41,18.7528571429,18.8928571429,18.3314285714,17.7585714286,297.227142857,297.38,296.9,296.364285714,81.0757142857,82.0871428571,79.7128571429,78.67,300.757142857,300.857142857,300.714285714,300.457142857,28.9714285714,28.6428571429,27.9285714286,28.0571428571,0.0172,0.08985,0.2467,0.0287,0.01255,0.1278333,0.2009,0.1132,0.2017286,0.2008143,0.1926714,0.1347143,0.2022143,0.2051143,0.1882286,0.1439429,40.3,29.0,40.4,73.2,18.49000000003333,18.450357142875,300.78571428566664,300.76785714275,28.62857142856667,28.453571428575,80.16999999996666,80.0557142857,0.034,0.08717499999999999,0.06023193333333333,0.09539895,0.2079381000000001,0.20412142499999997,0.2028190666666668,0.19917144999999997,67.27666666666667,60.557499999999976,-0.8854560256532096,-0.4647231720437691,3.7376696182833684
sj,2001,36,2001-09-03,-0.0273,0.068075,0.2792857,0.2707857,68.85,300.751428571,300.771428571,296.73,303.2,298.9,23.4,78.8271428571,68.85,18.1857142857,3.05714285714,27.9,7.05714285714,32.2,23.3,71.5,51,17.8242857143,18.7528571429,18.8928571429,18.3314285714,296.4,297.227142857,297.38,296.9,77.3471428571,81.0757142857,82.0871428571,79.7128571429,300.742857143,300.757142857,300.857142857,300.714285714,28.2714285714,28.9714285714,28.6428571429,27.9285714286,-0.005049999999999999,0.0172,0.08985,0.2467,0.0403125,0.01255,0.1278333,0.2009,0.2212714,0.2017286,0.2008143,0.1926714,0.2011286,0.2022143,0.2051143,0.1882286,132.53,40.3,29.0,40.4,18.254285714299996,18.41392857145,300.757142857,300.782142857,28.380952380933334,28.446428571425002,79.0833333333,79.83428571425,-0.00505,0.018674999999999987,0.040312499999999994,0.06219269999999999,0.2340952333333334,0.22577499999999998,0.22470953333333346,0.21981072499999998,80.56,67.66999999999999,-0.9350162426854147,-0.3546048870425359,3.9512437185814275
sj,2001,37,2001-09-10,0.1954,0.2356,0.3660714,0.3778571,9.73,300.805714286,300.857142857,296.452857143,303.3,297.9,14.7,77.41,9.73,17.9028571429,3.48571428571,28.3714285714,6.75714285714,32.2,23.9,5.6,65,18.1857142857,17.8242857143,18.7528571429,18.8928571429,296.73,296.4,297.227142857,297.38,78.8271428571,77.3471428571,81.0757142857,82.0871428571,300.771428571,300.742857143,300.757142857,300.857142857,27.9,28.2714285714,28.9714285714,28.6428571429,-0.0273,-0.005049999999999999,0.0172,0.08985,0.068075,0.0403125,0.01255,0.1278333,0.2792857,0.2212714,0.2017286,0.2008143,0.2707857,0.2011286,0.2022143,0.2051143,68.85,132.53,40.3,29.0,17.970952380966665,18.166428571450002,300.7904761903333,300.782142857,28.180952380933334,28.378571428550003,77.8614285714,78.664999999975,0.05434999999999999,0.045062499999999985,0.1146625,0.08913437499999999,0.28887616666666677,0.267089275,0.2832571333333334,0.262996425,70.37,62.85249999999998,-0.970941817426052,-0.23931566428755774,4.189654742026425
sj,2001,38,2001-09-17,-0.0412,0.04766667,0.1706333,0.1342857,10.01,301.07,301.092857143,296.7,303.4,298.8,12.9,77.2357142857,10.01,18.1757142857,3.21428571429,28.0857142857,7.15714285714,33.3,23.9,56.8,55,17.9028571429,18.1857142857,17.8242857143,18.7528571429,296.452857143,296.73,296.4,297.227142857,77.41,78.8271428571,77.3471428571,81.0757142857,300.857142857,300.771428571,300.742857143,300.757142857,28.3714285714,27.9,28.2714285714,28.9714285714,0.1954,-0.0273,-0.005049999999999999,0.0172,0.2356,0.068075,0.0403125,0.01255,0.3660714,0.2792857,0.2212714,0.2017286,0.3778571,0.2707857,0.2011286,0.2022143,9.73,68.85,132.53,40.3,18.088095238099996,18.02214285715,300.907142857,300.8660714285,28.119047619033335,28.157142857125,77.82428571426668,77.704999999975,0.042300000000000004,0.030462499999999986,0.11711389,0.09791354249999999,0.2719968000000001,0.25931545,0.2609761666666668,0.24601427499999998,29.530000000000005,55.27999999999999,-0.992708874098054,-0.12053668025532357,4.02535169073515
sj,2001,39,2001-09-24,0.0986,0.122075,0.2545714,0.2469286,84.76,300.738571429,300.785714286,296.437142857,303.1,298.7,19.69,77.5557142857,84.76,17.9014285714,3.17142857143,27.9714285714,6.92857142857,32.8,23.9,15.8,54,18.1757142857,17.9028571429,18.1857142857,17.8242857143,296.7,296.452857143,296.73,296.4,77.2357142857,77.41,78.8271428571,77.3471428571,301.092857143,300.857142857,300.771428571,300.742857143,28.0857142857,28.3714285714,27.9,28.2714285714,-0.0412,0.1954,-0.0273,-0.005049999999999999,0.04766667,0.2356,0.068075,0.0403125,0.1706333,0.3660714,0.2792857,0.2212714,0.1342857,0.3778571,0.2707857,0.2011286,10.01,9.73,68.85,132.53,17.99333333333333,18.041428571425,300.911904762,300.87678571425,28.142857142833336,28.082142857125,77.40047619046668,77.757142857125,0.08426666666666666,0.05637499999999998,0.13511389,0.1183541675,0.26375870000000007,0.26764045,0.2530238000000001,0.25746427499999996,34.83333333333334,43.337499999999984,-1.0,-1.8369701987210297e-16,4.007333185232471
sj,2001,40,2001-10-01,0.16025,0.08955,0.2391714,0.1799714,20.8,301.255714286,301.278571429,296.957142857,303.8,299.1,16.4,77.63,20.8,18.4757142857,3.27142857143,29.2285714286,7.84285714286,34.4,24.4,6.6,62,17.9014285714,18.1757142857,17.9028571429,18.1857142857,296.437142857,296.7,296.452857143,296.73,77.5557142857,77.2357142857,77.41,78.8271428571,300.785714286,301.092857143,300.857142857,300.771428571,27.9714285714,28.0857142857,28.3714285714,27.9,0.0986,-0.0412,0.1954,-0.0273,0.122075,0.04766667,0.2356,0.068075,0.2545714,0.1706333,0.3660714,0.2792857,0.2469286,0.1342857,0.3778571,0.2707857,84.76,10.01,9.73,68.85,18.184285714266665,18.113928571425,301.0523809526667,301.00357142875,28.428571428566666,28.414285714275,77.4738095238,77.45785714285,0.07255,0.10326249999999998,0.08643055666666666,0.1237229175,0.2214587000000001,0.257611875,0.1870619000000001,0.2347607,38.52333333333334,31.324999999999985,-0.992708874098054,0.1205366802553232,4.143134726391533
sj,2001,41,2001-10-08,0.0633,0.0633,0.2143286,0.2125857,27.82,300.93,300.8,296.917142857,302.6,299.0,42.3,78.8914285714,27.82,18.3971428571,2.37142857143,28.4,6.81428571429,33.3,23.9,32.0,64,18.4757142857,17.9014285714,18.1757142857,17.9028571429,296.957142857,296.437142857,296.7,296.452857143,77.63,77.5557142857,77.2357142857,77.41,301.278571429,300.785714286,301.092857143,300.857142857,29.2285714286,27.9714285714,28.0857142857,28.3714285714,0.16025,0.0986,-0.0412,0.1954,0.08955,0.122075,0.04766667,0.2356,0.2391714,0.2545714,0.1706333,0.3660714,0.1799714,0.2469286,0.1342857,0.3778571,20.8,84.76,10.01,9.73,18.258095238066662,18.237499999975,300.954761905,300.9892857145,28.53333333333333,28.421428571425,78.0257142857,77.8282142857,0.10738333333333334,0.07023749999999998,0.09164166666666666,0.08064791749999999,0.2360238000000001,0.21967617499999997,0.2131619000000001,0.19344285,44.46000000000001,35.84749999999998,-0.9709418174260521,0.23931566428755738,4.174387269895637
sj,2001,42,2001-10-15,0.024599999999999997,0.1377,0.2187571,0.163,91.83,300.325714286,300.3,296.397142857,302.4,297.8,53.0,79.27,91.83,17.8771428571,2.88571428571,26.8571428571,6.75714285714,32.2,22.8,67.6,56,18.3971428571,18.4757142857,17.9014285714,18.1757142857,296.917142857,296.957142857,296.437142857,296.7,78.8914285714,77.63,77.5557142857,77.2357142857,300.8,301.278571429,300.785714286,301.092857143,28.4,29.2285714286,27.9714285714,28.0857142857,0.0633,0.16025,0.0986,-0.0412,0.0633,0.08955,0.122075,0.04766667,0.2143286,0.2391714,0.2545714,0.1706333,0.2125857,0.1799714,0.2469286,0.1342857,27.82,20.8,84.76,10.01,18.249999999966665,18.162857142825,300.792857143,300.79107142875,28.1619047619,28.114285714275,78.59714285713333,78.336785714275,0.08271666666666666,0.08668749999999999,0.09684999999999999,0.10315624999999998,0.22408570000000008,0.23170712499999996,0.1851857000000001,0.20062142499999996,46.816666666666684,56.30249999999999,-0.9350162426854148,0.35460488704253557,4.04305126783455
sj,2001,43,2001-10-22,-0.0141,0.2121,0.2529,0.2228286,39.7,300.258571429,300.3,296.53,302.2,298.4,25.68,80.1314285714,39.7,18.0114285714,2.74285714286,27.9142857143,6.58571428571,32.2,22.8,15.0,65,17.8771428571,18.3971428571,18.4757142857,17.9014285714,296.397142857,296.917142857,296.957142857,296.437142857,79.27,78.8914285714,77.63,77.5557142857,300.3,300.8,301.278571429,300.785714286,26.8571428571,28.4,29.2285714286,27.9714285714,0.024599999999999997,0.0633,0.16025,0.0986,0.1377,0.0633,0.08955,0.122075,0.2187571,0.2143286,0.2391714,0.2545714,0.163,0.2125857,0.1799714,0.2469286,91.83,27.82,20.8,84.76,18.0952380952,18.190357142825,300.46666666666664,300.66964285725,27.7238095238,28.1,79.43095238093333,78.9807142857,0.024599999999999997,0.05851249999999999,0.13769999999999996,0.12566249999999998,0.22866190000000008,0.231289275,0.19947143333333342,0.194596425,53.116666666666674,45.03749999999998,-0.8854560256532101,0.464723172043768,4.189654742026425
sj,2001,44,2001-10-29,-0.01935,0.05955,0.2274571,0.1600286,0.49,300.391428571,300.421428571,296.687142857,302.1,298.2,21.91,80.27,0.49,18.1557142857,2.47142857143,27.9428571429,6.35714285714,31.1,24.4,11.3,71,18.0114285714,17.8771428571,18.3971428571,18.4757142857,296.53,296.397142857,296.917142857,296.957142857,80.1314285714,79.27,78.8914285714,77.63,300.3,300.3,300.8,301.278571429,27.9142857143,26.8571428571,28.4,29.2285714286,-0.0141,0.024599999999999997,0.0633,0.16025,0.2121,0.1377,0.0633,0.08955,0.2529,0.2187571,0.2143286,0.2391714,0.2228286,0.163,0.2125857,0.1799714,39.7,91.83,27.82,20.8,18.01476190473333,18.110357142825002,300.34047619033333,300.45535714275,27.571428571433334,27.778571428575,79.89047619046666,79.6407142857,-0.0029500000000000012,0.013612499999999984,0.13645,0.11816249999999998,0.23303806666666674,0.22836069999999997,0.1819524000000001,0.18961072499999998,44.00666666666668,39.95999999999999,-0.822983865893657,0.5680647467311548,4.276666119016055
sj,2001,45,2001-11-05,0.0284,0.0086,0.09473333,0.09162857,28.03,300.062857143,300.142857143,295.324285714,302.3,297.6,17.86,75.4242857143,28.03,16.7514285714,3.6,26.7285714286,7.71428571429,32.2,20.0,36.7,75,18.1557142857,18.0114285714,17.8771428571,18.3971428571,296.687142857,296.53,296.397142857,296.917142857,80.27,80.1314285714,79.27,78.8914285714,300.421428571,300.3,300.3,300.8,27.9428571429,27.9142857143,26.8571428571,28.4,-0.01935,-0.0141,0.024599999999999997,0.0633,0.05955,0.2121,0.1377,0.0633,0.2274571,0.2529,0.2187571,0.2143286,0.1600286,0.2228286,0.163,0.2125857,0.49,39.7,91.83,27.82,17.639523809499998,17.6989285714,300.288095238,300.2910714285,27.528571428600003,27.360714285725003,78.60857142856666,78.77392857142499,-0.001683333333333333,0.004887499999999986,0.09341666666666666,0.10448749999999998,0.19169681000000008,0.1984618825,0.15816192333333343,0.1593714425,22.74000000000001,40.01249999999999,-0.7485107481711011,0.6631226582407952,4.330733340286331
sj,2001,46,2001-11-12,0.0941,0.1127,0.1961714,0.2132,287.55,299.42,299.435714286,295.875714286,303.3,297.2,133.93,81.0814285714,287.55,17.3085714286,2.24285714286,26.5857142857,5.55714285714,33.3,22.2,96.0,71,16.7514285714,18.1557142857,18.0114285714,17.8771428571,295.324285714,296.687142857,296.53,296.397142857,75.4242857143,80.27,80.1314285714,79.27,300.142857143,300.421428571,300.3,300.3,26.7285714286,27.9428571429,27.9142857143,26.8571428571,0.0284,-0.01935,-0.0141,0.024599999999999997,0.0086,0.05955,0.2121,0.1377,0.09473333,0.2274571,0.2529,0.2187571,0.09162857,0.1600286,0.2228286,0.163,28.03,0.49,39.7,91.83,17.40523809523333,17.556785714275,300.0,300.07500000000005,27.08571428573333,27.292857142875,78.92523809523333,79.226785714275,0.034383333333333335,0.022262499999999987,0.06028333333333332,0.09823749999999999,0.17278727666666674,0.19281545749999998,0.1549523900000001,0.17192144249999997,105.35666666666668,88.9425,-0.6631226582407955,0.7485107481711007,4.276666119016055
sj,2001,47,2001-11-19,0.1663,0.189975,0.2202286,0.2337,45.8,299.345714286,299.728571429,295.56,302.5,297.3,18.9,79.8614285714,45.8,16.9728571429,3.8,26.5285714286,6.1,31.1,22.8,2.9,72,17.3085714286,16.7514285714,18.1557142857,18.0114285714,295.875714286,295.324285714,296.687142857,296.53,81.0814285714,75.4242857143,80.27,80.1314285714,299.435714286,300.142857143,300.421428571,300.3,26.5857142857,26.7285714286,27.9428571429,27.9142857143,0.0941,0.0284,-0.01935,-0.0141,0.1127,0.0086,0.05955,0.2121,0.1961714,0.09473333,0.2274571,0.2529,0.2132,0.09162857,0.1600286,0.2228286,287.55,28.03,0.49,39.7,17.010952380966664,17.29714285715,299.7690476193333,299.93214285725,26.6142857143,26.94642857145,78.78904761903333,79.159285714275,0.09626666666666667,0.06736249999999999,0.10375833333333333,0.09270624999999999,0.17037777666666676,0.18464760749999998,0.17950952333333345,0.17463929249999996,120.46000000000002,90.46749999999999,-0.5680647467311559,0.8229838658936564,4.290459441148391
sj,2001,48,2001-11-26,0.21515,0.22615,0.2206286,0.1987,9.43,298.91,298.964285714,293.951428571,302.3,296.7,7.81,74.3442857143,9.43,15.4142857143,3.38571428571,26.3428571429,5.45714285714,29.4,22.8,4.4,47,16.9728571429,17.3085714286,16.7514285714,18.1557142857,295.56,295.875714286,295.324285714,296.687142857,79.8614285714,81.0814285714,75.4242857143,80.27,299.728571429,299.435714286,300.142857143,300.421428571,26.5285714286,26.5857142857,26.7285714286,27.9428571429,0.1663,0.0941,0.0284,-0.01935,0.189975,0.1127,0.0086,0.05955,0.2202286,0.1961714,0.09473333,0.2274571,0.2337,0.2132,0.09162857,0.1600286,45.8,287.55,28.03,0.49,16.56523809526666,16.6117857143,299.3761904763333,299.567857143,26.485714285733334,26.54642857145,78.42904761903334,77.67785714285,0.15851666666666667,0.12598749999999997,0.176275,0.13435624999999998,0.2123428666666667,0.18294048249999997,0.21520000000000009,0.18430714249999997,114.26000000000003,92.70249999999999,-0.4647231720437684,0.88545602565321,3.8712010109078907
sj,2001,49,2001-12-03,-0.0468,-0.0406,0.09694286,0.0865,43.91,298.245714286,298.257142857,293.235714286,300.8,295.1,13.2,74.0385714286,43.91,14.7714285714,3.48571428571,25.2857142857,7.2,31.1,20.6,44.0,27,15.4142857143,16.9728571429,17.3085714286,16.7514285714,293.951428571,295.56,295.875714286,295.324285714,74.3442857143,79.8614285714,81.0814285714,75.4242857143,298.964285714,299.728571429,299.435714286,300.142857143,26.3428571429,26.5285714286,26.5857142857,26.7285714286,0.21515,0.1663,0.0941,0.0284,0.22615,0.189975,0.1127,0.0086,0.2206286,0.2202286,0.1961714,0.09473333,0.1987,0.2337,0.2132,0.09162857,9.43,45.8,287.55,28.03,15.71952380953333,16.1167857143,298.98333333333335,299.09642857150004,26.0523809524,26.185714285725002,76.08142857143334,77.331428571425,0.11155,0.10718749999999999,0.12517499999999998,0.12205624999999998,0.17926668666666676,0.18349286499999998,0.17296666666666674,0.18302499999999997,33.04666666666668,96.67249999999997,-0.35460488704253595,0.9350162426854147,3.332204510175204
sj,2001,50,2001-12-10,0.0081,0.097475,0.2047143,0.1787714,31.01,299.057142857,299.05,295.758571429,300.7,297.5,33.78,82.1671428571,31.01,17.1914285714,2.21428571429,26.3142857143,5.7,29.4,22.8,87.8,35,14.7714285714,15.4142857143,16.9728571429,17.3085714286,293.235714286,293.951428571,295.56,295.875714286,74.0385714286,74.3442857143,79.8614285714,81.0814285714,298.257142857,298.964285714,299.728571429,299.435714286,25.2857142857,26.3428571429,26.5285714286,26.5857142857,-0.0468,0.21515,0.1663,0.0941,-0.0406,0.22615,0.189975,0.1127,0.09694286,0.2206286,0.2202286,0.1961714,0.0865,0.1987,0.2337,0.2132,43.91,9.43,45.8,287.55,15.792380952366662,16.0875,298.757142857,299.0,25.980952380966666,26.117857142875,76.85,77.60285714285,0.05881666666666666,0.08568749999999999,0.09434166666666666,0.11825,0.1740952533333334,0.18562858999999998,0.15465713333333342,0.17441784999999999,28.116666666666685,32.53749999999997,-0.2393156642875578,0.970941817426052,3.58351893845611
sj,2001,51,2001-12-17,0.02285,0.05653333,0.0712,0.05045714,91.66,298.431428571,298.35,295.511428571,300.0,296.8,100.6,84.01,91.66,16.92,1.98571428571,25.6,4.61428571429,29.4,22.8,80.3,25,17.1914285714,14.7714285714,15.4142857143,16.9728571429,295.758571429,293.235714286,293.951428571,295.56,82.1671428571,74.0385714286,74.3442857143,79.8614285714,299.05,298.257142857,298.964285714,299.728571429,26.3142857143,25.2857142857,26.3428571429,26.5285714286,0.0081,-0.0468,0.21515,0.1663,0.097475,-0.0406,0.22615,0.189975,0.2047143,0.09694286,0.2206286,0.2202286,0.1787714,0.0865,0.1987,0.2337,31.01,43.91,9.43,45.8,16.294285714266664,16.074285714275,298.55238095233335,298.65535714275,25.73333333333333,25.885714285725,80.0719047619,78.64,-0.005283333333333334,0.04982499999999999,0.03780277666666665,0.08488958249999999,0.12428572000000009,0.14837143999999997,0.10524284666666674,0.12860713499999998,55.52666666666668,44.00249999999997,-0.12053668025532363,0.992708874098054,3.258096538021482
sj,2001,52,2001-12-24,0.1814,0.1358667,0.2236222,0.1965111,72.18,298.427142857,298.5,295.797142857,301.0,296.8,35.2,85.5142857143,72.18,17.2342857143,1.82857142857,25.6714285714,4.67142857143,30.0,22.8,106.2,19,16.92,17.1914285714,14.7714285714,15.4142857143,295.511428571,295.758571429,293.235714286,293.951428571,84.01,82.1671428571,74.0385714286,74.3442857143,298.35,299.05,298.257142857,298.964285714,25.6,26.3142857143,25.2857142857,26.3428571429,0.02285,0.0081,-0.0468,0.21515,0.05653333,0.097475,-0.0406,0.22615,0.0712,0.2047143,0.09694286,0.2206286,0.05045714,0.1787714,0.0865,0.1987,91.66,31.01,43.91,9.43,17.115238095233327,16.529285714274998,298.6333333333334,298.53928571425,25.861904761899996,25.71785714285,83.89714285713335,81.4325,0.07078333333333334,0.04138749999999999,0.09662500999999997,0.06231875749999999,0.16651216666666674,0.14911983999999998,0.14191321333333343,0.12805990999999997,64.95000000000002,59.68999999999997,6.432490598706546e-16,1.0,2.995732273553991
sj,2002,1,2002-01-01,0.05475,0.08103333,0.1975429,0.1423286,0.0,298.955714286,299.1,294.481428571,300.5,297.1,2.5,76.4342857143,0.0,15.81,2.51428571429,25.5285714286,7.6,30.0,20.6,24.9,37,17.2342857143,16.92,17.1914285714,14.7714285714,295.797142857,295.511428571,295.758571429,293.235714286,85.5142857143,84.01,82.1671428571,74.0385714286,298.5,298.35,299.05,298.257142857,25.6714285714,25.6,26.3142857143,25.2857142857,0.1814,0.02285,0.0081,-0.0468,0.1358667,0.05653333,0.097475,-0.0406,0.2236222,0.0712,0.2047143,0.09694286,0.1965111,0.05045714,0.1787714,0.0865,72.18,91.66,31.01,43.91,16.654761904766662,16.788928571425,298.65000000000003,298.75,25.599999999999998,25.778571428575,81.98619047620001,82.03142857142501,0.08633333333333333,0.06677499999999999,0.09114445333333332,0.09272708999999998,0.16412170000000006,0.17426984999999998,0.12976561333333342,0.14201705999999997,54.61333333333335,48.71249999999997,0.12053668025532305,0.992708874098054,3.6375861597263857
sj,2002,2,2002-01-08,0.106425,0.29,0.2464333,0.1778167,0.0,298.452857143,298.507142857,294.841428571,301.0,296.8,13.8,80.5728571429,0.0,16.1785714286,2.78571428571,25.4571428571,6.38571428571,29.4,21.7,13.7,38,15.81,17.2342857143,16.92,17.1914285714,294.481428571,295.797142857,295.511428571,295.758571429,76.4342857143,85.5142857143,84.01,82.1671428571,299.1,298.5,298.35,299.05,25.5285714286,25.6714285714,25.6,26.3142857143,0.05475,0.1814,0.02285,0.0081,0.08103333,0.1358667,0.05653333,0.097475,0.1975429,0.2236222,0.0712,0.2047143,0.1423286,0.1965111,0.05045714,0.1787714,0.0,72.18,91.66,31.01,16.40761904763333,16.535714285725,298.70238095233333,298.61428571425006,25.552380952366665,25.564285714275,80.84047619050001,81.632857142875,0.11419166666666668,0.09135625,0.16896667666666665,0.14085833999999997,0.22253280000000006,0.18469959999999996,0.1722188000000001,0.14177838499999995,24.06000000000002,40.95999999999997,0.23931566428755774,0.970941817426052,3.6635616461296463
sj,2002,3,2002-01-15,0.0594,0.0526,0.1956714,0.1562857,0.0,298.551428571,298.557142857,294.145714286,300.6,296.2,1.21,76.7342857143,0.0,15.5185714286,3.2,25.3285714286,7.04285714286,29.4,21.1,2.9,34,16.1785714286,15.81,17.2342857143,16.92,294.841428571,294.481428571,295.797142857,295.511428571,80.5728571429,76.4342857143,85.5142857143,84.01,298.507142857,299.1,298.5,298.35,25.4571428571,25.5285714286,25.6714285714,25.6,0.106425,0.05475,0.1814,0.02285,0.29,0.08103333,0.1358667,0.05653333,0.2464333,0.1975429,0.2236222,0.0712,0.1778167,0.1423286,0.1965111,0.05045714,0.0,0.0,72.18,91.66,15.83571428573333,16.185357142875002,298.7214285713333,298.6660714285,25.4380952381,25.496428571425,77.91380952383334,79.81392857145,0.07352500000000001,0.10049374999999998,0.14121110999999997,0.13987500749999998,0.21321586666666673,0.21581744999999997,0.15881033333333341,0.16823552499999994,0.0,18.044999999999973,0.3546048870425356,0.9350162426854148,3.5553480614894135
sj,2002,4,2002-01-22,0.0288,0.06663333,0.1341,0.1462286,0.0,298.315714286,298.514285714,294.212857143,299.9,297.1,12.44,78.0785714286,0.0,15.5514285714,1.94285714286,26.2142857143,6.4,30.6,22.2,19.1,26,15.5185714286,16.1785714286,15.81,17.2342857143,294.145714286,294.841428571,294.481428571,295.797142857,76.7342857143,80.5728571429,76.4342857143,85.5142857143,298.557142857,298.507142857,299.1,298.5,25.3285714286,25.4571428571,25.5285714286,25.6714285714,0.0594,0.106425,0.05475,0.1814,0.0526,0.29,0.08103333,0.1358667,0.1956714,0.2464333,0.1975429,0.2236222,0.1562857,0.1778167,0.1423286,0.1965111,0.0,0.0,0.0,72.18,15.74952380953333,15.764642857150001,298.52619047599995,298.669642857,25.666666666666668,25.632142857149997,78.46190476193334,77.95500000002501,0.064875,0.06234374999999999,0.13641110999999997,0.12256666499999999,0.19206823333333342,0.19343689999999997,0.16011033333333338,0.15566489999999997,0.0,0.0,0.4647231720437685,0.8854560256532099,3.295836866004329
sj,2002,5,2002-01-29,-0.019300000000000005,0.056716665,0.14663569999999998,0.1279786,0.0,298.2,298.35,293.847142857,300.1,296.3,10.8,76.92,0.0,15.1871428571,2.18571428571,25.6571428571,5.77142857143,29.4,21.7,38.1,19,15.5514285714,15.5185714286,16.1785714286,15.81,294.212857143,294.145714286,294.841428571,294.481428571,78.0785714286,76.7342857143,80.5728571429,76.4342857143,298.514285714,298.557142857,298.507142857,299.1,26.2142857143,25.3285714286,25.4571428571,25.5285714286,0.0288,0.0594,0.106425,0.05475,0.06663333,0.0526,0.29,0.08103333,0.1341,0.1956714,0.2464333,0.1975429,0.1462286,0.1562857,0.1778167,0.1423286,0.0,0.0,0.0,0.0,15.419047619033329,15.608928571425,298.47380952366666,298.482142857,25.733333333333334,25.664285714275,77.2442857143,78.07642857145001,0.022966666666666663,0.04383124999999999,0.058649998333333314,0.11648749874999997,0.15880236666666672,0.18071009999999996,0.14349763333333343,0.15207739999999997,0.0,0.0,0.5680647467311558,0.8229838658936564,2.995732273553991
sj,2002,6,2002-02-05,-0.0674,0.0468,0.1591714,0.1097286,0.0,297.722857143,297.814285714,293.344285714,299.6,296.3,24.0,76.7228571429,0.0,14.7342857143,2.2,24.9714285714,6.41428571429,28.9,20.6,21.1,18,15.1871428571,15.5514285714,15.5185714286,16.1785714286,293.847142857,294.212857143,294.145714286,294.841428571,76.92,78.0785714286,76.7342857143,80.5728571429,298.35,298.514285714,298.557142857,298.507142857,25.6571428571,26.2142857143,25.3285714286,25.4571428571,-0.019300000000000005,0.0288,0.0594,0.106425,0.056716665,0.06663333,0.0526,0.29,0.14663569999999998,0.1341,0.1956714,0.2464333,0.1279786,0.1462286,0.1562857,0.1778167,0.0,0.0,0.0,0.0,15.157619047599995,15.24785714285,298.226190476,298.30892857125,25.614285714266668,25.542857142849996,77.24047619049999,77.11392857145,-0.0193,0.00037499999999998646,0.05671666499999998,0.05568749874999999,0.14663570000000006,0.15889462499999996,0.12797860000000008,0.13505537499999998,0.0,0.0,0.6631226582407952,0.7485107481711011,2.9444389791664403
sj,2002,7,2002-02-12,0.0491,0.092325,0.2546714,0.1978,0.0,297.988571429,298.064285714,293.365714286,299.7,295.6,3.6,75.5771428571,0.0,14.7542857143,2.55714285714,25.4142857143,5.94285714286,29.4,20.6,4.3,22,14.7342857143,15.1871428571,15.5514285714,15.5185714286,293.344285714,293.847142857,294.212857143,294.145714286,76.7228571429,76.92,78.0785714286,76.7342857143,297.814285714,298.35,298.514285714,298.557142857,24.9714285714,25.6571428571,26.2142857143,25.3285714286,-0.0674,-0.019300000000000005,0.0288,0.0594,0.0468,0.056716665,0.06663333,0.0526,0.1591714,0.14663569999999998,0.1341,0.1956714,0.1097286,0.1279786,0.1462286,0.1562857,0.0,0.0,0.0,0.0,14.891904761899994,15.056785714275001,298.076190476,298.1857142855,25.347619047599995,25.564285714275,76.40666666666665,76.82464285715,-0.012533333333333334,-0.0022000000000000144,0.06528055499999998,0.06561874874999998,0.18682616666666674,0.17364462499999994,0.14516906666666676,0.14543394999999998,0.0,0.0,0.7485107481711011,0.6631226582407953,3.1354942159291497
sj,2002,8,2002-02-19,0.0478,0.06175,0.222,0.1773143,0.0,298.101428571,298.242857143,293.545714286,300.6,296.1,3.9,75.9328571429,0.0,14.9314285714,3.14285714286,25.7857142857,7.92857142857,31.7,21.1,6.4,16,14.7542857143,14.7342857143,15.1871428571,15.5514285714,293.365714286,293.344285714,293.847142857,294.212857143,75.5771428571,76.7228571429,76.92,78.0785714286,298.064285714,297.814285714,298.35,298.514285714,25.4142857143,24.9714285714,25.6571428571,26.2142857143,0.0491,-0.0674,-0.019300000000000005,0.0288,0.092325,0.0468,0.056716665,0.06663333,0.2546714,0.1591714,0.14663569999999998,0.1341,0.1978,0.1097286,0.1279786,0.1462286,0.0,0.0,0.0,0.0,14.806666666666663,14.901785714275,298.0404761903333,298.11785714275,25.390476190466668,25.457142857125,76.07761904763333,76.28821428572499,0.009833333333333335,0.0025499999999999863,0.06695833333333331,0.06439791624999999,0.2119476000000001,0.19561962499999996,0.1616143000000001,0.15320537499999998,0.0,0.0,0.8229838658936564,0.5680647467311559,2.833213344056216
sj,2002,9,2002-02-26,0.0315,0.0962,0.1402,0.1603429,0.0,297.165714286,297.235714286,292.0,300.5,294.9,12.8,73.1471428571,0.0,13.5928571429,3.07142857143,25.2,6.34285714286,30.0,21.1,3.3,18,14.9314285714,14.7542857143,14.7342857143,15.1871428571,293.545714286,293.365714286,293.344285714,293.847142857,75.9328571429,75.5771428571,76.7228571429,76.92,298.242857143,298.064285714,297.814285714,298.35,25.7857142857,25.4142857143,24.9714285714,25.6571428571,0.0478,0.0491,-0.0674,-0.019300000000000005,0.06175,0.092325,0.0468,0.056716665,0.222,0.2546714,0.1591714,0.14663569999999998,0.1773143,0.1978,0.1097286,0.1279786,0.0,0.0,0.0,0.0,14.426190476199997,14.503214285725,297.8476190476667,297.83928571424997,25.46666666666667,25.34285714285,74.88571428569999,75.345,0.042800000000000005,0.015249999999999988,0.08342499999999997,0.07426874999999998,0.2056238000000001,0.19401069999999995,0.17848573333333342,0.16129644999999998,0.0,0.0,0.8854560256532099,0.4647231720437686,2.9444389791664403
sj,2002,10,2002-03-05,0.042,0.0511,0.1984167,0.2499833,0.0,297.09,297.114285714,292.252857143,299.4,294.0,7.8,74.4271428571,0.0,13.7814285714,2.77142857143,25.4571428571,5.62857142857,28.9,20.6,0.6,6,13.5928571429,14.9314285714,14.7542857143,14.7342857143,292.0,293.545714286,293.365714286,293.344285714,73.1471428571,75.9328571429,75.5771428571,76.7228571429,297.235714286,298.242857143,298.064285714,297.814285714,25.2,25.7857142857,25.4142857143,24.9714285714,0.0315,0.0478,0.0491,-0.0674,0.0962,0.06175,0.092325,0.0468,0.1402,0.222,0.2546714,0.1591714,0.1603429,0.1773143,0.1978,0.1097286,0.0,0.0,0.0,0.0,14.101904761899995,14.265,297.53095238099996,297.66428571425,25.48095238093333,25.464285714275,74.50238095236666,74.77107142854999,0.04043333333333334,0.04259999999999999,0.0696833333333333,0.07534374999999999,0.18687223333333344,0.20382202499999996,0.19588016666666674,0.196360125,0.0,0.0,0.9350162426854148,0.35460488704253557,1.9459101490553132
sj,2002,11,2002-03-12,0.0709,0.12545,0.2196286,0.1894857,40.27,297.592857143,297.728571429,293.081428571,299.2,296.3,11.8,76.1685714286,40.27,14.53,2.2,25.8428571429,6.31428571429,30.0,22.2,14.1,12,13.7814285714,13.5928571429,14.9314285714,14.7542857143,292.252857143,292.0,293.545714286,293.365714286,74.4271428571,73.1471428571,75.9328571429,75.5771428571,297.114285714,297.235714286,298.242857143,298.064285714,25.4571428571,25.2,25.7857142857,25.4142857143,0.042,0.0315,0.0478,0.0491,0.0511,0.0962,0.06175,0.092325,0.1984167,0.1402,0.222,0.2546714,0.2499833,0.1603429,0.1773143,0.1978,0.0,0.0,0.0,0.0,13.968095238099997,14.208928571425,297.35952380966665,297.580357143,25.5,25.571428571425,74.58095238093334,74.918928571425,0.048133333333333334,0.04804999999999999,0.09091666666666665,0.08362499999999998,0.18608176666666676,0.19506132499999995,0.1999373000000001,0.19428155,13.423333333333353,10.067499999999972,0.970941817426052,0.23931566428755804,2.5649493574615367
sj,2002,12,2002-03-19,0.1535,0.1688,0.2791,0.2480857,0.0,297.985714286,298.078571429,293.217142857,299.8,295.6,0.6,74.9171428571,0.0,14.6285714286,3.07142857143,25.7857142857,6.95714285714,30.0,20.6,6.5,6,14.53,13.7814285714,13.5928571429,14.9314285714,293.081428571,292.252857143,292.0,293.545714286,76.1685714286,74.4271428571,73.1471428571,75.9328571429,297.728571429,297.114285714,297.235714286,298.242857143,25.8428571429,25.4571428571,25.2,25.7857142857,0.0709,0.042,0.0315,0.0478,0.12545,0.0511,0.0962,0.06175,0.2196286,0.1984167,0.1402,0.222,0.1894857,0.2499833,0.1603429,0.1773143,40.27,0.0,0.0,0.0,14.313333333333327,14.133214285725,297.6404761906667,297.5392857145,25.695238095233332,25.571428571425002,75.17095238093333,74.664999999975,0.08879999999999999,0.07447499999999999,0.11511666666666664,0.1103875,0.23238176666666677,0.20933632499999996,0.2291849000000001,0.21197439999999998,13.423333333333353,10.067499999999972,0.992708874098054,0.120536680255323,1.9459101490553132
sj,2002,13,2002-03-26,0.1777,0.3167,0.3203857,0.3209286,0.0,298.275714286,298.478571429,293.542857143,300.8,296.3,2.2,75.2157142857,0.0,14.97,3.1,26.7571428571,7.21428571429,32.8,22.2,0.6,6,14.6285714286,14.53,13.7814285714,13.5928571429,293.217142857,293.081428571,292.252857143,292.0,74.9171428571,76.1685714286,74.4271428571,73.1471428571,298.078571429,297.728571429,297.114285714,297.235714286,25.7857142857,25.8428571429,25.4571428571,25.2,0.1535,0.0709,0.042,0.0315,0.1688,0.12545,0.0511,0.0962,0.2791,0.2196286,0.1984167,0.1402,0.2480857,0.1894857,0.2499833,0.1603429,0.0,40.27,0.0,0.0,14.709523809533328,14.4775,298.0952380956667,297.85000000025,26.12857142856667,25.9607142857,75.43380952380001,75.182142857125,0.13403333333333334,0.11102499999999998,0.20364999999999997,0.1655125,0.2730381000000001,0.25438275,0.2528333333333334,0.252120825,13.423333333333353,10.067499999999972,1.0,-1.6081226496766364e-16,1.9459101490553132
sj,2002,14,2002-04-02,-0.0056,0.0013,0.2157714,0.1786,49.74,298.08,298.328571429,294.054285714,301.6,295.9,17.8,78.5657142857,49.74,15.4685714286,3.57142857143,26.2285714286,7.07142857143,30.6,21.7,7.7,3,14.97,14.6285714286,14.53,13.7814285714,293.542857143,293.217142857,293.081428571,292.252857143,75.2157142857,74.9171428571,76.1685714286,74.4271428571,298.478571429,298.078571429,297.728571429,297.114285714,26.7571428571,25.7857142857,25.8428571429,25.4571428571,0.1777,0.1535,0.0709,0.042,0.3167,0.1688,0.12545,0.0511,0.3203857,0.2791,0.2196286,0.1984167,0.3209286,0.2480857,0.1894857,0.2499833,0.0,0.0,40.27,0.0,15.022380952399994,14.8992857143,298.2952380956667,298.153571429,26.257142857133335,26.153571428575,76.23285714283332,76.216785714275,0.10853333333333333,0.09912499999999998,0.16226666666666664,0.1530625,0.27175236666666674,0.25872142499999995,0.24920476666666677,0.23427499999999996,16.58000000000002,22.502499999999973,0.992708874098054,-0.12053668025532288,1.3862943611198906
sj,2002,15,2002-04-09,-0.0263,0.03695,0.1263571,0.1143571,50.67,298.322857143,298.442857143,294.831428571,300.8,296.2,55.1,81.1414285714,50.67,16.2085714286,2.68571428571,27.1142857143,6.65714285714,32.2,22.8,15.7,7,15.4685714286,14.97,14.6285714286,14.53,294.054285714,293.542857143,293.217142857,293.081428571,78.5657142857,75.2157142857,74.9171428571,76.1685714286,298.328571429,298.478571429,298.078571429,297.728571429,26.2285714286,26.7571428571,25.7857142857,25.8428571429,-0.0056,0.1777,0.1535,0.0709,0.0013,0.3167,0.1688,0.12545,0.2157714,0.3203857,0.2791,0.2196286,0.1786,0.3209286,0.2480857,0.1894857,49.74,0.0,0.0,40.27,15.549047619066663,15.318928571450002,298.416666667,298.3321428575,26.7,26.471428571425,78.3076190476,77.459999999975,0.0486,0.07482499999999997,0.11831666666666664,0.13093749999999998,0.22083806666666672,0.23540354999999996,0.20462856666666676,0.21549284999999996,33.47000000000002,25.10249999999997,0.9709418174260521,-0.2393156642875575,2.0794415416798357
sj,2002,16,2002-04-16,-0.02195,0.044425,0.2039714,0.1771857,0.0,297.044285714,297.028571429,292.061428571,299.5,294.8,22.4,73.84,0.0,13.6385714286,2.65714285714,25.4571428571,5.71428571429,30.0,21.7,17.8,6,16.2085714286,15.4685714286,14.97,14.6285714286,294.831428571,294.054285714,293.542857143,293.217142857,81.1414285714,78.5657142857,75.2157142857,74.9171428571,298.442857143,298.328571429,298.478571429,298.078571429,27.1142857143,26.2285714286,26.7571428571,25.7857142857,-0.0263,-0.0056,0.1777,0.1535,0.03695,0.0013,0.3167,0.1688,0.1263571,0.2157714,0.3203857,0.2791,0.1143571,0.1786,0.3209286,0.2480857,50.67,49.74,0.0,0.0,15.105238095266662,15.07142857145,297.9333333336667,298.0696428575,26.266666666666666,26.389285714274997,77.84904761903333,77.1907142857,-0.01795,0.030962499999999983,0.027558333333333313,0.09984374999999998,0.18203330000000006,0.21662139999999994,0.15671426666666677,0.19776784999999997,33.47000000000002,25.10249999999997,0.9350162426854148,-0.35460488704253545,1.9459101490553132
sj,2002,17,2002-04-23,-0.0176,0.0519,0.1135714,0.1116286,214.76,297.97,298.071428571,295.01,300.8,296.4,31.0,83.6571428571,214.76,16.3685714286,2.51428571429,25.7,6.18571428571,30.6,21.7,69.7,1,13.6385714286,16.2085714286,15.4685714286,14.97,292.061428571,294.831428571,294.054285714,293.542857143,73.84,81.1414285714,78.5657142857,75.2157142857,297.028571429,298.442857143,298.328571429,298.478571429,25.4571428571,27.1142857143,26.2285714286,26.7571428571,-0.02195,-0.0263,-0.0056,0.1777,0.044425,0.03695,0.0013,0.3167,0.2039714,0.1263571,0.2157714,0.3203857,0.1771857,0.1143571,0.1786,0.3209286,0.0,50.67,49.74,0.0,15.405238095266661,15.4210714286,297.8476190476667,297.967857143,26.090476190466664,26.125,79.54619047616666,79.30107142855,-0.02195,-0.017862500000000014,0.044424999999999985,0.033643749999999986,0.1479666333333334,0.16491782499999993,0.13439046666666676,0.14544284999999998,88.47666666666669,78.79249999999996,0.8854560256532099,-0.4647231720437685,0.6931471805599453
sj,2002,18,2002-04-30,0.1506,0.1616,0.2115857,0.1536571,74.01,298.537142857,298.478571429,295.161428571,300.3,296.7,18.0,81.7028571429,74.01,16.5357142857,2.81428571429,26.4571428571,6.01428571429,30.0,22.8,10.5,3,16.3685714286,13.6385714286,16.2085714286,15.4685714286,295.01,292.061428571,294.831428571,294.054285714,83.6571428571,73.84,81.1414285714,78.5657142857,298.071428571,297.028571429,298.442857143,298.328571429,25.7,25.4571428571,27.1142857143,26.2285714286,-0.0176,-0.02195,-0.0263,-0.0056,0.0519,0.044425,0.03695,0.0013,0.1135714,0.2039714,0.1263571,0.2157714,0.1116286,0.1771857,0.1143571,0.1786,214.76,0.0,50.67,49.74,15.514285714299994,15.687857142875,297.85952380966665,298.00535714299997,25.871428571400003,26.182142857125,79.73333333333333,80.08535714285,0.03701666666666667,0.021187499999999988,0.08597499999999998,0.07371874999999999,0.17637616666666675,0.16387139999999994,0.14749046666666676,0.139207125,96.25666666666667,84.85999999999997,0.8229838658936565,-0.5680647467311557,1.3862943611198906
sj,2002,19,2002-05-07,0.19375,0.1611,0.211,0.1759143,87.81,298.964285714,299.092857143,294.95,300.5,297.2,11.0,78.6071428571,87.81,16.3085714286,2.5,26.4428571429,6.01428571429,30.0,22.8,56.5,2,16.5357142857,16.3685714286,13.6385714286,16.2085714286,295.161428571,295.01,292.061428571,294.831428571,81.7028571429,83.6571428571,73.84,81.1414285714,298.478571429,298.071428571,297.028571429,298.442857143,26.4571428571,25.7,25.4571428571,27.1142857143,0.1506,-0.0176,-0.02195,-0.0263,0.1616,0.0519,0.044425,0.03695,0.2115857,0.1135714,0.2039714,0.1263571,0.1536571,0.1116286,0.1771857,0.1143571,74.01,214.76,0.0,50.67,16.40428571429999,15.712857142875,298.5476190476666,298.167857143,26.2,26.014285714274997,81.32238095236666,79.451785714275,0.10891666666666666,0.07619999999999999,0.12486666666666664,0.10475625,0.1787190333333334,0.18503212499999994,0.14706666666666676,0.15459642499999998,125.52666666666669,94.14499999999997,0.7485107481711013,-0.663122658240795,1.0986122886681096
sj,2002,20,2002-05-14,0.1138,0.09725,0.2559286,0.2269286,0.0,298.994285714,299.114285714,294.441428571,300.6,297.2,9.3,76.0871428571,0.0,15.7885714286,2.4,26.1428571429,6.64285714286,30.0,21.7,15.4,2,16.3085714286,16.5357142857,16.3685714286,13.6385714286,294.95,295.161428571,295.01,292.061428571,78.6071428571,81.7028571429,83.6571428571,73.84,299.092857143,298.478571429,298.071428571,297.028571429,26.4428571429,26.4571428571,25.7,25.4571428571,0.19375,0.1506,-0.0176,-0.02195,0.1611,0.1616,0.0519,0.044425,0.211,0.2115857,0.1135714,0.2039714,0.1759143,0.1536571,0.1116286,0.1771857,87.81,74.01,214.76,0.0,16.21095238096666,16.250357142875,298.89523809533335,298.68928571425,26.34761904763333,26.185714285725,78.79904761903335,80.01357142855,0.15271666666666667,0.1101375,0.13998333333333332,0.11796249999999997,0.22617143333333342,0.19802142499999995,0.1855000000000001,0.16703214999999996,53.94000000000002,94.14499999999997,0.6631226582407952,-0.7485107481711012,1.0986122886681096
sj,2002,21,2002-05-21,0.03345,0.1033,0.2122857,0.2002714,41.09,299.667142857,299.85,295.274285714,301.3,298.2,5.5,76.9014285714,41.09,16.6271428571,2.47142857143,27.7142857143,6.52857142857,31.7,23.3,2.9,1,15.7885714286,16.3085714286,16.5357142857,16.3685714286,294.441428571,294.95,295.161428571,295.01,76.0871428571,78.6071428571,81.7028571429,83.6571428571,299.114285714,299.092857143,298.478571429,298.071428571,26.1428571429,26.4428571429,26.4571428571,25.7,0.1138,0.19375,0.1506,-0.0176,0.09725,0.1611,0.1616,0.0519,0.2559286,0.211,0.2115857,0.1135714,0.2269286,0.1759143,0.1536571,0.1116286,0.0,87.81,74.01,214.76,16.241428571433328,16.314999999999998,299.35238095233336,299.1339285715,26.7666666667,26.6892857143,77.19857142853334,78.32464285712501,0.11366666666666668,0.1229,0.12054999999999999,0.1308125,0.22640476666666676,0.22269999999999995,0.2010381000000001,0.18919284999999997,42.966666666666676,50.72749999999998,0.5680647467311558,-0.8229838658936564,0.6931471805599453
sj,2002,22,2002-05-28,0.05325,0.0778,0.1880286,0.1696,3.99,299.752857143,299.9,295.38,302.4,297.7,8.2,77.0928571429,3.99,16.7571428571,2.57142857143,28.1714285714,7.32857142857,32.8,23.3,4.8,10,16.6271428571,15.7885714286,16.3085714286,16.5357142857,295.274285714,294.441428571,294.95,295.161428571,76.9014285714,76.0871428571,78.6071428571,81.7028571429,299.85,299.114285714,299.092857143,298.478571429,27.7142857143,26.1428571429,26.4428571429,26.4571428571,0.03345,0.1138,0.19375,0.1506,0.1033,0.09725,0.1611,0.1616,0.2122857,0.2559286,0.211,0.2115857,0.2002714,0.2269286,0.1759143,0.1536571,41.09,0.0,87.81,74.01,16.390952380933328,16.37035714285,299.6214285713333,299.48928571425,27.342857142866666,27.117857142875,76.6938095238,77.172142857125,0.06683333333333334,0.0985625,0.09278333333333331,0.10986249999999999,0.21874763333333344,0.21681072499999995,0.1989333333333334,0.19317857499999996,15.026666666666678,33.222499999999975,0.46472317204376906,-0.8854560256532096,2.3978952727983707
sj,2002,23,2002-06-04,0.04185,0.0722,0.1304429,0.1511429,65.82,299.601428571,299.664285714,296.215714286,302.1,297.5,15.65,81.8514285714,65.82,17.6585714286,2.87142857143,28.4428571429,7.37142857143,33.3,23.3,12.9,3,16.7571428571,16.6271428571,15.7885714286,16.3085714286,295.38,295.274285714,294.441428571,294.95,77.0928571429,76.9014285714,76.0871428571,78.6071428571,299.9,299.85,299.114285714,299.092857143,28.1714285714,27.7142857143,26.1428571429,26.4428571429,0.05325,0.03345,0.1138,0.19375,0.0778,0.1033,0.09725,0.1611,0.1880286,0.2122857,0.2559286,0.211,0.1696,0.2002714,0.2269286,0.1759143,3.99,41.09,0.0,87.81,17.01428571426666,16.70785714285,299.8047619046667,299.632142857,28.109523809533332,27.617857142875,78.61523809523334,77.9832142857,0.04285,0.06058749999999999,0.08443333333333332,0.0876375,0.17691906666666676,0.19667144999999997,0.17367143333333343,0.18698572499999996,36.966666666666676,27.72499999999997,0.35460488704253584,-0.9350162426854147,1.3862943611198906
sj,2002,24,2002-06-11,0.028970833249999998,0.05743333,0.1073143,0.1113286,84.35,299.887142857,299.964285714,296.338571429,302.2,297.8,17.55,81.0428571429,84.35,17.7671428571,3.18571428571,28.4571428571,6.74285714286,33.3,24.4,4.5,3,17.6585714286,16.7571428571,16.6271428571,15.7885714286,296.215714286,295.38,295.274285714,294.441428571,81.8514285714,77.0928571429,76.9014285714,76.0871428571,299.664285714,299.9,299.85,299.114285714,28.4428571429,28.1714285714,27.7142857143,26.1428571429,0.04185,0.05325,0.03345,0.1138,0.0722,0.0778,0.1033,0.09725,0.1304429,0.1880286,0.2122857,0.2559286,0.1511429,0.1696,0.2002714,0.2269286,65.82,3.99,41.09,0.0,17.394285714266662,17.202499999975,299.8428571426667,299.844642857,28.35714285713333,28.196428571425002,79.99571428573334,79.22214285715,0.04135694441666666,0.039380208312499984,0.06914444333333332,0.0776833325,0.14192860000000007,0.15951787499999995,0.14402383333333343,0.15808572499999998,51.38666666666668,48.81249999999997,0.23931566428755768,-0.970941817426052,1.3862943611198906
sj,2002,25,2002-06-18,0.016091666499999997,0.04446667,0.2042143,0.1528143,0.0,300.221428571,300.207142857,296.397142857,302.2,298.4,15.73,79.73,0.0,17.8014285714,2.78571428571,28.5285714286,7.22857142857,32.8,24.4,12.7,1,17.7671428571,17.6585714286,16.7571428571,16.6271428571,296.338571429,296.215714286,295.38,295.274285714,81.0428571429,81.8514285714,77.0928571429,76.9014285714,299.964285714,299.664285714,299.9,299.85,28.4571428571,28.4428571429,28.1714285714,27.7142857143,0.028970833249999998,0.04185,0.05325,0.03345,0.05743333,0.0722,0.0778,0.1033,0.1073143,0.1304429,0.1880286,0.2122857,0.1113286,0.1511429,0.1696,0.2002714,84.35,65.82,3.99,41.09,17.742380952366663,17.49607142855,299.945238095,299.93392857125,28.4761904762,28.4,80.87476190476667,79.92928571430001,0.028970833249999998,0.03504062493749999,0.058033333333333305,0.06297499999999999,0.1473238333333334,0.15750002499999993,0.1384286000000001,0.14622144999999998,50.05666666666667,38.539999999999964,0.12053668025532308,-0.992708874098054,0.6931471805599453
sj,2002,26,2002-06-25,0.00321249975,0.1173,0.2136,0.1969143,5.94,299.855714286,299.95,295.99,301.8,298.0,24.1,79.5085714286,5.94,17.3571428571,2.47142857143,27.5857142857,6.94285714286,31.7,22.8,25.0,1,17.8014285714,17.7671428571,17.6585714286,16.7571428571,296.397142857,296.338571429,296.215714286,295.38,79.73,81.0428571429,81.8514285714,77.0928571429,300.207142857,299.964285714,299.664285714,299.9,28.5285714286,28.4571428571,28.4428571429,28.1714285714,0.016091666499999997,0.028970833249999998,0.04185,0.05325,0.04446667,0.05743333,0.0722,0.0778,0.2042143,0.1073143,0.1304429,0.1880286,0.1528143,0.1113286,0.1511429,0.1696,0.0,84.35,65.82,3.99,17.641904761866662,17.64607142855,300.0404761903333,299.94642857125,28.19047619046667,28.253571428575,80.09380952383334,80.533214285725,0.0160916665,0.022531249874999985,0.07306666666666665,0.07285,0.1750428666666667,0.16389287499999994,0.15368573333333344,0.15305002499999998,30.09666666666668,39.02749999999997,-3.216245299353273e-16,-1.0,0.6931471805599453
sj,2002,27,2002-07-02,-0.009666667,0.0065,0.2072429,0.1649286,2.3,300.411428571,300.55,296.062857143,302.4,298.4,10.8,77.1985714286,2.3,17.3985714286,2.32857142857,28.3428571429,6.2,31.7,25.0,3.6,2,17.3571428571,17.8014285714,17.7671428571,17.6585714286,295.99,296.397142857,296.338571429,296.215714286,79.5085714286,79.73,81.0428571429,81.8514285714,299.95,300.207142857,299.964285714,299.664285714,27.5857142857,28.5285714286,28.4571428571,28.4428571429,0.00321249975,0.016091666499999997,0.028970833249999998,0.04185,0.1173,0.04446667,0.05743333,0.0722,0.2136,0.2042143,0.1073143,0.1304429,0.1969143,0.1528143,0.1113286,0.1511429,5.94,0.0,84.35,65.82,17.519047619033326,17.58107142855,300.2357142856667,300.16785714275,28.152380952399998,28.228571428575002,78.8123809524,79.370000000025,0.003212499749999999,0.009652083124999985,0.05608888999999998,0.05642499999999999,0.20835240000000008,0.18309287499999993,0.17155240000000008,0.15649644999999998,2.746666666666681,23.14749999999997,-0.12053668025532283,-0.992708874098054,1.0986122886681096
sj,2002,28,2002-07-09,-0.02455,0.0196,0.2541286,0.2121,22.49,300.084285714,300.128571429,296.065714286,301.8,298.2,11.65,78.7471428571,22.49,17.4328571429,2.45714285714,28.1571428571,6.91428571429,32.2,23.3,29.6,6,17.3985714286,17.3571428571,17.8014285714,17.7671428571,296.062857143,295.99,296.397142857,296.338571429,77.1985714286,79.5085714286,79.73,81.0428571429,300.55,299.95,300.207142857,299.964285714,28.3428571429,27.5857142857,28.5285714286,28.4571428571,-0.009666667,0.00321249975,0.016091666499999997,0.028970833249999998,0.0065,0.1173,0.04446667,0.05743333,0.2072429,0.2136,0.2042143,0.1073143,0.1649286,0.1969143,0.1528143,0.1113286,2.3,5.94,0.0,84.35,17.396190476199994,17.497500000000002,300.2095238096667,300.2089285715,28.028571428566664,28.153571428575002,78.48476190476667,78.796071428575,-0.010334722416666666,-0.0037281251875000143,0.04779999999999999,0.04696666749999999,0.2249905000000001,0.21979644999999992,0.19131430000000008,0.18168929999999997,10.243333333333347,7.682499999999971,-0.23931566428755743,-0.9709418174260521,1.9459101490553132
sj,2002,29,2002-07-16,-0.0475,0.03774,0.1880429,0.1803286,58.06,300.54,300.585714286,296.42,302.4,298.6,10.3,78.3114285714,58.06,17.8085714286,2.97142857143,28.2857142857,6.84285714286,32.8,23.9,57.2,3,17.4328571429,17.3985714286,17.3571428571,17.8014285714,296.065714286,296.062857143,295.99,296.397142857,78.7471428571,77.1985714286,79.5085714286,79.73,300.128571429,300.55,299.95,300.207142857,28.1571428571,28.3428571429,27.5857142857,28.5285714286,-0.02455,-0.009666667,0.00321249975,0.016091666499999997,0.0196,0.0065,0.1173,0.04446667,0.2541286,0.2072429,0.2136,0.2042143,0.2121,0.1649286,0.1969143,0.1528143,22.49,2.3,5.94,0.0,17.546666666699995,17.4992857143,300.42142857166664,300.30357142875,28.261904761900002,28.09285714285,78.0857142857,78.441428571425,-0.027238889,-0.019626041812500016,0.021279999999999983,0.04528499999999999,0.21647146666666675,0.21575359999999993,0.18578573333333345,0.18856787499999997,27.616666666666678,22.19749999999997,-0.3546048870425356,-0.9350162426854148,1.3862943611198906
sj,2002,30,2002-07-23,-0.07045,-0.02133333,0.2192857,0.2245429,1.07,300.547142857,300.678571429,295.912857143,302.5,298.8,7.09,75.8671428571,1.07,17.26,2.61428571429,28.2285714286,6.9,32.8,23.3,16.3,3,17.8085714286,17.4328571429,17.3985714286,17.3571428571,296.42,296.065714286,296.062857143,295.99,78.3114285714,78.7471428571,77.1985714286,79.5085714286,300.585714286,300.128571429,300.55,299.95,28.2857142857,28.1571428571,28.3428571429,27.5857142857,-0.0475,-0.02455,-0.009666667,0.00321249975,0.03774,0.0196,0.0065,0.1173,0.1880429,0.2541286,0.2072429,0.2136,0.1803286,0.2121,0.1649286,0.1969143,58.06,22.49,2.3,5.94,17.500476190499995,17.475000000025002,300.4642857146667,300.48571428599996,28.2238095238,28.253571428575,77.64190476186667,77.53107142855,-0.04750000000000001,-0.03804166675000001,0.012002223333333317,0.010626667499999985,0.22048573333333343,0.21717502499999994,0.20565716666666678,0.195475025,27.206666666666678,20.979999999999972,-0.46472317204376806,-0.8854560256532101,1.3862943611198906
sj,2002,31,2002-07-30,-0.0836,0.0278,0.1435833,0.1011714,44.7,300.431428571,300.528571429,296.987142857,303.0,298.7,47.12,81.6228571429,44.7,18.4471428571,2.57142857143,28.4857142857,5.97142857143,32.8,24.4,28.0,5,17.26,17.8085714286,17.4328571429,17.3985714286,295.912857143,296.42,296.065714286,296.062857143,75.8671428571,78.3114285714,78.7471428571,77.1985714286,300.678571429,300.585714286,300.128571429,300.55,28.2285714286,28.2857142857,28.1571428571,28.3428571429,-0.07045,-0.0475,-0.02455,-0.009666667,-0.02133333,0.03774,0.0196,0.0065,0.2192857,0.1880429,0.2541286,0.2072429,0.2245429,0.1803286,0.2121,0.1649286,1.07,58.06,22.49,2.3,17.838571428566663,17.73714285715,300.597619048,300.48035714325,28.333333333333332,28.289285714274996,78.60047619046667,78.637142857125,-0.06718333333333333,-0.05652500000000001,0.01473555666666665,0.015951667499999985,0.1836373000000001,0.20126012499999996,0.16868096666666674,0.17953572499999998,34.610000000000014,31.579999999999973,-0.5680647467311556,-0.8229838658936565,1.791759469228055
sj,2002,32,2002-08-06,-0.0006,0.0551,0.2511429,0.2696571,39.52,301.002857143,301.2,296.742857143,303.3,298.0,9.36,77.7885714286,39.52,18.2014285714,3.51428571429,28.4714285714,6.1,32.2,25.0,3.6,4,18.4471428571,17.26,17.8085714286,17.4328571429,296.987142857,295.912857143,296.42,296.065714286,81.6228571429,75.8671428571,78.3114285714,78.7471428571,300.528571429,300.678571429,300.585714286,300.128571429,28.4857142857,28.2285714286,28.2857142857,28.1571428571,-0.0836,-0.07045,-0.0475,-0.02455,0.0278,-0.02133333,0.03774,0.0196,0.1435833,0.2192857,0.1880429,0.2541286,0.1011714,0.2245429,0.1803286,0.2121,44.7,1.07,58.06,22.49,17.969523809499997,17.929285714275,300.8023809526666,300.748214286,28.395238095233335,28.36785714285,78.4261904762,78.39750000000001,-0.05154999999999999,-0.050537500000000006,0.020522223333333315,0.02482666749999999,0.20467063333333338,0.20051369999999993,0.19845713333333345,0.19392499999999996,28.430000000000017,35.83749999999998,-0.663122658240795,-0.7485107481711013,1.6094379124341003
sj,2002,33,2002-08-13,0.0001,0.03865,0.1990571,0.1385286,33.21,300.892857143,300.985714286,296.897142857,303.0,299.2,23.78,78.9442857143,33.21,18.3642857143,2.8,28.7428571429,7.61428571429,33.3,23.9,13.6,7,18.2014285714,18.4471428571,17.26,17.8085714286,296.742857143,296.987142857,295.912857143,296.42,77.7885714286,81.6228571429,75.8671428571,78.3114285714,301.2,300.528571429,300.678571429,300.585714286,28.4714285714,28.4857142857,28.2285714286,28.2857142857,-0.0006,-0.0836,-0.07045,-0.0475,0.0551,0.0278,-0.02133333,0.03774,0.2511429,0.1435833,0.2192857,0.1880429,0.2696571,0.1011714,0.2245429,0.1803286,39.52,44.7,1.07,58.06,18.337619047599997,18.0682142857,300.904761905,300.84821428600003,28.566666666666666,28.48214285715,79.45190476193333,78.555714285725,-0.028033333333333337,-0.03863750000000001,0.040516666666666645,0.025054167499999988,0.1979277666666667,0.20326724999999993,0.16978570000000012,0.18347499999999994,39.14333333333335,29.624999999999975,-0.7485107481711011,-0.6631226582407952,2.0794415416798357
sj,2002,34,2002-08-20,0.0776,-0.0772,0.2146333,0.1704,22.89,300.774285714,300.835714286,296.8,302.9,298.8,39.62,79.0942857143,22.89,18.2457142857,2.44285714286,28.0,6.81428571429,32.8,23.3,48.1,6,18.3642857143,18.2014285714,18.4471428571,17.26,296.897142857,296.742857143,296.987142857,295.912857143,78.9442857143,77.7885714286,81.6228571429,75.8671428571,300.985714286,301.2,300.528571429,300.678571429,28.7428571429,28.4714285714,28.4857142857,28.2285714286,0.0001,-0.0006,-0.0836,-0.07045,0.03865,0.0551,0.0278,-0.02133333,0.1990571,0.2511429,0.1435833,0.2192857,0.1385286,0.2696571,0.1011714,0.2245429,33.21,39.52,44.7,1.07,18.270476190466663,18.314642857125,301.0071428573333,300.88750000025,28.40476190476667,28.424999999999997,78.60904761906666,79.362500000025,0.025699999999999997,-0.0016250000000000084,0.005516666666666646,0.011087499999999983,0.22161110000000006,0.20210414999999995,0.1928619000000001,0.16993927499999995,31.87333333333335,35.07999999999997,-0.8229838658936564,-0.5680647467311559,1.9459101490553132
sj,2002,35,2002-08-27,0.0009,-0.00445,0.1957857,0.1185286,18.67,301.137142857,301.257142857,296.541428571,302.9,299.3,15.0,76.1885714286,18.67,17.9728571429,2.77142857143,28.6428571429,6.42857142857,32.2,24.4,13.5,5,18.2457142857,18.3642857143,18.2014285714,18.4471428571,296.8,296.897142857,296.742857143,296.987142857,79.0942857143,78.9442857143,77.7885714286,81.6228571429,300.835714286,300.985714286,301.2,300.528571429,28.0,28.7428571429,28.4714285714,28.4857142857,0.0776,0.0001,-0.0006,-0.0836,-0.0772,0.03865,0.0551,0.0278,0.2146333,0.1990571,0.2511429,0.1435833,0.1704,0.1385286,0.2696571,0.1011714,22.89,33.21,39.52,44.7,18.194285714299994,18.196071428575,301.02619047633334,301.06964285724996,28.461904761933337,28.464285714299997,78.07571428573333,78.00392857144999,0.026199999999999998,0.01949999999999999,-0.014333333333333352,0.0030249999999999843,0.20315870000000005,0.21515474999999992,0.14248573333333342,0.174278575,24.923333333333346,28.572499999999973,-0.8854560256532096,-0.4647231720437691,1.791759469228055
sj,2002,36,2002-09-03,0.0895,0.0648,0.1647667,0.1637571,109.38,300.695714286,300.792857143,296.604285714,302.8,299.0,46.4,78.6071428571,109.38,18.0985714286,2.3,27.5,6.44285714286,31.7,22.8,105.0,7,17.9728571429,18.2457142857,18.3642857143,18.2014285714,296.541428571,296.8,296.897142857,296.742857143,76.1885714286,79.0942857143,78.9442857143,77.7885714286,301.257142857,300.835714286,300.985714286,301.2,28.6428571429,28.0,28.7428571429,28.4714285714,0.0009,0.0776,0.0001,-0.0006,-0.00445,-0.0772,0.03865,0.0551,0.1957857,0.2146333,0.1990571,0.2511429,0.1185286,0.1704,0.1385286,0.2696571,18.67,22.89,33.21,39.52,18.10571428573333,18.170357142874998,300.96190476199996,300.967857143,28.047619047633333,28.221428571449998,77.96333333333334,78.208571428575,0.055999999999999994,0.04202499999999999,-0.0056166666666666865,0.005449999999999983,0.19172856666666674,0.19356069999999995,0.1508952333333334,0.14780357499999996,50.31333333333334,46.03749999999997,-0.9350162426854147,-0.3546048870425359,2.0794415416798357
sj,2002,37,2002-09-10,0.033,-0.02545,0.2319714,0.2399571,7.92,301.222857143,301.407142857,296.722857143,303.7,299.1,10.9,76.6785714286,7.92,18.1914285714,3.35714285714,29.1571428571,7.68571428571,34.4,24.4,2.3,6,18.0985714286,17.9728571429,18.2457142857,18.3642857143,296.604285714,296.541428571,296.8,296.897142857,78.6071428571,76.1885714286,79.0942857143,78.9442857143,300.792857143,301.257142857,300.835714286,300.985714286,27.5,28.6428571429,28.0,28.7428571429,0.0895,0.0009,0.0776,0.0001,0.0648,-0.00445,-0.0772,0.03865,0.1647667,0.1957857,0.2146333,0.1990571,0.1637571,0.1185286,0.1704,0.1385286,109.38,18.67,22.89,33.21,18.08761904763333,18.12714285715,301.1523809523333,301.07321428575,28.433333333333334,28.325,77.15809523809999,77.64214285714999,0.04113333333333333,0.05024999999999999,0.011633333333333315,-0.010575000000000017,0.19750793333333339,0.20178927499999993,0.1740809333333334,0.17316069999999997,45.32333333333333,39.71499999999997,-0.970941817426052,-0.23931566428755774,1.9459101490553132
sj,2002,38,2002-09-17,0.043550000000000005,0.01655,0.1659286,0.1409857,57.98,301.238571429,301.228571429,297.124285714,303.1,299.4,27.5,78.4885714286,57.98,18.6514285714,2.6,28.6571428571,7.3,33.3,23.3,53.2,4,18.1914285714,18.0985714286,17.9728571429,18.2457142857,296.722857143,296.604285714,296.541428571,296.8,76.6785714286,78.6071428571,76.1885714286,79.0942857143,301.407142857,300.792857143,301.257142857,300.835714286,29.1571428571,27.5,28.6428571429,28.0,0.033,0.0895,0.0009,0.0776,-0.02545,0.0648,-0.00445,-0.0772,0.2319714,0.1647667,0.1957857,0.2146333,0.2399571,0.1637571,0.1185286,0.1704,7.92,109.38,18.67,22.89,18.313809523799996,18.228571428575002,301.14285714299996,301.1714285715,28.438095238066666,28.489285714275,77.92476190476667,77.490714285725,0.05534999999999999,0.04173749999999999,0.018633333333333318,0.012862499999999985,0.18755556666666676,0.18961309999999992,0.18156663333333342,0.16580712499999997,58.42666666666668,48.48749999999997,-0.992708874098054,-0.12053668025532357,1.6094379124341003
sj,2002,39,2002-09-24,0.0541,0.03885,0.1283571,0.08348571,26.31,300.987142857,301.107142857,296.732857143,303.1,298.5,13.4,77.8514285714,26.31,18.2442857143,3.24285714286,28.2,7.57142857143,32.8,23.9,48.0,4,18.6514285714,18.1914285714,18.0985714286,17.9728571429,297.124285714,296.722857143,296.604285714,296.541428571,78.4885714286,76.6785714286,78.6071428571,76.1885714286,301.228571429,301.407142857,300.792857143,301.257142857,28.6571428571,29.1571428571,27.5,28.6428571429,0.043550000000000005,0.033,0.0895,0.0009,0.01655,-0.02545,0.0648,-0.00445,0.1659286,0.2319714,0.1647667,0.1957857,0.1409857,0.2399571,0.1637571,0.1185286,57.98,7.92,109.38,18.67,18.36238095236666,18.296428571425,301.24761904766666,301.1339285715,28.671428571399996,28.37857142855,77.67285714286668,77.906428571425,0.04355,0.05503749999999999,0.009983333333333316,0.023687499999999986,0.17541903333333342,0.17275594999999994,0.15480950333333343,0.15704640249999996,30.736666666666675,50.39749999999997,-1.0,-1.8369701987210297e-16,1.6094379124341003
sj,2002,40,2002-10-01,0.07375,0.07326667,0.0796,0.06807143,73.11,301.061428571,301.157142857,297.128571429,303.2,299.5,20.0,79.2814285714,73.11,18.6742857143,2.42857142857,27.7714285714,6.87142857143,33.3,22.8,72.7,7,18.2442857143,18.6514285714,18.1914285714,18.0985714286,296.732857143,297.124285714,296.722857143,296.604285714,77.8514285714,78.4885714286,76.6785714286,78.6071428571,301.107142857,301.228571429,301.407142857,300.792857143,28.2,28.6571428571,29.1571428571,27.5,0.0541,0.043550000000000005,0.033,0.0895,0.03885,0.01655,-0.02545,0.0648,0.1283571,0.1659286,0.2319714,0.1647667,0.08348571,0.1409857,0.2399571,0.1637571,26.31,57.98,7.92,109.38,18.523333333333326,18.44035714285,301.1642857143333,301.225,28.2095238095,28.4464285714,78.54047619046668,78.075,0.057133333333333335,0.05109999999999999,0.042888889999999985,0.02580416749999999,0.12462856666666676,0.15146427499999993,0.0975142800000001,0.13312498499999997,52.466666666666676,41.32999999999997,-0.992708874098054,0.1205366802553232,2.0794415416798357
sj,2002,41,2002-10-08,-0.05385,-0.0739,0.2429714,0.2187286,17.48,300.728571429,300.707142857,296.694285714,302.3,298.5,25.5,78.8085714286,17.48,18.1914285714,2.72857142857,27.9428571429,6.68571428571,31.7,23.9,26.0,9,18.6742857143,18.2442857143,18.6514285714,18.1914285714,297.128571429,296.732857143,297.124285714,296.722857143,79.2814285714,77.8514285714,78.4885714286,76.6785714286,301.157142857,301.107142857,301.228571429,301.407142857,27.7714285714,28.2,28.6571428571,29.1571428571,0.07375,0.0541,0.043550000000000005,0.033,0.07326667,0.03885,0.01655,-0.02545,0.0796,0.1283571,0.1659286,0.2319714,0.06807143,0.08348571,0.1409857,0.2399571,73.11,26.31,57.98,7.92,18.369999999999994,18.44035714285,300.9904761903333,301.04999999999995,27.971428571433332,28.14285714285,78.64714285713335,78.6075,0.02466666666666666,0.029387499999999983,0.012738889999999989,0.01369166749999999,0.15030950000000007,0.15421427499999996,0.12342858000000008,0.12781785999999995,38.966666666666676,43.71999999999997,-0.9709418174260521,0.23931566428755738,2.302585092994046
sj,2002,42,2002-10-15,-0.082675,0.03505,0.1269143,0.1894143,91.69,300.47,300.6,296.478571429,302.5,298.6,23.5,78.9485714286,91.69,17.95,2.6,27.5428571429,7.25714285714,32.2,23.3,6.1,5,18.1914285714,18.6742857143,18.2442857143,18.6514285714,296.694285714,297.128571429,296.732857143,297.124285714,78.8085714286,79.2814285714,77.8514285714,78.4885714286,300.707142857,301.157142857,301.107142857,301.228571429,27.9428571429,27.7714285714,28.2,28.6571428571,-0.05385,0.07375,0.0541,0.043550000000000005,-0.0739,0.07326667,0.03885,0.01655,0.2429714,0.0796,0.1283571,0.1659286,0.2187286,0.06807143,0.08348571,0.1409857,17.48,73.11,26.31,57.98,18.271904761899993,18.265,300.82142857133334,300.89285714275,27.7523809524,27.864285714300003,79.01285714286668,78.7225,-0.02092500000000001,-0.0021687500000000144,0.011472223333333318,0.01831666749999999,0.14982856666666675,0.14446069999999994,0.1587381100000001,0.13992500999999996,60.76000000000001,52.147499999999965,-0.9350162426854148,0.35460488704253557,1.791759469228055
sj,2002,43,2002-10-22,-0.1115,-0.1136,0.2304,0.2082429,9.5,300.548571429,300.528571429,296.635714286,302.3,298.8,27.0,79.2171428571,9.5,18.1042857143,2.48571428571,27.9857142857,7.17142857143,33.3,23.9,53.3,5,17.95,18.1914285714,18.6742857143,18.2442857143,296.478571429,296.694285714,297.128571429,296.732857143,78.9485714286,78.8085714286,79.2814285714,77.8514285714,300.6,300.707142857,301.157142857,301.107142857,27.5428571429,27.9428571429,27.7714285714,28.2,-0.082675,-0.05385,0.07375,0.0541,0.03505,-0.0739,0.07326667,0.03885,0.1269143,0.2429714,0.0796,0.1283571,0.1894143,0.2187286,0.06807143,0.08348571,91.69,17.48,73.11,26.31,18.081904761899995,18.23,300.611904762,300.74821428575,27.823809523833333,27.810714285725,78.99142857143333,79.06392857142501,-0.082675,-0.04356875000000002,-0.050816666666666684,-0.019795832500000013,0.20009523333333343,0.16997142499999995,0.20546193333333343,0.17111430749999998,39.55666666666668,47.944999999999965,-0.8854560256532101,0.464723172043768,1.791759469228055
sj,2002,44,2002-10-29,0.00735,-0.02545,0.1993429,0.1795429,33.29,300.518571429,300.55,296.24,302.4,298.4,34.7,77.62,33.29,17.6885714286,2.58571428571,27.5428571429,6.57142857143,31.7,23.3,31.3,10,18.1042857143,17.95,18.1914285714,18.6742857143,296.635714286,296.478571429,296.694285714,297.128571429,79.2171428571,78.9485714286,78.8085714286,79.2814285714,300.528571429,300.6,300.707142857,301.157142857,27.9857142857,27.5428571429,27.9428571429,27.7714285714,-0.1115,-0.082675,-0.05385,0.07375,-0.1136,0.03505,-0.0739,0.07326667,0.2304,0.1269143,0.2429714,0.0796,0.2082429,0.1894143,0.2187286,0.06807143,9.5,91.69,17.48,73.11,17.914285714299996,17.983571428575,300.5595238096667,300.59642857150004,27.690476190500004,27.753571428599997,78.59523809523334,78.64857142857501,-0.062275000000000004,-0.060168750000000014,-0.034666666666666686,-0.044475000000000015,0.18555240000000006,0.19990714999999995,0.19240003333333341,0.19898217499999998,44.826666666666675,37.989999999999974,-0.822983865893657,0.5680647467311548,2.3978952727983707
sj,2002,45,2002-11-05,0.2614,0.11022,0.2918,0.3185,14.05,300.44,300.65,295.852857143,302.4,298.9,9.5,76.1671428571,14.05,17.2657142857,3.1,27.3857142857,6.54285714286,31.1,23.3,8.4,6,17.6885714286,18.1042857143,17.95,18.1914285714,296.24,296.635714286,296.478571429,296.694285714,77.62,79.2171428571,78.9485714286,78.8085714286,300.55,300.528571429,300.6,300.707142857,27.5428571429,27.9857142857,27.5428571429,27.9428571429,0.00735,-0.1115,-0.082675,-0.05385,-0.02545,-0.1136,0.03505,-0.0739,0.1993429,0.2304,0.1269143,0.2429714,0.1795429,0.2082429,0.1894143,0.2187286,33.29,9.5,91.69,17.48,17.686190476199997,17.752142857149998,300.57619047633335,300.58214285725,27.638095238100004,27.6142857143,77.66809523806667,77.9882142857,0.05241666666666667,0.018643749999999994,-0.009610000000000021,0.0015549999999999835,0.24051430000000007,0.21211429999999995,0.2354286000000001,0.22392502499999997,18.946666666666676,37.13249999999997,-0.7485107481711011,0.6631226582407952,1.9459101490553132
sj,2002,46,2002-11-12,0.1478333,-0.003125,0.2781571,0.2477286,0.0,300.545714286,300.757142857,295.447142857,302.3,298.7,7.6,73.7814285714,0.0,16.8185714286,2.68571428571,27.3142857143,7.01428571429,31.1,22.8,3.8,13,17.2657142857,17.6885714286,18.1042857143,17.95,295.852857143,296.24,296.635714286,296.478571429,76.1671428571,77.62,79.2171428571,78.9485714286,300.65,300.55,300.528571429,300.6,27.3857142857,27.5428571429,27.9857142857,27.5428571429,0.2614,0.00735,-0.1115,-0.082675,0.11022,-0.02545,-0.1136,0.03505,0.2918,0.1993429,0.2304,0.1269143,0.3185,0.1795429,0.2082429,0.1894143,14.05,33.29,9.5,91.69,17.257619047633327,17.4692857143,300.6523809523333,300.6214285715,27.414285714299996,27.55714285715,75.85619047616667,76.6964285714,0.1388611,0.07627082499999999,0.02721499999999998,-0.007988750000000017,0.25643333333333346,0.24992499999999995,0.24859050000000008,0.23850359999999995,15.78000000000001,14.209999999999972,-0.6631226582407955,0.7485107481711007,2.639057329615259
sj,2002,47,2002-11-19,0.0710999835,-0.1225,0.2220571,0.1913857,100.94,299.982857143,299.885714286,295.942857143,302.1,298.2,32.3,78.6057142857,100.94,17.3385714286,2.68571428571,27.2142857143,6.84285714286,32.2,23.3,30.8,6,16.8185714286,17.2657142857,17.6885714286,18.1042857143,295.447142857,295.852857143,296.24,296.635714286,73.7814285714,76.1671428571,77.62,79.2171428571,300.757142857,300.65,300.55,300.528571429,27.3142857143,27.3857142857,27.5428571429,27.9857142857,0.1478333,0.2614,0.00735,-0.1115,-0.003125,0.11022,-0.02545,-0.1136,0.2781571,0.2918,0.1993429,0.2304,0.2477286,0.3185,0.1795429,0.2082429,0.0,14.05,33.29,9.5,17.140952380966663,17.277857142875,300.430952381,300.46071428575,27.304761904766664,27.3642857143,76.18476190473335,76.54357142855001,0.16011109450000002,0.12192082087499999,-0.005135000000000019,-0.010213750000000014,0.26400473333333346,0.24783927499999991,0.2525381000000001,0.23428929999999995,38.33000000000001,37.06999999999997,-0.5680647467311559,0.8229838658936564,1.9459101490553132
sj,2002,48,2002-11-26,-0.005633333,-0.03725,0.2773286,0.2907286,11.61,300.048571429,300.128571429,296.092857143,302.3,297.8,22.77,78.9628571429,11.61,17.51,2.48571428571,26.9857142857,7.0,32.2,21.7,28.0,5,17.3385714286,16.8185714286,17.2657142857,17.6885714286,295.942857143,295.447142857,295.852857143,296.24,78.6057142857,73.7814285714,76.1671428571,77.62,299.885714286,300.757142857,300.65,300.55,27.2142857143,27.3142857143,27.3857142857,27.5428571429,0.0710999835,0.1478333,0.2614,0.00735,-0.1225,-0.003125,0.11022,-0.02545,0.2220571,0.2781571,0.2918,0.1993429,0.1913857,0.2477286,0.3185,0.1795429,100.94,0.0,14.05,33.29,17.222380952399998,17.233214285725,300.25714285733335,300.355357143,27.171428571433335,27.225,77.11666666666666,76.879285714275,0.0710999835,0.118674987625,-0.05429166666666668,-0.013163750000000014,0.2591809333333334,0.26733569999999995,0.24328096666666674,0.26208572499999994,37.51666666666668,31.649999999999974,-0.4647231720437684,0.88545602565321,1.791759469228055
sj,2002,49,2002-12-03,-0.2439,-0.1209333,0.2790857,0.2488429,0.0,300.17,300.314285714,295.205714286,302.0,298.0,5.9,74.3728571429,0.0,16.5785714286,2.71428571429,26.4285714286,7.28571428571,31.1,21.7,2.9,5,17.51,17.3385714286,16.8185714286,17.2657142857,296.092857143,295.942857143,295.447142857,295.852857143,78.9628571429,78.6057142857,73.7814285714,76.1671428571,300.128571429,299.885714286,300.757142857,300.65,26.9857142857,27.2142857143,27.3142857143,27.3857142857,-0.005633333,0.0710999835,0.1478333,0.2614,-0.03725,-0.1225,-0.003125,0.11022,0.2773286,0.2220571,0.2781571,0.2918,0.2907286,0.1913857,0.2477286,0.3185,11.61,100.94,0.0,14.05,17.1423809524,17.06142857145,300.10952380966665,300.2714285715,26.876190476199998,26.985714285725,77.31380952383334,76.430714285725,-0.059477783166666666,-0.007650012375000008,-0.09356110000000002,-0.070952075,0.2594904666666667,0.26415712499999994,0.2436524000000001,0.24467144999999996,37.51666666666668,28.13749999999997,-0.35460488704253595,0.9350162426854147,1.791759469228055
sj,2002,50,2002-12-10,-0.1743,-0.0723,0.1993,0.1713,7.32,299.892857143,299.928571429,294.978571429,301.4,298.3,7.45,74.5171428571,7.32,16.3271428571,1.77142857143,26.0714285714,6.64285714286,30.0,21.7,40.6,9,16.5785714286,17.51,17.3385714286,16.8185714286,295.205714286,296.092857143,295.942857143,295.447142857,74.3728571429,78.9628571429,78.6057142857,73.7814285714,300.314285714,300.128571429,299.885714286,300.757142857,26.4285714286,26.9857142857,27.2142857143,27.3142857143,-0.2439,-0.005633333,0.0710999835,0.1478333,-0.1209333,-0.03725,-0.1225,-0.003125,0.2790857,0.2773286,0.2220571,0.2781571,0.2488429,0.2907286,0.1913857,0.2477286,0.0,11.61,100.94,0.0,16.80523809523333,16.938571428575003,300.123809524,300.0642857145,26.495238095233333,26.675,75.95095238096667,76.61464285715,-0.1412777776666667,-0.088183337375,-0.07682776666666669,-0.08824582500000001,0.2519047666666667,0.24444284999999993,0.23695716666666677,0.22556429999999997,6.310000000000014,29.967499999999973,-0.2393156642875578,0.970941817426052,2.302585092994046
sj,2002,51,2002-12-17,-0.043,-0.12895,0.1854143,0.2088,0.0,299.378571429,299.6,294.577142857,301.2,297.7,8.3,74.9428571429,0.0,15.9185714286,2.37142857143,25.9285714286,6.97142857143,30.6,21.7,18.6,3,16.3271428571,16.5785714286,17.51,17.3385714286,294.978571429,295.205714286,296.092857143,295.942857143,74.5171428571,74.3728571429,78.9628571429,78.6057142857,299.928571429,300.314285714,300.128571429,299.885714286,26.0714285714,26.4285714286,26.9857142857,27.2142857143,-0.1743,-0.2439,-0.005633333,0.0710999835,-0.0723,-0.1209333,-0.03725,-0.1225,0.1993,0.2790857,0.2773286,0.2220571,0.1713,0.2488429,0.2907286,0.1913857,7.32,0.0,11.61,100.94,16.27476190476666,16.583571428575,299.94761904766665,299.992857143,26.142857142866664,26.353571428575,74.61095238096667,75.69892857145,-0.15373333333333333,-0.11670833325000002,-0.10739443333333336,-0.08985832500000002,0.22126666666666672,0.2352821499999999,0.20964763333333344,0.229917875,2.440000000000014,4.7324999999999715,-0.12053668025532363,0.992708874098054,1.3862943611198906
sj,2002,52,2002-12-24,0.0358,-0.2528,0.2434333,0.1369286,6.58,298.638571429,298.807142857,294.805714286,301.1,296.7,19.7,79.4828571429,6.58,16.16,2.78571428571,25.7,5.77142857143,29.4,22.2,31.7,6,15.9185714286,16.3271428571,16.5785714286,17.51,294.577142857,294.978571429,295.205714286,296.092857143,74.9428571429,74.5171428571,74.3728571429,78.9628571429,299.6,299.928571429,300.314285714,300.128571429,25.9285714286,26.0714285714,26.4285714286,26.9857142857,-0.043,-0.1743,-0.2439,-0.005633333,-0.12895,-0.0723,-0.1209333,-0.03725,0.1854143,0.1993,0.2790857,0.2773286,0.2088,0.1713,0.2488429,0.2907286,0.0,7.32,0.0,11.61,16.13523809523333,16.246071428575,299.4452380953333,299.6625,25.900000000000002,26.03214285715,76.3142857143,75.82892857145,-0.0605,-0.10635000000000001,-0.15135,-0.14374582500000002,0.20938253333333343,0.22680832499999995,0.1723428666666668,0.19146787499999998,4.633333333333348,3.4749999999999717,6.432490598706546e-16,1.0,1.9459101490553132
sj,2003,1,2003-01-01,-0.07195,-0.04525,0.2304571,0.1757143,0.0,298.041428571,298.085714286,294.381428571,300.3,295.8,20.5,80.3085714286,0.0,15.8457142857,1.65714285714,25.0571428571,5.87142857143,28.9,21.1,25.7,11,16.16,15.9185714286,16.3271428571,16.5785714286,294.805714286,294.577142857,294.978571429,295.205714286,79.4828571429,74.9428571429,74.5171428571,74.3728571429,298.807142857,299.6,299.928571429,300.314285714,25.7,25.9285714286,26.0714285714,26.4285714286,0.0358,-0.043,-0.1743,-0.2439,-0.2528,-0.12895,-0.0723,-0.1209333,0.2434333,0.1854143,0.1993,0.2790857,0.1369286,0.2088,0.1713,0.2488429,6.58,0.0,7.32,0.0,15.974761904766664,16.06285714285,298.83095238100003,299.105357143,25.5619047619,25.689285714275,78.2447619048,77.312857142875,-0.02638333333333333,-0.06336250000000002,-0.14233333333333334,-0.12482500000000002,0.2197682333333334,0.21465117499999994,0.1738143000000001,0.17318572499999998,2.1933333333333476,3.4749999999999717,0.12053668025532305,0.992708874098054,2.4849066497880004
sj,2003,2,2003-01-08,-0.2,-0.07096667,0.18055,0.1824833,0.0,298.615714286,298.721428571,294.604285714,300.7,296.8,36.6,78.6714285714,0.0,15.94,2.04285714286,25.4571428571,6.65714285714,30.0,21.1,35.3,7,15.8457142857,16.16,15.9185714286,16.3271428571,294.381428571,294.805714286,294.577142857,294.978571429,80.3085714286,79.4828571429,74.9428571429,74.5171428571,298.085714286,298.807142857,299.6,299.928571429,25.0571428571,25.7,25.9285714286,26.0714285714,-0.07195,0.0358,-0.043,-0.1743,-0.04525,-0.2528,-0.12895,-0.0723,0.2304571,0.2434333,0.1854143,0.1993,0.1757143,0.1369286,0.2088,0.1713,0.0,6.58,0.0,7.32,15.981904761899996,15.966071428574999,298.5380952379999,298.8035714285,25.404761904733334,25.5357142857,79.48761904763334,78.35142857145,-0.07871666666666667,-0.0697875,-0.12300555666666668,-0.12449166750000001,0.21814680000000006,0.20996367499999993,0.16504206666666676,0.17598155,2.1933333333333476,1.6449999999999716,0.23931566428755774,0.970941817426052,2.0794415416798357
sj,2003,3,2003-01-15,0.0466,0.008225,0.2926429,0.2266286,0.0,298.861428571,299.121428571,294.217142857,301.1,296.0,2.5,75.7028571429,0.0,15.5871428571,3.07142857143,25.7285714286,7.94285714286,31.1,20.6,0.0,7,15.94,15.8457142857,16.16,15.9185714286,294.604285714,294.381428571,294.805714286,294.577142857,78.6714285714,80.3085714286,79.4828571429,74.9428571429,298.721428571,298.085714286,298.807142857,299.6,25.4571428571,25.0571428571,25.7,25.9285714286,-0.2,-0.07195,0.0358,-0.043,-0.07096667,-0.04525,-0.2528,-0.12895,0.18055,0.2304571,0.2434333,0.1854143,0.1824833,0.1757143,0.1369286,0.2088,0.0,0.0,6.58,0.0,15.790952380933328,15.8832142857,298.6428571426666,298.68392857124996,25.41428571426667,25.4857142857,78.22761904763333,78.54142857145,-0.07511666666666668,-0.04738750000000001,-0.035997223333333335,-0.09019791750000002,0.23455000000000006,0.2367708249999999,0.19494206666666677,0.18043869999999998,0.0,1.6449999999999716,0.3546048870425356,0.9350162426854148,2.0794415416798357
sj,2003,4,2003-01-22,0.05374,0.071375,0.1781714,0.1565714,0.0,299.042857143,299.35,294.268571429,301.0,297.4,3.6,75.0157142857,0.0,15.6,2.7,25.6857142857,7.44285714286,30.6,21.1,2.9,15,15.5871428571,15.94,15.8457142857,16.16,294.217142857,294.604285714,294.381428571,294.805714286,75.7028571429,78.6714285714,80.3085714286,79.4828571429,299.121428571,298.721428571,298.085714286,298.807142857,25.7285714286,25.4571428571,25.0571428571,25.7,0.0466,-0.2,-0.07195,0.0358,0.008225,-0.07096667,-0.04525,-0.2528,0.2926429,0.18055,0.2304571,0.2434333,0.2266286,0.1824833,0.1757143,0.1369286,0.0,0.0,0.0,6.58,15.709047619033328,15.7432142857,299.06428571400005,298.819642857,25.623809523800002,25.482142857124998,76.46333333333332,77.42464285715,-0.033220000000000006,-0.04290250000000001,0.002877776666666665,-0.009154167500000015,0.21712143333333342,0.22045534999999994,0.18856110000000012,0.1853494,0.0,0.0,0.4647231720437685,0.8854560256532099,2.772588722239781
sj,2003,5,2003-01-29,0.0214,0.0542,0.08465,0.1010286,0.0,298.181428571,298.357142857,294.337142857,301.1,296.4,32.3,79.5171428571,0.0,15.7,2.65714285714,25.3285714286,7.1,30.6,20.6,59.7,9,15.6,15.5871428571,15.94,15.8457142857,294.268571429,294.217142857,294.604285714,294.381428571,75.0157142857,75.7028571429,78.6714285714,80.3085714286,299.35,299.121428571,298.721428571,298.085714286,25.6857142857,25.7285714286,25.4571428571,25.0571428571,0.05374,0.0466,-0.2,-0.07195,0.071375,0.008225,-0.07096667,-0.04525,0.1781714,0.2926429,0.18055,0.2304571,0.1565714,0.2266286,0.1824833,0.1757143,0.0,0.0,0.0,0.0,15.62904761903333,15.706785714275,298.9428571426667,298.88749999975,25.580952380966664,25.549999999999997,76.74523809523333,77.226785714275,0.04057999999999999,-0.01956500000000001,0.044599999999999994,0.015708332499999984,0.18515476666666675,0.18400357499999995,0.1614095333333334,0.16667797499999995,0.0,0.0,0.5680647467311558,0.8229838658936564,2.302585092994046
sj,2003,6,2003-02-05,0.0567,0.0702,0.1939857,0.1746714,25.2,298.211428571,298.321428571,294.257142857,300.9,296.4,18.4,78.8414285714,25.2,15.63,2.7,25.2,6.97142857143,29.4,21.1,19.4,6,15.7,15.6,15.5871428571,15.94,294.337142857,294.268571429,294.217142857,294.604285714,79.5171428571,75.0157142857,75.7028571429,78.6714285714,298.357142857,299.35,299.121428571,298.721428571,25.3285714286,25.6857142857,25.7285714286,25.4571428571,0.0214,0.05374,0.0466,-0.2,0.0542,0.071375,0.008225,-0.07096667,0.08465,0.1781714,0.2926429,0.18055,0.1010286,0.1565714,0.2266286,0.1824833,0.0,0.0,0.0,0.0,15.643333333333329,15.629285714275,298.67619047600004,298.78749999975,25.40476190476667,25.485714285725,77.79142857139999,77.269285714275,0.043946666666666655,0.04461,0.06525833333333332,0.050999999999999976,0.15226903333333341,0.18736249999999993,0.14409046666666678,0.16472499999999998,8.400000000000015,6.299999999999971,0.6631226582407952,0.7485107481711011,1.9459101490553132
sj,2003,7,2003-02-12,0.0291,-0.09663333,0.1922667,0.2225,68.17,298.37,298.435714286,294.577142857,300.3,296.3,33.6,79.7242857143,68.17,15.9142857143,2.32857142857,25.4,6.17142857143,29.4,21.7,37.1,6,15.63,15.7,15.6,15.5871428571,294.257142857,294.337142857,294.268571429,294.217142857,78.8414285714,79.5171428571,75.0157142857,75.7028571429,298.321428571,298.357142857,299.35,299.121428571,25.2,25.3285714286,25.6857142857,25.7285714286,0.0567,0.0214,0.05374,0.0466,0.0702,0.0542,0.071375,0.008225,0.1939857,0.08465,0.1781714,0.2926429,0.1746714,0.1010286,0.1565714,0.2266286,25.2,0.0,0.0,0.0,15.748095238099994,15.711071428575,298.3714285713333,298.61607142850005,25.30952380953333,25.403571428575,79.36095238093334,78.274642857125,0.03573333333333332,0.04023499999999999,0.009255556666666664,0.024785417499999983,0.15696746666666675,0.16226844999999995,0.16606666666666678,0.16369284999999997,31.12333333333335,23.342499999999973,0.7485107481711011,0.6631226582407953,1.9459101490553132
sj,2003,8,2003-02-19,0.0015,-0.03445,0.1614286,0.1584857,0.0,298.78,299.0,294.025714286,300.9,297.3,9.7,75.0771428571,0.0,15.37,2.65714285714,25.5857142857,7.05714285714,30.6,20.6,7.4,6,15.9142857143,15.63,15.7,15.6,294.577142857,294.257142857,294.337142857,294.268571429,79.7242857143,78.8414285714,79.5171428571,75.0157142857,298.435714286,298.321428571,298.357142857,299.35,25.4,25.2,25.3285714286,25.6857142857,0.0291,0.0567,0.0214,0.05374,-0.09663333,0.0702,0.0542,0.071375,0.1922667,0.1939857,0.08465,0.1781714,0.2225,0.1746714,0.1010286,0.1565714,68.17,25.2,0.0,0.0,15.638095238099995,15.653571428574999,298.58571428566665,298.52857142849996,25.395238095233335,25.378571428575,77.88095238093332,78.28999999997501,0.02909999999999999,0.02717499999999999,-0.020294443333333335,-0.001670832500000016,0.18256033333333344,0.15808274999999997,0.18521903333333342,0.16417142499999998,31.12333333333335,23.342499999999973,0.8229838658936564,0.5680647467311559,1.9459101490553132
sj,2003,9,2003-02-26,-0.03046667,-0.0001,0.1286333,0.1561167,0.0,298.67,298.835714286,293.854285714,300.6,296.9,7.2,74.7342857143,0.0,15.1942857143,2.3,25.6285714286,6.74285714286,30.0,21.1,8.2,7,15.37,15.9142857143,15.63,15.7,294.025714286,294.577142857,294.257142857,294.337142857,75.0771428571,79.7242857143,78.8414285714,79.5171428571,299.0,298.435714286,298.321428571,298.357142857,25.5857142857,25.4,25.2,25.3285714286,0.0015,0.0291,0.0567,0.0214,-0.03445,-0.09663333,0.0702,0.0542,0.1614286,0.1922667,0.1939857,0.08465,0.1584857,0.2225,0.1746714,0.1010286,0.0,68.17,25.2,0.0,15.492857142866661,15.527142857149999,298.75714285733335,298.64821428575,25.5380952381,25.453571428574996,76.5119047619,77.094285714275,4.44433333333244e-05,0.014208332499999993,-0.04372777666666666,-0.015245832500000016,0.16077620000000006,0.16907857499999995,0.17903413333333343,0.17794344999999998,22.723333333333347,23.342499999999973,0.8854560256532099,0.4647231720437686,2.0794415416798357
sj,2003,10,2003-03-05,-0.20635,-0.141,0.3221857,0.2998286,0.0,298.735714286,298.992857143,293.475714286,300.7,296.9,0.5,72.69,0.0,14.8728571429,3.01428571429,25.2857142857,8.04285714286,29.4,20.6,5.1,10,15.1942857143,15.37,15.9142857143,15.63,293.854285714,294.025714286,294.577142857,294.257142857,74.7342857143,75.0771428571,79.7242857143,78.8414285714,298.835714286,299.0,298.435714286,298.321428571,25.6285714286,25.5857142857,25.4,25.2,-0.03046667,0.0015,0.0291,0.0567,-0.0001,-0.03445,-0.09663333,0.0702,0.1286333,0.1614286,0.1922667,0.1939857,0.1561167,0.1584857,0.2225,0.1746714,0.0,0.0,68.17,25.2,15.145714285733327,15.337857142875,298.942857143,298.81607142875,25.5,25.475,74.16714285713333,75.556428571425,-0.07843889000000001,-0.05155416750000001,-0.05851666666666666,-0.06804583250000001,0.2040825333333334,0.20112857499999995,0.20481033333333343,0.20923275,0.0,17.042499999999972,0.9350162426854148,0.35460488704253557,2.3978952727983707
sj,2003,11,2003-03-12,0.02535,0.0481,0.1018429,0.1365286,0.0,299.004285714,299.271428571,294.108571429,300.9,297.1,2.7,74.6085714286,0.0,15.49,2.62857142857,26.5428571429,7.38571428571,31.1,21.7,2.6,8,14.8728571429,15.1942857143,15.37,15.9142857143,293.475714286,293.854285714,294.025714286,294.577142857,72.69,74.7342857143,75.0771428571,79.7242857143,298.992857143,298.835714286,299.0,298.435714286,25.2857142857,25.6285714286,25.5857142857,25.4,-0.20635,-0.03046667,0.0015,0.0291,-0.141,-0.0001,-0.03445,-0.09663333,0.3221857,0.1286333,0.1614286,0.1922667,0.2998286,0.1561167,0.1584857,0.2225,0.0,0.0,0.0,68.17,15.185714285733328,15.231785714299999,299.0333333333333,299.025,25.819047619066666,25.760714285725,74.01095238096667,74.2775,-0.07048889000000001,-0.052491667500000005,-0.03099999999999999,-0.03186250000000001,0.18422063333333338,0.17852262499999993,0.19749130000000012,0.1877399,0.0,0.0,0.970941817426052,0.23931566428755804,2.1972245773362196
sj,2003,12,2003-03-19,-0.05203333,0.01422,0.1556429,0.1822714,0.0,298.881428571,299.057142857,293.484285714,300.8,297.4,1.8,72.1357142857,0.0,14.8842857143,2.42857142857,26.4571428571,7.92857142857,31.1,21.7,1.3,7,15.49,14.8728571429,15.1942857143,15.37,294.108571429,293.475714286,293.854285714,294.025714286,74.6085714286,72.69,74.7342857143,75.0771428571,299.271428571,298.992857143,298.835714286,299.0,26.5428571429,25.2857142857,25.6285714286,25.5857142857,0.02535,-0.20635,-0.03046667,0.0015,0.0481,-0.141,-0.0001,-0.03445,0.1018429,0.3221857,0.1286333,0.1614286,0.1365286,0.2998286,0.1561167,0.1584857,0.0,0.0,0.0,0.0,15.082380952399994,15.110357142875,299.107142857,299.03928571425,26.09523809523333,25.978571428575002,73.14476190476667,73.54214285715,-0.07767777666666668,-0.065875,-0.026226666666666662,-0.019695000000000008,0.1932238333333334,0.17707619999999993,0.20620953333333344,0.19368632499999996,0.0,0.0,0.992708874098054,0.120536680255323,2.0794415416798357
sj,2003,13,2003-03-26,-0.1169,-0.091575,0.1527286,0.1867714,0.0,298.752857143,299.035714286,293.801428571,301.6,296.3,7.3,74.3257142857,0.0,15.2214285714,3.75714285714,26.9285714286,7.05714285714,32.2,22.8,2.0,12,14.8842857143,15.49,14.8728571429,15.1942857143,293.484285714,294.108571429,293.475714286,293.854285714,72.1357142857,74.6085714286,72.69,74.7342857143,299.057142857,299.271428571,298.992857143,298.835714286,26.4571428571,26.5428571429,25.2857142857,25.6285714286,-0.05203333,0.02535,-0.20635,-0.03046667,0.01422,0.0481,-0.141,-0.0001,0.1556429,0.1018429,0.3221857,0.1286333,0.1822714,0.1365286,0.2998286,0.1561167,0.0,0.0,0.0,0.0,15.198571428566664,15.11714285715,299.12142857133335,299.08928571424997,26.64285714286667,26.303571428575,73.69,73.44,-0.04786111000000001,-0.08748333250000001,-0.009751666666666667,-0.04256375000000001,0.1367381333333334,0.18310002499999994,0.1685238000000001,0.20134999999999997,0.0,0.0,1.0,-1.6081226496766364e-16,2.5649493574615367
sj,2003,14,2003-04-02,0.0925,-0.05085,0.1298,0.1214286,0.0,298.9,299.042857143,294.331428571,301.9,296.8,7.5,76.1342857143,0.0,15.73,3.37142857143,26.7,6.98571428571,33.3,22.2,30.0,3,15.2214285714,14.8842857143,15.49,14.8728571429,293.801428571,293.484285714,294.108571429,293.475714286,74.3257142857,72.1357142857,74.6085714286,72.69,299.035714286,299.057142857,299.271428571,298.992857143,26.9285714286,26.4571428571,26.5428571429,25.2857142857,-0.1169,-0.05203333,0.02535,-0.20635,-0.091575,0.01422,0.0481,-0.141,0.1527286,0.1556429,0.1018429,0.3221857,0.1867714,0.1822714,0.1365286,0.2998286,0.0,0.0,0.0,0.0,15.278571428566663,15.331428571425,299.04523809533333,299.10178571424996,26.695238095233332,26.65714285715,74.19857142856667,74.301071428575,-0.025477776666666684,-0.012770832500000003,-0.042735,-0.020026250000000016,0.1460571666666667,0.13500359999999995,0.16349046666666678,0.15674999999999997,0.0,0.0,0.992708874098054,-0.12053668025532288,1.3862943611198906
sj,2003,15,2003-04-09,0.12815,0.09896667,0.1515,0.1395429,38.52,298.33,298.407142857,294.542857143,301.1,296.1,43.64,79.6357142857,38.52,15.9014285714,2.7,26.4,6.17142857143,32.2,22.8,28.2,2,15.73,15.2214285714,14.8842857143,15.49,294.331428571,293.801428571,293.484285714,294.108571429,76.1342857143,74.3257142857,72.1357142857,74.6085714286,299.042857143,299.035714286,299.057142857,299.271428571,26.7,26.9285714286,26.4571428571,26.5428571429,0.0925,-0.1169,-0.05203333,0.02535,-0.05085,-0.091575,0.01422,0.0481,0.1298,0.1527286,0.1556429,0.1018429,0.1214286,0.1867714,0.1822714,0.1365286,0.0,0.0,0.0,0.0,15.617619047599996,15.434285714275001,298.82857142866663,298.88571428575,26.676190476200002,26.621428571425,76.69857142856667,75.55785714285001,0.03458333333333332,0.012929167499999995,-0.014486109999999996,-0.007309582500000016,0.14467620000000006,0.14741787499999992,0.14924763333333346,0.15750357499999998,12.840000000000016,9.629999999999972,0.9709418174260521,-0.2393156642875575,1.0986122886681096
sj,2003,16,2003-04-16,0.025074999999999986,-0.0029,0.07464286,0.09557143,5.96,298.702857143,298.771428571,295.007142857,301.3,296.8,23.5,80.2414285714,5.96,16.3814285714,2.74285714286,26.4285714286,6.68571428571,31.7,22.8,46.5,7,15.9014285714,15.73,15.2214285714,14.8842857143,294.542857143,294.331428571,293.801428571,293.484285714,79.6357142857,76.1342857143,74.3257142857,72.1357142857,298.407142857,299.042857143,299.035714286,299.057142857,26.4,26.7,26.9285714286,26.4571428571,0.12815,0.0925,-0.1169,-0.05203333,0.09896667,-0.05085,-0.091575,0.01422,0.1515,0.1298,0.1527286,0.1556429,0.1395429,0.1214286,0.1867714,0.1822714,38.52,0.0,0.0,0.0,16.00428571426666,15.80857142855,298.74047619033337,298.81428571425,26.509523809533334,26.6142857143,78.67047619046667,77.584285714275,0.08190833333333332,0.03220624999999999,0.015072223333333334,-0.011589582500000015,0.11864762000000006,0.12716786499999994,0.11884764333333343,0.1358285825,14.826666666666682,11.119999999999973,0.9350162426854148,-0.35460488704253545,2.0794415416798357
sj,2003,17,2003-04-23,-0.078,-0.1252,0.1486714,0.1594714,389.6,298.445714286,298.421428571,295.482857143,301.4,296.3,111.7,83.7514285714,389.6,16.8857142857,2.78571428571,25.3571428571,6.42857142857,30.6,20.6,88.2,5,16.3814285714,15.9014285714,15.73,15.2214285714,295.007142857,294.542857143,294.331428571,293.801428571,80.2414285714,79.6357142857,76.1342857143,74.3257142857,298.771428571,298.407142857,299.042857143,299.035714286,26.4285714286,26.4,26.7,26.9285714286,0.025074999999999986,0.12815,0.0925,-0.1169,-0.0029,0.09896667,-0.05085,-0.091575,0.07464286,0.1515,0.1298,0.1527286,0.09557143,0.1395429,0.1214286,0.1867714,5.96,38.52,0.0,0.0,16.389523809499995,16.224642857125,298.533333333,298.6607142855,26.0619047619,26.221428571425,81.2095238095,79.94071428570001,0.025074999999999983,0.04193124999999999,-0.009711110000000004,-0.019995832500000015,0.12493808666666674,0.12615356499999994,0.13152857666666679,0.1290035825,144.69333333333336,108.51999999999998,0.8854560256532099,-0.4647231720437685,1.791759469228055
sj,2003,18,2003-04-30,0.0681,0.0355,0.2512714,0.2120714,26.56,299.185714286,299.4,295.447142857,302.3,296.8,15.2,80.0714285714,26.56,16.8328571429,3.08571428571,26.9285714286,6.5,32.2,23.3,75.2,5,16.8857142857,16.3814285714,15.9014285714,15.73,295.482857143,295.007142857,294.542857143,294.331428571,83.7514285714,80.2414285714,79.6357142857,76.1342857143,298.421428571,298.771428571,298.407142857,299.042857143,25.3571428571,26.4285714286,26.4,26.7,-0.078,0.025074999999999986,0.12815,0.0925,-0.1252,-0.0029,0.09896667,-0.05085,0.1486714,0.07464286,0.1515,0.1298,0.1594714,0.09557143,0.1395429,0.1214286,389.6,5.96,38.52,0.0,16.699999999999996,16.50035714285,298.864285714,298.74999999975,26.2380952381,26.278571428575,81.35476190473334,80.924999999975,0.0050583333333333175,0.035831249999999995,-0.03086666666666667,0.0015916674999999839,0.15819522000000008,0.15652141499999994,0.15570474333333348,0.15166428249999997,140.70666666666668,115.15999999999998,0.8229838658936565,-0.5680647467311557,1.791759469228055
sj,2003,19,2003-05-07,-0.0477,0.072125,0.2656833,0.2382143,16.65,300.038571429,300.207142857,295.18,302.2,298.3,1.5,74.8085714286,16.65,16.5171428571,3.01428571429,27.6428571429,7.57142857143,32.8,23.3,2.5,7,16.8328571429,16.8857142857,16.3814285714,15.9014285714,295.447142857,295.482857143,295.007142857,294.542857143,80.0714285714,83.7514285714,80.2414285714,79.6357142857,299.4,298.421428571,298.771428571,298.407142857,26.9285714286,25.3571428571,26.4285714286,26.4,0.0681,-0.078,0.025074999999999986,0.12815,0.0355,-0.1252,-0.0029,0.09896667,0.2512714,0.1486714,0.07464286,0.1515,0.2120714,0.1594714,0.09557143,0.1395429,26.56,389.6,5.96,38.52,16.74523809523333,16.654285714275,299.3428571426667,299.19999999975,26.64285714286667,26.589285714299997,79.54380952380001,79.7182142857,-0.019200000000000012,-0.008131250000000005,-0.00585833333333334,-0.005118750000000019,0.22187536666666674,0.18506723999999997,0.2032523666666668,0.17633213249999996,144.27,109.69249999999998,0.7485107481711013,-0.663122658240795,2.0794415416798357
sj,2003,20,2003-05-14,0.01485,-0.0432,0.1687571,0.1725429,10.86,299.577142857,299.728571429,294.601428571,301.5,297.7,7.7,74.23,10.86,15.93,2.71428571429,26.9,6.82857142857,31.1,22.8,7.0,7,16.5171428571,16.8328571429,16.8857142857,16.3814285714,295.18,295.447142857,295.482857143,295.007142857,74.8085714286,80.0714285714,83.7514285714,80.2414285714,300.207142857,299.4,298.421428571,298.771428571,27.6428571429,26.9285714286,25.3571428571,26.4285714286,-0.0477,0.0681,-0.078,0.025074999999999986,0.072125,0.0355,-0.1252,-0.0029,0.2656833,0.2512714,0.1486714,0.07464286,0.2382143,0.2120714,0.1594714,0.09557143,16.65,26.56,389.6,5.96,16.426666666666662,16.541428571425,299.7785714286667,299.43928571425,27.157142857166665,26.70714285715,76.37,78.21535714285,0.01174999999999999,-0.0106875,0.021474999999999994,-0.01519375000000002,0.22857060000000007,0.20859579999999994,0.20760953333333343,0.19557499999999997,18.02333333333333,110.91749999999998,0.6631226582407952,-0.7485107481711012,2.0794415416798357
sj,2003,21,2003-05-21,-0.015425,0.0041,0.1526143,0.1243571,60.93,299.634285714,299.707142857,295.184285714,301.5,298.0,13.76,76.7042857143,60.93,16.5728571429,2.32857142857,27.0571428571,6.77142857143,31.1,22.8,10.1,7,15.93,16.5171428571,16.8328571429,16.8857142857,294.601428571,295.18,295.447142857,295.482857143,74.23,74.8085714286,80.0714285714,83.7514285714,299.728571429,300.207142857,299.4,298.421428571,26.9,27.6428571429,26.9285714286,25.3571428571,0.01485,-0.0477,0.0681,-0.078,-0.0432,0.072125,0.0355,-0.1252,0.1687571,0.2656833,0.2512714,0.1486714,0.1725429,0.2382143,0.2120714,0.1594714,10.86,16.65,26.56,389.6,16.339999999999993,16.463214285724998,299.880952381,299.76071428575,27.2,27.13214285715,75.24761904763334,76.453571428575,-0.016091666666666674,0.004956249999999999,0.011008333333333328,0.017131249999999983,0.19568490000000005,0.20958152499999996,0.1783714333333334,0.18679642499999996,29.48,28.74999999999997,0.5680647467311558,-0.8229838658936564,2.0794415416798357
sj,2003,22,2003-05-28,-0.0457,-0.007566667,0.1959143,0.1780571,111.7,299.508571429,299.685714286,296.017142857,301.8,297.0,28.3,81.2914285714,111.7,17.4242857143,2.4,27.7571428571,6.75714285714,32.2,22.8,22.9,7,16.5728571429,15.93,16.5171428571,16.8328571429,295.184285714,294.601428571,295.18,295.447142857,76.7042857143,74.23,74.8085714286,80.0714285714,299.707142857,299.728571429,300.207142857,299.4,27.0571428571,26.9,27.6428571429,26.9285714286,-0.015425,0.01485,-0.0477,0.0681,0.0041,-0.0432,0.072125,0.0355,0.1526143,0.1687571,0.2656833,0.2512714,0.1243571,0.1725429,0.2382143,0.2120714,60.93,10.86,16.65,26.56,16.642380952399996,16.611071428575002,299.70714285733334,299.83214285725,27.238095238066666,27.339285714274997,77.40857142856667,76.758571428575,-0.015425000000000008,-0.02349375,-0.01555555566666667,0.006364583249999983,0.17242856666666673,0.19574224999999995,0.15831903333333344,0.17829284999999997,61.163333333333334,50.03499999999997,0.46472317204376906,-0.8854560256532096,2.0794415416798357
sj,2003,23,2003-06-04,0.002466665,0.06276667,0.1974571,0.175,9.1,300.091428571,300.335714286,295.555714286,302.4,298.2,1.6,76.3342857143,9.1,16.9014285714,2.72857142857,27.9714285714,7.38571428571,32.2,22.8,3.3,10,17.4242857143,16.5728571429,15.93,16.5171428571,296.017142857,295.184285714,294.601428571,295.18,81.2914285714,76.7042857143,74.23,74.8085714286,299.685714286,299.707142857,299.728571429,300.207142857,27.7571428571,27.0571428571,26.9,27.6428571429,-0.0457,-0.015425,0.01485,-0.0477,-0.007566667,0.0041,-0.0432,0.072125,0.1959143,0.1526143,0.1687571,0.2656833,0.1780571,0.1243571,0.1725429,0.2382143,111.7,60.93,10.86,16.65,16.966190476199998,16.70714285715,299.90952380966667,299.8642857145,27.5952380952,27.4214285714,78.11,77.14,-0.019552778333333343,-0.01095208375,0.019766667666666664,0.004025000749999983,0.18199523333333337,0.17868569999999995,0.15913806666666677,0.162489275,60.576666666666675,48.14749999999997,0.35460488704253584,-0.9350162426854147,2.3978952727983707
sj,2003,24,2003-06-11,0.05063333,0.055875,0.10935,0.09871429,18.25,299.752857143,299.842857143,295.397142857,301.6,297.8,20.1,77.1414285714,18.25,16.7585714286,2.71428571429,27.4,6.65714285714,31.1,22.8,33.8,13,16.9014285714,17.4242857143,16.5728571429,15.93,295.555714286,296.017142857,295.184285714,294.601428571,76.3342857143,81.2914285714,76.7042857143,74.23,300.335714286,299.685714286,299.707142857,299.728571429,27.9714285714,27.7571428571,27.0571428571,26.9,0.002466665,-0.0457,-0.015425,0.01485,0.06276667,-0.007566667,0.0041,-0.0432,0.1974571,0.1959143,0.1526143,0.1687571,0.175,0.1780571,0.1243571,0.1725429,9.1,111.7,60.93,10.86,17.028095238099993,16.9142857143,299.954761905,299.892857143,27.7095238095,27.5464285714,78.2557142857,77.86785714285,0.0024666649999999907,-0.0020062512500000004,0.037025000999999995,0.028793750749999986,0.16757380000000008,0.16383392499999996,0.15059046333333345,0.14403212249999997,46.35,49.994999999999976,0.23931566428755768,-0.970941817426052,2.639057329615259
sj,2003,25,2003-06-18,0.0675,0.0484,0.1730429,0.1369857,39.21,299.885714286,300.014285714,295.631428571,301.6,297.9,21.81,77.7314285714,39.21,17.0228571429,2.45714285714,27.4714285714,5.58571428571,30.6,23.9,36.6,10,16.7585714286,16.9014285714,17.4242857143,16.5728571429,295.397142857,295.555714286,296.017142857,295.184285714,77.1414285714,76.3342857143,81.2914285714,76.7042857143,299.842857143,300.335714286,299.685714286,299.707142857,27.4,27.9714285714,27.7571428571,27.0571428571,0.05063333,0.002466665,-0.0457,-0.015425,0.055875,0.06276667,-0.007566667,0.0041,0.10935,0.1974571,0.1959143,0.1526143,0.09871429,0.175,0.1780571,0.1243571,18.25,9.1,111.7,60.93,16.894285714299997,17.0267857143,300.0642857143333,299.96964285725,27.614285714266668,27.649999999974998,77.06904761903333,78.124642857125,0.04019999833333333,0.01872499875,0.05568055666666666,0.03986875074999998,0.15995000000000006,0.16894107499999994,0.13689999666666677,0.14718927249999997,22.186666666666667,44.56499999999997,0.12053668025532308,-0.992708874098054,2.3978952727983707
sj,2003,26,2003-06-25,-0.1798,-0.05245,0.1182714,0.1597286,17.92,299.911428571,300.142857143,296.352857143,301.9,298.5,18.4,80.98,17.92,17.7542857143,2.4,28.0285714286,6.04285714286,32.2,24.4,0.6,14,17.0228571429,16.7585714286,16.9014285714,17.4242857143,295.631428571,295.397142857,295.555714286,296.017142857,77.7314285714,77.1414285714,76.3342857143,81.2914285714,300.014285714,299.842857143,300.335714286,299.685714286,27.4714285714,27.4,27.9714285714,27.7571428571,0.0675,0.05063333,0.002466665,-0.0457,0.0484,0.055875,0.06276667,-0.007566667,0.1730429,0.10935,0.1974571,0.1959143,0.1369857,0.09871429,0.175,0.1780571,39.21,18.25,9.1,111.7,17.178571428599994,17.1092857143,300.0,300.0839285715,27.633333333333336,27.71785714285,78.6176190476,78.046785714275,-0.02055555666666667,-0.01480000125,0.017275,0.02864791749999998,0.13355476666666674,0.14953034999999995,0.1318095300000001,0.14260714749999998,25.126666666666665,21.119999999999973,-3.216245299353273e-16,-1.0,2.70805020110221
sj,2003,27,2003-07-02,-0.0853,0.02575,0.2083857,0.2085571,0.0,300.355714286,300.5,296.362857143,302.0,298.4,5.8,78.9285714286,0.0,17.7442857143,2.54285714286,28.6428571429,6.1,32.8,24.4,13.0,11,17.7542857143,17.0228571429,16.7585714286,16.9014285714,296.352857143,295.631428571,295.397142857,295.555714286,80.98,77.7314285714,77.1414285714,76.3342857143,300.142857143,300.014285714,299.842857143,300.335714286,28.0285714286,27.4714285714,27.4,27.9714285714,-0.1798,0.0675,0.05063333,0.002466665,-0.05245,0.0484,0.055875,0.06276667,0.1182714,0.1730429,0.10935,0.1974571,0.1597286,0.1369857,0.09871429,0.175,17.92,39.21,18.25,9.1,17.507142857166663,17.320000000024997,300.21904761900004,300.125,28.047619047633333,27.885714285725,79.21333333333332,78.69535714285,-0.06586666666666667,-0.0367416675,0.007233333333333331,0.019393749999999984,0.16656666666666672,0.15226249999999994,0.1684238000000001,0.15099642249999995,19.043333333333333,18.844999999999974,-0.12053668025532283,-0.992708874098054,2.4849066497880004
sj,2003,28,2003-07-09,-0.071025,0.296,0.1916857,0.175,10.83,299.927142857,299.957142857,296.1,301.8,298.1,44.04,79.6585714286,10.83,17.4871428571,2.54285714286,28.0428571429,6.18571428571,31.7,23.9,17.9,20,17.7442857143,17.7542857143,17.0228571429,16.7585714286,296.362857143,296.352857143,295.631428571,295.397142857,78.9285714286,80.98,77.7314285714,77.1414285714,300.5,300.142857143,300.014285714,299.842857143,28.6428571429,28.0285714286,27.4714285714,27.4,-0.0853,-0.1798,0.0675,0.05063333,0.02575,-0.05245,0.0484,0.055875,0.2083857,0.1182714,0.1730429,0.10935,0.2085571,0.1597286,0.1369857,0.09871429,0.0,17.92,39.21,18.25,17.661904761899994,17.50214285715,300.2,300.1535714285,28.238095238133337,28.04642857145,79.85571428573333,79.32464285715,-0.11204166666666666,-0.06715625,0.08976666666666666,0.07942499999999998,0.17278093333333336,0.17284642499999994,0.18109523333333344,0.17006784999999996,9.583333333333334,16.989999999999974,-0.23931566428755743,-0.9709418174260521,3.044522437723423
sj,2003,29,2003-07-16,-0.05675,-0.1126667,0.2248714,0.1869,62.57,300.154285714,300.342857143,296.315714286,301.7,298.4,21.9,79.7442857143,62.57,17.7242857143,1.91428571429,27.4714285714,5.88571428571,31.7,21.7,43.0,25,17.4871428571,17.7442857143,17.7542857143,17.0228571429,296.1,296.362857143,296.352857143,295.631428571,79.6585714286,78.9285714286,80.98,77.7314285714,299.957142857,300.5,300.142857143,300.014285714,28.0428571429,28.6428571429,28.0285714286,27.4714285714,-0.071025,-0.0853,-0.1798,0.0675,0.296,0.02575,-0.05245,0.0484,0.1916857,0.2083857,0.1182714,0.1730429,0.175,0.2085571,0.1597286,0.1369857,10.83,0.0,17.92,39.21,17.651904761899996,17.6775,300.26666666666665,300.23571428575,28.0523809524,28.04642857145,79.44380952383334,79.827857142875,-0.07102500000000002,-0.09821875000000001,0.06969443333333332,0.03915832499999998,0.20831426666666672,0.18580354999999993,0.19015236666666677,0.18254642499999996,24.46666666666667,22.82999999999997,-0.3546048870425356,-0.9350162426854148,3.258096538021482
sj,2003,30,2003-07-23,0.1045,0.0661,0.1618571,0.1561714,0.0,300.501428571,300.485714286,296.292857143,302.6,298.2,13.4,77.8,0.0,17.6585714286,2.8,28.1428571429,6.11428571429,32.8,23.3,8.0,17,17.7242857143,17.4871428571,17.7442857143,17.7542857143,296.315714286,296.1,296.362857143,296.352857143,79.7442857143,79.6585714286,78.9285714286,80.98,300.342857143,299.957142857,300.5,300.142857143,27.4714285714,28.0428571429,28.6428571429,28.0285714286,-0.05675,-0.071025,-0.0853,-0.1798,-0.1126667,0.296,0.02575,-0.05245,0.2248714,0.1916857,0.2083857,0.1182714,0.1869,0.175,0.2085571,0.1597286,62.57,10.83,0.0,17.92,17.623333333333328,17.653571428575,300.26190476200003,300.3214285715,27.885714285733332,28.075000000025,79.06761904763334,79.032857142875,-0.007758333333333339,-0.027143750000000008,0.08314443333333334,0.06879582499999998,0.19280473333333337,0.19669997499999994,0.17269046666666676,0.18165712499999997,24.46666666666667,18.349999999999973,-0.46472317204376806,-0.8854560256532101,2.8903717578961645
sj,2003,31,2003-07-30,0.04995,-0.03565,0.1580333,0.192,41.92,300.13,300.3,296.894285714,301.8,298.9,46.9,82.6014285714,41.92,18.3385714286,1.82857142857,27.8714285714,5.55714285714,31.7,24.4,48.9,18,17.6585714286,17.7242857143,17.4871428571,17.7442857143,296.292857143,296.315714286,296.1,296.362857143,77.8,79.7442857143,79.6585714286,78.9285714286,300.485714286,300.342857143,299.957142857,300.5,28.1428571429,27.4714285714,28.0428571429,28.6428571429,0.1045,-0.05675,-0.071025,-0.0853,0.0661,-0.1126667,0.296,0.02575,0.1618571,0.2248714,0.1916857,0.2083857,0.1561714,0.1869,0.175,0.2085571,0.0,62.57,10.83,0.0,17.90714285716666,17.80214285715,300.3761904763333,300.2714285715,27.828571428566665,27.88214285715,80.04857142856667,79.951071428575,0.03256666666666666,0.006668749999999992,-0.027405566666666662,0.05344582499999999,0.18158726666666672,0.18411187499999992,0.17835713333333345,0.17751784999999998,34.830000000000005,28.82999999999997,-0.5680647467311556,-0.8229838658936565,2.9444389791664403
sj,2003,32,2003-08-06,0.0785,0.03633333,0.2077857,0.2106714,28.0,300.38,300.571428571,296.79,302.1,298.8,22.5,80.84,28.0,18.2157142857,2.25714285714,28.0714285714,5.8,31.7,25.0,8.2,25,18.3385714286,17.6585714286,17.7242857143,17.4871428571,296.894285714,296.292857143,296.315714286,296.1,82.6014285714,77.8,79.7442857143,79.6585714286,300.3,300.485714286,300.342857143,299.957142857,27.8714285714,28.1428571429,27.4714285714,28.0428571429,0.04995,0.1045,-0.05675,-0.071025,-0.03565,0.0661,-0.1126667,0.296,0.1580333,0.1618571,0.2248714,0.1916857,0.192,0.1561714,0.1869,0.175,41.92,0.0,62.57,10.83,18.070952380966663,17.9842857143,300.4523809523334,300.425,28.028571428566664,27.889285714274997,80.4138095238,80.24642857142501,0.07764999999999998,0.04404999999999999,0.02226111,-0.011470842500000012,0.17589203333333336,0.18813687499999993,0.18628093333333343,0.18643569999999998,23.30666666666667,33.122499999999974,-0.663122658240795,-0.7485107481711013,3.258096538021482
sj,2003,33,2003-08-13,0.0348,0.0317,0.2225714,0.2039857,11.37,300.512857143,300.578571429,296.69,302.5,298.8,29.1,79.7885714286,11.37,18.1457142857,2.55714285714,27.9285714286,5.87142857143,32.2,24.4,17.0,21,18.2157142857,18.3385714286,17.6585714286,17.7242857143,296.79,296.894285714,296.292857143,296.315714286,80.84,82.6014285714,77.8,79.7442857143,300.571428571,300.3,300.485714286,300.342857143,28.0714285714,27.8714285714,28.1428571429,27.4714285714,0.0785,0.04995,0.1045,-0.05675,0.03633333,-0.03565,0.0661,-0.1126667,0.2077857,0.1580333,0.1618571,0.2248714,0.2106714,0.192,0.1561714,0.1869,28.0,41.92,0.0,62.57,18.23333333333333,18.08964285715,300.48333333333335,300.48392857150003,27.957142857133334,28.003571428575,81.07666666666667,80.2575,0.05441666666666666,0.0669375,0.010794443333333332,0.024620832499999988,0.1961301333333334,0.18756187499999993,0.20221903333333346,0.19070712499999995,27.096666666666668,20.322499999999973,-0.7485107481711011,-0.6631226582407952,3.091042453358316
sj,2003,34,2003-08-20,0.0726,0.0519,0.1617286,0.1578143,42.46,300.774285714,300.792857143,296.611428571,302.8,298.9,31.0,78.2542857143,42.46,18.0614285714,2.78571428571,28.1428571429,6.92857142857,32.2,23.9,25.7,31,18.1457142857,18.2157142857,18.3385714286,17.6585714286,296.69,296.79,296.894285714,296.292857143,79.7885714286,80.84,82.6014285714,77.8,300.578571429,300.571428571,300.3,300.485714286,27.9285714286,28.0714285714,27.8714285714,28.1428571429,0.0348,0.0785,0.04995,0.1045,0.0317,0.03633333,-0.03565,0.0661,0.2225714,0.2077857,0.1580333,0.1618571,0.2039857,0.2106714,0.192,0.1561714,11.37,28.0,41.92,0.0,18.140952380933328,18.19035714285,300.6476190476667,300.56071428575,28.047619047633333,28.003571428575,79.62761904763333,80.371071428575,0.06196666666666666,0.0589625,0.039977776666666666,0.021070832499999984,0.19736190000000006,0.18752974999999994,0.1908238000000001,0.19111784999999998,27.276666666666667,30.93749999999997,-0.8229838658936564,-0.5680647467311559,3.4657359027997265
sj,2003,35,2003-08-27,0.07988333333333333,0.1,0.2043714,0.1603571,98.68,300.668571429,300.728571429,297.048571429,302.8,298.7,50.86,80.7971428571,98.68,18.5714285714,2.54285714286,27.9142857143,6.45714285714,31.7,23.3,69.6,32,18.0614285714,18.1457142857,18.2157142857,18.3385714286,296.611428571,296.69,296.79,296.894285714,78.2542857143,79.7885714286,80.84,82.6014285714,300.792857143,300.578571429,300.571428571,300.3,28.1428571429,27.9285714286,28.0714285714,27.8714285714,0.0726,0.0348,0.0785,0.04995,0.0519,0.0317,0.03633333,-0.03565,0.1617286,0.2225714,0.2077857,0.1580333,0.1578143,0.2039857,0.2106714,0.192,42.46,11.37,28.0,41.92,18.259523809499996,18.248571428549997,300.7000000003333,300.667857143,27.995238095266668,28.014285714299998,79.61333333333333,79.92,0.06242777777777777,0.06644583333333333,0.061200000000000004,0.05498333249999998,0.19622380000000006,0.19911427499999995,0.1740523666666668,0.18320712499999997,50.836666666666666,45.127499999999976,-0.8854560256532096,-0.4647231720437691,3.4965075614664802
sj,2003,36,2003-09-03,0.08716666666666667,0.04324,0.2036286,0.2409286,86.4,300.631428571,300.75,297.418571429,302.7,298.7,63.0,82.7842857143,86.4,18.9685714286,2.18571428571,27.6857142857,6.07142857143,31.7,24.4,29.8,26,18.5714285714,18.0614285714,18.1457142857,18.2157142857,297.048571429,296.611428571,296.69,296.79,80.7971428571,78.2542857143,79.7885714286,80.84,300.728571429,300.792857143,300.578571429,300.571428571,27.9142857143,28.1428571429,27.9285714286,28.0714285714,0.07988333333333333,0.0726,0.0348,0.0785,0.1,0.0519,0.0317,0.03633333,0.2043714,0.1617286,0.2225714,0.2077857,0.1603571,0.1578143,0.2039857,0.2106714,98.68,42.46,11.37,28.0,18.5338095238,18.436785714275,300.75714285733335,300.71250000025,27.914285714299996,27.917857142875,80.61190476189999,80.40607142857499,0.07988333333333332,0.06861249999999999,0.06504666666666667,0.05670999999999998,0.18990953333333338,0.19807499999999995,0.18636666666666676,0.19077142499999997,75.84666666666668,59.72749999999998,-0.9350162426854147,-0.3546048870425359,3.295836866004329
sj,2003,37,2003-09-10,0.09445,-0.01352,0.2407,0.2419286,16.81,300.967142857,301.228571429,297.108571429,303.7,299.0,12.5,79.7042857143,16.81,18.6357142857,3.14285714286,28.7285714286,6.32857142857,34.4,25.0,20.9,35,18.9685714286,18.5714285714,18.0614285714,18.1457142857,297.418571429,297.048571429,296.611428571,296.69,82.7842857143,80.7971428571,78.2542857143,79.7885714286,300.75,300.728571429,300.792857143,300.578571429,27.6857142857,27.9142857143,28.1428571429,27.9285714286,0.08716666666666667,0.07988333333333333,0.0726,0.0348,0.04324,0.1,0.0519,0.0317,0.2036286,0.2043714,0.1617286,0.2225714,0.2409286,0.1603571,0.1578143,0.2039857,86.4,98.68,42.46,11.37,18.72523809523333,18.559285714275,300.90238095266665,300.87500000025,28.109523809533332,28.117857142875,81.09523809523334,80.38499999999999,0.08716666666666666,0.083525,0.04324,0.04540499999999999,0.2162333333333334,0.20260714999999993,0.21440476666666677,0.20025714999999997,67.29666666666667,61.08749999999998,-0.970941817426052,-0.23931566428755774,3.58351893845611
sj,2003,38,2003-09-17,-0.0939,0.086425,0.2489,0.2247429,38.7,301.142857143,301.4,296.775714286,304.3,298.8,13.9,77.3671428571,38.7,18.2985714286,3.45714285714,28.8714285714,6.48571428571,34.4,25.0,2.3,28,18.6357142857,18.9685714286,18.5714285714,18.0614285714,297.108571429,297.418571429,297.048571429,296.611428571,79.7042857143,82.7842857143,80.7971428571,78.2542857143,301.228571429,300.75,300.728571429,300.792857143,28.7285714286,27.6857142857,27.9142857143,28.1428571429,0.09445,0.08716666666666667,0.07988333333333333,0.0726,-0.01352,0.04324,0.1,0.0519,0.2407,0.2036286,0.2043714,0.1617286,0.2419286,0.2409286,0.1603571,0.1578143,16.81,86.4,98.68,42.46,18.634285714299995,18.618571428575002,301.1261904763333,301.02678571449997,28.42857142856667,28.299999999999997,79.9519047619,80.1632142857,0.029238888888888884,0.0419,0.038715,0.05403624999999998,0.23107620000000006,0.22439999999999993,0.2358667000000001,0.2169893,47.30333333333334,60.14749999999998,-0.992708874098054,-0.12053668025532357,3.367295829986474
sj,2003,39,2003-09-24,-0.0874,0.09725,0.2545714,0.2119143,99.61,300.791428571,300.914285714,297.12,303.3,298.7,26.59,80.53,99.61,18.6785714286,2.71428571429,28.0428571429,7.44285714286,33.9,22.2,76.5,37,18.2985714286,18.6357142857,18.9685714286,18.5714285714,296.775714286,297.108571429,297.418571429,297.048571429,77.3671428571,79.7042857143,82.7842857143,80.7971428571,301.4,301.228571429,300.75,300.728571429,28.8714285714,28.7285714286,27.6857142857,27.9142857143,-0.0939,0.09445,0.08716666666666667,0.07988333333333333,0.086425,-0.01352,0.04324,0.1,0.2489,0.2407,0.2036286,0.2043714,0.2247429,0.2419286,0.2409286,0.1603571,38.7,16.81,86.4,98.68,18.53761904763333,18.645357142875,301.180952381,301.07321428575,28.547619047633333,28.33214285715,79.20047619046666,80.09642857142501,-0.028950000000000007,7.916666666666489e-05,0.056718333333333336,0.053348749999999986,0.24805713333333337,0.23694999999999994,0.22619526666666678,0.2298786,51.70666666666667,60.379999999999974,-1.0,-1.8369701987210297e-16,3.6375861597263857
sj,2003,40,2003-10-01,-0.0335,0.0151,0.2174857,0.2088143,78.94,301.194285714,301.407142857,297.267142857,303.5,299.5,11.0,79.3557142857,78.94,18.8242857143,2.9,28.6,6.18571428571,32.2,25.0,9.9,41,18.6785714286,18.2985714286,18.6357142857,18.9685714286,297.12,296.775714286,297.108571429,297.418571429,80.53,77.3671428571,79.7042857143,82.7842857143,300.914285714,301.4,301.228571429,300.75,28.0428571429,28.8714285714,28.7285714286,27.6857142857,-0.0874,-0.0939,0.09445,0.08716666666666667,0.09725,0.086425,-0.01352,0.04324,0.2545714,0.2489,0.2407,0.2036286,0.2119143,0.2247429,0.2419286,0.2409286,99.61,38.7,16.81,86.4,18.600476190499993,18.6092857143,301.2404761903333,301.2375,28.504761904766667,28.560714285725002,79.08428571426667,79.239285714275,-0.07160000000000001,-0.030087500000000003,0.06625833333333334,0.04631374999999998,0.24031903333333338,0.24041427499999993,0.21515716666666676,0.22185002499999995,72.41666666666667,58.51499999999997,-0.992708874098054,0.1205366802553232,3.7376696182833684
sj,2003,41,2003-10-08,0.0204,0.03275,0.1634429,0.1103714,0.61,300.932857143,301.1,296.384285714,303.2,299.2,6.3,76.4357142857,0.61,17.8842857143,2.85714285714,28.1,6.04285714286,31.7,24.4,0.8,34,18.8242857143,18.6785714286,18.2985714286,18.6357142857,297.267142857,297.12,296.775714286,297.108571429,79.3557142857,80.53,77.3671428571,79.7042857143,301.407142857,300.914285714,301.4,301.228571429,28.6,28.0428571429,28.8714285714,28.7285714286,-0.0335,-0.0874,-0.0939,0.09445,0.0151,0.09725,0.086425,-0.01352,0.2174857,0.2545714,0.2489,0.2407,0.2088143,0.2119143,0.2247429,0.2419286,78.94,99.61,38.7,16.81,18.462380952399997,18.42142857145,301.14047619033335,301.20535714275,28.247619047633336,28.403571428575,78.7738095238,78.42214285712501,-0.03350000000000001,-0.048600000000000004,0.04836666666666667,0.05788124999999998,0.2118333333333334,0.22109999999999996,0.17703333333333346,0.18896072499999997,59.720000000000006,54.464999999999975,-0.9709418174260521,0.23931566428755738,3.5553480614894135
sj,2003,42,2003-10-15,0.0161,0.0371,0.2434,0.2677286,118.5,300.678571429,300.828571429,296.94,302.9,298.3,97.7,80.25,118.5,18.4857142857,2.51428571429,27.1285714286,6.68571428571,32.2,22.8,61.0,30,17.8842857143,18.8242857143,18.6785714286,18.2985714286,296.384285714,297.267142857,297.12,296.775714286,76.4357142857,79.3557142857,80.53,77.3671428571,301.1,301.407142857,300.914285714,301.4,28.1,28.6,28.0428571429,28.8714285714,0.0204,-0.0335,-0.0874,-0.0939,0.03275,0.0151,0.09725,0.086425,0.1634429,0.2174857,0.2545714,0.2489,0.1103714,0.2088143,0.2119143,0.2247429,0.61,78.94,99.61,38.7,18.398095238099994,18.468214285725,301.111904762,301.0625,27.942857142866668,27.967857142874998,78.68047619046666,79.14285714285,0.0009999999999999905,-0.021100000000000004,0.028316666666666667,0.045549999999999986,0.20810953333333337,0.21972499999999995,0.19563810000000012,0.19970715,66.01666666666667,74.41499999999998,-0.9350162426854148,0.35460488704253557,3.4339872044851463
sj,2003,43,2003-10-22,-0.0416,0.0553,0.1699286,0.1281714,20.44,301.09,301.157142857,296.79,302.9,299.0,10.7,77.5314285714,20.44,18.3014285714,2.85714285714,28.0285714286,7.0,32.8,23.9,10.9,39,18.4857142857,17.8842857143,18.8242857143,18.6785714286,296.94,296.384285714,297.267142857,297.12,80.25,76.4357142857,79.3557142857,80.53,300.828571429,301.1,301.407142857,300.914285714,27.1285714286,28.1,28.6,28.0428571429,0.0161,0.0204,-0.0335,-0.0874,0.0371,0.03275,0.0151,0.09725,0.2434,0.1634429,0.2174857,0.2545714,0.2677286,0.1103714,0.2088143,0.2119143,118.5,0.61,78.94,99.61,18.223809523799993,18.373928571424997,301.0285714286667,301.12321428575,27.752380952400003,27.9642857143,78.07238095236666,78.3932142857,-0.001700000000000007,-0.009650000000000002,0.04171666666666667,0.03506249999999998,0.19225716666666673,0.19856429999999994,0.16875713333333345,0.17877142499999996,46.51666666666667,54.622499999999974,-0.8854560256532101,0.464723172043768,3.6888794541139363
sj,2003,44,2003-10-29,0.0892,0.00035,0.09465,0.08811429,96.7,300.952857143,301.114285714,296.651428571,303.4,298.6,17.08,77.5614285714,96.7,18.1571428571,2.8,27.8,6.92857142857,33.3,23.9,11.0,39,18.3014285714,18.4857142857,17.8842857143,18.8242857143,296.79,296.94,296.384285714,297.267142857,77.5314285714,80.25,76.4357142857,79.3557142857,301.157142857,300.828571429,301.1,301.407142857,28.0285714286,27.1285714286,28.1,28.6,-0.0416,0.0161,0.0204,-0.0335,0.0553,0.0371,0.03275,0.0151,0.1699286,0.2434,0.1634429,0.2174857,0.1281714,0.2677286,0.1103714,0.2088143,20.44,118.5,0.61,78.94,18.314761904733327,18.207142857125,301.03333333333336,301.05,27.652380952399998,27.7642857143,78.4476190476,77.944642857125,0.021233333333333326,0.021025,0.030916666666666665,0.031374999999999986,0.16932620000000007,0.16785537499999995,0.16133809666666676,0.1485964225,78.54666666666667,59.06249999999997,-0.822983865893657,0.5680647467311548,3.6888794541139363
sj,2003,45,2003-11-05,0.079225,0.1635,0.1377167,0.1248,79.96,300.162857143,300.235714286,296.0,302.7,297.5,35.9,78.08,79.96,17.47,3.27142857143,27.3714285714,7.18571428571,32.8,22.2,62.4,39,18.1571428571,18.3014285714,18.4857142857,17.8842857143,296.651428571,296.79,296.94,296.384285714,77.5614285714,77.5314285714,80.25,76.4357142857,301.114285714,301.157142857,300.828571429,301.1,27.8,28.0285714286,27.1285714286,28.1,0.0892,-0.0416,0.0161,0.0204,0.00035,0.0553,0.0371,0.03275,0.09465,0.1699286,0.2434,0.1634429,0.08811429,0.1281714,0.2677286,0.1103714,96.7,20.44,118.5,0.61,17.97619047616666,18.103571428549998,300.8357142856667,300.8339285715,27.733333333333334,27.58214285715,77.72428571426667,78.3557142857,0.042274999999999986,0.03573125,0.07305,0.0640625,0.1340984333333334,0.16142382499999994,0.1136952300000001,0.15220357249999997,65.7,78.89999999999996,-0.7485107481711011,0.6631226582407952,3.6888794541139363
sj,2003,46,2003-11-12,0.06925,0.055375,0.06548571,0.07488571,97.28,300.054285714,300.05,296.665714286,301.7,298.3,92.1,81.8257142857,97.28,18.16,2.3,27.1571428571,6.85714285714,31.7,22.8,74.7,34,17.47,18.1571428571,18.3014285714,18.4857142857,296.0,296.651428571,296.79,296.94,78.08,77.5614285714,77.5314285714,80.25,300.235714286,301.114285714,301.157142857,300.828571429,27.3714285714,27.8,28.0285714286,27.1285714286,0.079225,0.0892,-0.0416,0.0161,0.1635,0.00035,0.0553,0.0371,0.1377167,0.09465,0.1699286,0.2434,0.1248,0.08811429,0.1281714,0.2677286,79.96,96.7,20.44,118.5,17.929047619033327,18.022142857125,300.4666666666667,300.63928571425004,27.442857142833333,27.589285714274997,79.1557142857,78.749642857125,0.07922499999999999,0.04901875,0.073075,0.06863124999999999,0.09928413666666673,0.11694525249999996,0.09593333333333344,0.10399284999999997,91.31333333333333,73.59499999999997,-0.6631226582407955,0.7485107481711007,3.5553480614894135
sj,2003,47,2003-11-19,-0.21795,0.015,0.1281429,0.1350143,390.6,299.072857143,299.15,296.831428571,300.7,297.7,181.74,87.5757142857,390.6,18.37,1.98571428571,26.3,4.68571428571,31.7,23.9,133.2,30,18.16,17.47,18.1571428571,18.3014285714,296.665714286,296.0,296.651428571,296.79,81.8257142857,78.08,77.5614285714,77.5314285714,300.05,300.235714286,301.114285714,301.157142857,27.1571428571,27.3714285714,27.8,28.0285714286,0.06925,0.079225,0.0892,-0.0416,0.055375,0.1635,0.00035,0.0553,0.06548571,0.1377167,0.09465,0.1699286,0.07488571,0.1248,0.08811429,0.1281714,97.28,79.96,96.7,20.44,17.999999999999996,18.039285714275,299.811904762,300.1375,26.942857142833333,27.157142857125002,82.4938095238,81.2607142857,-0.023158333333333336,0.004931249999999998,0.07795833333333334,0.05855624999999998,0.11044843666666672,0.10649882749999995,0.1115666700000001,0.10570357499999997,189.28,166.135,-0.5680647467311559,0.8229838658936564,3.4339872044851463
sj,2003,48,2003-11-26,-0.07015,-0.037775,0.2369429,0.2084571,16.2,298.814285714,298.907142857,295.76,301.0,297.2,38.7,83.41,16.2,17.2271428571,2.35714285714,25.9714285714,6.11428571429,30.6,22.8,54.2,37,18.37,18.16,17.47,18.1571428571,296.831428571,296.665714286,296.0,296.651428571,87.5757142857,81.8257142857,78.08,77.5614285714,299.15,300.05,300.235714286,301.114285714,26.3,27.1571428571,27.3714285714,27.8,-0.21795,0.06925,0.079225,0.0892,0.015,0.055375,0.1635,0.00035,0.1281429,0.06548571,0.1377167,0.09465,0.1350143,0.07488571,0.1248,0.08811429,390.6,97.28,79.96,96.7,17.91904761903333,17.806785714275,299.369047619,299.58571428575,26.476190476166664,26.699999999975,84.27047619046668,82.72285714285,-0.07295,-0.03490625,0.010866666666666665,0.049024999999999985,0.14352383666666674,0.14207205249999996,0.1394523700000001,0.13578927749999997,168.02666666666667,146.00999999999996,-0.4647231720437684,0.88545602565321,3.6375861597263857
sj,2003,49,2003-12-03,-0.00305,0.0534,0.1275667,0.1174857,0.0,299.107142857,299.242857143,294.808571429,300.7,297.4,10.26,77.3085714286,0.0,16.2042857143,1.94285714286,26.1857142857,5.61428571429,29.4,21.7,2.1,29,17.2271428571,18.37,18.16,17.47,295.76,296.831428571,296.665714286,296.0,83.41,87.5757142857,81.8257142857,78.08,298.907142857,299.15,300.05,300.235714286,25.9714285714,26.3,27.1571428571,27.3714285714,-0.07015,-0.21795,0.06925,0.079225,-0.037775,0.015,0.055375,0.1635,0.2369429,0.1281429,0.06548571,0.1377167,0.2084571,0.1350143,0.07488571,0.1248,16.2,390.6,97.28,79.96,17.267142857133326,17.49035714285,299.09999999999997,299.3375,26.152380952366666,26.403571428550002,82.76476190476666,82.53,-0.09705000000000001,-0.055475000000000003,0.010208333333333333,0.021499999999999984,0.1642175000000001,0.13953455249999996,0.1536523666666668,0.13396070249999997,135.6,126.01999999999998,-0.35460488704253595,0.9350162426854147,3.4011973816621555
sj,2003,50,2003-12-10,-0.1476,-0.1538,0.1616833,0.1077714,182.81,299.174285714,299.185714286,295.031428571,301.5,297.5,50.6,78.2328571429,182.81,16.4685714286,2.14285714286,25.6428571429,5.01428571429,29.4,22.2,82.8,26,16.2042857143,17.2271428571,18.37,18.16,294.808571429,295.76,296.831428571,296.665714286,77.3085714286,83.41,87.5757142857,81.8257142857,299.242857143,298.907142857,299.15,300.05,26.1857142857,25.9714285714,26.3,27.1571428571,-0.00305,-0.07015,-0.21795,0.06925,0.0534,-0.037775,0.015,0.055375,0.1275667,0.2369429,0.1281429,0.06548571,0.1174857,0.2084571,0.1350143,0.07488571,0.0,16.2,390.6,97.28,16.63333333333333,17.067500000000003,299.111904762,299.1214285715,25.933333333333334,26.025000000000002,79.6504761905,81.6317857143,-0.07360000000000001,-0.10968750000000001,-0.04605833333333333,-0.030793750000000016,0.17539763333333339,0.16358394999999995,0.1445714000000001,0.14218212499999996,66.33666666666666,147.40249999999997,-0.2393156642875578,0.970941817426052,3.295836866004329
sj,2003,51,2003-12-17,-0.03753333,-0.0526,0.2905667,0.1977429,0.0,298.555714286,298.607142857,294.992857143,300.5,296.9,12.28,80.7971428571,0.0,16.39,2.15714285714,25.8428571429,5.41428571429,29.4,22.2,11.0,15,16.4685714286,16.2042857143,17.2271428571,18.37,295.031428571,294.808571429,295.76,296.831428571,78.2328571429,77.3085714286,83.41,87.5757142857,299.185714286,299.242857143,298.907142857,299.15,25.6428571429,26.1857142857,25.9714285714,26.3,-0.1476,-0.00305,-0.07015,-0.21795,-0.1538,0.0534,-0.037775,0.015,0.1616833,0.1275667,0.2369429,0.1281429,0.1077714,0.1174857,0.2084571,0.1350143,182.81,0.0,16.2,390.6,16.354285714299994,16.572499999999998,299.01190476200003,298.98571428574996,25.8904761905,25.910714285725003,78.77952380953333,79.93714285715001,-0.06272777666666667,-0.0645833325,-0.051,-0.047693750000000014,0.19327223333333343,0.20418989999999995,0.1410000000000001,0.15786427499999997,60.93666666666667,49.75249999999997,-0.12053668025532363,0.992708874098054,2.772588722239781
sj,2003,52,2003-12-24,0.02085,-0.0398,0.1581375,0.1479444,1.96,299.044285714,299.178571429,295.025714286,300.8,297.2,9.14,78.6885714286,1.96,16.3757142857,2.7,26.0142857143,6.5,30.0,21.1,12.0,22,16.39,16.4685714286,16.2042857143,17.2271428571,294.992857143,295.031428571,294.808571429,295.76,80.7971428571,78.2328571429,77.3085714286,83.41,298.607142857,299.185714286,299.242857143,298.907142857,25.8428571429,25.6428571429,26.1857142857,25.9714285714,-0.03753333,-0.1476,-0.00305,-0.07015,-0.0526,-0.1538,0.0534,-0.037775,0.2905667,0.1616833,0.1275667,0.2369429,0.1977429,0.1077714,0.1174857,0.2084571,0.0,182.81,0.0,16.2,16.41142857143333,16.35964285715,298.99047619066664,299.05357142875,25.833333333366667,25.92142857145,79.23952380953334,78.7567857143,-0.05476111,-0.041833332500000014,-0.08206666666666666,-0.04820000000000002,0.20346250000000007,0.18448854999999992,0.15115290000000012,0.14273609999999998,61.59,46.192499999999974,6.432490598706546e-16,1.0,3.1354942159291497
sj,2004,1,2004-01-01,-0.2683,-0.1237,0.2237571,0.1765429,0.98,298.34642857150004,298.375,293.7,300.05,296.65,14.92,75.63285714285,0.98,15.12857142855,2.364285714285,25.200000000000003,6.02857142857,28.9,20.85,13.8,15,16.3757142857,16.39,16.4685714286,16.2042857143,295.025714286,294.992857143,295.031428571,294.808571429,78.6885714286,80.7971428571,78.2328571429,77.3085714286,299.178571429,298.607142857,299.185714286,299.242857143,26.0142857143,25.8428571429,25.6428571429,26.1857142857,0.02085,-0.03753333,-0.1476,-0.00305,-0.0398,-0.0526,-0.1538,0.0534,0.1581375,0.2905667,0.1616833,0.1275667,0.1479444,0.1977429,0.1077714,0.1174857,1.96,0.0,182.81,0.0,15.964761904749997,16.0907142857125,298.72023809533334,298.836607143,25.685714285733336,25.675000000025,78.37285714285001,78.3378571428625,-0.09499444333333333,-0.10814583250000001,-0.07203333333333334,-0.09247500000000003,0.22415376666666673,0.20853614999999992,0.17407673333333343,0.15750039999999996,0.98,46.43749999999997,0.12053668025532305,0.992708874098054,2.772588722239781
sj,2004,2,2004-01-08,-0.0731,0.0172,0.2147286,0.2224429,0.0,297.648571429,297.571428571,292.374285714,299.3,296.1,20.7,72.5771428571,0.0,13.8814285714,2.02857142857,24.3857142857,5.55714285714,27.8,20.6,15.6,20,15.12857142855,16.3757142857,16.39,16.4685714286,293.7,295.025714286,294.992857143,295.031428571,75.63285714285,78.6885714286,80.7971428571,78.2328571429,298.375,299.178571429,298.607142857,299.185714286,25.200000000000003,26.0142857143,25.8428571429,25.6428571429,-0.2683,0.02085,-0.03753333,-0.1476,-0.1237,-0.0398,-0.0526,-0.1538,0.2237571,0.1581375,0.2905667,0.1616833,0.1765429,0.1479444,0.1977429,0.1077714,0.98,1.96,0.0,182.81,15.128571428549995,15.4439285714125,298.375,298.43303571425,25.200000000000003,25.360714285725003,75.63285714285,76.9239285714125,-0.10685,-0.08952083250000001,-0.04876666666666667,-0.049725000000000026,0.19887440000000003,0.2217974749999999,0.1823100666666668,0.18616827499999997,0.98,0.7349999999999716,0.23931566428755774,0.970941817426052,3.044522437723423
sj,2004,3,2004-01-15,-0.12972499999999998,0.0026,0.2821,0.2899,36.07,297.8,297.971428571,293.895714286,299.5,296.5,20.2,78.9428571429,36.07,15.2571428571,2.17142857143,24.3428571429,5.95714285714,28.3,20.0,23.7,14,13.8814285714,15.12857142855,16.3757142857,16.39,292.374285714,293.7,295.025714286,294.992857143,72.5771428571,75.63285714285,78.6885714286,80.7971428571,297.571428571,298.375,299.178571429,298.607142857,24.3857142857,25.200000000000003,26.0142857143,25.8428571429,-0.0731,-0.2683,0.02085,-0.03753333,0.0172,-0.1237,-0.0398,-0.0526,0.2147286,0.2237571,0.1581375,0.2905667,0.2224429,0.1765429,0.1479444,0.1977429,0.0,0.98,1.96,0.0,14.75571428568333,15.1607142856875,297.97261904733335,298.27410714275,24.64285714286667,24.985714285725003,75.71761904761667,76.46035714286249,-0.15704166666666666,-0.11256875000000001,-0.034633333333333335,-0.03592500000000002,0.2401952333333334,0.21968079999999995,0.2296286000000001,0.20920754999999996,12.35,9.752499999999971,0.3546048870425356,0.9350162426854148,2.70805020110221
sj,2004,4,2004-01-22,-0.18635,-0.178625,-0.01553333,0.01025,0.0,297.728571429,298.107142857,293.665714286,300.2,295.7,1.1,78.2642857143,0.0,15.0614285714,3.04285714286,24.5285714286,6.1,27.8,20.6,10.2,10,15.2571428571,13.8814285714,15.12857142855,16.3757142857,293.895714286,292.374285714,293.7,295.025714286,78.9428571429,72.5771428571,75.63285714285,78.6885714286,297.971428571,297.571428571,298.375,299.178571429,24.3428571429,24.3857142857,25.200000000000003,26.0142857143,-0.12972499999999998,-0.0731,-0.2683,0.02085,0.0026,0.0172,-0.1237,-0.0398,0.2821,0.2147286,0.2237571,0.1581375,0.2899,0.2224429,0.1765429,0.1479444,36.07,0.0,0.98,1.96,14.733333333299996,14.832142857112501,297.883333333,298.00624999975,24.41904761906667,24.6142857143,76.59476190476666,76.3542857142875,-0.129725,-0.16436875,-0.052941666666666665,-0.07063125000000002,0.16043175666666673,0.17626309249999994,0.1741976333333334,0.17478394999999997,12.023333333333333,9.26249999999997,0.4647231720437685,0.8854560256532099,2.3978952727983707
sj,2004,5,2004-01-29,-0.0535,-0.108,0.2362571,0.2804143,0.0,297.56,297.6,292.878571429,300.0,295.8,2.0,75.4228571429,0.0,14.39,2.45714285714,24.6285714286,6.2,28.9,20.0,1.8,21,15.0614285714,15.2571428571,13.8814285714,15.12857142855,293.665714286,293.895714286,292.374285714,293.7,78.2642857143,78.9428571429,72.5771428571,75.63285714285,298.107142857,297.971428571,297.571428571,298.375,24.5285714286,24.3428571429,24.3857142857,25.200000000000003,-0.18635,-0.12972499999999998,-0.0731,-0.2683,-0.178625,0.0026,0.0172,-0.1237,-0.01553333,0.2821,0.2147286,0.2237571,0.01025,0.2899,0.2224429,0.1765429,0.0,36.07,0.0,0.98,14.902857142833328,14.647499999975,297.8928571426667,297.81249999975,24.500000000033335,24.471428571449998,77.54333333336666,76.3017857143,-0.12319166666666666,-0.11066875000000001,-0.09467500000000001,-0.06670625000000002,0.1676079233333334,0.17938809249999993,0.1935214333333334,0.20075179999999998,12.023333333333333,9.017499999999972,0.5680647467311558,0.8229838658936564,3.091042453358316
sj,2004,6,2004-02-05,-0.0479,-0.0489,0.2528429,0.2169857,0.0,297.971428571,298.25,293.537142857,300.8,295.6,3.8,76.5228571429,0.0,14.9414285714,2.84285714286,24.9857142857,7.92857142857,31.1,19.4,4.6,14,14.39,15.0614285714,15.2571428571,13.8814285714,292.878571429,293.665714286,293.895714286,292.374285714,75.4228571429,78.2642857143,78.9428571429,72.5771428571,297.6,298.107142857,297.971428571,297.571428571,24.6285714286,24.5285714286,24.3428571429,24.3857142857,-0.0535,-0.18635,-0.12972499999999998,-0.0731,-0.108,-0.178625,0.0026,0.0172,0.2362571,-0.01553333,0.2821,0.2147286,0.2804143,0.01025,0.2899,0.2224429,0.0,0.0,36.07,0.0,14.797619047599994,14.912499999975001,297.9857142856667,297.982142857,24.7142857143,24.621428571449997,76.7366666667,77.28821428575,-0.09591666666666666,-0.10436875000000001,-0.11184166666666667,-0.08323125000000002,0.1578555566666667,0.18891666749999997,0.1692166666666668,0.1993875,0.0,9.017499999999972,0.6631226582407952,0.7485107481711011,2.70805020110221
sj,2004,7,2004-02-12,-0.0423,0.0231,0.2463857,0.1925571,0.0,298.325714286,298.507142857,293.518571429,299.8,297.3,3.04,74.65,0.0,14.8742857143,1.98571428571,24.8857142857,6.72857142857,28.9,20.0,15.0,14,14.9414285714,14.39,15.0614285714,15.2571428571,293.537142857,292.878571429,293.665714286,293.895714286,76.5228571429,75.4228571429,78.2642857143,78.9428571429,298.25,297.6,298.107142857,297.971428571,24.9857142857,24.6285714286,24.5285714286,24.3428571429,-0.0479,-0.0535,-0.18635,-0.12972499999999998,-0.0489,-0.108,-0.178625,0.0026,0.2528429,0.2362571,-0.01553333,0.2821,0.2169857,0.2804143,0.01025,0.2899,0.0,0.0,0.0,36.07,14.735238095233328,14.816785714275,298.119047619,298.1160714285,24.833333333333332,24.75714285715,75.53190476193333,76.215000000025,-0.047900000000000005,-0.08251250000000002,-0.04460000000000001,-0.07810625000000002,0.24516190000000004,0.17998809249999995,0.2299857000000001,0.17505177499999997,0.0,0.0,0.7485107481711011,0.6631226582407953,2.70805020110221
sj,2004,8,2004-02-19,-0.1567,-0.0768,0.1538429,0.1494,0.0,298.288571429,298.571428571,293.27,300.1,297.2,1.7,73.7914285714,0.0,14.6528571429,2.45714285714,25.2,6.94285714286,29.4,20.6,11.4,9,14.8742857143,14.9414285714,14.39,15.0614285714,293.518571429,293.537142857,292.878571429,293.665714286,74.65,76.5228571429,75.4228571429,78.2642857143,298.507142857,298.25,297.6,298.107142857,24.8857142857,24.9857142857,24.6285714286,24.5285714286,-0.0423,-0.0479,-0.0535,-0.18635,0.0231,-0.0489,-0.108,-0.178625,0.2463857,0.2528429,0.2362571,-0.01553333,0.1925571,0.2169857,0.2804143,0.01025,0.0,0.0,0.0,0.0,14.822857142866662,14.714642857149999,298.4428571426667,298.232142857,25.023809523799997,24.925,74.9880952381,75.09678571430001,-0.08230000000000001,-0.07510000000000001,-0.03420000000000001,-0.052650000000000016,0.21769050000000004,0.22233214999999995,0.18631426666666676,0.209839275,0.0,0.0,0.8229838658936564,0.5680647467311559,2.302585092994046
sj,2004,9,2004-02-26,0.05716667,0.052025,0.139,0.1584429,0.0,297.534285714,297.957142857,293.618571429,300.6,295.8,19.92,79.0271428571,0.0,15.0042857143,2.62857142857,24.1857142857,6.72857142857,28.3,19.4,19.3,11,14.6528571429,14.8742857143,14.9414285714,14.39,293.27,293.518571429,293.537142857,292.878571429,73.7914285714,74.65,76.5228571429,75.4228571429,298.571428571,298.507142857,298.25,297.6,25.2,24.8857142857,24.9857142857,24.6285714286,-0.1567,-0.0423,-0.0479,-0.0535,-0.0768,0.0231,-0.0489,-0.108,0.1538429,0.2463857,0.2528429,0.2362571,0.1494,0.1925571,0.2169857,0.2804143,0.0,0.0,0.0,0.0,14.843809523833329,14.868214285725001,298.345238095,298.32142857125,24.757142857133335,24.814285714274998,75.82285714283334,75.99785714285001,-0.04727777666666668,-0.047433332500000015,-0.0005583333333333412,-0.01264375000000002,0.17974286666666672,0.19801787499999995,0.16680000000000014,0.17934642499999998,0.0,0.0,0.8854560256532099,0.4647231720437686,2.4849066497880004
sj,2004,10,2004-03-04,-0.0638,0.0905,0.2206,0.2357714,0.0,297.824285714,298.057142857,293.645714286,301.2,296.0,16.2,77.7614285714,0.0,15.0657142857,2.68571428571,25.1571428571,7.21428571429,31.1,20.6,15.8,5,15.0042857143,14.6528571429,14.8742857143,14.9414285714,293.618571429,293.27,293.518571429,293.537142857,79.0271428571,73.7914285714,74.65,76.5228571429,297.957142857,298.571428571,298.507142857,298.25,24.1857142857,25.2,24.8857142857,24.9857142857,0.05716667,-0.1567,-0.0423,-0.0479,0.052025,-0.0768,0.0231,-0.0489,0.139,0.1538429,0.2463857,0.2528429,0.1584429,0.1494,0.1925571,0.2169857,0.0,0.0,0.0,0.0,14.907619047633327,14.8992857143,298.195238095,298.2732142855,24.847619047599995,24.857142857125,76.85999999996666,76.307499999975,-0.05444444333333334,-0.051408332500000015,0.021908333333333325,0.02220624999999998,0.17114763333333338,0.18995714999999996,0.18120476666666677,0.18404284999999998,0.0,0.0,0.9350162426854148,0.35460488704253557,1.791759469228055
sj,2004,11,2004-03-11,-0.0505,0.02825,0.1867,0.1538,0.0,297.504285714,297.628571429,292.185714286,300.0,296.0,6.27,72.3057142857,0.0,13.6714285714,2.22857142857,25.4285714286,5.95714285714,30.6,21.1,2.5,6,15.0657142857,15.0042857143,14.6528571429,14.8742857143,293.645714286,293.618571429,293.27,293.518571429,77.7614285714,79.0271428571,73.7914285714,74.65,298.057142857,297.957142857,298.571428571,298.507142857,25.1571428571,24.1857142857,25.2,24.8857142857,-0.0638,0.05716667,-0.1567,-0.0423,0.0905,0.052025,-0.0768,0.0231,0.2206,0.139,0.1538429,0.2463857,0.2357714,0.1584429,0.1494,0.1925571,0.0,0.0,0.0,0.0,14.580476190466662,14.598571428575,297.880952381,298.0535714285,24.923809523800003,24.99285714285,76.36476190473333,75.72142857140001,-0.01904444333333334,-0.05345833250000001,0.05692499999999998,0.02349374999999998,0.18210000000000004,0.17503572499999995,0.18267143333333344,0.17435357499999998,0.0,0.0,0.970941817426052,0.23931566428755804,1.9459101490553132
sj,2004,12,2004-03-18,-0.228375,0.05084166500000001,0.02834286,0.0116,0.0,298.254285714,298.428571429,294.251428571,300.3,296.0,13.81,78.5471428571,0.0,15.5914285714,2.57142857143,25.9142857143,6.64285714286,31.1,20.6,12.2,7,13.6714285714,15.0657142857,15.0042857143,14.6528571429,292.185714286,293.645714286,293.618571429,293.27,72.3057142857,77.7614285714,79.0271428571,73.7914285714,297.628571429,298.057142857,297.957142857,298.571428571,25.4285714286,25.1571428571,24.1857142857,25.2,-0.0505,-0.0638,0.05716667,-0.1567,0.02825,0.0905,0.052025,-0.0768,0.1867,0.2206,0.139,0.1538429,0.1538,0.2357714,0.1584429,0.1494,0.0,0.0,0.0,0.0,14.776190476166661,14.8332142857,298.0380952383333,298.017857143,25.5,25.171428571425,76.20476190473335,76.910357142825,-0.11422500000000001,-0.07137708250000001,0.05653055499999999,0.05540416624999998,0.14521428666666672,0.14366071499999994,0.1337238000000001,0.13990357499999997,0.0,0.0,0.992708874098054,0.120536680255323,2.0794415416798357
sj,2004,13,2004-03-25,-0.40625,0.07343333,0.1199,0.1322667,0.0,298.32,298.6,293.961428571,300.1,297.3,11.1,76.8714285714,0.0,15.3385714286,2.28571428571,25.5571428571,6.72857142857,30.0,21.1,3.0,11,15.5914285714,13.6714285714,15.0657142857,15.0042857143,294.251428571,292.185714286,293.645714286,293.618571429,78.5471428571,72.3057142857,77.7614285714,79.0271428571,298.428571429,297.628571429,298.057142857,297.957142857,25.9142857143,25.4285714286,25.1571428571,24.1857142857,-0.228375,-0.0505,-0.0638,0.05716667,0.05084166500000001,0.02825,0.0905,0.052025,0.02834286,0.1867,0.2206,0.139,0.0116,0.1538,0.2357714,0.1584429,0.0,0.0,0.0,0.0,14.867142857133329,14.916785714274999,298.2190476193333,298.17857142875,25.633333333333336,25.514285714275,75.90809523806666,76.3714285714,-0.228375,-0.18723125000000002,0.050841665,0.06075624874999998,0.11164762000000006,0.13888571499999994,0.09922223333333342,0.13335952499999998,0.0,0.0,1.0,-1.6081226496766364e-16,2.4849066497880004
sj,2004,14,2004-04-01,0.04357500000000003,0.023175,0.1476286,0.1583857,28.35,296.894285714,296.921428571,293.281428571,299.9,294.3,81.1,80.3657142857,28.35,14.7214285714,2.41428571429,24.7,6.02857142857,28.9,20.6,60.7,4,15.3385714286,15.5914285714,13.6714285714,15.0657142857,293.961428571,294.251428571,292.185714286,293.645714286,76.8714285714,78.5471428571,72.3057142857,77.7614285714,298.6,298.428571429,297.628571429,298.057142857,25.5571428571,25.9142857143,25.4285714286,25.1571428571,-0.40625,-0.228375,-0.0505,-0.0638,0.07343333,0.05084166500000001,0.02825,0.0905,0.1199,0.02834286,0.1867,0.2206,0.1322667,0.0116,0.1538,0.2357714,0.0,0.0,0.0,0.0,15.21714285713333,14.830714285700001,297.98333333333335,297.89464285725,25.390476190466668,25.4,78.59476190473333,77.022499999975,-0.19701666666666665,-0.1603875,0.04914999833333333,0.043924998749999986,0.09862382000000007,0.12064286499999995,0.1007508000000001,0.11401309999999998,9.450000000000001,7.087499999999972,0.992708874098054,-0.12053668025532288,1.6094379124341003
sj,2004,15,2004-04-08,0.4934,0.1412,0.3543429,0.2740857,0.0,297.758571429,298.085714286,293.322857143,300.9,295.6,11.0,76.4457142857,0.0,14.7557142857,3.2,25.4,7.38571428571,31.1,20.6,5.6,3,14.7214285714,15.3385714286,15.5914285714,13.6714285714,293.281428571,293.961428571,294.251428571,292.185714286,80.3657142857,76.8714285714,78.5471428571,72.3057142857,296.921428571,298.6,298.428571429,297.628571429,24.7,25.5571428571,25.9142857143,25.4285714286,0.04357500000000003,-0.40625,-0.228375,-0.0505,0.023175,0.07343333,0.05084166500000001,0.02825,0.1476286,0.1199,0.02834286,0.1867,0.1583857,0.1322667,0.0116,0.1538,28.35,0.0,0.0,0.0,14.93857142856666,15.101785714275,297.869047619,298.0089285715,25.219047619033333,25.392857142849998,77.89428571426667,78.05749999997501,0.04357500000000001,-0.02441249999999999,0.07926944333333333,0.07216249874999998,0.20729050000000004,0.16255358999999994,0.18824603333333342,0.14408452499999996,9.450000000000001,7.087499999999972,0.9709418174260521,-0.2393156642875575,1.3862943611198906
sj,2004,16,2004-04-15,0.0061,0.0162,0.1967286,0.1820857,5.75,298.694285714,298.907142857,294.332857143,301.1,296.6,2.6,77.06,5.75,15.7485714286,3.1,25.9571428571,6.08571428571,29.4,22.8,31.5,2,14.7557142857,14.7214285714,15.3385714286,15.5914285714,293.322857143,293.281428571,293.961428571,294.251428571,76.4457142857,80.3657142857,76.8714285714,78.5471428571,298.085714286,296.921428571,298.6,298.428571429,25.4,24.7,25.5571428571,25.9142857143,0.4934,0.04357500000000003,-0.40625,-0.228375,0.1412,0.023175,0.07343333,0.05084166500000001,0.3543429,0.1476286,0.1199,0.02834286,0.2740857,0.1583857,0.1322667,0.0116,0.0,28.35,0.0,0.0,15.07523809523333,15.141071428575,297.9714285713333,298.1285714285,25.352380952366662,25.40357142855,77.95714285713335,77.6857142857,0.181025,0.034206249999999994,0.060191666666666664,0.06350208249999999,0.2329000333333334,0.20465002499999996,0.20485236666666676,0.18670594999999998,11.366666666666667,8.524999999999972,0.9350162426854148,-0.35460488704253545,1.0986122886681096
sj,2004,17,2004-04-22,-0.018024999999999996,-0.04705,0.2125571,0.2720286,23.59,298.66,298.871428571,293.182857143,300.7,297.2,13.8,71.9542857143,23.59,14.6628571429,2.57142857143,25.8428571429,6.18571428571,29.4,21.7,5.6,6,15.7485714286,14.7557142857,14.7214285714,15.3385714286,294.332857143,293.322857143,293.281428571,293.961428571,77.06,76.4457142857,80.3657142857,76.8714285714,298.907142857,298.085714286,296.921428571,298.6,25.9571428571,25.4,24.7,25.5571428571,0.0061,0.4934,0.04357500000000003,-0.40625,0.0162,0.1412,0.023175,0.07343333,0.1967286,0.3543429,0.1476286,0.1199,0.1820857,0.2740857,0.1583857,0.1322667,5.75,0.0,28.35,0.0,15.055714285733329,14.97214285715,298.62142857133335,298.19642857125,25.733333333333334,25.474999999999998,75.15333333333335,76.45642857142501,0.16049166666666667,0.1312625,0.03678333333333333,0.03338124999999997,0.25454286666666676,0.22781429999999994,0.24273333333333347,0.22164642499999995,9.78,14.422499999999971,0.8854560256532099,-0.4647231720437685,1.9459101490553132
sj,2004,18,2004-04-29,-0.04214999999999999,-0.08976667,0.0633,0.1553833,75.28,299.064285714,299.328571429,295.048571429,301.4,297.5,11.86,78.6028571429,75.28,16.42,2.51428571429,26.1571428571,5.71428571429,30.0,22.8,23.4,10,14.6628571429,15.7485714286,14.7557142857,14.7214285714,293.182857143,294.332857143,293.322857143,293.281428571,71.9542857143,77.06,76.4457142857,80.3657142857,298.871428571,298.907142857,298.085714286,296.921428571,25.8428571429,25.9571428571,25.4,24.7,-0.018024999999999996,0.0061,0.4934,0.04357500000000003,-0.04705,0.0162,0.1412,0.023175,0.2125571,0.1967286,0.3543429,0.1476286,0.2720286,0.1820857,0.2740857,0.1583857,23.59,5.75,0.0,28.35,15.610476190499995,15.3967857143,299.0357142856667,298.79821428575,25.9857142857,25.839285714274997,75.87238095240001,76.01571428572501,-0.018024999999999996,0.10983124999999999,-0.04020555666666667,0.005145832499999978,0.15752856666666673,0.20673214999999995,0.20316586666666678,0.22089582499999996,34.873333333333335,26.154999999999973,0.8229838658936565,-0.5680647467311557,2.3978952727983707
sj,2004,19,2004-05-06,-0.066275,0.014379165,0.09315,0.1181333,9.57,299.09,299.207142857,294.38,301.1,297.3,20.56,75.3857142857,9.57,15.75,2.3,26.2714285714,6.27142857143,30.6,22.2,30.2,7,16.42,14.6628571429,15.7485714286,14.7557142857,295.048571429,293.182857143,294.332857143,293.322857143,78.6028571429,71.9542857143,77.06,76.4457142857,299.328571429,298.871428571,298.907142857,298.085714286,26.1571428571,25.8428571429,25.9571428571,25.4,-0.04214999999999999,-0.018024999999999996,0.0061,0.4934,-0.08976667,-0.04705,0.0162,0.1412,0.0633,0.2125571,0.1967286,0.3543429,0.1553833,0.2720286,0.1820857,0.2740857,75.28,23.59,5.75,0.0,15.61095238096666,15.645357142875,299.13571428566667,299.0785714285,26.09047619046667,26.057142857125,75.3142857143,75.750714285725,-0.04214999999999999,-0.03008750000000001,-0.04081250166666667,-0.02655937625000002,0.12300236666666674,0.14143392499999993,0.1818484000000001,0.18190772499999996,36.14666666666667,28.54749999999997,0.7485107481711013,-0.663122658240795,2.0794415416798357
sj,2004,20,2004-05-13,-0.0904,0.118525,0.1076333,0.21006,15.78,298.765714286,298.914285714,295.37,301.3,297.2,36.9,81.7114285714,15.78,16.73,2.65714285714,26.7285714286,5.52857142857,31.1,22.8,18.1,5,15.75,16.42,14.6628571429,15.7485714286,294.38,295.048571429,293.182857143,294.332857143,75.3857142857,78.6028571429,71.9542857143,77.06,299.207142857,299.328571429,298.871428571,298.907142857,26.2714285714,26.1571428571,25.8428571429,25.9571428571,-0.066275,-0.04214999999999999,-0.018024999999999996,0.0061,0.014379165,-0.08976667,-0.04705,0.0162,0.09315,0.0633,0.2125571,0.1967286,0.1181333,0.1553833,0.2720286,0.1820857,9.57,75.28,23.59,5.75,16.299999999999997,15.890714285725,299.15000000000003,299.08035714275,26.3857142857,26.25,78.56666666666666,76.913571428575,-0.06627499999999999,-0.05421250000000001,0.014379165,-0.00097812625000002,0.08802776666666672,0.11916009999999994,0.16119220000000012,0.18890129999999997,33.54333333333333,31.05499999999997,0.6631226582407952,-0.7485107481711012,1.791759469228055
sj,2004,21,2004-05-20,0.05286667,0.06016667,0.1156429,0.1297857,96.99,298.121428571,298.114285714,295.154285714,300.0,296.5,79.0,83.8328571429,96.99,16.5214285714,1.77142857143,26.0428571429,4.67142857143,29.4,22.8,53.6,3,16.73,15.75,16.42,14.6628571429,295.37,294.38,295.048571429,293.182857143,81.7114285714,75.3857142857,78.6028571429,71.9542857143,298.914285714,299.207142857,299.328571429,298.871428571,26.7285714286,26.2714285714,26.1571428571,25.8428571429,-0.0904,-0.066275,-0.04214999999999999,-0.018024999999999996,0.118525,0.014379165,-0.08976667,-0.04705,0.1076333,0.09315,0.0633,0.2125571,0.21006,0.1181333,0.1553833,0.2720286,15.78,9.57,75.28,23.59,16.333809523799996,16.35535714285,298.745238095,298.8910714285,26.347619047633334,26.3,80.31,79.883214285725,-0.03460277666666666,-0.03648958250000001,0.06435694500000001,0.02582604124999998,0.10547540000000005,0.09493154999999995,0.15265966666666678,0.15334057499999998,40.779999999999994,49.40499999999997,0.5680647467311558,-0.8229838658936564,1.3862943611198906
sj,2004,22,2004-05-27,-0.02563333,-0.008066667,0.1591143,0.1588,175.41,298.365714286,298.457142857,295.347142857,300.4,297.2,90.2,83.55,175.41,16.74,2.0,24.8142857143,4.91428571429,28.9,21.7,145.8,12,16.5214285714,16.73,15.75,16.42,295.154285714,295.37,294.38,295.048571429,83.8328571429,81.7114285714,75.3857142857,78.6028571429,298.114285714,298.914285714,299.207142857,299.328571429,26.0428571429,26.7285714286,26.2714285714,26.1571428571,0.05286667,-0.0904,-0.066275,-0.04214999999999999,0.06016667,0.118525,0.014379165,-0.08976667,0.1156429,0.1076333,0.09315,0.0633,0.1297857,0.21006,0.1181333,0.1553833,96.99,15.78,9.57,75.28,16.663809523799994,16.435357142850002,298.49523809500005,298.67321428549997,25.86190476193333,25.9642857143,83.03142857143334,81.12,-0.021055553333333327,-0.03236041500000001,0.05687500100000001,0.046251041999999985,0.12746350000000004,0.11888512499999994,0.16621523333333346,0.15419474999999996,96.05999999999999,74.43749999999997,0.46472317204376906,-0.8854560256532096,2.5649493574615367
sj,2004,23,2004-06-03,-0.07055,-0.02854,0.08158571,0.1132429,13.51,300.054285714,300.207142857,296.445714286,302.2,298.2,5.36,80.9142857143,13.51,17.8814285714,2.9,27.9571428571,7.54285714286,33.3,22.8,4.6,13,16.74,16.5214285714,16.73,15.75,295.347142857,295.154285714,295.37,294.38,83.55,83.8328571429,81.7114285714,75.3857142857,298.457142857,298.114285714,298.914285714,299.207142857,24.8142857143,26.0428571429,26.7285714286,26.2714285714,-0.02563333,0.05286667,-0.0904,-0.066275,-0.008066667,0.06016667,0.118525,0.014379165,0.1591143,0.1156429,0.1076333,0.09315,0.1588,0.1297857,0.21006,0.1181333,175.41,96.99,15.78,9.57,17.047619047599994,16.9682142857,298.92619047600004,298.92321428549997,26.271428571433333,26.385714285724998,82.76571428573332,82.50214285715,-0.014438886666666664,-0.03342916500000001,0.007853334333333333,0.03552125074999999,0.11878097000000006,0.11599405249999994,0.1339428666666668,0.15297214999999997,95.30333333333334,75.42249999999997,0.35460488704253584,-0.9350162426854147,2.639057329615259
sj,2004,24,2004-06-10,0.0218,-0.0441,0.1412,0.1782429,6.12,299.817142857,299.757142857,296.101428571,301.5,298.0,30.07,80.1771428571,6.12,17.4757142857,2.31428571429,28.0428571429,6.34285714286,31.7,23.9,17.6,10,17.8814285714,16.74,16.5214285714,16.73,296.445714286,295.347142857,295.154285714,295.37,80.9142857143,83.55,83.8328571429,81.7114285714,300.207142857,298.457142857,298.114285714,298.914285714,27.9571428571,24.8142857143,26.0428571429,26.7285714286,-0.07055,-0.02563333,0.05286667,-0.0904,-0.02854,-0.008066667,0.06016667,0.118525,0.08158571,0.1591143,0.1156429,0.1076333,0.1132429,0.1588,0.1297857,0.21006,13.51,175.41,96.99,15.78,17.365714285699994,17.154642857124998,299.47380952366666,299.13392857125,26.9380952381,26.7142857143,81.54714285713334,82.118571428575,-0.02479444333333333,-0.005379165000000016,-0.026902222333333333,-0.005134999250000018,0.12730000333333338,0.12438572749999993,0.1500952666666668,0.14501787499999996,65.01333333333334,73.00749999999996,0.23931566428755768,-0.970941817426052,2.3978952727983707
sj,2004,25,2004-06-17,0.017425,0.07494,0.1466571,0.1337429,13.07,300.037142857,300.135714286,296.588571429,302.5,297.8,20.0,81.5614285714,13.07,17.9842857143,3.24285714286,28.3285714286,7.12857142857,33.3,22.8,81.5,13,17.4757142857,17.8814285714,16.74,16.5214285714,296.101428571,296.445714286,295.347142857,295.154285714,80.1771428571,80.9142857143,83.55,83.8328571429,299.757142857,300.207142857,298.457142857,298.114285714,28.0428571429,27.9571428571,24.8142857143,26.0428571429,0.0218,-0.07055,-0.02563333,0.05286667,-0.0441,-0.02854,-0.008066667,0.06016667,0.1412,0.08158571,0.1591143,0.1156429,0.1782429,0.1132429,0.1588,0.1297857,6.12,13.51,175.41,96.99,17.78047619046666,17.520357142850003,300.03333333333336,299.63928571425004,28.109523809533332,27.285714285725,80.88428571426665,81.5507142857,-0.010441666666666663,-0.014239582500000014,0.0007666666666666655,-0.0014416667500000147,0.1231476033333334,0.13213927749999993,0.14174290000000012,0.14600717499999996,10.9,52.02749999999997,0.12053668025532308,-0.992708874098054,2.639057329615259
sj,2004,26,2004-06-24,0.0101,-0.00385,0.1837714,0.1702143,41.41,300.537142857,300.642857143,296.415714286,302.5,297.9,17.0,78.2971428571,41.41,17.7942857143,2.85714285714,28.2285714286,6.27142857143,32.2,23.9,8.9,13,17.9842857143,17.4757142857,17.8814285714,16.74,296.588571429,296.101428571,296.445714286,295.347142857,81.5614285714,80.1771428571,80.9142857143,83.55,300.135714286,299.757142857,300.207142857,298.457142857,28.3285714286,28.0428571429,27.9571428571,24.8142857143,0.017425,0.0218,-0.07055,-0.02563333,0.07494,-0.0441,-0.02854,-0.008066667,0.1466571,0.1412,0.08158571,0.1591143,0.1337429,0.1782429,0.1132429,0.1588,13.07,6.12,13.51,175.41,17.751428571433326,17.783928571425,300.17857142866666,300.18571428575,28.200000000033338,28.1392857143,80.01190476186667,80.237499999975,0.01644166666666667,-0.005306250000000014,0.008996666666666668,-0.0003875000000000165,0.15720950000000009,0.13830355249999995,0.1607333666666668,0.14886075,20.2,18.527499999999964,-3.216245299353273e-16,-1.0,2.639057329615259
sj,2004,27,2004-07-01,-0.0083,0.0083,0.1515714,0.1447429,28.37,300.644285714,300.678571429,296.557142857,302.5,298.4,32.2,78.4814285714,28.37,17.9514285714,2.61428571429,28.3428571429,6.18571428571,32.2,23.3,67.6,8,17.7942857143,17.9842857143,17.4757142857,17.8814285714,296.415714286,296.588571429,296.101428571,296.445714286,78.2971428571,81.5614285714,80.1771428571,80.9142857143,300.642857143,300.135714286,299.757142857,300.207142857,28.2285714286,28.3285714286,28.0428571429,27.9571428571,0.0101,0.017425,0.0218,-0.07055,-0.00385,0.07494,-0.0441,-0.02854,0.1837714,0.1466571,0.1412,0.08158571,0.1702143,0.1337429,0.1782429,0.1132429,41.41,13.07,6.12,13.51,17.909999999999997,17.801428571425,300.485714286,300.30357142875,28.300000000033332,28.23571428575,79.44666666663333,79.62928571425,0.006408333333333338,0.010256249999999986,0.026463333333333335,0.008822499999999983,0.1606666333333334,0.15579997499999992,0.14956670000000014,0.15673574999999998,27.616666666666664,22.242499999999964,-0.12053668025532283,-0.992708874098054,2.1972245773362196
sj,2004,28,2004-07-08,-0.0267,-0.01173333,0.1683286,0.1751143,39.05,300.258571429,300.257142857,296.33,301.9,298.6,43.83,79.1814285714,39.05,17.7285714286,2.57142857143,27.8285714286,6.42857142857,31.1,23.3,76.5,21,17.9514285714,17.7942857143,17.9842857143,17.4757142857,296.557142857,296.415714286,296.588571429,296.101428571,78.4814285714,78.2971428571,81.5614285714,80.1771428571,300.678571429,300.642857143,300.135714286,299.757142857,28.3428571429,28.2285714286,28.3285714286,28.0428571429,-0.0083,0.0101,0.017425,0.0218,0.0083,-0.00385,0.07494,-0.0441,0.1515714,0.1837714,0.1466571,0.1412,0.1447429,0.1702143,0.1337429,0.1782429,28.37,41.41,13.07,6.12,17.824761904766664,17.86464285715,300.52619047633334,300.42857142875005,28.133333333366664,28.182142857175002,78.65333333330001,79.380357142825,-0.008299999999999997,-0.0018687500000000145,-0.0024277766666666693,0.016914167499999983,0.16789046666666674,0.16258212499999994,0.1633571666666668,0.15595359999999997,36.276666666666664,30.474999999999962,-0.23931566428755743,-0.9709418174260521,3.091042453358316
sj,2004,29,2004-07-15,-0.0529,-0.101,0.1853143,0.1498429,59.15,300.575714286,300.671428571,296.797142857,302.4,299.0,15.8,79.9957142857,59.15,18.2528571429,2.2,28.2428571429,5.24285714286,31.7,25.0,16.0,18,17.7285714286,17.9514285714,17.7942857143,17.9842857143,296.33,296.557142857,296.415714286,296.588571429,79.1814285714,78.4814285714,78.2971428571,81.5614285714,300.257142857,300.678571429,300.642857143,300.135714286,27.8285714286,28.3428571429,28.2285714286,28.3285714286,-0.0267,-0.0083,0.0101,0.017425,-0.01173333,0.0083,-0.00385,0.07494,0.1683286,0.1515714,0.1837714,0.1466571,0.1751143,0.1447429,0.1702143,0.1337429,39.05,28.37,41.41,13.07,17.97761904763333,17.9317857143,300.53571428566664,300.5625,28.13809523813333,28.16071428575,79.2195238095,78.98892857140001,-0.029299999999999996,-0.019450000000000016,-0.034811110000000006,-0.02707083250000002,0.1684047666666667,0.17224642499999993,0.15656670000000014,0.15997859999999997,42.19,41.99499999999996,-0.3546048870425356,-0.9350162426854148,2.9444389791664403
sj,2004,30,2004-07-22,0.0674,0.08983333,0.1748286,0.1487429,23.74,300.401428571,300.4,296.095714286,302.3,298.4,31.21,77.4985714286,23.74,17.51,2.68571428571,28.0142857143,6.52857142857,31.7,23.9,26.2,8,18.2528571429,17.7285714286,17.9514285714,17.7942857143,296.797142857,296.33,296.557142857,296.415714286,79.9957142857,79.1814285714,78.4814285714,78.2971428571,300.671428571,300.257142857,300.678571429,300.642857143,28.2428571429,27.8285714286,28.3428571429,28.2285714286,-0.0529,-0.0267,-0.0083,0.0101,-0.101,-0.01173333,0.0083,-0.00385,0.1853143,0.1683286,0.1515714,0.1837714,0.1498429,0.1751143,0.1447429,0.1702143,59.15,39.05,28.37,41.41,17.830476190499997,17.860714285725,300.44285714266664,300.50178571425,28.028571428600003,28.107142857175,78.8919047619,78.789285714275,-0.004066666666666663,-0.005125000000000015,-0.007633333333333339,-0.003650000000000018,0.17615716666666673,0.17001072499999992,0.15790003333333347,0.15461074999999996,40.64666666666667,37.577499999999965,-0.46472317204376806,-0.8854560256532101,2.1972245773362196
sj,2004,31,2004-07-29,-0.0117,-0.05443333,0.1905286,0.1573,40.86,300.234285714,300.285714286,296.822857143,302.1,298.5,31.51,81.8071428571,40.86,18.3071428571,2.57142857143,28.0428571429,6.37142857143,31.7,23.9,44.0,7,17.51,18.2528571429,17.7285714286,17.9514285714,296.095714286,296.797142857,296.33,296.557142857,77.4985714286,79.9957142857,79.1814285714,78.4814285714,300.4,300.671428571,300.257142857,300.678571429,28.0142857143,28.2428571429,27.8285714286,28.3428571429,0.0674,-0.0529,-0.0267,-0.0083,0.08983333,-0.101,-0.01173333,0.0083,0.1748286,0.1853143,0.1683286,0.1515714,0.1487429,0.1498429,0.1751143,0.1447429,23.74,59.15,39.05,28.37,18.02333333333333,17.94964285715,300.4523809523333,300.4035714285,28.100000000033333,28.032142857175003,79.76714285713334,79.6207142857,0.0009333333333333376,-0.005975000000000015,-0.021866666666666673,-0.01933333250000002,0.18355716666666674,0.17975002499999995,0.1519619333333335,0.15775002499999996,41.25,40.69999999999996,-0.5680647467311556,-0.8229838658936565,2.0794415416798357
sj,2004,32,2004-08-05,0.0058,0.0327,0.1741,0.1838143,35.99,300.588571429,300.642857143,296.6,302.7,298.4,24.6,79.0257142857,35.99,18.0528571429,2.97142857143,28.5285714286,6.58571428571,32.2,24.4,12.8,20,18.3071428571,17.51,18.2528571429,17.7285714286,296.822857143,296.095714286,296.797142857,296.33,81.8071428571,77.4985714286,79.9957142857,79.1814285714,300.285714286,300.4,300.671428571,300.257142857,28.0428571429,28.0142857143,28.2428571429,27.8285714286,-0.0117,0.0674,-0.0529,-0.0267,-0.05443333,0.08983333,-0.101,-0.01173333,0.1905286,0.1748286,0.1853143,0.1683286,0.1573,0.1487429,0.1498429,0.1751143,40.86,23.74,59.15,39.05,17.956666666666663,18.030714285725,300.442857143,300.5,28.19523809526667,28.207142857175,79.4438095238,79.581785714275,0.020500000000000004,0.002149999999999985,0.022699999999999998,-0.008225000000000019,0.17981906666666672,0.18119287499999995,0.1632857333333335,0.159925025,33.53,39.93499999999997,-0.663122658240795,-0.7485107481711013,3.044522437723423
sj,2004,33,2004-08-12,0.0374,0.1084,0.1253,0.1774143,20.92,300.995714286,301.2,296.4,302.9,299.2,14.1,76.1714285714,20.92,17.8185714286,2.65714285714,28.9428571429,7.22857142857,33.9,24.4,10.5,14,18.0528571429,18.3071428571,17.51,18.2528571429,296.6,296.822857143,296.095714286,296.797142857,79.0257142857,81.8071428571,77.4985714286,79.9957142857,300.642857143,300.285714286,300.4,300.671428571,28.5285714286,28.0428571429,28.0142857143,28.2428571429,0.0058,-0.0117,0.0674,-0.0529,0.0327,-0.05443333,0.08983333,-0.101,0.1741,0.1905286,0.1748286,0.1853143,0.1838143,0.1573,0.1487429,0.1498429,35.99,40.86,23.74,59.15,18.059523809533328,17.92214285715,300.7095238096667,300.63214285724996,28.504761904800002,28.382142857175,79.00142857140001,78.62571428570001,0.010500000000000004,0.024724999999999987,0.028888889999999997,0.044124999999999984,0.1633095333333334,0.16618929999999993,0.17284286666666682,0.16681787499999998,32.59,30.377499999999962,-0.7485107481711011,-0.6631226582407952,2.70805020110221
sj,2004,34,2004-08-19,-0.0164,-0.021875,0.1816,0.1706,37.3,300.794285714,300.85,297.268571429,302.6,298.6,44.4,81.2642857143,37.3,18.7742857143,2.58571428571,29.0,6.31428571429,32.2,24.4,28.3,14,17.8185714286,18.0528571429,18.3071428571,17.51,296.4,296.6,296.822857143,296.095714286,76.1714285714,79.0257142857,81.8071428571,77.4985714286,301.2,300.642857143,300.285714286,300.4,28.9428571429,28.5285714286,28.0428571429,28.0142857143,0.0374,0.0058,-0.0117,0.0674,0.1084,0.0327,-0.05443333,0.08983333,0.1253,0.1741,0.1905286,0.1748286,0.1774143,0.1838143,0.1573,0.1487429,20.92,35.99,40.86,23.74,18.21523809526666,18.238214285725,300.89761904766664,300.74464285725,28.823809523833333,28.6285714286,78.82047619046666,79.56714285712499,0.008933333333333338,0.003774999999999986,0.03974166666666667,0.016197917499999985,0.1603333333333334,0.16788214999999995,0.17727620000000013,0.17228214999999997,31.403333333333336,33.76749999999996,-0.8229838658936564,-0.5680647467311559,2.70805020110221
sj,2004,35,2004-08-26,0.0996,0.0633,0.1006571,0.1094286,20.3,300.912857143,301.05,297.054285714,302.6,298.7,13.5,79.6842857143,20.3,18.5314285714,2.64285714286,29.0571428571,6.48571428571,33.3,25.0,20.6,7,18.7742857143,17.8185714286,18.0528571429,18.3071428571,297.268571429,296.4,296.6,296.822857143,81.2642857143,76.1714285714,79.0257142857,81.8071428571,300.85,301.2,300.642857143,300.285714286,29.0,28.9428571429,28.5285714286,28.0428571429,-0.0164,0.0374,0.0058,-0.0117,-0.021875,0.1084,0.0327,-0.05443333,0.1816,0.1253,0.1741,0.1905286,0.1706,0.1774143,0.1838143,0.1573,37.3,20.92,35.99,40.86,18.37476190476666,18.2942857143,301.0333333333333,300.93571428575,29.0,28.88214285715,79.04,79.036428571425,0.04020000000000001,0.03159999999999998,0.04994166666666666,0.045631249999999984,0.1358523666666667,0.14541427499999995,0.1524809666666668,0.1603143,26.173333333333332,28.627499999999966,-0.8854560256532096,-0.4647231720437691,2.0794415416798357
sj,2004,36,2004-09-02,0.0414,0.0498,0.1631286,0.1992,62.61,300.861428571,300.9,296.39,302.6,298.9,25.37,76.7114285714,62.61,17.8228571429,2.62857142857,28.6142857143,7.05714285714,32.8,24.4,23.8,14,18.5314285714,18.7742857143,17.8185714286,18.0528571429,297.054285714,297.268571429,296.4,296.6,79.6842857143,81.2642857143,76.1714285714,79.0257142857,301.05,300.85,301.2,300.642857143,29.0571428571,29.0,28.9428571429,28.5285714286,0.0996,-0.0164,0.0374,0.0058,0.0633,-0.021875,0.1084,0.0327,0.1006571,0.1816,0.1253,0.1741,0.1094286,0.1706,0.1774143,0.1838143,20.3,37.3,20.92,35.99,18.376190476199994,18.236785714299998,300.93333333333334,301.0,28.890476190466668,28.903571428575,79.22000000000001,78.45785714285,0.04153333333333334,0.04049999999999998,0.03040833333333333,0.049906249999999985,0.14846190000000006,0.14267142499999994,0.1597428666666668,0.16416072499999995,40.07,35.28249999999997,-0.9350162426854147,-0.3546048870425359,2.70805020110221
sj,2004,37,2004-09-09,0.1076,0.074925,0.1059143,0.09598571,42.51,300.958571429,301.0,297.15,302.8,299.3,33.4,79.8657142857,42.51,18.7171428571,2.34285714286,28.9857142857,6.97142857143,33.9,25.0,20.6,10,17.8228571429,18.5314285714,18.7742857143,17.8185714286,296.39,297.054285714,297.268571429,296.4,76.7114285714,79.6842857143,81.2642857143,76.1714285714,300.9,301.05,300.85,301.2,28.6142857143,29.0571428571,29.0,28.9428571429,0.0414,0.0996,-0.0164,0.0374,0.0498,0.0633,-0.021875,0.1084,0.1631286,0.1006571,0.1816,0.1253,0.1992,0.1094286,0.1706,0.1774143,62.61,20.3,37.3,20.92,18.357142857133326,18.461428571425,300.98333333333335,300.95,28.8857142857,28.914285714275,78.7538095238,79.381428571425,0.08286666666666667,0.05804999999999998,0.062675,0.041537499999999984,0.1232333333333334,0.13782499999999995,0.1348714366666668,0.14380357749999995,41.806666666666665,40.679999999999964,-0.970941817426052,-0.23931566428755774,2.3978952727983707
sj,2004,38,2004-09-16,0.04015,0.0037375000000000047,0.09487143,0.1394429,52.29,301.1,301.257142857,297.304285714,303.3,299.3,16.0,80.0328571429,52.29,18.9042857143,2.42857142857,28.6428571429,6.11428571429,32.2,24.4,32.8,13,18.7171428571,17.8228571429,18.5314285714,18.7742857143,297.15,296.39,297.054285714,297.268571429,79.8657142857,76.7114285714,79.6842857143,81.2642857143,301.0,300.9,301.05,300.85,28.9857142857,28.6142857143,29.0571428571,29.0,0.1076,0.0414,0.0996,-0.0164,0.074925,0.0498,0.0633,-0.021875,0.1059143,0.1631286,0.1006571,0.1816,0.09598571,0.1992,0.1094286,0.1706,42.51,62.61,20.3,37.3,18.481428571433327,18.493928571425,301.05238095233335,301.05178571425,28.747619047633332,28.825,78.86999999999999,79.07357142857501,0.06305000000000001,0.07218749999999997,0.04282083333333333,0.04794062499999999,0.12130477666666674,0.11614285749999996,0.14487620333333348,0.13601430249999996,52.47,44.42749999999997,-0.992708874098054,-0.12053668025532357,2.639057329615259
sj,2004,39,2004-09-23,0.0368125,-0.06745,0.2252571,0.2332,245.73,299.798571429,299.957142857,297.081428571,302.9,297.7,254.95,85.33,245.73,18.6457142857,2.54285714286,27.2285714286,6.05714285714,33.9,23.3,158.2,27,18.9042857143,18.7171428571,17.8228571429,18.5314285714,297.304285714,297.15,296.39,297.054285714,80.0328571429,79.8657142857,76.7114285714,79.6842857143,301.257142857,301.0,300.9,301.05,28.6428571429,28.9857142857,28.6142857143,29.0571428571,0.04015,0.1076,0.0414,0.0996,0.0037375000000000047,0.074925,0.0498,0.0633,0.09487143,0.1059143,0.1631286,0.1006571,0.1394429,0.09598571,0.1992,0.1094286,52.29,42.51,62.61,20.3,18.755714285699995,18.5225,300.73809523799997,300.7785714285,28.285714285733334,28.367857142874996,81.74285714286667,80.485,0.06152083333333334,0.05649062499999998,0.0037375,0.015253124999999989,0.14201427666666674,0.14729285749999996,0.1562095366666668,0.16695715249999998,113.50999999999999,100.78499999999997,-1.0,-1.8369701987210297e-16,3.332204510175204
sj,2004,40,2004-09-30,0.033475,0.007625,0.24358,0.1786333,10.06,301.028571429,301.207142857,296.478571429,303.6,298.7,8.57,76.4714285714,10.06,17.9642857143,3.67142857143,29.1428571429,8.08571428571,34.4,24.4,21.8,13,18.6457142857,18.9042857143,18.7171428571,17.8228571429,297.081428571,297.304285714,297.15,296.39,85.33,80.0328571429,79.8657142857,76.7114285714,299.957142857,301.257142857,301.0,300.9,27.2285714286,28.6428571429,28.9857142857,28.6142857143,0.0368125,0.04015,0.1076,0.0414,-0.06745,0.0037375000000000047,0.074925,0.0498,0.2252571,0.09487143,0.1059143,0.1631286,0.2332,0.1394429,0.09598571,0.1992,245.73,52.29,42.51,62.61,18.504761904766664,18.55785714285,300.807142857,300.85535714275,28.338095238133334,28.500000000024997,80.61142857143334,80.425,0.036812500000000005,0.054509374999999985,-0.018695833333333335,0.00470937499999999,0.1879028433333334,0.16740570749999995,0.18375873333333348,0.16181547749999997,102.69333333333333,87.64749999999995,-0.992708874098054,0.1205366802553232,2.639057329615259
sj,2004,41,2004-10-07,-0.0168,0.02526667,0.09047143,0.05836667,34.73,300.68,300.678571429,296.584285714,302.5,298.9,35.7,78.4771428571,34.73,18.0728571429,2.55714285714,28.2857142857,6.21428571429,31.7,24.4,24.4,18,17.9642857143,18.6457142857,18.9042857143,18.7171428571,296.478571429,297.081428571,297.304285714,297.15,76.4714285714,85.33,80.0328571429,79.8657142857,301.207142857,299.957142857,301.257142857,301.0,29.1428571429,27.2285714286,28.6428571429,28.9857142857,0.033475,0.0368125,0.04015,0.1076,0.007625,-0.06745,0.0037375000000000047,0.074925,0.24358,0.2252571,0.09487143,0.1059143,0.1786333,0.2332,0.1394429,0.09598571,10.06,245.73,52.29,42.51,18.22761904763333,18.396785714299998,300.61428571433333,300.775,28.219047619066668,28.325000000025,80.09285714283334,80.07785714285,0.017829166666666677,0.023409374999999982,-0.011519443333333337,-0.007705207500000011,0.1864361766666667,0.16354498999999995,0.15673332333333345,0.15241071749999996,96.83999999999999,85.70249999999996,-0.9709418174260521,0.23931566428755738,2.9444389791664403
sj,2004,42,2004-10-14,0.04005,0.09375,0.2360286,0.2138714,83.2,300.508571429,300.678571429,296.864285714,303.4,298.6,41.4,80.6657142857,83.2,18.4028571429,3.15714285714,28.1285714286,6.18571428571,32.2,23.9,41.4,16,18.0728571429,17.9642857143,18.6457142857,18.9042857143,296.584285714,296.478571429,297.081428571,297.304285714,78.4771428571,76.4714285714,85.33,80.0328571429,300.678571429,301.207142857,299.957142857,301.257142857,28.2857142857,29.1428571429,27.2285714286,28.6428571429,-0.0168,0.033475,0.0368125,0.04015,0.02526667,0.007625,-0.06745,0.0037375000000000047,0.09047143,0.24358,0.2252571,0.09487143,0.05836667,0.1786333,0.2332,0.1394429,34.73,10.06,245.73,52.29,18.146666666699996,18.27142857145,300.854761905,300.63035714299997,28.519047619066665,28.19642857145,78.53809523806667,80.23607142855,0.018908333333333343,0.023384374999999985,0.04221389,0.014797917499999987,0.19002667666666673,0.19883428249999996,0.1502904566666668,0.17101784249999996,42.66333333333335,93.42999999999998,-0.9350162426854148,0.35460488704253557,2.833213344056216
sj,2004,43,2004-10-21,0.0969,0.07463333,0.08211667,0.0797,10.82,300.647142857,300.807142857,296.221428571,302.7,299.2,18.0,76.9228571429,10.82,17.6957142857,2.44285714286,28.2857142857,6.72857142857,32.2,23.9,15.1,16,18.4028571429,18.0728571429,17.9642857143,18.6457142857,296.864285714,296.584285714,296.478571429,297.081428571,80.6657142857,78.4771428571,76.4714285714,85.33,300.678571429,300.678571429,301.207142857,299.957142857,28.1285714286,28.2857142857,29.1428571429,27.2285714286,0.04005,-0.0168,0.033475,0.0368125,0.09375,0.02526667,0.007625,-0.06745,0.2360286,0.09047143,0.24358,0.2252571,0.2138714,0.05836667,0.1786333,0.2332,83.2,34.73,10.06,245.73,18.057142857166664,18.033928571449998,300.72142857166665,300.842857143,28.23333333333333,28.460714285725,78.68857142856668,78.13428571427501,0.04005000000000001,0.03840624999999998,0.06455,0.05031874999999998,0.13620556666666672,0.16304917499999994,0.11731269000000012,0.13264284249999997,42.91666666666668,34.702499999999965,-0.8854560256532101,0.464723172043768,2.833213344056216
sj,2004,44,2004-10-28,0.0802,0.088,0.096,0.1182286,96.72,299.892857143,300.157142857,296.26,302.4,298.6,25.2,80.6557142857,96.72,17.7642857143,2.37142857143,27.5,5.64285714286,31.7,23.9,34.1,20,17.6957142857,18.4028571429,18.0728571429,17.9642857143,296.221428571,296.864285714,296.584285714,296.478571429,76.9228571429,80.6657142857,78.4771428571,76.4714285714,300.807142857,300.678571429,300.678571429,301.207142857,28.2857142857,28.1285714286,28.2857142857,29.1428571429,0.0969,0.04005,-0.0168,0.033475,0.07463333,0.09375,0.02526667,0.007625,0.08211667,0.2360286,0.09047143,0.24358,0.0797,0.2138714,0.05836667,0.1786333,10.82,83.2,34.73,10.06,17.954285714299996,17.98392857145,300.54761904766667,300.580357143,27.971428571433336,28.05,79.41476190476666,79.18035714285,0.07238333333333334,0.05008749999999998,0.08546110999999999,0.07041249999999999,0.13804842333333342,0.12615417499999995,0.1372666666666668,0.11754166749999997,63.58000000000001,56.367499999999964,-0.822983865893657,0.5680647467311548,3.044522437723423
sj,2004,45,2004-11-04,0.1337,0.1288,0.24505,0.1911143,105.49,299.67,299.9,295.375714286,301.8,298.2,31.2,77.5328571429,105.49,16.8185714286,2.4,27.0571428571,6.52857142857,30.6,22.8,109.0,17,17.7642857143,17.6957142857,18.4028571429,18.0728571429,296.26,296.221428571,296.864285714,296.584285714,80.6557142857,76.9228571429,80.6657142857,78.4771428571,300.157142857,300.807142857,300.678571429,300.678571429,27.5,28.2857142857,28.1285714286,28.2857142857,0.0802,0.0969,0.04005,-0.0168,0.088,0.07463333,0.09375,0.02526667,0.096,0.08211667,0.2360286,0.09047143,0.1182286,0.0797,0.2138714,0.05836667,96.72,10.82,83.2,34.73,17.426190476199995,17.670357142875,300.288095238,300.38571428575,27.614285714266668,27.742857142850003,78.37047619050001,78.9442857143,0.10360000000000003,0.08771249999999998,0.09714444333333332,0.09629583249999998,0.14105555666666672,0.16479881749999994,0.12968096666666679,0.15072857499999998,71.01,74.05749999999996,-0.7485107481711011,0.6631226582407952,2.8903717578961645
sj,2004,46,2004-11-11,0.0199,-0.00135,0.039,0.06477143,18.75,299.921428571,299.971428571,295.598571429,302.1,298.3,24.5,77.3114285714,18.75,17.0385714286,2.4,27.2428571429,6.35714285714,31.1,23.9,7.7,4,16.8185714286,17.7642857143,17.6957142857,18.4028571429,295.375714286,296.26,296.221428571,296.864285714,77.5328571429,80.6557142857,76.9228571429,80.6657142857,299.9,300.157142857,300.807142857,300.678571429,27.0571428571,27.5,28.2857142857,28.1285714286,0.1337,0.0802,0.0969,0.04005,0.1288,0.088,0.07463333,0.09375,0.24505,0.096,0.08211667,0.2360286,0.1911143,0.1182286,0.0797,0.2138714,105.49,96.72,10.82,83.2,17.207142857166662,17.3292857143,300.0095238093333,300.20892857125,27.266666666666666,27.521428571424998,78.5,78.105714285725,0.07793333333333334,0.082675,0.07181666666666665,0.07252083249999998,0.1266833333333334,0.11554166749999994,0.1247047766666668,0.11345358249999997,73.65333333333335,57.944999999999965,-0.6631226582407955,0.7485107481711007,1.6094379124341003
sj,2004,47,2004-11-18,0.3274,-0.0064,0.2224857,0.1364714,122.87,298.547142857,298.557142857,295.557142857,300.4,296.9,145.8,83.6285714286,122.87,17.0071428571,1.85714285714,26.3285714286,4.62857142857,28.9,23.3,70.7,15,17.0385714286,16.8185714286,17.7642857143,17.6957142857,295.598571429,295.375714286,296.26,296.221428571,77.3114285714,77.5328571429,80.6557142857,76.9228571429,299.971428571,299.9,300.157142857,300.807142857,27.2428571429,27.0571428571,27.5,28.2857142857,0.0199,0.1337,0.0802,0.0969,-0.00135,0.1288,0.088,0.07463333,0.039,0.24505,0.096,0.08211667,0.06477143,0.1911143,0.1182286,0.0797,18.75,105.49,96.72,10.82,16.954761904766663,17.15714285715,299.476190476,299.64642857125,26.876190476199998,27.03214285715,79.49095238096668,79.78214285714999,0.16033333333333336,0.14029999999999998,0.04035,0.05226249999999998,0.16884523333333337,0.15063392499999995,0.1307857100000001,0.12764643249999996,82.37,85.95749999999997,-0.5680647467311559,0.8229838658936564,2.772588722239781
sj,2004,48,2004-11-25,0.0435,-0.0607,0.1951571,0.2427714,18.37,298.43,298.457142857,293.455714286,300.0,297.0,24.9,74.3028571429,18.37,14.9214285714,1.97142857143,26.3285714286,4.9,29.4,23.3,26.9,8,17.0071428571,17.0385714286,16.8185714286,17.7642857143,295.557142857,295.598571429,295.375714286,296.26,83.6285714286,77.3114285714,77.5328571429,80.6557142857,298.557142857,299.971428571,299.9,300.157142857,26.3285714286,27.2428571429,27.0571428571,27.5,0.3274,0.0199,0.1337,0.0802,-0.0064,-0.00135,0.1288,0.088,0.2224857,0.039,0.24505,0.096,0.1364714,0.06477143,0.1911143,0.1182286,122.87,18.75,105.49,96.72,16.32238095236666,16.446428571425,298.995238095,299.22142857125,26.633333333366664,26.7392857143,78.4142857143,78.19392857145,0.13026666666666667,0.131125,-0.022816666666666676,0.015087499999999986,0.1522142666666667,0.17542319999999995,0.14800474333333347,0.15878213249999995,53.330000000000005,66.36999999999996,-0.4647231720437684,0.88545602565321,2.1972245773362196
sj,2004,49,2004-12-02,-0.1613,-0.08855,0.2108714,0.2731429,0.0,298.791428571,298.9,293.74,300.3,297.6,2.71,73.7571428571,0.0,15.1628571429,2.11428571429,25.6428571429,6.44285714286,28.9,21.1,7.7,6,14.9214285714,17.0071428571,17.0385714286,16.8185714286,293.455714286,295.557142857,295.598571429,295.375714286,74.3028571429,83.6285714286,77.3114285714,77.5328571429,298.457142857,298.557142857,299.971428571,299.9,26.3285714286,26.3285714286,27.2428571429,27.0571428571,0.0435,0.3274,0.0199,0.1337,-0.0607,-0.0064,-0.00135,0.1288,0.1951571,0.2224857,0.039,0.24505,0.2427714,0.1364714,0.06477143,0.1911143,18.37,122.87,18.75,105.49,15.69714285713333,16.032500000000002,298.63809523799995,298.97142857125,26.100000000033333,26.385714285749998,77.22952380953335,77.25,0.06986666666666669,0.057374999999999995,-0.05188333333333334,-0.039250000000000014,0.2095047333333334,0.16687854999999996,0.21746190000000012,0.17928928249999998,47.080000000000005,39.99749999999996,-0.35460488704253595,0.9350162426854147,1.9459101490553132
sj,2004,50,2004-12-09,-0.0039,-0.0262,0.2083167,0.17965,0.0,298.164285714,298.364285714,293.274285714,300.2,296.1,2.8,74.3257142857,0.0,14.7085714286,2.35714285714,25.1571428571,6.31428571429,28.9,20.6,10.4,12,15.1628571429,14.9214285714,17.0071428571,17.0385714286,293.74,293.455714286,295.557142857,295.598571429,73.7571428571,74.3028571429,83.6285714286,77.3114285714,298.9,298.457142857,298.557142857,299.971428571,25.6428571429,26.3285714286,26.3285714286,27.2428571429,-0.1613,0.0435,0.3274,0.0199,-0.08855,-0.0607,-0.0064,-0.00135,0.2108714,0.1951571,0.2224857,0.039,0.2731429,0.2427714,0.1364714,0.06477143,0.0,18.37,122.87,18.75,14.930952380966664,15.45,298.5738095236666,298.569642857,25.709523809533334,25.8642857143,74.12857142856666,76.503571428575,-0.040566666666666654,0.051425,-0.05848333333333335,-0.04546250000000002,0.20478173333333338,0.20920772499999996,0.2318547666666668,0.20800892499999998,6.123333333333343,35.30999999999996,-0.2393156642875578,0.970941817426052,2.5649493574615367
sj,2004,51,2004-12-16,-0.15165,-0.0214,0.1828167,0.1342571,5.54,298.802857143,298.95,295.252857143,300.8,297.5,29.32,80.8885714286,5.54,16.6214285714,2.24285714286,26.2714285714,5.62857142857,30.6,22.8,30.6,15,14.7085714286,15.1628571429,14.9214285714,17.0071428571,293.274285714,293.74,293.455714286,295.557142857,74.3257142857,73.7571428571,74.3028571429,83.6285714286,298.364285714,298.9,298.457142857,298.557142857,25.1571428571,25.6428571429,26.3285714286,26.3285714286,-0.0039,-0.1613,0.0435,0.3274,-0.0262,-0.08855,-0.0607,-0.0064,0.2083167,0.2108714,0.1951571,0.2224857,0.17965,0.2731429,0.2427714,0.1364714,0.0,0.0,18.37,122.87,15.497619047633329,15.353571428575002,298.73809523799997,298.66785714275,25.69047619046667,25.85,76.3238095238,75.818571428575,-0.10561666666666665,-0.06833750000000001,-0.04538333333333334,-0.04921250000000001,0.20066826666666673,0.19929047499999994,0.19568333333333343,0.20745534999999998,1.8466666666666762,5.9774999999999645,-0.12053668025532363,0.992708874098054,2.772588722239781
sj,2004,52,2004-12-23,-0.1261,-0.06296667,0.1994857,0.14035,150.31,298.682857143,298.871428571,295.741428571,300.9,296.9,41.3,83.9528571429,150.31,17.1485714286,2.05714285714,26.2428571429,5.71428571429,30.0,22.8,55.7,11,16.6214285714,14.7085714286,15.1628571429,14.9214285714,295.252857143,293.274285714,293.74,293.455714286,80.8885714286,74.3257142857,73.7571428571,74.3028571429,298.95,298.364285714,298.9,298.457142857,26.2714285714,25.1571428571,25.6428571429,26.3285714286,-0.15165,-0.0039,-0.1613,0.0435,-0.0214,-0.0262,-0.08855,-0.0607,0.1828167,0.2083167,0.2108714,0.1951571,0.1342571,0.17965,0.2731429,0.2427714,5.54,0.0,0.0,18.37,16.15952380953333,15.910357142875,298.72857142833334,298.77142857125,25.890476190466668,25.828571428575,79.7223809524,78.231071428575,-0.09388333333333332,-0.1107375,-0.03685555666666668,-0.04977916750000001,0.19687303333333336,0.20037262499999994,0.15141903333333348,0.18184999999999998,51.95000000000001,38.96249999999996,6.432490598706546e-16,1.0,2.4849066497880004
sj,2005,53,2005-01-01,-0.0591,-0.0563,0.1620714,0.12039645,75.155,298.135,298.2678571425,294.256428571,300.2,296.5,31.49,79.36571428575,75.155,15.705,2.00714285714,25.6142857143,5.307142857145,29.15,21.950000000000003,39.75,10,17.1485714286,16.6214285714,14.7085714286,15.1628571429,295.741428571,295.252857143,293.274285714,293.74,83.9528571429,80.8885714286,74.3257142857,73.7571428571,298.871428571,298.95,298.364285714,298.9,26.2428571429,26.2714285714,25.1571428571,25.6428571429,-0.1261,-0.15165,-0.0039,-0.1613,-0.06296667,-0.0214,-0.0262,-0.08855,0.1994857,0.1828167,0.2083167,0.2108714,0.14035,0.1342571,0.17965,0.2731429,150.31,5.54,0.0,0.0,16.49166666666666,16.04589285715,298.6964285711667,298.613392856875,26.042857142866666,25.821428571425002,81.40238095241666,79.6332142857375,-0.1122833333333333,-0.0851875,-0.046888890000000016,-0.04171666750000001,0.18145793333333338,0.18817262499999993,0.13166785000000014,0.14366338749999996,77.00166666666668,57.75124999999996,0.12053668025532314,0.992708874098054,2.3978952727983707
sj,2005,1,2005-01-08,0.0079,-0.04963333,0.1246571,0.1004429,0.0,297.587142857,297.664285714,292.771428571,299.5,296.1,21.68,74.7785714286,0.0,14.2614285714,1.95714285714,24.9857142857,4.9,28.3,21.1,23.8,15,15.705,17.1485714286,16.6214285714,14.7085714286,294.256428571,295.741428571,295.252857143,293.274285714,79.36571428575,83.9528571429,80.8885714286,74.3257142857,298.2678571425,298.871428571,298.95,298.364285714,25.6142857143,26.2428571429,26.2714285714,25.1571428571,-0.0591,-0.1261,-0.15165,-0.0039,-0.0563,-0.06296667,-0.0214,-0.0262,0.1620714,0.1994857,0.1828167,0.2083167,0.12039645,0.14035,0.1342571,0.17965,75.155,150.31,5.54,0.0,15.704999999999997,15.93410714285,298.2678571425,298.438392856875,25.614285714299996,25.778571428575,79.36571428575,79.7464285714625,-0.059099999999999986,-0.0822375,-0.05630000000000002,-0.04757500000000002,0.16207140000000006,0.16725772499999997,0.12039645000000014,0.12386161249999998,75.15500000000002,57.75124999999996,0.12053668025532305,0.992708874098054,2.772588722239781
sj,2005,2,2005-01-15,0.02435,-0.019275,0.1335429,0.1272429,0.0,297.6,297.614285714,293.667142857,298.9,296.2,43.1,78.7985714286,0.0,15.0428571429,1.91428571429,25.2,5.38571428571,28.3,22.2,55.6,17,14.2614285714,15.705,17.1485714286,16.6214285714,292.771428571,294.256428571,295.741428571,295.252857143,74.7785714286,79.36571428575,83.9528571429,80.8885714286,297.664285714,298.2678571425,298.871428571,298.95,24.9857142857,25.6142857143,26.2428571429,26.2714285714,0.0079,-0.0591,-0.1261,-0.15165,-0.04963333,-0.0563,-0.06296667,-0.0214,0.1246571,0.1620714,0.1994857,0.1828167,0.1004429,0.12039645,0.14035,0.1342571,0.0,75.155,150.31,5.54,15.003095238099995,15.539464285725,297.8488095235,298.104464285375,25.266666666666666,25.510714285724998,77.64761904765,79.2239285714625,-0.008949999999999991,-0.03823750000000001,-0.041736110000000014,-0.047043750000000016,0.14009046666666672,0.15493927499999993,0.11602741666666679,0.12210806249999998,25.051666666666677,56.366249999999965,0.23931566428755774,0.970941817426052,2.8903717578961645
sj,2005,3,2005-01-22,-0.1118333,-0.07645,0.2029,0.2233571,14.67,297.395714286,297.557142857,294.308571429,299.4,295.8,76.36,83.0557142857,14.67,15.6714285714,1.91428571429,25.2285714286,4.91428571429,28.3,21.7,32.4,7,15.0428571429,14.2614285714,15.705,17.1485714286,293.667142857,292.771428571,294.256428571,295.741428571,78.7985714286,74.7785714286,79.36571428575,83.9528571429,297.614285714,297.664285714,298.2678571425,298.871428571,25.2,24.9857142857,25.6142857143,26.2428571429,0.02435,0.0079,-0.0591,-0.1261,-0.019275,-0.04963333,-0.0563,-0.06296667,0.1335429,0.1246571,0.1620714,0.1994857,0.1272429,0.1004429,0.12039645,0.14035,0.0,0.0,75.155,150.31,14.991904761899995,15.170178571425001,297.61190476166666,297.775892856875,25.138095238099996,25.25714285715,78.87761904763333,78.9996428571625,-0.026527766666666657,-0.034670825,-0.048452776666666676,-0.05041458250000001,0.15370000000000006,0.15579284999999995,0.15034763333333348,0.14285983749999998,4.8900000000000095,22.456249999999965,0.3546048870425356,0.9350162426854148,2.0794415416798357
sj,2005,4,2005-01-29,-0.0479,0.0431,0.1743,0.1456429,15.2,296.535714286,296.614285714,292.512857143,299.0,294.8,31.85,78.5385714286,15.2,14.0914285714,2.65714285714,23.7571428571,6.32857142857,28.3,17.8,34.0,7,15.6714285714,15.0428571429,14.2614285714,15.705,294.308571429,293.667142857,292.771428571,294.256428571,83.0557142857,78.7985714286,74.7785714286,79.36571428575,297.557142857,297.614285714,297.664285714,298.2678571425,25.2285714286,25.2,24.9857142857,25.6142857143,-0.1118333,0.02435,0.0079,-0.0591,-0.07645,-0.019275,-0.04963333,-0.0563,0.2029,0.1335429,0.1246571,0.1620714,0.2233571,0.1272429,0.1004429,0.12039645,14.67,0.0,0.0,75.155,14.935238095233329,14.766785714274999,297.2619047616667,297.36249999975,24.728571428566667,24.79285714285,80.13095238096666,78.792857142875,-0.04512776666666666,-0.031870825000000005,-0.017541666666666678,-0.025564582500000013,0.1702476333333334,0.15884999999999996,0.16541430000000013,0.14917144999999998,9.956666666666676,7.467499999999964,0.4647231720437685,0.8854560256532099,2.0794415416798357
sj,2005,5,2005-02-05,0.0442,-0.0758,0.2056,0.1781429,0.0,296.152857143,296.171428571,292.2,297.8,294.3,31.8,78.64,0.0,13.77,1.97142857143,23.7142857143,4.52857142857,27.8,19.4,5.4,8,14.0914285714,15.6714285714,15.0428571429,14.2614285714,292.512857143,294.308571429,293.667142857,292.771428571,78.5385714286,83.0557142857,78.7985714286,74.7785714286,296.614285714,297.557142857,297.614285714,297.664285714,23.7571428571,25.2285714286,25.2,24.9857142857,-0.0479,-0.1118333,0.02435,0.0079,0.0431,-0.07645,-0.019275,-0.04963333,0.1743,0.2029,0.1335429,0.1246571,0.1456429,0.2233571,0.1272429,0.1004429,15.2,14.67,0.0,0.0,14.510952380933327,14.643928571425,296.78095238066663,296.989285714,24.23333333333333,24.474999999999998,80.0780952381,79.75821428572499,-0.038511099999999986,-0.022795825000000002,-0.036383333333333344,-0.03210625000000002,0.19426666666666673,0.17908572499999995,0.1823809666666668,0.16859644999999995,9.956666666666676,7.467499999999964,0.5680647467311558,0.8229838658936564,2.1972245773362196
sj,2005,6,2005-02-12,-0.08175,-0.03735,0.2976571,0.3102571,0.0,296.101428571,296.171428571,290.467142857,299.5,293.3,6.4,70.7957142857,0.0,12.3628571429,3.11428571429,23.3142857143,5.98571428571,26.7,19.4,10.1,9,13.77,14.0914285714,15.6714285714,15.0428571429,292.2,292.512857143,294.308571429,293.667142857,78.64,78.5385714286,83.0557142857,78.7985714286,296.171428571,296.614285714,297.557142857,297.614285714,23.7142857143,23.7571428571,25.2285714286,25.2,0.0442,-0.0479,-0.1118333,0.02435,-0.0758,0.0431,-0.07645,-0.019275,0.2056,0.1743,0.2029,0.1335429,0.1781429,0.1456429,0.2233571,0.1272429,0.0,15.2,14.67,0.0,13.408095238099996,13.973928571424999,296.3190476186667,296.62857142825,23.595238095233338,24.003571428575,75.99142857143333,77.7575,-0.028483333333333322,-0.049320825000000006,-0.02335000000000001,-0.03662500000000002,0.22585236666666675,0.22011427499999994,0.21134763333333348,0.21434999999999998,5.066666666666676,7.467499999999964,0.6631226582407952,0.7485107481711011,2.302585092994046
sj,2005,7,2005-02-19,0.013274999999999995,0.093,0.1756571,0.1842857,0.0,296.352857143,296.4,291.037142857,298.7,293.4,5.3,72.2457142857,0.0,12.8071428571,3.08571428571,23.4142857143,6.22857142857,26.7,18.9,4.6,12,12.3628571429,13.77,14.0914285714,15.6714285714,290.467142857,292.2,292.512857143,294.308571429,70.7957142857,78.64,78.5385714286,83.0557142857,296.171428571,296.171428571,296.614285714,297.557142857,23.3142857143,23.7142857143,23.7571428571,25.2285714286,-0.08175,0.0442,-0.0479,-0.1118333,-0.03735,-0.0758,0.0431,-0.07645,0.2976571,0.2056,0.1743,0.2029,0.3102571,0.1781429,0.1456429,0.2233571,0.0,0.0,15.2,14.67,12.979999999999995,13.25785714285,296.2476190473333,296.33928571399997,23.480952380966666,23.549999999999997,73.89380952379999,75.055,-0.008091666666666658,-0.018043750000000008,-0.006716666666666676,0.005737499999999982,0.22630473333333342,0.21330354999999995,0.2242285666666668,0.20458214999999996,0.0,3.7999999999999643,0.7485107481711011,0.6631226582407953,2.5649493574615367
sj,2005,8,2005-02-26,0.1083,-0.04855,0.1908714,0.1969714,0.0,296.48,296.55,291.584285714,298.0,295.0,10.1,74.1914285714,0.0,13.2414285714,2.15714285714,24.4857142857,4.61428571429,27.2,21.7,2.1,12,12.8071428571,12.3628571429,13.77,14.0914285714,291.037142857,290.467142857,292.2,292.512857143,72.2457142857,70.7957142857,78.64,78.5385714286,296.4,296.171428571,296.171428571,296.614285714,23.4142857143,23.3142857143,23.7142857143,23.7571428571,0.013274999999999995,-0.08175,0.0442,-0.0479,0.093,-0.03735,-0.0758,0.0431,0.1756571,0.2976571,0.2056,0.1743,0.1842857,0.3102571,0.1781429,0.1456429,0.0,0.0,0.0,15.2,12.803809523799996,13.04535714285,296.37380952366664,296.32321428549994,23.738095238099998,23.732142857150002,72.41095238093334,73.9682142857,0.013275000000000004,0.02100624999999999,0.002366666666666658,-0.017175000000000017,0.2213952000000001,0.21744639999999996,0.23050473333333346,0.217414275,0.0,0.0,0.8229838658936564,0.5680647467311559,2.5649493574615367
sj,2005,9,2005-03-05,-0.1036667,-0.04113333,0.1607,0.1097667,0.0,297.271428571,297.45,293.274285714,300.3,295.5,5.92,78.6671428571,0.0,14.75,2.95714285714,25.0285714286,7.12857142857,30.6,20.0,5.3,5,13.2414285714,12.8071428571,12.3628571429,13.77,291.584285714,291.037142857,290.467142857,292.2,74.1914285714,72.2457142857,70.7957142857,78.64,296.55,296.4,296.171428571,296.171428571,24.4857142857,23.4142857143,23.3142857143,23.7142857143,0.1083,0.013274999999999995,-0.08175,0.0442,-0.04855,0.093,-0.03735,-0.0758,0.1908714,0.1756571,0.2976571,0.2056,0.1969714,0.1842857,0.3102571,0.1781429,0.0,0.0,0.0,0.0,13.599523809499997,13.29035714285,296.8,296.64285714274996,24.30952380953333,24.060714285725,75.03476190473333,73.974999999975,0.005969433333333339,-0.01596042500000001,0.0011055566666666576,-0.008508332500000017,0.1757428333333334,0.20622139999999994,0.16367460000000011,0.20032022499999996,0.0,0.0,0.8854560256532099,0.4647231720437686,1.791759469228055
sj,2005,10,2005-03-12,-0.019633349999999994,0.0781,0.2434571,0.2521571,3.93,298.061428571,298.221428571,293.77,301.4,295.5,3.3,77.3928571429,3.93,15.2042857143,4.35714285714,26.0142857143,7.7,31.1,20.0,0.0,4,14.75,13.2414285714,12.8071428571,12.3628571429,293.274285714,291.584285714,291.037142857,290.467142857,78.6671428571,74.1914285714,72.2457142857,70.7957142857,297.45,296.55,296.4,296.171428571,25.0285714286,24.4857142857,23.4142857143,23.3142857143,-0.1036667,0.1083,0.013274999999999995,-0.08175,-0.04113333,-0.04855,0.093,-0.03735,0.1607,0.1908714,0.1756571,0.2976571,0.1097667,0.1969714,0.1842857,0.3102571,0.0,0.0,0.0,0.0,14.398571428566662,14.0007142857,297.407142857,297.15535714274995,25.176190476200002,24.735714285725,76.75047619046667,75.624285714275,-0.005000016666666658,-0.0004312625000000084,-0.00386111000000001,0.020354167499999985,0.19834283333333338,0.19267139999999994,0.18629840000000011,0.18579522499999998,1.3100000000000096,0.9824999999999645,0.9350162426854148,0.35460488704253557,1.6094379124341003
sj,2005,11,2005-03-19,0.0644,0.01095,0.1937429,0.2441714,0.0,297.851428571,297.914285714,292.785714286,301.6,294.8,0.3,73.5857142857,0.0,14.2828571429,4.25714285714,25.8428571429,8.41428571429,33.3,20.0,0.0,11,15.2042857143,14.75,13.2414285714,12.8071428571,293.77,293.274285714,291.584285714,291.037142857,77.3928571429,78.6671428571,74.1914285714,72.2457142857,298.221428571,297.45,296.55,296.4,26.0142857143,25.0285714286,24.4857142857,23.4142857143,-0.019633349999999994,-0.1036667,0.1083,0.013274999999999995,0.0781,-0.04113333,-0.04855,0.093,0.2434571,0.1607,0.1908714,0.1756571,0.2521571,0.1097667,0.1969714,0.1842857,3.93,0.0,0.0,0.0,14.745714285733328,14.36964285715,297.86190476166666,297.53392857125004,25.6285714286,25.342857142875,76.54857142856666,75.95928571427501,-0.01963334999999999,0.012349987499999993,0.015972223333333323,-0.00015833250000001466,0.19930000000000006,0.19719284999999995,0.20203173333333346,0.20076665,1.3100000000000096,0.9824999999999645,0.970941817426052,0.23931566428755804,2.4849066497880004
sj,2005,12,2005-03-26,-0.044,-0.0753,0.1609286,0.2079714,0.0,298.247142857,298.5,293.217142857,301.2,295.6,0.2,73.8671428571,0.0,14.6685714286,3.91428571429,26.4,8.51428571429,32.8,20.0,0.0,4,14.2828571429,15.2042857143,14.75,13.2414285714,292.785714286,293.77,293.274285714,291.584285714,73.5857142857,77.3928571429,78.6671428571,74.1914285714,297.914285714,298.221428571,297.45,296.55,25.8428571429,26.0142857143,25.0285714286,24.4857142857,0.0644,-0.019633349999999994,-0.1036667,0.1083,0.01095,0.0781,-0.04113333,-0.04855,0.1937429,0.2434571,0.1607,0.1908714,0.2441714,0.2521571,0.1097667,0.1969714,0.0,3.93,0.0,0.0,14.718571428599994,14.726428571449999,298.21190476166663,298.02142857125,26.08571428573333,25.82142857145,74.94857142856667,75.8782142857,0.00025555000000001177,-0.025725012500000005,0.004583333333333324,-0.006845832500000015,0.1993762000000001,0.18970714999999994,0.23476663333333345,0.20351664999999997,1.3100000000000096,0.9824999999999645,0.992708874098054,0.120536680255323,1.6094379124341003
sj,2005,13,2005-04-02,-0.01975,-0.0987,0.1752,0.1482286,0.0,299.072857143,299.314285714,294.444285714,301.0,297.3,0.2,75.7371428571,0.0,15.7828571429,2.8,27.4857142857,8.67142857143,33.3,22.2,0.0,5,14.6685714286,14.2828571429,15.2042857143,14.75,293.217142857,292.785714286,293.77,293.274285714,73.8671428571,73.5857142857,77.3928571429,78.6671428571,298.5,297.914285714,298.221428571,297.45,26.4,25.8428571429,26.0142857143,25.0285714286,-0.044,0.0644,-0.019633349999999994,-0.1036667,-0.0753,0.01095,0.0781,-0.04113333,0.1609286,0.1937429,0.2434571,0.1607,0.2079714,0.2441714,0.2521571,0.1097667,0.0,0.0,3.93,0.0,14.91142857146666,14.984642857174999,298.576190476,298.48749999974996,26.576190476199997,26.435714285725002,74.39666666663334,75.14571428570001,0.00021666666666667633,-0.004745837500000005,-0.05435000000000001,-0.021237500000000013,0.17662383333333342,0.19333214999999995,0.2001238000000001,0.21313212499999998,0.0,0.9824999999999645,1.0,-1.6081226496766364e-16,1.791759469228055
sj,2005,14,2005-04-09,0.0045,-0.00048,0.1233167,0.1557833,13.44,299.107142857,299.364285714,294.928571429,301.5,297.4,8.0,78.0028571429,13.44,16.3042857143,3.01428571429,27.3,7.48571428571,33.3,22.2,7.4,7,15.7828571429,14.6685714286,14.2828571429,15.2042857143,294.444285714,293.217142857,292.785714286,293.77,75.7371428571,73.8671428571,73.5857142857,77.3928571429,299.314285714,298.5,297.914285714,298.221428571,27.4857142857,26.4,25.8428571429,26.0142857143,-0.01975,-0.044,0.0644,-0.019633349999999994,-0.0987,-0.0753,0.01095,0.0781,0.1752,0.1609286,0.1937429,0.2434571,0.1482286,0.2079714,0.2441714,0.2521571,0.0,0.0,0.0,3.93,15.58523809526666,15.259642857174999,299.0595238093333,298.7732142855,27.061904761899996,26.75714285715,75.86904761903334,75.2982142857,-0.019749999999999993,0.0012874999999999933,-0.05816000000000001,-0.040882500000000016,0.15314843333333342,0.16329704999999994,0.1706611000000001,0.189038675,4.480000000000009,3.3599999999999643,0.992708874098054,-0.12053668025532288,2.0794415416798357
sj,2005,15,2005-04-16,-0.1235,-0.1235,0.1525833,0.1210857,33.69,299.19,299.378571429,294.947142857,301.9,296.8,23.7,77.65,33.69,16.3157142857,3.38571428571,27.4,8.15714285714,32.8,22.8,21.1,1,16.3042857143,15.7828571429,14.6685714286,14.2828571429,294.928571429,294.444285714,293.217142857,292.785714286,78.0028571429,75.7371428571,73.8671428571,73.5857142857,299.364285714,299.314285714,298.5,297.914285714,27.3,27.4857142857,26.4,25.8428571429,0.0045,-0.01975,-0.044,0.0644,-0.00048,-0.0987,-0.0753,0.01095,0.1233167,0.1752,0.1609286,0.1937429,0.1557833,0.1482286,0.2079714,0.2441714,13.44,0.0,0.0,0.0,16.134285714299995,15.767857142874998,299.3523809523333,299.13928571425,27.395238095233335,27.146428571424998,77.13000000000001,76.314285714275,-0.04624999999999999,-0.045687500000000006,-0.07422666666666668,-0.074495,0.15036666666666673,0.15300714999999995,0.1416992000000001,0.15826724999999997,15.710000000000008,11.782499999999963,0.9709418174260521,-0.2393156642875575,0.6931471805599453
sj,2005,16,2005-04-23,0.01683333,0.005433333,0.09328333,0.1092167,42.88,300.012857143,300.107142857,295.648571429,302.7,297.1,3.6,77.2428571429,42.88,17.0557142857,3.72857142857,28.1714285714,8.41428571429,33.9,22.2,97.3,1,16.3157142857,16.3042857143,15.7828571429,14.6685714286,294.947142857,294.928571429,294.444285714,293.217142857,77.65,78.0028571429,75.7371428571,73.8671428571,299.378571429,299.364285714,299.314285714,298.5,27.4,27.3,27.4857142857,26.4,-0.1235,0.0045,-0.01975,-0.044,-0.1235,-0.00048,-0.0987,-0.0753,0.1525833,0.1233167,0.1752,0.1609286,0.1210857,0.1557833,0.1482286,0.2079714,33.69,13.44,0.0,0.0,16.558571428566662,16.36464285715,299.6166666666666,299.5410714285,27.623809523800002,27.589285714275,77.63190476193334,77.158214285725,-0.03405555666666666,-0.030479167500000008,-0.039515555666666674,-0.054311666750000015,0.12306111000000008,0.13609583249999996,0.12869523333333346,0.13357857499999998,30.00333333333334,22.502499999999962,0.9350162426854148,-0.35460488704253545,0.6931471805599453
sj,2005,17,2005-04-30,-0.09295,-0.1221833335,0.1012333,0.106,234.13,298.917142857,299.021428571,295.538571429,301.6,296.4,98.5,81.7514285714,234.13,16.9642857143,3.58571428571,26.7857142857,6.88571428571,32.8,22.8,207.5,4,17.0557142857,16.3157142857,16.3042857143,15.7828571429,295.648571429,294.947142857,294.928571429,294.444285714,77.2428571429,77.65,78.0028571429,75.7371428571,300.107142857,299.378571429,299.364285714,299.314285714,28.1714285714,27.4,27.3,27.4857142857,0.01683333,-0.1235,0.0045,-0.01975,0.005433333,-0.1235,-0.00048,-0.0987,0.09328333,0.1525833,0.1233167,0.1752,0.1092167,0.1210857,0.1557833,0.1482286,42.88,33.69,13.44,0.0,16.77857142856666,16.66,299.50238095233334,299.46785714275,27.452380952366667,27.414285714275,78.88142857143333,78.66178571430001,-0.06653889,-0.048779167500000005,-0.0800833335,-0.06018250012500001,0.11569997666666675,0.11760415749999995,0.11210080000000011,0.12302142499999998,103.56666666666668,81.03499999999997,0.8854560256532099,-0.4647231720437685,1.6094379124341003
sj,2005,18,2005-05-07,-0.1362,-0.2498,0.2218,0.2113714,0.0,299.54,299.564285714,295.554285714,301.9,297.5,11.0,78.9071428571,0.0,16.9628571429,2.75714285714,27.3714285714,5.7,31.7,23.3,48.2,2,16.9642857143,17.0557142857,16.3157142857,16.3042857143,295.538571429,295.648571429,294.947142857,294.928571429,81.7514285714,77.2428571429,77.65,78.0028571429,299.021428571,300.107142857,299.378571429,299.364285714,26.7857142857,28.1714285714,27.4,27.3,-0.09295,0.01683333,-0.1235,0.0045,-0.1221833335,0.005433333,-0.1235,-0.00048,0.1012333,0.09328333,0.1525833,0.1233167,0.106,0.1092167,0.1210857,0.1557833,234.13,42.88,33.69,13.44,16.994285714299995,16.82464285715,299.56428571399994,299.51785714274996,27.442857142833333,27.432142857125,79.30047619046667,78.88785714285,-0.07077222333333333,-0.08395416750000001,-0.1221833335,-0.122512500125,0.13877221000000006,0.14222498249999993,0.14219603333333344,0.13691844999999997,92.33666666666666,77.67499999999995,0.8229838658936565,-0.5680647467311557,1.0986122886681096
sj,2005,19,2005-05-14,0.06313333,0.082275,0.1302667,0.09501667,38.66,299.948571429,299.942857143,295.3,301.8,297.9,10.11,75.6985714286,38.66,16.6728571429,2.91428571429,27.3,6.22857142857,31.7,23.3,11.4,6,16.9628571429,16.9642857143,17.0557142857,16.3157142857,295.554285714,295.538571429,295.648571429,294.947142857,78.9071428571,81.7514285714,77.2428571429,77.65,299.564285714,299.021428571,300.107142857,299.378571429,27.3714285714,26.7857142857,28.1714285714,27.4,-0.1362,-0.09295,0.01683333,-0.1235,-0.2498,-0.1221833335,0.005433333,-0.1235,0.2218,0.1012333,0.09328333,0.1525833,0.2113714,0.106,0.1092167,0.1210857,0.0,234.13,42.88,33.69,16.866666666699995,16.91392857145,299.50952380933336,299.65892857125,27.152380952366666,27.407142857125,78.7857142857,78.4,-0.055338889999999995,-0.037295835,-0.0965694445,-0.07106875012500001,0.1511000000000001,0.13664583249999995,0.1374626900000001,0.13040119249999996,90.93,78.91749999999996,0.7485107481711013,-0.663122658240795,1.9459101490553132
sj,2005,20,2005-05-21,0.055366665,0.0481,0.07107143,0.04847143,102.56,299.065714286,298.985714286,296.075714286,301.6,296.8,96.0,83.7628571429,102.56,17.5328571429,2.51428571429,26.2714285714,5.95714285714,30.6,22.2,110.9,3,16.6728571429,16.9628571429,16.9642857143,17.0557142857,295.3,295.554285714,295.538571429,295.648571429,75.6985714286,78.9071428571,81.7514285714,77.2428571429,299.942857143,299.564285714,299.021428571,300.107142857,27.3,27.3714285714,26.7857142857,28.1714285714,0.06313333,-0.1362,-0.09295,0.01683333,0.082275,-0.2498,-0.1221833335,0.005433333,0.1302667,0.2218,0.1012333,0.09328333,0.09501667,0.2113714,0.106,0.1092167,38.66,0.0,234.13,42.88,17.05619047623333,17.03321428575,299.49761904766666,299.37857142850004,26.980952380933335,26.932142857124997,79.4561904762,80.03,-0.005900001666666661,-0.027662501250000006,-0.03980833333333334,-0.060402083375000026,0.14104604333333343,0.13109285749999997,0.11828650000000011,0.11521487499999997,47.073333333333345,93.83749999999996,0.6631226582407952,-0.7485107481711012,1.3862943611198906
sj,2005,21,2005-05-28,0.0476,0.06735,0.0966,0.08731429,156.94,299.805714286,300.035714286,296.9,303.0,297.1,145.7,84.3357142857,156.94,18.4857142857,3.07142857143,28.3857142857,6.65714285714,35.0,23.9,71.2,4,17.5328571429,16.6728571429,16.9628571429,16.9642857143,296.075714286,295.3,295.554285714,295.538571429,83.7628571429,75.6985714286,78.9071428571,81.7514285714,298.985714286,299.942857143,299.564285714,299.021428571,26.2714285714,27.3,27.3714285714,26.7857142857,0.055366665,0.06313333,-0.1362,-0.09295,0.0481,0.082275,-0.2498,-0.1221833335,0.07107143,0.1302667,0.2218,0.1012333,0.04847143,0.09501667,0.2113714,0.106,102.56,38.66,0.0,234.13,17.563809523833328,17.4135714286,299.65476190500004,299.63214285724996,27.31904761903333,27.332142857125,81.26571428573334,80.676071428575,0.055366665,0.007474998749999998,0.06590833333333332,-0.01301875000000002,0.09931271000000008,0.12993453249999995,0.07693413000000011,0.11054344749999997,99.38666666666667,74.53999999999996,0.5680647467311558,-0.8229838658936564,1.6094379124341003
sj,2005,22,2005-06-04,-0.0143,-0.004475,0.1778,0.1467571,84.78,300.84,300.878571429,297.598571429,303.4,298.7,14.59,82.63,84.78,19.2071428571,2.9,28.8428571429,6.34285714286,34.4,25.0,23.9,10,18.4857142857,17.5328571429,16.6728571429,16.9628571429,296.9,296.075714286,295.3,295.554285714,84.3357142857,83.7628571429,75.6985714286,78.9071428571,300.035714286,298.985714286,299.942857143,299.564285714,28.3857142857,26.2714285714,27.3,27.3714285714,0.0476,0.055366665,0.06313333,-0.1362,0.06735,0.0481,0.082275,-0.2498,0.0966,0.07107143,0.1302667,0.2218,0.08731429,0.04847143,0.09501667,0.2113714,156.94,102.56,38.66,0.0,18.40857142856666,17.97464285715,299.96666666699997,299.960714286,27.833333333333332,27.7,83.5761904762,81.6067857143,0.029555555,0.03794999874999999,0.03699166666666665,0.04831249999999998,0.11515714333333342,0.11893453249999995,0.0941809400000001,0.09438987249999997,114.75999999999999,95.73499999999996,0.46472317204376906,-0.8854560256532096,2.3978952727983707
sj,2005,23,2005-06-11,0.0606,0.09883333,0.1881857,0.1763,32.02,301.117142857,301.128571429,296.688571429,303.0,299.4,4.5,76.94,32.02,18.1657142857,2.57142857143,28.7285714286,5.95714285714,32.8,24.4,4.4,12,19.2071428571,18.4857142857,17.5328571429,16.6728571429,297.598571429,296.9,296.075714286,295.3,82.63,84.3357142857,83.7628571429,75.6985714286,300.878571429,300.035714286,298.985714286,299.942857143,28.8428571429,28.3857142857,26.2714285714,27.3,-0.0143,0.0476,0.055366665,0.06313333,-0.004475,0.06735,0.0481,0.082275,0.1778,0.0966,0.07107143,0.1302667,0.1467571,0.08731429,0.04847143,0.09501667,84.78,156.94,102.56,38.66,18.619523809499995,18.34785714285,300.6809523813333,300.25714285749996,28.652380952399998,28.057142857149998,81.3019047619,81.91714285715,0.0313,0.03731666624999999,0.05390277666666665,0.05245208249999997,0.15419523333333343,0.13341428249999995,0.13679046333333345,0.11471070499999997,91.24666666666667,94.07499999999997,0.35460488704253584,-0.9350162426854147,2.5649493574615367
sj,2005,24,2005-06-18,0.0449,0.1177,0.1211143,0.1242143,97.46,299.981428571,300.107142857,296.544285714,302.1,298.3,15.9,81.5157142857,97.46,18.0285714286,2.87142857143,27.5142857143,5.8,31.1,23.9,44.5,21,18.1657142857,19.2071428571,18.4857142857,17.5328571429,296.688571429,297.598571429,296.9,296.075714286,76.94,82.63,84.3357142857,83.7628571429,301.128571429,300.878571429,300.035714286,298.985714286,28.7285714286,28.8428571429,28.3857142857,26.2714285714,0.0606,-0.0143,0.0476,0.055366665,0.09883333,-0.004475,0.06735,0.0481,0.1881857,0.1778,0.0966,0.07107143,0.1763,0.1467571,0.08731429,0.04847143,32.02,84.78,156.94,102.56,18.46714285713333,18.471785714275,300.704761905,300.53750000024996,28.361904761933335,28.367857142875003,80.36190476189999,81.35535714285,0.0304,0.034699999999999995,0.07068610999999998,0.06985208249999997,0.16236666666666674,0.14592499999999994,0.14909046666666678,0.13364642249999997,71.42,92.79999999999997,0.23931566428755768,-0.970941817426052,3.091042453358316
sj,2005,25,2005-06-25,0.06705,0.0634,0.2097429,0.2099286,8.36,301.337142857,301.357142857,297.458571429,304.0,298.5,4.2,79.7185714286,8.36,19.0414285714,3.51428571429,30.0285714286,7.65714285714,34.4,25.0,0.0,26,18.0285714286,18.1657142857,19.2071428571,18.4857142857,296.544285714,296.688571429,297.598571429,296.9,81.5157142857,76.94,82.63,84.3357142857,300.107142857,301.128571429,300.878571429,300.035714286,27.5142857143,28.7285714286,28.8428571429,28.3857142857,0.0449,0.0606,-0.0143,0.0476,0.1177,0.09883333,-0.004475,0.06735,0.1211143,0.1881857,0.1778,0.0966,0.1242143,0.1763,0.1467571,0.08731429,97.46,32.02,84.78,156.94,18.411904761899994,18.6107142857,300.86428571433333,300.867857143,28.757142857166667,28.7785714286,79.39142857143332,80.20107142857499,0.05751666666666667,0.03956249999999999,0.09331110999999999,0.06886458249999997,0.1730143000000001,0.17421072499999996,0.17014763333333346,0.16429999999999997,45.94666666666668,55.65499999999996,0.12053668025532308,-0.992708874098054,3.295836866004329
sj,2005,26,2005-07-02,0.0892,0.07075,0.09012857,0.09425714,23.36,301.088571429,301.078571429,297.314285714,302.8,298.9,28.59,80.0128571429,23.36,18.8457142857,2.58571428571,29.0428571429,6.81428571429,33.3,24.4,52.3,21,19.0414285714,18.0285714286,18.1657142857,19.2071428571,297.458571429,296.544285714,296.688571429,297.598571429,79.7185714286,81.5157142857,76.94,82.63,301.357142857,300.107142857,301.128571429,300.878571429,30.0285714286,27.5142857143,28.7285714286,28.8428571429,0.06705,0.0449,0.0606,-0.0143,0.0634,0.1177,0.09883333,-0.004475,0.2097429,0.1211143,0.1881857,0.1778,0.2099286,0.1242143,0.1763,0.1467571,8.36,97.46,32.02,84.78,18.638571428566664,18.520357142850003,300.8476190476667,300.917857143,28.861904761933335,28.8285714286,80.41571428573333,79.5467857143,0.06705,0.0654375,0.08394999999999998,0.08767083249999998,0.1403285900000001,0.15229286749999996,0.14280001333333345,0.15117500999999997,43.06,40.29999999999996,-3.216245299353273e-16,-1.0,3.091042453358316
sj,2005,27,2005-07-09,0.0854,0.246675,0.1717857,0.2381,42.06,301.281428571,301.285714286,297.364285714,303.7,299.2,32.4,79.3771428571,42.06,18.8857142857,2.94285714286,29.0285714286,6.25714285714,33.9,25.0,34.8,30,18.8457142857,19.0414285714,18.0285714286,18.1657142857,297.314285714,297.458571429,296.544285714,296.688571429,80.0128571429,79.7185714286,81.5157142857,76.94,301.078571429,301.357142857,300.107142857,301.128571429,29.0428571429,30.0285714286,27.5142857143,28.7285714286,0.0892,0.06705,0.0449,0.0606,0.07075,0.0634,0.1177,0.09883333,0.09012857,0.2097429,0.1211143,0.1881857,0.09425714,0.2099286,0.1242143,0.1763,23.36,8.36,97.46,32.02,18.924285714266663,18.70035714285,301.24047619066664,300.95714285725,29.3666666667,28.903571428600003,79.70285714286668,80.15607142857499,0.08055,0.07163749999999999,0.12694166666666665,0.12463124999999997,0.15721905666666675,0.14819286749999994,0.18076191333333344,0.16662500999999996,24.593333333333344,42.80999999999996,-0.12053668025532283,-0.992708874098054,3.4339872044851463
sj,2005,28,2005-07-16,0.0514,0.051625,0.1122571,0.1370143,92.52,300.667142857,300.621428571,297.0,302.5,298.7,45.28,80.5614285714,92.52,18.5085714286,2.61428571429,28.4428571429,6.34285714286,32.8,24.4,52.8,45,18.8857142857,18.8457142857,19.0414285714,18.0285714286,297.364285714,297.314285714,297.458571429,296.544285714,79.3771428571,80.0128571429,79.7185714286,81.5157142857,301.285714286,301.078571429,301.357142857,300.107142857,29.0285714286,29.0428571429,30.0285714286,27.5142857143,0.0854,0.0892,0.06705,0.0449,0.246675,0.07075,0.0634,0.1177,0.1717857,0.09012857,0.2097429,0.1211143,0.2381,0.09425714,0.2099286,0.1242143,42.06,23.36,8.36,97.46,18.74666666666666,18.82035714285,300.9952380953334,301.08571428575,28.83809523813333,29.13571428575,79.98380952379999,79.9175,0.07533333333333334,0.0732625,0.12301666666666665,0.10811249999999996,0.12472379000000007,0.14597856749999993,0.15645714666666677,0.16982500999999997,52.646666666666675,41.57499999999996,-0.23931566428755743,-0.9709418174260521,3.828641396489095
sj,2005,29,2005-07-23,-0.0665,-0.021,0.2358286,0.2333429,39.49,300.871428571,300.892857143,296.981428571,303.1,298.8,31.9,79.4814285714,39.49,18.4814285714,2.44285714286,28.3857142857,7.1,32.8,23.9,50.3,56,18.5085714286,18.8857142857,18.8457142857,19.0414285714,297.0,297.364285714,297.314285714,297.458571429,80.5614285714,79.3771428571,80.0128571429,79.7185714286,300.621428571,301.285714286,301.078571429,301.357142857,28.4428571429,29.0285714286,29.0428571429,30.0285714286,0.0514,0.0854,0.0892,0.06705,0.051625,0.246675,0.07075,0.0634,0.1122571,0.1717857,0.09012857,0.2097429,0.1370143,0.2381,0.09425714,0.2099286,92.52,42.06,23.36,8.36,18.62523809523333,18.68035714285,300.93333333333334,300.96964285725,28.619047619066666,28.725000000025002,79.80666666663332,79.8582142857,0.023433333333333334,0.039874999999999994,0.09243333333333333,0.08701249999999998,0.17329046666666673,0.15249999249999996,0.2028190666666668,0.17567858499999997,58.02333333333335,49.35749999999996,-0.3546048870425356,-0.9350162426854148,4.04305126783455
sj,2005,30,2005-07-30,-0.1087,-0.00945,0.2564429,0.2153714,64.25,300.852857143,300.921428571,297.58,302.9,298.7,34.3,82.4085714286,64.25,19.1142857143,2.72857142857,28.9285714286,6.17142857143,32.2,23.9,73.8,75,18.4814285714,18.5085714286,18.8857142857,18.8457142857,296.981428571,297.0,297.364285714,297.314285714,79.4814285714,80.5614285714,79.3771428571,80.0128571429,300.892857143,300.621428571,301.285714286,301.078571429,28.3857142857,28.4428571429,29.0285714286,29.0428571429,-0.0665,0.0514,0.0854,0.0892,-0.021,0.051625,0.246675,0.07075,0.2358286,0.1122571,0.1717857,0.09012857,0.2333429,0.1370143,0.2381,0.09425714,39.49,92.52,42.06,23.36,18.701428571433325,18.7475,300.81190476166665,300.93035714275,28.58571428573333,28.69642857145,80.81714285713333,80.45714285712499,-0.04126666666666667,-0.009600000000000011,0.007058333333333323,0.06696249999999997,0.2015095333333334,0.19407857499999995,0.1952428666666668,0.20595714999999998,65.42000000000002,59.57999999999996,-0.46472317204376806,-0.8854560256532101,4.330733340286331
sj,2005,31,2005-08-06,-0.06475,-0.0267,0.1404,0.1212,80.34,301.158571429,301.107142857,297.291428571,303.0,299.3,54.1,79.6214285714,80.34,18.8314285714,2.87142857143,28.9428571429,5.92857142857,33.3,25.0,41.0,83,19.1142857143,18.4814285714,18.5085714286,18.8857142857,297.58,296.981428571,297.0,297.364285714,82.4085714286,79.4814285714,80.5614285714,79.3771428571,300.921428571,300.892857143,300.621428571,301.285714286,28.9285714286,28.3857142857,28.4428571429,29.0285714286,-0.1087,-0.0665,0.0514,0.0854,-0.00945,-0.021,0.051625,0.246675,0.2564429,0.2358286,0.1122571,0.1717857,0.2153714,0.2333429,0.1370143,0.2381,64.25,39.49,92.52,42.06,18.80904761903333,18.733928571424997,300.97380952366666,300.8857142855,28.7523809524,28.675000000025,80.5038095238,80.5182142857,-0.07998333333333334,-0.04713750000000001,-0.01905000000000001,-0.0013812500000000292,0.21089050000000006,0.18623214999999993,0.18997143333333344,0.17673214999999998,61.360000000000014,69.14999999999996,-0.5680647467311556,-0.8229838658936565,4.430816798843313
sj,2005,32,2005-08-13,-0.008425000000000002,0.02365,0.2691286,0.1919286,18.15,301.348571429,301.378571429,297.367142857,303.5,299.2,11.93,79.2528571429,18.15,18.9385714286,2.98571428571,29.4714285714,6.97142857143,33.9,25.6,12.6,82,18.8314285714,19.1142857143,18.4814285714,18.5085714286,297.291428571,297.58,296.981428571,297.0,79.6214285714,82.4085714286,79.4814285714,80.5614285714,301.107142857,300.921428571,300.892857143,300.621428571,28.9428571429,28.9285714286,28.3857142857,28.4428571429,-0.06475,-0.1087,-0.0665,0.0514,-0.0267,-0.00945,-0.021,0.051625,0.1404,0.2564429,0.2358286,0.1122571,0.1212,0.2153714,0.2333429,0.1370143,80.34,64.25,39.49,92.52,18.961428571433327,18.841428571425,301.13571428566667,301.075,29.1142857143,28.93214285715,80.42761904763334,80.191071428575,-0.060625000000000005,-0.06209375000000002,-0.004166666666666675,-0.008375000000000028,0.22199050000000006,0.22545002499999994,0.17616666666666678,0.19046072499999997,54.24666666666668,50.55749999999997,-0.663122658240795,-0.7485107481711013,4.418840607796598
sj,2005,33,2005-08-20,0.0479,0.069675,0.08632857,0.09587143,29.86,301.465714286,301.464285714,297.188571429,303.7,299.2,21.1,77.74,29.86,18.72,3.41428571429,29.3285714286,6.5,33.3,25.6,18.1,126,18.9385714286,18.8314285714,19.1142857143,18.4814285714,297.367142857,297.291428571,297.58,296.981428571,79.2528571429,79.6214285714,82.4085714286,79.4814285714,301.378571429,301.107142857,300.921428571,300.892857143,29.4714285714,28.9428571429,28.9285714286,28.3857142857,-0.008425000000000002,-0.06475,-0.1087,-0.0665,0.02365,-0.0267,-0.00945,-0.021,0.2691286,0.1404,0.2564429,0.2358286,0.1919286,0.1212,0.2153714,0.2333429,18.15,80.34,64.25,39.49,18.829999999999995,18.901071428575,301.31666666666666,301.21785714275,29.247619047633336,29.167857142875,78.87142857143334,79.755714285725,-0.008425000000000002,-0.03349375000000002,0.022208333333333326,0.014293749999999973,0.1652857233333334,0.18807501749999994,0.13633334333333344,0.15609285749999996,42.78333333333334,48.14999999999996,-0.7485107481711011,-0.6631226582407952,4.844187086458591
sj,2005,34,2005-08-27,-0.1224,0.051,0.1057714,0.1418714,99.02,301.178571429,301.221428571,296.692857143,303.7,299.1,28.1,76.7342857143,99.02,18.1742857143,3.38571428571,27.9285714286,7.92857142857,33.3,22.8,31.7,119,18.72,18.9385714286,18.8314285714,19.1142857143,297.188571429,297.367142857,297.291428571,297.58,77.74,79.2528571429,79.6214285714,82.4085714286,301.464285714,301.378571429,301.107142857,300.921428571,29.3285714286,29.4714285714,28.9428571429,28.9285714286,0.0479,-0.008425000000000002,-0.06475,-0.1087,0.069675,0.02365,-0.0267,-0.00945,0.08632857,0.2691286,0.1404,0.2564429,0.09587143,0.1919286,0.1212,0.2153714,29.86,18.15,80.34,64.25,18.610952380966662,18.666071428575002,301.35476190466665,301.29285714275,28.909523809533336,28.917857142875,77.90904761906665,78.33714285715,-0.027641666666666665,-0.036918750000000014,0.04810833333333333,0.029406249999999974,0.15374285666666673,0.15040714249999995,0.1432238100000001,0.13771785749999998,49.01000000000001,56.842499999999966,-0.8229838658936564,-0.5680647467311559,4.787491742782046
sj,2005,35,2005-09-03,-0.0601,-0.0073,0.11122,0.1085857,77.05,301.291428571,301.392857143,297.287142857,303.4,299.5,30.0,79.0814285714,77.05,18.8671428571,3.18571428571,28.0857142857,6.57142857143,32.2,22.2,104.4,137,18.1742857143,18.72,18.9385714286,18.8314285714,296.692857143,297.188571429,297.367142857,297.291428571,76.7342857143,77.74,79.2528571429,79.6214285714,301.221428571,301.464285714,301.378571429,301.107142857,27.9285714286,29.3285714286,29.4714285714,28.9428571429,-0.1224,0.0479,-0.008425000000000002,-0.06475,0.051,0.069675,0.02365,-0.0267,0.1057714,0.08632857,0.2691286,0.1404,0.1418714,0.09587143,0.1919286,0.1212,99.02,29.86,18.15,80.34,18.58714285713333,18.675,301.3595238093333,301.36428571425,28.447619047633335,28.703571428575,77.8519047619,78.20214285715,-0.044866666666666666,-0.03575625000000001,0.03779166666666666,0.034256249999999974,0.10110665666666675,0.14311214249999996,0.11544284333333343,0.13456428249999997,68.64333333333333,56.01999999999997,-0.8854560256532096,-0.4647231720437691,4.927253685157205
sj,2005,36,2005-09-10,0.0022,-0.0271,0.2050286,0.2202333,23.3,301.465714286,301.514285714,296.642857143,304.1,298.6,3.7,75.4385714286,23.3,18.1571428571,4.42857142857,28.8571428571,7.05714285714,33.9,24.4,8.9,131,18.8671428571,18.1742857143,18.72,18.9385714286,297.287142857,296.692857143,297.188571429,297.367142857,79.0814285714,76.7342857143,77.74,79.2528571429,301.392857143,301.221428571,301.464285714,301.378571429,28.0857142857,27.9285714286,29.3285714286,29.4714285714,-0.0601,-0.1224,0.0479,-0.008425000000000002,-0.0073,0.051,0.069675,0.02365,0.11122,0.1057714,0.08632857,0.2691286,0.1085857,0.1418714,0.09587143,0.1919286,77.05,99.02,29.86,18.15,18.399523809499996,18.479642857125,301.376190476,301.3982142855,28.290476190466666,28.55,77.08476190476667,77.24857142857499,-0.060099999999999994,-0.03310000000000001,0.005533333333333323,0.02156874999999997,0.14067333333333343,0.12708714249999994,0.15689680000000011,0.14164045749999998,66.45666666666668,57.30749999999996,-0.9350162426854147,-0.3546048870425359,4.882801922586371
sj,2005,37,2005-09-17,0.0073,0.0049,0.1523429,0.1456286,43.57,302.2,302.164285714,297.795714286,304.3,299.9,11.9,77.2728571429,43.57,19.44,3.38571428571,29.2428571429,7.55714285714,33.9,24.4,61.0,112,18.1571428571,18.8671428571,18.1742857143,18.72,296.642857143,297.287142857,296.692857143,297.188571429,75.4385714286,79.0814285714,76.7342857143,77.74,301.514285714,301.392857143,301.221428571,301.464285714,28.8571428571,28.0857142857,27.9285714286,29.3285714286,0.0022,-0.0601,-0.1224,0.0479,-0.0271,-0.0073,0.051,0.069675,0.2050286,0.11122,0.1057714,0.08632857,0.2202333,0.1085857,0.1418714,0.09587143,23.3,77.05,99.02,29.86,18.821428571399995,18.659642857125,301.69047619033336,301.5732142855,28.728571428566667,28.528571428575,77.26428571429999,77.1317857143,-0.016866666666666665,-0.043250000000000004,-0.009833333333333341,0.005374999999999972,0.15619716666666675,0.14359072499999995,0.1581492000000001,0.15407974999999996,47.973333333333336,60.73499999999997,-0.970941817426052,-0.23931566428755774,4.727387818712341
sj,2005,38,2005-09-24,0.0252,-0.05933333,0.1554286,0.1780286,66.86,301.495714286,301.514285714,297.0,303.7,298.9,14.6,76.6614285714,66.86,18.5057142857,3.57142857143,28.5857142857,6.65714285714,32.2,24.4,15.1,82,19.44,18.1571428571,18.8671428571,18.1742857143,297.795714286,296.642857143,297.287142857,296.692857143,77.2728571429,75.4385714286,79.0814285714,76.7342857143,302.164285714,301.514285714,301.392857143,301.221428571,29.2428571429,28.8571428571,28.0857142857,27.9285714286,0.0073,0.0022,-0.0601,-0.1224,0.0049,-0.0271,-0.0073,0.051,0.1523429,0.2050286,0.11122,0.1057714,0.1456286,0.2202333,0.1085857,0.1418714,43.57,23.3,77.05,99.02,18.700952380933327,18.742499999975003,301.7309523806666,301.64642857125,28.895238095233335,28.692857142850002,76.45761904763333,77.113571428575,0.011566666666666668,-0.00635000000000001,-0.02717777666666667,-0.022208332500000025,0.17093336666666678,0.15600502499999994,0.18129683333333343,0.16311904999999996,44.576666666666675,52.694999999999965,-0.992708874098054,-0.12053668025532357,4.418840607796598
sj,2005,39,2005-10-01,0.0012,-0.02986667,0.1802833,0.1557333,36.86,301.114285714,301.371428571,297.128571429,304.0,298.8,38.4,79.0828571429,36.86,18.7042857143,3.54285714286,28.6285714286,6.15714285714,32.2,25.0,19.8,73,18.5057142857,19.44,18.1571428571,18.8671428571,297.0,297.795714286,296.642857143,297.287142857,76.6614285714,77.2728571429,75.4385714286,79.0814285714,301.514285714,302.164285714,301.514285714,301.392857143,28.5857142857,29.2428571429,28.8571428571,28.0857142857,0.0252,0.0073,0.0022,-0.0601,-0.05933333,0.0049,-0.0271,-0.0073,0.1554286,0.1523429,0.2050286,0.11122,0.1780286,0.1456286,0.2202333,0.1085857,66.86,43.57,23.3,77.05,18.88333333333333,18.701785714274997,301.683333333,301.64107142825,28.81904761906667,28.828571428575,77.67238095239999,77.11392857145,0.011233333333333333,0.00897499999999999,-0.02810000000000001,-0.027850000000000028,0.16268493333333342,0.17327084999999995,0.15979683333333344,0.17490594999999998,49.09666666666667,42.647499999999965,-1.0,-1.8369701987210297e-16,4.304065093204169
sj,2005,40,2005-10-08,0.0488,0.0394,0.1125571,0.07724286,68.31,301.09,301.128571429,296.957142857,303.3,299.5,27.3,78.3514285714,68.31,18.4985714286,2.68571428571,28.0142857143,6.34285714286,32.8,23.3,18.6,43,18.7042857143,18.5057142857,19.44,18.1571428571,297.128571429,297.0,297.795714286,296.642857143,79.0828571429,76.6614285714,77.2728571429,75.4385714286,301.371428571,301.514285714,302.164285714,301.514285714,28.6285714286,28.5857142857,29.2428571429,28.8571428571,0.0012,0.0252,0.0073,0.0022,-0.02986667,-0.05933333,0.0049,-0.0271,0.1802833,0.1554286,0.1523429,0.2050286,0.1557333,0.1780286,0.1456286,0.2202333,36.86,66.86,43.57,23.3,18.569523809533326,18.78714285715,301.338095238,301.544642857,28.40952380953333,28.617857142875,78.03190476190001,77.84214285715,0.025066666666666668,0.02062499999999999,-0.016600000000000007,-0.011225000000000027,0.14942300000000008,0.15015297499999994,0.13700158666666676,0.13915833999999996,57.34333333333334,53.89999999999996,-0.992708874098054,0.1205366802553232,3.784189633918261
sj,2005,41,2005-10-15,0.0419,0.02793333,0.05515,0.04244286,157.83,299.834285714,300.014285714,296.547142857,303.0,297.9,60.4,82.2642857143,157.83,18.0357142857,2.54285714286,27.0142857143,7.22857142857,32.2,22.8,126.9,55,18.4985714286,18.7042857143,18.5057142857,19.44,296.957142857,297.128571429,297.0,297.795714286,78.3514285714,79.0828571429,76.6614285714,77.2728571429,301.128571429,301.371428571,301.514285714,302.164285714,28.0142857143,28.6285714286,28.5857142857,29.2428571429,0.0488,0.0012,0.0252,0.0073,0.0394,-0.02986667,-0.05933333,0.0049,0.1125571,0.1802833,0.1554286,0.1523429,0.07724286,0.1557333,0.1780286,0.1456286,68.31,36.86,66.86,43.57,18.41285714286666,18.436071428574998,300.838095238,301.00714285699996,27.885714285733332,28.060714285725002,79.89952380953333,79.09,0.030633333333333335,0.02927499999999999,0.012488886666666657,-0.005466667500000027,0.11599680000000008,0.12585474999999993,0.0918063400000001,0.11336190499999997,87.66666666666669,82.46499999999997,-0.9709418174260521,0.23931566428755738,4.02535169073515
sj,2005,42,2005-10-22,0.02275,0.0278,0.2403571,0.2043429,112.16,300.624285714,300.878571429,297.327142857,303.1,298.0,18.7,82.39,112.16,18.9585714286,2.92857142857,28.0428571429,6.44285714286,33.9,23.3,45.5,55,18.0357142857,18.4985714286,18.7042857143,18.5057142857,296.547142857,296.957142857,297.128571429,297.0,82.2642857143,78.3514285714,79.0828571429,76.6614285714,300.014285714,301.128571429,301.371428571,301.514285714,27.0142857143,28.0142857143,28.6285714286,28.5857142857,0.0419,0.0488,0.0012,0.0252,0.02793333,0.0394,-0.02986667,-0.05933333,0.05515,0.1125571,0.1802833,0.1554286,0.04244286,0.07724286,0.1557333,0.1780286,157.83,68.31,36.86,66.86,18.497619047633325,18.549285714299998,300.673809524,300.84821428575003,27.690476190500004,27.925000000025,81.00190476190001,80.52214285715,0.037816666666666665,0.02866249999999999,0.03171110999999999,0.016316664999999973,0.1360214000000001,0.14708687499999995,0.10800954000000011,0.11994047999999996,112.76666666666667,93.78999999999996,-0.9350162426854148,0.35460488704253557,4.02535169073515
sj,2005,43,2005-10-29,-0.029975,0.05126667,0.1705571,0.1623143,20.75,300.691428571,300.707142857,297.387142857,303.1,298.7,70.3,82.4228571429,20.75,18.9914285714,2.44285714286,27.9714285714,7.07142857143,33.3,23.9,55.1,53,18.9585714286,18.0357142857,18.4985714286,18.7042857143,297.327142857,296.547142857,296.957142857,297.128571429,82.39,82.2642857143,78.3514285714,79.0828571429,300.878571429,300.014285714,301.128571429,301.371428571,28.0428571429,27.0142857143,28.0142857143,28.6285714286,0.02275,0.0419,0.0488,0.0012,0.0278,0.02793333,0.0394,-0.02986667,0.2403571,0.05515,0.1125571,0.1802833,0.2043429,0.04244286,0.07724286,0.1557333,112.16,157.83,68.31,36.86,18.661904761899994,18.621071428575,300.5333333333333,300.68214285725,27.676190476200002,27.760714285725,82.35904761906666,81.35714285715,0.011558333333333332,0.020868749999999988,0.03566666666666666,0.03659999999999997,0.1553547333333334,0.14465532499999995,0.13636668666666676,0.12158572999999998,96.91333333333334,89.76249999999996,-0.8854560256532101,0.464723172043768,3.9889840465642745
sj,2005,44,2005-11-05,0.07596667,-0.0622,0.2535143,0.2017429,39.72,300.841428571,300.942857143,296.831428571,302.9,298.9,26.26,78.97,39.72,18.34,2.57142857143,27.9571428571,7.4,32.8,23.9,57.2,46,18.9914285714,18.9585714286,18.0357142857,18.4985714286,297.387142857,297.327142857,296.547142857,296.957142857,82.4228571429,82.39,82.2642857143,78.3514285714,300.707142857,300.878571429,300.014285714,301.128571429,27.9714285714,28.0428571429,27.0142857143,28.0142857143,-0.029975,0.02275,0.0419,0.0488,0.05126667,0.0278,0.02793333,0.0394,0.1705571,0.2403571,0.05515,0.1125571,0.1623143,0.2043429,0.04244286,0.07724286,20.75,112.16,157.83,68.31,18.76333333333333,18.581428571425,300.842857143,300.63571428575,27.990476190466666,27.746428571425,81.26095238096666,81.5117857143,0.022913890000000003,0.02766041749999999,0.0056222233333333245,0.011199999999999974,0.22147616666666678,0.17989462499999995,0.1894667000000001,0.15271073999999996,57.543333333333344,82.61499999999997,-0.822983865893657,0.5680647467311548,3.8501476017100584
sj,2005,45,2005-11-12,-0.00135,0.06455,0.2022143,0.1520714,27.22,300.664285714,300.735714286,296.748571429,302.6,299.0,20.43,79.3271428571,27.22,18.2285714286,2.12857142857,27.8714285714,7.01428571429,32.8,23.3,32.5,43,18.34,18.9914285714,18.9585714286,18.0357142857,296.831428571,297.387142857,297.327142857,296.547142857,78.97,82.4228571429,82.39,82.2642857143,300.942857143,300.707142857,300.878571429,300.014285714,27.9571428571,27.9714285714,28.0428571429,27.0142857143,0.07596667,-0.029975,0.02275,0.0419,-0.0622,0.05126667,0.0278,0.02793333,0.2535143,0.1705571,0.2403571,0.05515,0.2017429,0.1623143,0.2043429,0.04244286,39.72,20.75,112.16,157.83,18.519999999999992,18.62964285715,300.79523809533333,300.81607142875,27.9333333333,27.9607142857,80.24,80.7775,0.014880556666666664,0.016847917499999986,0.017872223333333326,0.02035416749999997,0.20876190000000008,0.21666069999999993,0.1720428666666668,0.18011787499999998,29.230000000000008,49.96249999999997,-0.7485107481711011,0.6631226582407952,3.784189633918261
sj,2005,46,2005-11-19,0.0507,0.0174,0.2004429,0.1821714,37.36,299.971428571,299.814285714,296.194285714,301.6,298.0,93.9,79.9014285714,37.36,17.6385714286,2.25714285714,27.1571428571,6.54285714286,31.1,23.3,41.5,29,18.2285714286,18.34,18.9914285714,18.9585714286,296.748571429,296.831428571,297.387142857,297.327142857,79.3271428571,78.97,82.4228571429,82.39,300.735714286,300.942857143,300.707142857,300.878571429,27.8714285714,27.9571428571,27.9714285714,28.0428571429,-0.00135,0.07596667,-0.029975,0.02275,0.06455,-0.0622,0.05126667,0.0278,0.2022143,0.2535143,0.1705571,0.2403571,0.1520714,0.2017429,0.1623143,0.2043429,27.22,39.72,20.75,112.16,18.069047619066662,18.29964285715,300.49761904766666,300.55,27.661904761866666,27.73928571425,79.3995238095,80.15535714285,0.04177222333333333,0.02383541749999999,0.006583333333333326,0.017754167499999973,0.21872383333333342,0.20668214999999995,0.17866190000000012,0.17457499999999998,34.76666666666667,31.26249999999997,-0.6631226582407955,0.7485107481711007,3.4011973816621555
sj,2005,47,2005-11-26,0.022477776666666668,0.1654,0.2159143,0.1852286,14.49,299.467142857,299.564285714,295.117142857,301.4,298.0,40.81,77.2457142857,14.49,16.5485714286,2.58571428571,26.5285714286,6.08571428571,30.0,22.2,23.6,22,17.6385714286,18.2285714286,18.34,18.9914285714,296.194285714,296.748571429,296.831428571,297.387142857,79.9014285714,79.3271428571,78.97,82.4228571429,299.814285714,300.735714286,300.942857143,300.707142857,27.1571428571,27.8714285714,27.9571428571,27.9714285714,0.0507,-0.00135,0.07596667,-0.029975,0.0174,0.06455,-0.0622,0.05126667,0.2004429,0.2022143,0.2535143,0.1705571,0.1821714,0.1520714,0.2017429,0.1623143,37.36,27.22,39.72,20.75,17.471904761933327,17.68892857145,300.038095238,300.26428571425004,27.1857142857,27.37857142855,78.82476190473334,78.86107142855,0.023942592222222222,0.03694861166666666,0.08244999999999998,0.04628749999999997,0.20619050000000008,0.21802144999999995,0.17315713333333346,0.18030357499999997,26.356666666666673,29.69749999999997,-0.5680647467311559,0.8229838658936564,3.1354942159291497
sj,2005,48,2005-12-03,-0.005744446666666667,0.1823,0.2686,0.2481857,26.65,299.182857143,299.235714286,295.124285714,302.2,297.8,36.65,78.6242857143,26.65,16.5714285714,2.41428571429,26.2285714286,5.87142857143,30.6,22.8,80.7,26,16.5485714286,17.6385714286,18.2285714286,18.34,295.117142857,296.194285714,296.748571429,296.831428571,77.2457142857,79.9014285714,79.3271428571,78.97,299.564285714,299.814285714,300.735714286,300.942857143,26.5285714286,27.1571428571,27.8714285714,27.9571428571,0.022477776666666668,0.0507,-0.00135,0.07596667,0.1654,0.0174,0.06455,-0.0622,0.2159143,0.2004429,0.2022143,0.2535143,0.1852286,0.1821714,0.1520714,0.2017429,14.49,37.36,27.22,39.72,16.919523809533327,17.2467857143,299.53809523800004,299.8375,26.638095238099996,26.946428571425,78.59047619046667,78.774642857125,0.022477776666666668,0.016520832499999992,0.12169999999999999,0.10741249999999997,0.2283190666666668,0.22179287499999994,0.20519523333333345,0.19191427499999997,26.166666666666675,26.42999999999997,-0.4647231720437684,0.88545602565321,3.295836866004329
sj,2005,49,2005-12-10,-0.03396667,0.04135,0.1812667,0.20685,0.0,298.578571429,298.542857143,293.015714286,300.5,295.9,11.2,71.4557142857,0.0,14.5071428571,2.74285714286,24.9857142857,6.32857142857,28.9,20.6,27.5,13,16.5714285714,16.5485714286,17.6385714286,18.2285714286,295.124285714,295.117142857,296.194285714,296.748571429,78.6242857143,77.2457142857,79.9014285714,79.3271428571,299.235714286,299.564285714,299.814285714,300.735714286,26.2285714286,26.5285714286,27.1571428571,27.8714285714,-0.005744446666666667,0.022477776666666668,0.0507,-0.00135,0.1823,0.1654,0.0174,0.06455,0.2686,0.2159143,0.2004429,0.2022143,0.2481857,0.1852286,0.1821714,0.1520714,26.65,14.49,37.36,27.22,15.875714285699994,16.316428571425,299.11428571433333,299.28928571425,25.914285714299996,26.224999999999998,75.77523809523333,76.80678571427501,-0.005744446666666667,0.008366664999999992,0.12968333333333334,0.10161249999999997,0.22192700000000012,0.21655597499999993,0.21342143333333344,0.20560892499999997,13.713333333333344,19.62499999999997,-0.35460488704253595,0.9350162426854147,2.639057329615259
sj,2005,50,2005-12-17,-0.0587,-0.07753333,0.1667571,0.1695143,0.0,299.131428571,299.242857143,294.332857143,300.8,297.5,13.6,75.0757142857,0.0,15.7214285714,2.17142857143,25.4571428571,6.02857142857,29.4,21.1,30.0,17,14.5071428571,16.5714285714,16.5485714286,17.6385714286,293.015714286,295.124285714,295.117142857,296.194285714,71.4557142857,78.6242857143,77.2457142857,79.9014285714,298.542857143,299.235714286,299.564285714,299.814285714,24.9857142857,26.2285714286,26.5285714286,27.1571428571,-0.03396667,-0.005744446666666667,0.022477776666666668,0.0507,0.04135,0.1823,0.1654,0.0174,0.1812667,0.2686,0.2159143,0.2004429,0.20685,0.2481857,0.1852286,0.1821714,0.0,26.65,14.49,37.36,15.599999999966661,15.837142857124999,299.00714285733335,299.1464285715,25.55714285713333,25.799999999999997,75.05190476189999,75.60035714285,-0.032803705555555555,-0.01898333500000001,0.04870555666666665,0.07787916749999997,0.2055412666666668,0.20813452499999993,0.20818333333333347,0.20244464999999998,8.883333333333342,10.284999999999972,-0.2393156642875578,0.970941817426052,2.8903717578961645
sj,2005,51,2005-12-24,0.1077,0.0531,0.2853429,0.2935714,0.0,298.44,298.65,294.138571429,300.9,296.5,20.64,77.3157142857,0.0,15.5328571429,2.52857142857,24.6285714286,6.18571428571,28.9,20.6,29.1,8,15.7214285714,14.5071428571,16.5714285714,16.5485714286,294.332857143,293.015714286,295.124285714,295.117142857,75.0757142857,71.4557142857,78.6242857143,77.2457142857,299.242857143,298.542857143,299.235714286,299.564285714,25.4571428571,24.9857142857,26.2285714286,26.5285714286,-0.0587,-0.03396667,-0.005744446666666667,0.022477776666666668,-0.07753333,0.04135,0.1823,0.1654,0.1667571,0.1812667,0.2686,0.2159143,0.1695143,0.20685,0.2481857,0.1852286,0.0,0.0,26.65,14.49,15.253809523799996,15.583214285699999,298.811904762,298.917857143,25.0238095238,25.325,74.6157142857,75.61785714285,0.005011109999999999,0.0023222208333333223,0.005638889999999991,0.04980416749999997,0.21112223333333344,0.22549167499999995,0.22331190000000012,0.22953034999999997,0.0,6.662499999999971,-0.12053668025532363,0.992708874098054,2.1972245773362196
sj,2006,52,2006-01-01,-0.1062,-0.1376,0.1835,0.1697667,64.08,299.147142857,299.307142857,294.682857143,301.4,297.5,22.5,76.5785714286,64.08,16.0271428571,2.24285714286,25.8857142857,6.27142857143,30.0,21.1,18.6,13,15.5328571429,15.7214285714,14.5071428571,16.5714285714,294.138571429,294.332857143,293.015714286,295.124285714,77.3157142857,75.0757142857,71.4557142857,78.6242857143,298.65,299.242857143,298.542857143,299.235714286,24.6285714286,25.4571428571,24.9857142857,26.2285714286,0.1077,-0.0587,-0.03396667,-0.005744446666666667,0.0531,-0.07753333,0.04135,0.1823,0.2853429,0.1667571,0.1812667,0.2686,0.2935714,0.1695143,0.20685,0.2481857,0.0,0.0,0.0,26.65,15.760476190466662,15.447142857125002,299.0666666666666,298.93571428574995,25.323809523799998,25.239285714275,76.32333333333334,75.106428571425,-0.019066666666666666,-0.02279166750000001,-0.05401111000000001,-0.03017083250000003,0.21186666666666676,0.20421667499999996,0.2109508000000001,0.2099256,21.36000000000001,16.01999999999997,6.432490598706546e-16,1.0,2.639057329615259
sj,2006,1,2006-01-08,-0.008233333,-0.04533333,0.1100714,0.09948571,16.27,298.677142857,298.864285714,293.804285714,300.3,297.2,5.76,74.5085714286,16.27,15.2028571429,2.1,24.6571428571,6.25714285714,28.3,20.6,8.1,10,16.0271428571,15.5328571429,15.7214285714,14.5071428571,294.682857143,294.138571429,294.332857143,293.015714286,76.5785714286,77.3157142857,75.0757142857,71.4557142857,299.307142857,298.65,299.242857143,298.542857143,25.8857142857,24.6285714286,25.4571428571,24.9857142857,-0.1062,0.1077,-0.0587,-0.03396667,-0.1376,0.0531,-0.07753333,0.04135,0.1835,0.2853429,0.1667571,0.1812667,0.1697667,0.2935714,0.1695143,0.20685,64.08,0.0,0.0,0.0,15.587619047633327,15.621071428574998,298.9404761903333,299.01607142849997,25.057142857133332,25.157142857125002,76.1342857143,75.86964285715,-0.002244444333333333,-0.016358333250000013,-0.04327777666666668,-0.05184166500000003,0.19297143333333344,0.18641784999999994,0.18760793666666675,0.18308452749999996,26.783333333333342,20.08749999999997,0.12053668025532305,0.992708874098054,2.3978952727983707
sj,2006,2,2006-01-15,-0.04245,0.00455,0.2592714,0.2393143,72.69,298.332857143,298.55,293.108571429,300.1,296.6,10.9,72.9285714286,72.69,14.5714285714,2.44285714286,24.0571428571,6.8,27.8,18.9,21.9,17,15.2028571429,16.0271428571,15.5328571429,15.7214285714,293.804285714,294.682857143,294.138571429,294.332857143,74.5085714286,76.5785714286,77.3157142857,75.0757142857,298.864285714,299.307142857,298.65,299.242857143,24.6571428571,25.8857142857,24.6285714286,25.4571428571,-0.008233333,-0.1062,0.1077,-0.0587,-0.04533333,-0.1376,0.0531,-0.07753333,0.1100714,0.1835,0.2853429,0.1667571,0.09948571,0.1697667,0.2935714,0.1695143,16.27,64.08,0.0,0.0,15.267142857133328,15.333571428574999,298.907142857,298.84285714275,24.866666666633336,24.807142857125,74.67190476193333,75.332857142875,-0.052294444333333336,-0.012295833250000013,-0.05946111000000001,-0.031320832500000034,0.18428093333333342,0.20954642499999993,0.16952223666666677,0.20053452749999995,51.01333333333334,38.25999999999997,0.23931566428755774,0.970941817426052,2.8903717578961645
sj,2006,3,2006-01-22,-0.1942333,-0.11174,0.1015143,0.1011143,74.41,298.401428571,298.528571429,294.417142857,300.9,296.7,41.5,78.72,74.41,15.7942857143,2.42857142857,24.7142857143,6.35714285714,30.6,20.6,101.1,19,14.5714285714,15.2028571429,16.0271428571,15.5328571429,293.108571429,293.804285714,294.682857143,294.138571429,72.9285714286,74.5085714286,76.5785714286,77.3157142857,298.55,298.864285714,299.307142857,298.65,24.0571428571,24.6571428571,25.8857142857,24.6285714286,-0.04245,-0.008233333,-0.1062,0.1077,0.00455,-0.04533333,-0.1376,0.0531,0.2592714,0.1100714,0.1835,0.2853429,0.2393143,0.09948571,0.1697667,0.2935714,72.69,16.27,64.08,0.0,15.189523809533329,15.398928571425,298.6476190476667,298.8125,24.476190476166664,24.82857142855,75.38571428573333,75.68392857145,-0.08163887766666666,-0.08777915825000002,-0.050841110000000016,-0.07253083250000003,0.15695236666666676,0.16358927499999992,0.14663810333333346,0.15242025249999996,54.45666666666667,56.86249999999997,0.3546048870425356,0.9350162426854148,2.995732273553991
sj,2006,4,2006-01-29,0.009,-0.0458,0.1000167,0.1076833,0.0,298.287142857,298.335714286,293.512857143,299.9,296.6,16.8,74.8971428571,0.0,14.8971428571,2.01428571429,24.2857142857,5.14285714286,27.2,20.6,29.2,9,15.7942857143,14.5714285714,15.2028571429,16.0271428571,294.417142857,293.108571429,293.804285714,294.682857143,78.72,72.9285714286,74.5085714286,76.5785714286,298.528571429,298.55,298.864285714,299.307142857,24.7142857143,24.0571428571,24.6571428571,25.8857142857,-0.1942333,-0.04245,-0.008233333,-0.1062,-0.11174,0.00455,-0.04533333,-0.1376,0.1015143,0.2592714,0.1100714,0.1835,0.1011143,0.2393143,0.09948571,0.1697667,74.41,72.69,16.27,64.08,15.087619047599995,15.116428571424999,298.47142857166665,298.56964285725,24.35238095236667,24.428571428549997,75.51523809523333,75.263571428575,-0.07589443333333333,-0.05897915825000001,-0.05099666666666668,-0.049580832500000026,0.1536008000000001,0.14271844999999994,0.14937063333333345,0.1368994025,49.03333333333334,40.84249999999997,0.4647231720437685,0.8854560256532099,2.302585092994046
sj,2006,5,2006-02-05,0.0443,-0.005,0.1681333,0.1399571,0.0,297.541428571,297.635714286,292.347142857,300.2,295.5,9.89,72.8728571429,0.0,13.86,2.15714285714,23.4142857143,6.11428571429,28.9,18.9,7.6,9,14.8971428571,15.7942857143,14.5714285714,15.2028571429,293.512857143,294.417142857,293.108571429,293.804285714,74.8971428571,78.72,72.9285714286,74.5085714286,298.335714286,298.528571429,298.55,298.864285714,24.2857142857,24.7142857143,24.0571428571,24.6571428571,0.009,-0.1942333,-0.04245,-0.008233333,-0.0458,-0.11174,0.00455,-0.04533333,0.1000167,0.1015143,0.2592714,0.1100714,0.1076833,0.1011143,0.2393143,0.09948571,0.0,74.41,72.69,16.27,14.850476190466663,14.7807142857,298.166666667,298.26250000025,24.138095238099996,24.11785714285,75.49666666666667,74.85464285715,-0.046977766666666664,-0.04584582500000001,-0.05418000000000001,-0.039497500000000026,0.12322143333333342,0.15723392499999994,0.11625156666666676,0.14701725,24.80333333333334,36.77499999999997,0.5680647467311558,0.8229838658936564,2.302585092994046
sj,2006,6,2006-02-12,-0.3084,-0.1369,0.2661,0.2104571,18.15,297.825714286,297.992857143,293.457142857,300.1,296.5,9.7,76.9071428571,18.15,14.8985714286,2.21428571429,23.9142857143,6.38571428571,28.3,19.4,26.6,9,13.86,14.8971428571,15.7942857143,14.5714285714,292.347142857,293.512857143,294.417142857,293.108571429,72.8728571429,74.8971428571,78.72,72.9285714286,297.635714286,298.335714286,298.528571429,298.55,23.4142857143,24.2857142857,24.7142857143,24.0571428571,0.0443,0.009,-0.1942333,-0.04245,-0.005,-0.0458,-0.11174,0.00455,0.1681333,0.1000167,0.1015143,0.2592714,0.1399571,0.1076833,0.1011143,0.2393143,0.0,0.0,74.41,72.69,14.551904761899996,14.862499999999999,297.9880952383333,298.123214286,23.87142857143333,24.08214285715,74.89238095236666,75.849285714275,-0.08503333333333334,-0.11233332500000001,-0.06256666666666667,-0.07486000000000002,0.17808333333333345,0.15894107499999993,0.1526991666666668,0.13980294999999998,6.050000000000009,23.139999999999972,0.6631226582407952,0.7485107481711011,2.302585092994046
sj,2006,7,2006-02-19,0.3255,-0.02752,0.1900714,0.2061857,0.0,297.955714286,298.242857143,293.908571429,300.9,295.6,10.37,78.4942857143,0.0,15.2814285714,3.02857142857,24.7428571429,7.05714285714,30.6,20.0,15.0,3,14.8985714286,13.86,14.8971428571,15.7942857143,293.457142857,292.347142857,293.512857143,294.417142857,76.9071428571,72.8728571429,74.8971428571,78.72,297.992857143,297.635714286,298.335714286,298.528571429,23.9142857143,23.4142857143,24.2857142857,24.7142857143,-0.3084,0.0443,0.009,-0.1942333,-0.1369,-0.005,-0.0458,-0.11174,0.2661,0.1681333,0.1000167,0.1015143,0.2104571,0.1399571,0.1076833,0.1011143,18.15,0.0,0.0,74.41,14.679999999999994,14.734285714275,297.95714285733334,298.0517857145,24.023809523833336,24.0892857143,76.09142857143333,75.79285714285,0.02046666666666667,0.01759999999999999,-0.05647333333333335,-0.05380500000000002,0.20810156666666677,0.18108034999999995,0.18553330000000012,0.16607079999999996,6.050000000000009,4.537499999999971,0.7485107481711011,0.6631226582407953,1.3862943611198906
sj,2006,8,2006-02-26,-0.1032,0.1611,0.2396714,0.2859714,11.8,298.055714286,298.207142857,292.971428571,300.1,296.7,8.1,73.4142857143,11.8,14.3885714286,2.38571428571,24.8571428571,6.34285714286,28.9,21.1,2.6,7,15.2814285714,14.8985714286,13.86,14.8971428571,293.908571429,293.457142857,292.347142857,293.512857143,78.4942857143,76.9071428571,72.8728571429,74.8971428571,298.242857143,297.992857143,297.635714286,298.335714286,24.7428571429,23.9142857143,23.4142857143,24.2857142857,0.3255,-0.3084,0.0443,0.009,-0.02752,-0.1369,-0.005,-0.0458,0.1900714,0.2661,0.1681333,0.1000167,0.2061857,0.2104571,0.1399571,0.1076833,0.0,18.15,0.0,0.0,14.856190476199993,14.60714285715,298.1476190476667,298.01964285725,24.504761904766667,24.232142857150002,76.2719047619,75.42214285714999,-0.028699999999999993,-0.01045000000000001,-0.0011066666666666818,-0.0020800000000000263,0.23194760000000011,0.21599402499999995,0.23420473333333347,0.21064282499999998,9.983333333333343,7.487499999999971,0.8229838658936564,0.5680647467311559,2.0794415416798357
sj,2006,9,2006-03-05,-0.16734,-0.105825,0.16068,0.2190667,0.0,298.158571429,298.564285714,292.461428571,300.9,296.3,0.2,70.6971428571,0.0,13.9514285714,2.64285714286,25.3,6.48571428571,30.6,21.1,0.0,7,14.3885714286,15.2814285714,14.8985714286,13.86,292.971428571,293.908571429,293.457142857,292.347142857,73.4142857143,78.4942857143,76.9071428571,72.8728571429,298.207142857,298.242857143,297.992857143,297.635714286,24.8571428571,24.7428571429,23.9142857143,23.4142857143,-0.1032,0.3255,-0.3084,0.0443,0.1611,-0.02752,-0.1369,-0.005,0.2396714,0.1900714,0.2661,0.1681333,0.2859714,0.2061857,0.2104571,0.1399571,11.8,0.0,18.15,0.0,14.540476190466661,14.63,298.338095238,298.25178571425,24.96666666666667,24.703571428575,74.2019047619,74.87821428570001,0.018320000000000013,-0.06336,0.00925166666666665,-0.027286250000000026,0.19680760000000008,0.21413069999999995,0.2370746000000001,0.23042022499999998,3.933333333333343,7.487499999999971,0.8854560256532099,0.4647231720437686,2.0794415416798357
sj,2006,10,2006-03-12,-0.01313333,0.018275,0.1773,0.1503,0.0,297.988571429,298.142857143,293.07,300.8,295.4,7.5,74.28,0.0,14.4971428571,3.42857142857,25.5285714286,6.84285714286,30.6,21.1,3.3,0,13.9514285714,14.3885714286,15.2814285714,14.8985714286,292.461428571,292.971428571,293.908571429,293.457142857,70.6971428571,73.4142857143,78.4942857143,76.9071428571,298.564285714,298.207142857,298.242857143,297.992857143,25.3,24.8571428571,24.7428571429,23.9142857143,-0.16734,-0.1032,0.3255,-0.3084,-0.105825,0.1611,-0.02752,-0.1369,0.16068,0.2396714,0.1900714,0.2661,0.2190667,0.2859714,0.2061857,0.2104571,0.0,11.8,0.0,18.15,14.279047619033328,14.529642857125001,298.3047619046667,298.28928571425,25.228571428566667,25.107142857150002,72.79714285713332,74.22142857142501,-0.09455777666666666,0.010456667499999996,0.02451666666666665,0.011507499999999973,0.19255046666666675,0.19193069999999995,0.21844603333333346,0.21538094999999996,3.933333333333343,2.9499999999999718,0.9350162426854148,0.35460488704253557,0.0
sj,2006,11,2006-03-19,0.0109,-0.01436,0.1671,0.1572143,16.74,297.261428571,297.392857143,292.131428571,300.3,295.4,19.63,73.21,16.74,13.7,2.61428571429,25.5142857143,6.18571428571,29.4,21.7,2.2,2,14.4971428571,13.9514285714,14.3885714286,15.2814285714,293.07,292.461428571,292.971428571,293.908571429,74.28,70.6971428571,73.4142857143,78.4942857143,298.142857143,298.564285714,298.207142857,298.242857143,25.5285714286,25.3,24.8571428571,24.7428571429,-0.01313333,-0.16734,-0.1032,0.3255,0.018275,-0.105825,0.1611,-0.02752,0.1773,0.16068,0.2396714,0.1900714,0.1503,0.2190667,0.2859714,0.2061857,0.0,0.0,11.8,0.0,14.049523809499995,14.134285714275,298.0333333333333,298.07678571425,25.447619047633335,25.3,72.72904761903334,72.90035714285,-0.056524443333333334,-0.06819333250000001,-0.033970000000000014,0.014797499999999974,0.1683600000000001,0.18618784999999993,0.1755270000000001,0.20313809999999996,5.580000000000009,7.134999999999971,0.970941817426052,0.23931566428755804,1.0986122886681096
sj,2006,12,2006-03-26,0.022433333333333333,-0.10425,0.1246429,0.1394,31.34,298.061428571,298.3,293.405714286,300.4,296.0,10.35,75.5271428571,31.34,14.8228571429,2.85714285714,25.6857142857,6.18571428571,29.4,21.7,7.4,3,13.7,14.4971428571,13.9514285714,14.3885714286,292.131428571,293.07,292.461428571,292.971428571,73.21,74.28,70.6971428571,73.4142857143,297.392857143,298.142857143,298.564285714,298.207142857,25.5142857143,25.5285714286,25.3,24.8571428571,0.0109,-0.01313333,-0.16734,-0.1032,-0.01436,0.018275,-0.105825,0.1611,0.1671,0.1773,0.16068,0.2396714,0.1572143,0.1503,0.2190667,0.2859714,16.74,0.0,0.0,11.8,14.339999999999995,14.24285714285,297.94523809533337,298.1,25.5761904762,25.50714285715,74.33904761903334,73.42857142855,0.0067333344444444445,-0.03678499916666668,-0.03344500000000001,-0.05154000000000002,0.15634763333333343,0.15743072499999994,0.14897143333333343,0.16649524999999998,16.026666666666674,12.019999999999971,0.992708874098054,0.120536680255323,1.3862943611198906
sj,2006,13,2006-04-02,0.033966666666666666,0.0471,0.09765,0.08703333,24.44,298.302857143,298.521428571,293.527142857,301.3,296.5,5.0,74.9842857143,24.44,14.9371428571,3.35714285714,26.6571428571,7.14285714286,32.8,22.2,7.9,3,14.8228571429,13.7,14.4971428571,13.9514285714,293.405714286,292.131428571,293.07,292.461428571,75.5271428571,73.21,74.28,70.6971428571,298.3,297.392857143,298.142857143,298.564285714,25.6857142857,25.5142857143,25.5285714286,25.3,0.022433333333333333,0.0109,-0.01313333,-0.16734,-0.10425,-0.01436,0.018275,-0.105825,0.1246429,0.1671,0.1773,0.16068,0.1394,0.1572143,0.1503,0.2190667,31.34,16.74,0.0,0.0,14.486666666666663,14.489285714274999,298.07142857133334,298.08928571425,25.952380952366667,25.846428571425,74.5738095238,74.50035714284999,0.022433333333333333,0.013541667499999986,-0.023836666666666676,-0.013308750000000022,0.1297976333333334,0.14167322499999996,0.12788254333333346,0.13348690749999997,24.173333333333343,18.12999999999997,1.0,-1.6081226496766364e-16,1.3862943611198906
sj,2006,14,2006-04-09,0.0455,0.07005,0.08821429,0.0959,174.04,298.24,298.55,294.418571429,301.2,296.2,36.3,79.6028571429,174.04,15.7942857143,3.18571428571,25.4285714286,5.64285714286,30.6,21.1,84.6,1,14.9371428571,14.8228571429,13.7,14.4971428571,293.527142857,293.405714286,292.131428571,293.07,74.9842857143,75.5271428571,73.21,74.28,298.521428571,298.3,297.392857143,298.142857143,26.6571428571,25.6857142857,25.5142857143,25.5285714286,0.033966666666666666,0.022433333333333333,0.0109,-0.01313333,0.0471,-0.10425,-0.01436,0.018275,0.09765,0.1246429,0.1671,0.1773,0.08703333,0.1394,0.1572143,0.1503,24.44,31.34,16.74,0.0,15.184761904766662,14.813571428574999,298.457142857,298.1910714285,25.9238095238,25.821428571425,76.70476190476667,75.831071428575,0.033966666666666666,0.028199999999999985,0.004299999999999989,-0.00036500000000002156,0.10350239666666676,0.11940179749999995,0.10744444333333343,0.11988690749999997,76.60666666666667,61.63999999999997,0.992708874098054,-0.12053668025532288,0.6931471805599453
sj,2006,15,2006-04-16,0.0165,0.01794,0.1163167,0.1032857,44.84,298.672857143,298.814285714,294.172857143,300.6,297.0,12.6,76.3328571429,44.84,15.5657142857,2.8,25.8571428571,6.01428571429,30.6,22.2,48.3,3,15.7942857143,14.9371428571,14.8228571429,13.7,294.418571429,293.527142857,293.405714286,292.131428571,79.6028571429,74.9842857143,75.5271428571,73.21,298.55,298.521428571,298.3,297.392857143,25.4285714286,26.6571428571,25.6857142857,25.5142857143,0.0455,0.033966666666666666,0.022433333333333333,0.0109,0.07005,0.0471,-0.10425,-0.01436,0.08821429,0.09765,0.1246429,0.1671,0.0959,0.08703333,0.1394,0.1572143,174.04,24.44,31.34,16.74,15.432380952366662,15.280000000000001,298.6285714283333,298.54642857125003,25.98095238093333,25.907142857125,76.97333333336667,76.6117857143,0.03198888888888889,0.029599999999999987,0.04502999999999999,0.007709999999999979,0.10072699666666675,0.10670597249999994,0.09540634333333343,0.10640475749999996,81.10666666666667,68.66499999999996,0.9709418174260521,-0.2393156642875575,1.3862943611198906
sj,2006,16,2006-04-23,-0.012,-0.1001,0.1578167,0.1299714,60.86,298.591428571,298.821428571,294.452857143,301.1,296.8,28.63,78.0242857143,60.86,15.8657142857,3.1,26.6857142857,6.12857142857,30.6,22.8,5.4,3,15.5657142857,15.7942857143,14.9371428571,14.8228571429,294.172857143,294.418571429,293.527142857,293.405714286,76.3328571429,79.6028571429,74.9842857143,75.5271428571,298.814285714,298.55,298.521428571,298.3,25.8571428571,25.4285714286,26.6571428571,25.6857142857,0.0165,0.0455,0.033966666666666666,0.022433333333333333,0.01794,0.07005,0.0471,-0.10425,0.1163167,0.08821429,0.09765,0.1246429,0.1032857,0.0959,0.08703333,0.1394,44.84,174.04,24.44,31.34,15.741904761899995,15.5407142857,298.72857142833334,298.676785714,25.990476190466666,26.157142857125,77.9866666667,77.2360714286,0.016666666666666666,0.020991666666666655,-0.004036666666666679,0.008747499999999978,0.12078256333333343,0.11499942249999995,0.10971903333333344,0.10404760749999997,93.24666666666667,76.04499999999997,0.9350162426854148,-0.35460488704253545,1.3862943611198906
sj,2006,17,2006-04-30,0.0351,0.0351,0.1158857,0.08678571,103.35,298.898571429,299.192857143,294.438571429,302.0,296.6,26.99,76.6042857143,103.35,15.8328571429,3.27142857143,26.3142857143,6.11428571429,30.6,22.8,75.2,3,15.8657142857,15.5657142857,15.7942857143,14.9371428571,294.452857143,294.172857143,294.418571429,293.527142857,78.0242857143,76.3328571429,79.6028571429,74.9842857143,298.821428571,298.814285714,298.55,298.521428571,26.6857142857,25.8571428571,25.4285714286,26.6571428571,-0.012,0.0165,0.0455,0.033966666666666666,-0.1001,0.01794,0.07005,0.0471,0.1578167,0.1163167,0.08821429,0.09765,0.1299714,0.1032857,0.0959,0.08703333,60.86,44.84,174.04,24.44,15.754761904766662,15.764642857150001,298.9428571426667,298.844642857,26.2857142857,26.071428571425,76.98714285716666,77.6410714286,0.013199999999999998,0.021274999999999985,-0.01568666666666668,0.00574749999999998,0.13000636666666676,0.11955834749999994,0.10668093666666678,0.10398570249999997,69.68333333333334,95.77249999999997,0.8854560256532099,-0.4647231720437685,1.3862943611198906
sj,2006,18,2006-05-07,0.0144,0.04355,0.1209,0.09565714,54.47,298.872857143,299.192857143,294.727142857,302.2,296.5,29.05,78.0985714286,54.47,16.1242857143,3.38571428571,26.5,6.01428571429,31.1,22.2,66.1,7,15.8328571429,15.8657142857,15.5657142857,15.7942857143,294.438571429,294.452857143,294.172857143,294.418571429,76.6042857143,78.0242857143,76.3328571429,79.6028571429,299.192857143,298.821428571,298.814285714,298.55,26.3142857143,26.6857142857,25.8571428571,25.4285714286,0.0351,-0.012,0.0165,0.0455,0.0351,-0.1001,0.01794,0.07005,0.1158857,0.1578167,0.1163167,0.08821429,0.08678571,0.1299714,0.1032857,0.0959,103.35,60.86,44.84,174.04,15.940952380966664,15.84714285715,299.06904761900006,299.00535714275003,26.5,26.339285714275,77.57571428573334,77.265000000025,0.012499999999999997,0.013499999999999984,-0.007150000000000015,-0.0008775000000000206,0.13153413333333344,0.12772977499999993,0.10413808333333345,0.10392498749999997,72.89333333333333,65.87999999999997,0.8229838658936565,-0.5680647467311557,2.0794415416798357
sj,2006,19,2006-05-14,0.047299999999999995,0.0534,0.07054286,0.08275714,12.09,298.12,298.292857143,293.515714286,300.0,296.7,19.4,75.9271428571,12.09,14.9857142857,2.35714285714,25.9428571429,5.07142857143,29.4,22.2,80.8,3,16.1242857143,15.8328571429,15.8657142857,15.5657142857,294.727142857,294.438571429,294.452857143,294.172857143,78.0985714286,76.6042857143,78.0242857143,76.3328571429,299.192857143,299.192857143,298.821428571,298.814285714,26.5,26.3142857143,26.6857142857,25.8571428571,0.0144,0.0351,-0.012,0.0165,0.04355,0.0351,-0.1001,0.01794,0.1209,0.1158857,0.1578167,0.1163167,0.09565714,0.08678571,0.1299714,0.1032857,54.47,103.35,60.86,44.84,15.647619047633329,15.702142857150001,298.892857143,298.875,26.2523809524,26.360714285725003,76.87666666666667,77.163571428575,0.03226666666666666,0.021199999999999983,0.04401666666666665,0.00798749999999998,0.10244285333333342,0.11628631499999995,0.08839999666666677,0.09879284749999998,56.63666666666666,57.69249999999996,0.7485107481711013,-0.663122658240795,1.3862943611198906
sj,2006,20,2006-05-21,0.0802,0.04546667,0.2060857,0.1872143,103.95,299.171428571,299.307142857,296.295714286,301.9,297.2,90.4,84.31,103.95,17.7342857143,2.78571428571,27.8142857143,7.24285714286,33.3,23.3,15.6,5,14.9857142857,16.1242857143,15.8328571429,15.8657142857,293.515714286,294.727142857,294.438571429,294.452857143,75.9271428571,78.0985714286,76.6042857143,78.0242857143,298.292857143,299.192857143,299.192857143,298.821428571,25.9428571429,26.5,26.3142857143,26.6857142857,0.047299999999999995,0.0144,0.0351,-0.012,0.0534,0.04355,0.0351,-0.1001,0.07054286,0.1209,0.1158857,0.1578167,0.08275714,0.09565714,0.08678571,0.1299714,12.09,54.47,103.35,60.86,16.28142857143333,16.169285714300003,298.930952381,298.9964285715,26.7523809524,26.642857142875002,79.44523809523332,78.735,0.04729999999999999,0.044249999999999984,0.04747222333333332,0.04437916749999998,0.1325095200000001,0.12835356499999995,0.12187619333333344,0.11310357249999997,56.83666666666668,68.46499999999997,0.6631226582407952,-0.7485107481711012,1.791759469228055
sj,2006,21,2006-05-28,0.0692,-0.1001333,0.2400833,0.2095714,3.7,300.501428571,300.714285714,296.365714286,302.8,299.0,6.07,78.4,3.7,17.7928571429,2.97142857143,29.0285714286,7.71428571429,33.9,24.4,0.5,11,17.7342857143,14.9857142857,16.1242857143,15.8328571429,296.295714286,293.515714286,294.727142857,294.438571429,84.31,75.9271428571,78.0985714286,76.6042857143,299.307142857,298.292857143,299.192857143,299.192857143,27.8142857143,25.9428571429,26.5,26.3142857143,0.0802,0.047299999999999995,0.0144,0.0351,0.04546667,0.0534,0.04355,0.0351,0.2060857,0.07054286,0.1209,0.1158857,0.1872143,0.08275714,0.09565714,0.08678571,103.95,12.09,54.47,103.35,16.83761904763333,16.6592857143,299.438095238,299.37678571425,27.595238095266666,27.32142857145,79.5457142857,79.183928571425,0.06556666666666666,0.05277499999999998,-0.00042221000000001546,0.010570842499999983,0.17223728666666674,0.15940296499999995,0.15984761333333344,0.14379999499999996,39.91333333333335,43.55249999999996,0.5680647467311558,-0.8229838658936564,2.4849066497880004
sj,2006,22,2006-06-04,0.0582,0.033525,0.1129667,0.1009571,64.92,300.57,300.771428571,295.912857143,302.8,298.6,6.19,75.8114285714,64.92,17.29,3.0,28.5857142857,7.14285714286,33.9,24.4,22.1,5,17.7928571429,17.7342857143,14.9857142857,16.1242857143,296.365714286,296.295714286,293.515714286,294.727142857,78.4,84.31,75.9271428571,78.0985714286,300.714285714,299.307142857,298.292857143,299.192857143,29.0285714286,27.8142857143,25.9428571429,26.5,0.0692,0.0802,0.047299999999999995,0.0144,-0.1001333,0.04546667,0.0534,0.04355,0.2400833,0.2060857,0.07054286,0.1209,0.2095714,0.1872143,0.08275714,0.09565714,3.7,103.95,12.09,54.47,17.60571428573333,16.950714285725,300.264285714,299.77142857125,28.4761904762,27.842857142875,79.50714285713333,78.612142857125,0.0692,0.06372499999999998,-0.007047210000000016,0.008064592499999981,0.18637856666666677,0.15741963999999994,0.16591426666666678,0.14512498499999998,57.52333333333335,46.164999999999964,0.46472317204376906,-0.8854560256532096,1.791759469228055
sj,2006,23,2006-06-11,0.0144,0.0144,0.10458,0.1338286,19.93,300.768571429,300.907142857,296.052857143,303.2,298.6,7.3,75.6,19.93,17.4642857143,3.04285714286,28.9142857143,8.34285714286,34.4,24.4,1.3,5,17.29,17.7928571429,17.7342857143,14.9857142857,295.912857143,296.365714286,296.295714286,293.515714286,75.8114285714,78.4,84.31,75.9271428571,300.771428571,300.714285714,299.307142857,298.292857143,28.5857142857,29.0285714286,27.8142857143,25.9428571429,0.0582,0.0692,0.0802,0.047299999999999995,0.033525,-0.1001333,0.04546667,0.0534,0.1129667,0.2400833,0.2060857,0.07054286,0.1009571,0.2095714,0.1872143,0.08275714,64.92,3.7,103.95,12.09,17.51571428573333,17.570357142875,300.7976190473334,300.42499999975,28.842857142866666,28.585714285725,76.60380952380001,78.53035714285001,0.04726666666666667,0.05549999999999998,-0.017402766666666684,-0.0016854075000000196,0.15254333333333345,0.16592892499999995,0.14811903333333343,0.15789284999999997,29.51666666666668,48.124999999999964,0.35460488704253584,-0.9350162426854147,1.791759469228055
sj,2006,24,2006-06-18,-0.01003333,-0.0572,0.1517,0.1498833,7.56,301.021428571,301.142857143,296.361428571,303.3,299.6,12.4,75.92,7.56,17.7842857143,2.74285714286,28.9428571429,7.67142857143,34.4,23.3,34.0,6,17.4642857143,17.29,17.7928571429,17.7342857143,296.052857143,295.912857143,296.365714286,296.295714286,75.6,75.8114285714,78.4,84.31,300.907142857,300.771428571,300.714285714,299.307142857,28.9142857143,28.5857142857,29.0285714286,27.8142857143,0.0144,0.0582,0.0692,0.0802,0.0144,0.033525,-0.1001333,0.04546667,0.10458,0.1129667,0.2400833,0.2060857,0.1338286,0.1009571,0.2095714,0.1872143,19.93,64.92,3.7,103.95,17.512857142866665,17.582857142875,300.94047619033336,300.88392857125,28.8142857143,28.867857142875003,75.77714285713333,76.43285714285,0.020855556666666667,0.03294166749999998,-0.003091666666666687,-0.02735207500000002,0.12308223333333342,0.15233249999999995,0.12822300000000011,0.14856009999999997,30.80333333333334,24.027499999999964,0.23931566428755768,-0.970941817426052,1.9459101490553132
sj,2006,25,2006-06-25,0.0255,0.04276667,0.1070429,0.1105571,19.95,300.478571429,300.535714286,296.642857143,302.4,298.7,39.52,79.6957142857,19.95,18.0914285714,2.81428571429,28.0714285714,6.75714285714,33.3,23.9,25.5,6,17.7842857143,17.4642857143,17.29,17.7928571429,296.361428571,296.052857143,295.912857143,296.365714286,75.92,75.6,75.8114285714,78.4,301.142857143,300.907142857,300.771428571,300.714285714,28.9428571429,28.9142857143,28.5857142857,29.0285714286,-0.01003333,0.0144,0.0582,0.0692,-0.0572,0.0144,0.033525,-0.1001333,0.1517,0.10458,0.1129667,0.2400833,0.1498833,0.1338286,0.1009571,0.2095714,7.56,19.93,64.92,3.7,17.779999999999998,17.6575,300.861904762,300.83928571424997,28.64285714286667,28.628571428575,77.0719047619,76.756785714275,0.009955556666666665,0.022016667499999986,-1.1110000000020178e-05,0.008372917499999978,0.12110763333333345,0.11907239999999994,0.13142300000000012,0.12380652499999997,15.813333333333341,28.089999999999964,0.12053668025532308,-0.992708874098054,1.9459101490553132
sj,2006,26,2006-07-02,0.1035,0.1977,0.1338714,0.1229429,111.15,300.504285714,300.635714286,297.161428571,303.0,299.0,38.37,82.16,111.15,18.6714285714,2.24285714286,27.8714285714,6.81428571429,33.3,22.8,58.2,4,18.0914285714,17.7842857143,17.4642857143,17.29,296.642857143,296.361428571,296.052857143,295.912857143,79.6957142857,75.92,75.6,75.8114285714,300.535714286,301.142857143,300.907142857,300.771428571,28.0714285714,28.9428571429,28.9142857143,28.5857142857,0.0255,-0.01003333,0.0144,0.0582,0.04276667,-0.0572,0.0144,0.033525,0.1070429,0.1517,0.10458,0.1129667,0.1105571,0.1498833,0.1338286,0.1009571,19.95,7.56,19.93,64.92,18.182380952366668,18.00285714285,300.7714285716666,300.805357143,28.29523809523333,28.45,79.25857142856667,78.34392857142501,0.03965555666666667,0.033341667499999984,0.06108888999999998,0.049416667499999976,0.13087143333333343,0.12429857499999995,0.12779443333333343,0.12930297499999996,46.220000000000006,39.647499999999965,-3.216245299353273e-16,-1.0,1.6094379124341003
sj,2006,27,2006-07-09,0.063875,0.05485,0.1770333,0.1333333,52.63,300.584285714,300.607142857,296.518571429,302.4,298.8,35.3,78.6042857143,52.63,17.9157142857,2.61428571429,27.9428571429,6.84285714286,32.2,22.8,26.7,4,18.6714285714,18.0914285714,17.7842857143,17.4642857143,297.161428571,296.642857143,296.361428571,296.052857143,82.16,79.6957142857,75.92,75.6,300.635714286,300.535714286,301.142857143,300.907142857,27.8714285714,28.0714285714,28.9428571429,28.9142857143,0.1035,0.0255,-0.01003333,0.0144,0.1977,0.04276667,-0.0572,0.0144,0.1338714,0.1070429,0.1517,0.10458,0.1229429,0.1105571,0.1498833,0.1338286,111.15,19.95,7.56,19.93,18.226190476166664,18.1157142857,300.592857143,300.730357143,27.9619047619,28.20714285715,80.15333333333334,79.095,0.06429166666666668,0.04571041749999999,0.09843888999999999,0.05952916749999998,0.13931586666666676,0.14241189999999992,0.12227776666666677,0.12917914999999996,61.24333333333334,47.82249999999996,-0.12053668025532283,-0.992708874098054,1.6094379124341003
sj,2006,28,2006-07-16,0.0193,0.06923333,0.1232714,0.1058286,56.73,300.262857143,300.428571429,296.78,303.0,298.4,64.68,81.4771428571,56.73,18.2157142857,2.68571428571,27.8428571429,6.51428571429,32.8,22.8,51.6,8,17.9157142857,18.6714285714,18.0914285714,17.7842857143,296.518571429,297.161428571,296.642857143,296.361428571,78.6042857143,82.16,79.6957142857,75.92,300.607142857,300.635714286,300.535714286,301.142857143,27.9428571429,27.8714285714,28.0714285714,28.9428571429,0.063875,0.1035,0.0255,-0.01003333,0.05485,0.1977,0.04276667,-0.0572,0.1770333,0.1338714,0.1070429,0.1517,0.1333333,0.1229429,0.1105571,0.1498833,52.63,111.15,19.95,7.56,18.267619047599997,18.223571428550002,300.5571428573333,300.5517857145,27.885714285733332,27.93214285715,80.74714285713334,80.484285714275,0.062225,0.05304374999999999,0.10726110999999998,0.09113749999999998,0.14472536666666677,0.13530474999999995,0.12070160000000009,0.11816547499999996,73.50333333333334,60.11499999999997,-0.23931566428755743,-0.9709418174260521,2.1972245773362196
sj,2006,29,2006-07-23,0.04735,0.02816667,0.1966857,0.1615429,16.61,300.244285714,300.221428571,296.587142857,302.3,298.3,40.4,80.5385714286,16.61,18.0114285714,2.55714285714,27.4857142857,6.47142857143,31.7,22.8,36.8,14,18.2157142857,17.9157142857,18.6714285714,18.0914285714,296.78,296.518571429,297.161428571,296.642857143,81.4771428571,78.6042857143,82.16,79.6957142857,300.428571429,300.607142857,300.635714286,300.535714286,27.8428571429,27.9428571429,27.8714285714,28.0714285714,0.0193,0.063875,0.1035,0.0255,0.06923333,0.05485,0.1977,0.04276667,0.1232714,0.1770333,0.1338714,0.1070429,0.1058286,0.1333333,0.1229429,0.1105571,56.73,52.63,111.15,19.95,18.047619047599998,18.20357142855,300.41904761899997,300.47321428575,27.757142857166667,27.785714285725,80.20666666666666,80.695,0.043508333333333336,0.05850624999999998,0.05074999999999998,0.08748749999999998,0.16566346666666676,0.15771544999999992,0.13356826666666677,0.13091192499999998,41.99000000000001,59.279999999999966,-0.3546048870425356,-0.9350162426854148,2.70805020110221
sj,2006,30,2006-07-30,-0.05556667,-0.10605,0.1034143,0.1018,29.74,300.794285714,300.95,296.762857143,302.8,298.6,19.1,78.7728571429,29.74,18.2071428571,2.67142857143,28.6,6.65714285714,33.9,23.9,13.3,12,18.0114285714,18.2157142857,17.9157142857,18.6714285714,296.587142857,296.78,296.518571429,297.161428571,80.5385714286,81.4771428571,78.6042857143,82.16,300.221428571,300.428571429,300.607142857,300.635714286,27.4857142857,27.8428571429,27.9428571429,27.8714285714,0.04735,0.0193,0.063875,0.1035,0.02816667,0.06923333,0.05485,0.1977,0.1966857,0.1232714,0.1770333,0.1338714,0.1615429,0.1058286,0.1333333,0.1229429,16.61,56.73,52.63,111.15,18.14476190473333,18.087499999975,300.5333333333333,300.55178571425,27.976190476200003,27.967857142874998,80.26285714286666,79.84821428572499,0.003694443333333334,0.018739582499999987,-0.002883333333333358,0.011549999999999977,0.14112380000000008,0.15010117499999995,0.12305716666666677,0.12562619999999997,34.36000000000001,38.92749999999997,-0.46472317204376806,-0.8854560256532101,2.5649493574615367
sj,2006,31,2006-08-06,-0.1145,0.09955,0.1523286,0.1531286,93.78,300.4,300.471428571,296.958571429,302.7,298.4,72.24,81.6457142857,93.78,18.4271428571,2.8,27.8285714286,6.27142857143,32.2,22.8,100.0,16,18.2071428571,18.0114285714,18.2157142857,17.9157142857,296.762857143,296.587142857,296.78,296.518571429,78.7728571429,80.5385714286,81.4771428571,78.6042857143,300.95,300.221428571,300.428571429,300.607142857,28.6,27.4857142857,27.8428571429,27.9428571429,-0.05556667,0.04735,0.0193,0.063875,-0.10605,0.02816667,0.06923333,0.05485,0.1034143,0.1966857,0.1232714,0.1770333,0.1018,0.1615429,0.1058286,0.1333333,29.74,16.61,56.73,52.63,18.215238095199997,18.215357142825,300.5476190473333,300.51785714274996,27.971428571433336,27.9392857143,80.31904761906667,80.608571428575,-0.04090555666666667,-0.025854167500000014,0.007222223333333315,0.022724999999999974,0.15080953333333344,0.14392499999999994,0.13882383333333345,0.13057502499999996,46.71000000000001,49.21499999999996,-0.5680647467311556,-0.8229838658936565,2.833213344056216
sj,2006,32,2006-08-13,0.00174,0.0136,0.1457429,0.1309857,63.83,300.208571429,300.371428571,296.57,303.1,297.9,171.58,80.6542857143,63.83,18.0071428571,2.85714285714,27.4428571429,5.4,31.1,23.9,40.9,10,18.4271428571,18.2071428571,18.0114285714,18.2157142857,296.958571429,296.762857143,296.587142857,296.78,81.6457142857,78.7728571429,80.5385714286,81.4771428571,300.471428571,300.95,300.221428571,300.428571429,27.8285714286,28.6,27.4857142857,27.8428571429,-0.1145,-0.05556667,0.04735,0.0193,0.09955,-0.10605,0.02816667,0.06923333,0.1523286,0.1034143,0.1966857,0.1232714,0.1531286,0.1018,0.1615429,0.1058286,93.78,29.74,16.61,56.73,18.213809523766663,18.163214285675,300.59761904733335,300.50357142825,27.95714285716667,27.8392857143,80.35761904763332,80.40285714287499,-0.05610889,-0.030244167500000012,0.002366666666666647,0.008816667499999976,0.1338286000000001,0.14954287499999994,0.12863810000000012,0.13686429999999997,62.45000000000001,50.98999999999996,-0.663122658240795,-0.7485107481711013,2.3978952727983707
sj,2006,33,2006-08-20,0.032895,0.0139,0.2238143,0.1753,3.19,300.91,301.121428571,296.84,303.0,299.3,13.5,78.6271428571,3.19,18.3271428571,2.47142857143,28.6428571429,5.3,32.2,24.4,1.5,16,18.0071428571,18.4271428571,18.2071428571,18.0114285714,296.57,296.958571429,296.762857143,296.587142857,80.6542857143,81.6457142857,78.7728571429,80.5385714286,300.371428571,300.471428571,300.95,300.221428571,27.4428571429,27.8285714286,28.6,27.4857142857,0.00174,-0.1145,-0.05556667,0.04735,0.0136,0.09955,-0.10605,0.02816667,0.1457429,0.1523286,0.1034143,0.1966857,0.1309857,0.1531286,0.1018,0.1615429,63.83,93.78,29.74,16.61,18.253809523766666,18.2421428571,300.6547619043333,300.72857142825,27.971428571466664,28.1285714286,80.30904761903334,79.925,-0.02662166666666667,-0.033857917500000015,0.04234999999999998,0.005249999999999975,0.17396193333333343,0.15632502499999995,0.15313810000000014,0.14030357499999999,53.6,47.63499999999996,-0.7485107481711011,-0.6631226582407952,2.833213344056216
sj,2006,34,2006-08-27,0.06405,0.00345,0.1773,0.1789833,70.61,300.821428571,300.964285714,297.001428571,303.1,299.0,39.5,79.8142857143,70.61,18.5071428571,2.75714285714,27.9857142857,6.77142857143,32.2,23.9,30.7,18,18.3271428571,18.0071428571,18.4271428571,18.2071428571,296.84,296.57,296.958571429,296.762857143,78.6271428571,80.6542857143,81.6457142857,78.7728571429,301.121428571,300.371428571,300.471428571,300.95,28.6428571429,27.4428571429,27.8285714286,28.6,0.032895,0.00174,-0.1145,-0.05556667,0.0139,0.0136,0.09955,-0.10605,0.2238143,0.1457429,0.1523286,0.1034143,0.1753,0.1309857,0.1531286,0.1018,3.19,63.83,93.78,29.74,18.28047619043333,18.317142857100002,300.81904761866673,300.73214285675,28.023809523833332,27.975000000025,79.69857142856667,80.18535714285,0.032895,-0.003953750000000016,0.010316666666666648,0.03262499999999998,0.18228573333333342,0.17479644999999996,0.16175633333333347,0.15959939999999997,45.87666666666667,57.852499999999964,-0.8229838658936564,-0.5680647467311559,2.9444389791664403
sj,2006,35,2006-09-03,0.07515,0.079825,0.1567,0.1232,51.48,301.068571429,301.221428571,297.13,303.2,299.1,22.2,79.1542857143,51.48,18.6328571429,2.47142857143,28.1285714286,5.57142857143,31.7,23.3,33.8,15,18.5071428571,18.3271428571,18.0071428571,18.4271428571,297.001428571,296.84,296.57,296.958571429,79.8142857143,78.6271428571,80.6542857143,81.6457142857,300.964285714,301.121428571,300.371428571,300.471428571,27.9857142857,28.6428571429,27.4428571429,27.8285714286,0.06405,0.032895,0.00174,-0.1145,0.00345,0.0139,0.0136,0.09955,0.1773,0.2238143,0.1457429,0.1523286,0.1789833,0.1753,0.1309857,0.1531286,70.61,3.19,63.83,93.78,18.489047619033332,18.36857142855,301.102380952,300.91964285675004,28.2523809524,28.050000000025,79.19857142856667,79.5625,0.057365,0.043458749999999984,0.032391666666666645,0.027693749999999975,0.1859381000000001,0.17588929999999994,0.15916110000000014,0.15211724999999998,41.76000000000001,47.27749999999997,-0.8854560256532096,-0.4647231720437691,2.772588722239781
sj,2006,36,2006-09-10,0.01235,-0.02706667,0.1379857,0.1328,24.11,301.071428571,301.157142857,296.881428571,303.1,298.8,15.5,78.1242857143,24.11,18.4014285714,3.0,28.5428571429,6.34285714286,32.2,24.4,9.8,23,18.6328571429,18.5071428571,18.3271428571,18.0071428571,297.13,297.001428571,296.84,296.57,79.1542857143,79.8142857143,78.6271428571,80.6542857143,301.221428571,300.964285714,301.121428571,300.371428571,28.1285714286,27.9857142857,28.6428571429,27.4428571429,0.07515,0.06405,0.032895,0.00174,0.079825,0.00345,0.0139,0.0136,0.1567,0.1773,0.2238143,0.1457429,0.1232,0.1789833,0.1753,0.1309857,51.48,70.61,3.19,63.83,18.513809523799996,18.467142857125,301.114285714,301.11607142825005,28.219047619066668,28.325000000025,79.03095238096667,78.93,0.050516666666666654,0.046111249999999986,0.018736109999999983,0.017527082499999975,0.15732856666666675,0.17394999999999994,0.14499443333333348,0.152570825,48.73333333333334,37.34749999999996,-0.9350162426854147,-0.3546048870425359,3.1780538303479458
sj,2006,37,2006-09-17,0.026125,-0.0535,0.1424143,0.1815,67.31,301.098571429,301.364285714,296.861428571,304.2,298.8,27.2,77.93,67.31,18.3828571429,3.5,28.5285714286,7.2,33.3,23.9,25.3,17,18.4014285714,18.6328571429,18.5071428571,18.3271428571,296.881428571,297.13,297.001428571,296.84,78.1242857143,79.1542857143,79.8142857143,78.6271428571,301.157142857,301.221428571,300.964285714,301.121428571,28.5428571429,28.1285714286,27.9857142857,28.6428571429,0.01235,0.07515,0.06405,0.032895,-0.02706667,0.079825,0.00345,0.0139,0.1379857,0.1567,0.1773,0.2238143,0.1328,0.1232,0.1789833,0.1753,24.11,51.48,70.61,3.19,18.472380952399998,18.481071428575,301.24761904733333,301.176785714,28.400000000033334,28.29642857145,78.40285714286667,78.755714285725,0.037875,0.044418749999999986,-0.0002472233333333518,0.0006770824999999762,0.14570000000000008,0.15359999999999993,0.14583333333333345,0.154120825,47.63333333333335,53.37749999999996,-0.970941817426052,-0.23931566428755774,2.8903717578961645
sj,2006,38,2006-09-24,-0.0556,-0.0162,0.1977,0.1719286,27.18,301.418571429,301.564285714,296.721428571,303.6,299.2,9.6,75.8614285714,27.18,18.21,3.41428571429,28.8285714286,6.8,33.3,23.9,2.3,33,18.3828571429,18.4014285714,18.6328571429,18.5071428571,296.861428571,296.881428571,297.13,297.001428571,77.93,78.1242857143,79.1542857143,79.8142857143,301.364285714,301.157142857,301.221428571,300.964285714,28.5285714286,28.5428571429,28.1285714286,27.9857142857,0.026125,0.01235,0.07515,0.06405,-0.0535,-0.02706667,0.079825,0.00345,0.1424143,0.1379857,0.1567,0.1773,0.1815,0.1328,0.1232,0.1789833,67.31,24.11,51.48,70.61,18.33142857143333,18.4067857143,301.36190476166666,301.326785714,28.633333333366664,28.507142857174998,77.30523809523334,77.7675,-0.0057083333333333335,0.014506249999999984,-0.032255556666666685,-0.004235417500000024,0.15936666666666677,0.15869999999999992,0.16207620000000011,0.15235714999999997,39.53333333333334,42.51999999999997,-0.992708874098054,-0.12053668025532357,3.5263605246161616
sj,2006,39,2006-10-01,-0.0265,-0.03535,0.1945429,0.1676,27.63,301.344285714,301.535714286,296.898571429,304.2,299.0,18.86,76.9528571429,27.63,18.3985714286,3.61428571429,28.9571428571,6.28571428571,32.8,25.0,6.2,15,18.21,18.3828571429,18.4014285714,18.6328571429,296.721428571,296.861428571,296.881428571,297.13,75.8614285714,77.93,78.1242857143,79.1542857143,301.564285714,301.364285714,301.157142857,301.221428571,28.8285714286,28.5285714286,28.5428571429,28.1285714286,-0.0556,0.026125,0.01235,0.07515,-0.0162,-0.0535,-0.02706667,0.079825,0.1977,0.1424143,0.1379857,0.1567,0.1719286,0.1815,0.1328,0.1232,27.18,67.31,24.11,51.48,18.330476190499997,18.348214285725,301.48809523799997,301.40535714275,28.771428571433333,28.7142857143,76.91476190476666,77.21714285715001,-0.018658333333333332,-0.010906250000000013,-0.03501666666666668,-0.03302916750000002,0.17821906666666676,0.16816072499999996,0.17367620000000009,0.16345714999999997,40.70666666666667,36.55749999999996,-1.0,-1.8369701987210297e-16,2.772588722239781
sj,2006,40,2006-10-08,0.018274999999999996,-0.092525,0.1755,0.1958714,12.22,301.474285714,301.692857143,296.547142857,303.7,299.6,14.1,74.7328571429,12.22,18.0014285714,3.07142857143,28.8571428571,7.38571428571,33.9,24.4,7.3,13,18.3985714286,18.21,18.3828571429,18.4014285714,296.898571429,296.721428571,296.861428571,296.881428571,76.9528571429,75.8614285714,77.93,78.1242857143,301.535714286,301.564285714,301.364285714,301.157142857,28.9571428571,28.8285714286,28.5285714286,28.5428571429,-0.0265,-0.0556,0.026125,0.01235,-0.03535,-0.0162,-0.0535,-0.02706667,0.1945429,0.1977,0.1424143,0.1379857,0.1676,0.1719286,0.1815,0.1328,27.63,27.18,67.31,24.11,18.203333333333333,18.248214285725,301.5976190476667,301.53928571425,28.880952380933334,28.79285714285,75.84904761906667,76.36928571429999,-0.021275,-0.009425000000000015,-0.04802500000000001,-0.04939375000000002,0.18924763333333341,0.17753929999999996,0.17846666666666677,0.17922499999999997,22.343333333333337,33.584999999999965,-0.992708874098054,0.1205366802553232,2.639057329615259
sj,2006,41,2006-10-15,0.06305,-0.1497,0.2367333,0.2508833,44.38,301.397142857,301.428571429,296.764285714,303.2,299.2,20.4,76.0071428571,44.38,18.2628571429,2.54285714286,28.7,7.21428571429,33.3,23.9,28.0,11,18.0014285714,18.3985714286,18.21,18.3828571429,296.547142857,296.898571429,296.721428571,296.861428571,74.7328571429,76.9528571429,75.8614285714,77.93,301.692857143,301.535714286,301.564285714,301.364285714,28.8571428571,28.9571428571,28.8285714286,28.5285714286,0.018274999999999996,-0.0265,-0.0556,0.026125,-0.092525,-0.03535,-0.0162,-0.0535,0.1755,0.1945429,0.1977,0.1424143,0.1958714,0.1676,0.1719286,0.1815,12.22,27.63,27.18,67.31,18.220952380966665,18.218214285725,301.5523809526667,301.555357143,28.838095238066668,28.8357142857,75.89761904763334,75.888571428575,0.018275,-0.00019375000000001683,-0.09252500000000001,-0.07344375000000003,0.20225873333333344,0.20111904999999994,0.20478490000000008,0.19657082499999995,28.07666666666667,27.852499999999964,-0.9709418174260521,0.23931566428755738,2.4849066497880004
sj,2006,42,2006-10-22,0.12335,0.1152,0.07027143,0.05842857,64.15,300.755714286,300.771428571,296.844285714,302.9,298.6,37.0,79.4142857143,64.15,18.3942857143,3.02857142857,28.3571428571,7.52857142857,33.3,23.9,140.8,14,18.2628571429,18.0014285714,18.3985714286,18.21,296.764285714,296.547142857,296.898571429,296.721428571,76.0071428571,74.7328571429,76.9528571429,75.8614285714,301.428571429,301.692857143,301.535714286,301.564285714,28.7,28.8571428571,28.9571428571,28.8285714286,0.06305,0.018274999999999996,-0.0265,-0.0556,-0.1497,-0.092525,-0.03535,-0.0162,0.2367333,0.1755,0.1945429,0.1977,0.2508833,0.1958714,0.1676,0.1719286,44.38,12.22,27.63,27.18,18.21952380953333,18.2642857143,301.29761904766667,301.35714285725,28.63809523806667,28.717857142824997,76.71809523809999,76.7767857143,0.068225,0.04454374999999998,-0.04234166666666669,-0.040593750000000026,0.16083491000000008,0.16926190749999995,0.16839442333333343,0.16819581749999996,40.25000000000001,37.09499999999996,-0.9350162426854148,0.35460488704253557,2.70805020110221
sj,2006,43,2006-10-29,0.04593333,-0.0364,0.1736714,0.12805,95.43,300.682857143,300.828571429,296.877142857,302.9,299.0,27.2,79.93,95.43,18.46,3.08571428571,28.1142857143,7.01428571429,32.8,23.3,65.8,17,18.3942857143,18.2628571429,18.0014285714,18.3985714286,296.844285714,296.764285714,296.547142857,296.898571429,79.4142857143,76.0071428571,74.7328571429,76.9528571429,300.771428571,301.428571429,301.692857143,301.535714286,28.3571428571,28.7,28.8571428571,28.9571428571,0.12335,0.06305,0.018274999999999996,-0.0265,0.1152,-0.1497,-0.092525,-0.03535,0.07027143,0.2367333,0.1755,0.1945429,0.05842857,0.2508833,0.1958714,0.1676,64.15,44.38,12.22,27.63,18.372380952399997,18.27964285715,301.0095238096667,301.18035714300004,28.390476190466668,28.507142857125,78.45047619046666,77.521071428575,0.07744444333333333,0.06265208249999998,-0.02363333333333335,-0.040856250000000024,0.16022537666666678,0.16404403249999994,0.1457872900000001,0.15830831749999996,67.98666666666668,54.044999999999966,-0.8854560256532101,0.464723172043768,2.8903717578961645
sj,2006,44,2006-11-05,-0.11508333500000001,0.0707,0.1566143,0.1134143,15.91,300.935714286,301.028571429,297.365714286,303.4,299.3,54.12,81.0857142857,15.91,18.9471428571,2.77142857143,28.5,5.77142857143,32.2,25.0,38.0,19,18.46,18.3942857143,18.2628571429,18.0014285714,296.877142857,296.844285714,296.764285714,296.547142857,79.93,79.4142857143,76.0071428571,74.7328571429,300.828571429,300.771428571,301.428571429,301.692857143,28.1142857143,28.3571428571,28.7,28.8571428571,0.04593333,0.12335,0.06305,0.018274999999999996,-0.0364,0.1152,-0.1497,-0.092525,0.1736714,0.07027143,0.2367333,0.1755,0.12805,0.05842857,0.2508833,0.1958714,95.43,64.15,44.38,12.22,18.600476190466665,18.516071428575,300.8761904763333,301.0142857145,28.323809523799998,28.41785714285,80.14333333333333,79.109285714275,0.018066665,0.029312498749999985,0.04983333333333332,-5.000000000002225e-05,0.13351904333333342,0.15932260749999994,0.09996429000000011,0.13769404249999995,58.49666666666668,54.967499999999966,-0.822983865893657,0.5680647467311548,2.995732273553991
sj,2006,45,2006-11-12,-0.2761,-0.0331,0.2153167,0.1843571,6.61,300.88,300.992857143,296.164285714,302.8,299.2,8.2,75.5685714286,6.61,17.6171428571,2.58571428571,27.9857142857,6.12857142857,31.7,24.4,18.0,20,18.9471428571,18.46,18.3942857143,18.2628571429,297.365714286,296.877142857,296.844285714,296.764285714,81.0857142857,79.93,79.4142857143,76.0071428571,301.028571429,300.828571429,300.771428571,301.428571429,28.5,28.1142857143,28.3571428571,28.7,-0.11508333500000001,0.04593333,0.12335,0.06305,0.0707,-0.0364,0.1152,-0.1497,0.1566143,0.1736714,0.07027143,0.2367333,0.1134143,0.12805,0.05842857,0.2508833,15.91,95.43,64.15,44.38,18.341428571399998,18.354642857125,300.9500000003333,300.905357143,28.2,28.239285714275,78.86142857143334,78.99964285715001,-0.11508333500000001,-0.05547500125000002,0.00039999999999998603,0.02909999999999998,0.18186746666666675,0.15396845749999993,0.1419404666666668,0.12106249249999998,39.31666666666667,45.52499999999997,-0.7485107481711011,0.6631226582407952,3.044522437723423
sj,2006,46,2006-11-19,-0.1686,-0.4561,0.1658143,0.1308143,21.29,300.412857143,300.564285714,295.062857143,302.8,298.5,13.2,72.6842857143,21.29,16.4642857143,2.47142857143,27.1857142857,6.62857142857,31.7,23.3,18.5,12,17.6171428571,18.9471428571,18.46,18.3942857143,296.164285714,297.365714286,296.877142857,296.844285714,75.5685714286,81.0857142857,79.93,79.4142857143,300.992857143,301.028571429,300.828571429,300.771428571,27.9857142857,28.5,28.1142857143,28.3571428571,-0.2761,-0.11508333500000001,0.04593333,0.12335,-0.0331,0.0707,-0.0364,0.1152,0.2153167,0.1566143,0.1736714,0.07027143,0.1843571,0.1134143,0.12805,0.05842857,6.61,15.91,95.43,64.15,17.676190476166664,17.872142857125,300.861904762,300.85357142875,27.890476190466668,27.946428571425,76.4461904762,77.31714285715,-0.186594445,-0.12846250125000003,-0.1395,-0.11372500000000002,0.17924843333333343,0.17785417499999995,0.1428619000000001,0.13915892499999996,14.603333333333339,34.80999999999997,-0.6631226582407955,0.7485107481711007,2.5649493574615367
sj,2006,47,2006-11-26,0.0947,-0.01176667,0.1773286,0.1929,57.01,299.328571429,299.485714286,294.655714286,302.4,296.5,26.82,75.6,57.01,16.08,3.25714285714,27.0428571429,7.15714285714,32.8,22.8,0.8,21,16.4642857143,17.6171428571,18.9471428571,18.46,295.062857143,296.164285714,297.365714286,296.877142857,72.6842857143,75.5685714286,81.0857142857,79.93,300.564285714,300.992857143,301.028571429,300.828571429,27.1857142857,27.9857142857,28.5,28.1142857143,-0.1686,-0.2761,-0.11508333500000001,0.04593333,-0.4561,-0.0331,0.0707,-0.0364,0.1658143,0.2153167,0.1566143,0.1736714,0.1308143,0.1843571,0.1134143,0.12805,21.29,6.61,15.91,95.43,16.720476190466666,17.277142857125,300.3476190476667,300.517857143,27.40476190476667,27.678571428574998,74.61761904763334,76.23464285715,-0.11666666666666665,-0.11627083375000002,-0.16698889000000003,-0.10756666750000002,0.1861532000000001,0.17876847499999995,0.16935713333333346,0.15537142499999995,28.303333333333338,25.204999999999963,-0.5680647467311559,0.8229838658936564,3.091042453358316
sj,2006,48,2006-12-03,0.0115,-0.032203335,0.08832857,0.02602857,51.3,300.342857143,300.407142857,295.915714286,302.2,298.4,14.56,76.8285714286,51.3,17.3457142857,2.9,27.4142857143,7.4,32.2,22.2,88.7,7,16.08,16.4642857143,17.6171428571,18.9471428571,294.655714286,295.062857143,296.164285714,297.365714286,75.6,72.6842857143,75.5685714286,81.0857142857,299.485714286,300.564285714,300.992857143,301.028571429,27.0428571429,27.1857142857,27.9857142857,28.5,0.0947,-0.1686,-0.2761,-0.11508333500000001,-0.01176667,-0.4561,-0.0331,0.0707,0.1773286,0.1658143,0.2153167,0.1566143,0.1929,0.1308143,0.1843571,0.1134143,57.01,21.29,6.61,15.91,16.629999999999995,16.876785714274998,300.1523809523333,300.36249999999995,27.2142857143,27.40714285715,75.03761904763333,75.17035714287499,-0.0208,-0.08462500000000002,-0.1666900016666667,-0.13329250125000003,0.14382382333333343,0.16169704249999994,0.11658095666666675,0.13352499249999997,43.20000000000001,34.05249999999997,-0.4647231720437684,0.88545602565321,2.0794415416798357
sj,2006,49,2006-12-10,0.0516,-0.05264,0.2320286,0.09608571,25.02,299.495714286,299.464285714,294.574285714,300.8,297.5,42.55,74.4314285714,25.02,15.97,2.01428571429,25.9428571429,5.77142857143,29.4,22.2,68.0,19,17.3457142857,16.08,16.4642857143,17.6171428571,295.915714286,294.655714286,295.062857143,296.164285714,76.8285714286,75.6,72.6842857143,75.5685714286,300.407142857,299.485714286,300.564285714,300.992857143,27.4142857143,27.0428571429,27.1857142857,27.9857142857,0.0115,0.0947,-0.1686,-0.2761,-0.032203335,-0.01176667,-0.4561,-0.0331,0.08832857,0.1773286,0.1658143,0.2153167,0.02602857,0.1929,0.1308143,0.1843571,51.3,57.01,21.29,6.61,16.46523809523333,16.465,299.7857142856667,299.98035714275,26.800000000033336,26.89642857145,75.61999999999999,74.88607142857501,0.0526,-0.0027000000000000114,-0.03220333500000002,-0.13817750125,0.16589525666666677,0.16587501749999994,0.1050047600000001,0.11145714499999997,44.443333333333335,38.65499999999996,-0.35460488704253595,0.9350162426854147,2.995732273553991
sj,2006,50,2006-12-17,-0.04176667,0.025325,0.1784571,0.1963143,0.0,299.63,299.735714286,295.591428571,301.3,298.2,18.4,78.6385714286,0.0,16.9871428571,2.1,26.5285714286,5.94285714286,30.0,22.8,6.9,10,15.97,17.3457142857,16.08,16.4642857143,294.574285714,295.915714286,294.655714286,295.062857143,74.4314285714,76.8285714286,75.6,72.6842857143,299.464285714,300.407142857,299.485714286,300.564285714,25.9428571429,27.4142857143,27.0428571429,27.1857142857,0.0516,0.0115,0.0947,-0.1686,-0.05264,-0.032203335,-0.01176667,-0.4561,0.2320286,0.08832857,0.1773286,0.1658143,0.09608571,0.02602857,0.1929,0.1308143,25.02,51.3,57.01,21.29,16.767619047599997,16.595714285699998,299.869047619,299.77321428575,26.628571428599997,26.732142857175,76.63285714286667,76.37464285715,0.007111110000000001,0.029008332499999984,-0.019839445000000015,-0.017821251250000014,0.16627142333333345,0.16903571749999996,0.1061428600000001,0.12783214499999995,25.44,33.33249999999996,-0.2393156642875578,0.970941817426052,2.3978952727983707
sj,2006,51,2006-12-24,-0.0548,0.0318,0.10776,0.1255167,0.0,299.302857143,299.471428571,294.551428571,300.8,297.7,14.5,75.24,0.0,15.9171428571,1.97142857143,25.9285714286,6.17142857143,30.0,22.2,26.9,13,16.9871428571,15.97,17.3457142857,16.08,295.591428571,294.574285714,295.915714286,294.655714286,78.6385714286,74.4314285714,76.8285714286,75.6,299.735714286,299.464285714,300.407142857,299.485714286,26.5285714286,25.9428571429,27.4142857143,27.0428571429,-0.04176667,0.0516,0.0115,0.0947,0.025325,-0.05264,-0.032203335,-0.01176667,0.1784571,0.2320286,0.08832857,0.1773286,0.1963143,0.09608571,0.02602857,0.1929,0.0,25.02,51.3,57.01,16.2914285714,16.554999999975,299.557142857,299.769642857,26.133333333366664,26.4535714286,76.10333333333334,76.28464285715,-0.01498889,-0.00836666750000001,0.0014949999999999825,-0.006929583750000013,0.17274856666666674,0.15164356749999994,0.1393055700000001,0.11098631999999997,8.340000000000005,19.079999999999963,-0.12053668025532363,0.992708874098054,2.639057329615259
sj,2007,1,2007-01-01,0.2643,0.05124,0.1484429,0.1446,0.0,298.667142857,298.892857143,294.232857143,300.2,297.6,12.4,76.5285714286,0.0,15.5957142857,1.87142857143,25.3571428571,4.98571428571,28.3,21.7,21.7,10,15.9171428571,16.9871428571,15.97,17.3457142857,294.551428571,295.591428571,294.574285714,295.915714286,75.24,78.6385714286,74.4314285714,76.8285714286,299.471428571,299.735714286,299.464285714,300.407142857,25.9285714286,26.5285714286,25.9428571429,27.4142857143,-0.0548,-0.04176667,0.0516,0.0115,0.0318,0.025325,-0.05264,-0.032203335,0.10776,0.1784571,0.2320286,0.08832857,0.1255167,0.1963143,0.09608571,0.02602857,0.0,0.0,25.02,51.3,16.16666666663333,16.117499999975,299.36666666666673,299.3910714285,25.938095238100004,25.9392857143,76.8023809524,76.20964285715,0.05591110999999999,0.054833332499999984,0.03612166666666665,0.013931249999999987,0.14488666666666675,0.16667214999999996,0.15547700000000012,0.14062917749999998,0.0,6.254999999999964,0.12053668025532305,0.992708874098054,2.3978952727983707
sj,2007,2,2007-01-08,0.12254999999999999,-0.03805,0.1851571,0.2065429,0.0,298.567142857,298.685714286,293.76,300.3,296.7,16.3,74.8114285714,0.0,15.1157142857,2.11428571429,25.0857142857,6.55714285714,29.4,21.1,14.8,8,15.5957142857,15.9171428571,16.9871428571,15.97,294.232857143,294.551428571,295.591428571,294.574285714,76.5285714286,75.24,78.6385714286,74.4314285714,298.892857143,299.471428571,299.735714286,299.464285714,25.3571428571,25.9285714286,26.5285714286,25.9428571429,0.2643,-0.0548,-0.04176667,0.0516,0.05124,0.0318,0.025325,-0.05264,0.1484429,0.10776,0.1784571,0.2320286,0.1446,0.1255167,0.1963143,0.09608571,0.0,0.0,0.0,25.02,15.542857142833332,15.903928571399998,299.01666666666665,299.1964285715,25.457142857133334,25.725,75.52666666666667,76.30464285715,0.11068333333333331,0.07257083249999999,0.01499666666666665,0.017578749999999987,0.14712000000000006,0.15495427499999995,0.15888653333333344,0.16824347499999998,0.0,0.0,0.23931566428755774,0.970941817426052,2.1972245773362196
sj,2007,3,2007-01-15,-0.0192,-0.0043,0.0963,0.06577143,63.41,298.217142857,298.321428571,294.015714286,300.6,295.9,60.49,77.6471428571,63.41,15.3685714286,3.04285714286,24.9714285714,6.18571428571,28.3,20.6,21.4,21,15.1157142857,15.5957142857,15.9171428571,16.9871428571,293.76,294.232857143,294.551428571,295.591428571,74.8114285714,76.5285714286,75.24,78.6385714286,298.685714286,298.892857143,299.471428571,299.735714286,25.0857142857,25.3571428571,25.9285714286,26.5285714286,0.12254999999999999,0.2643,-0.0548,-0.04176667,-0.03805,0.05124,0.0318,0.025325,0.1851571,0.1484429,0.10776,0.1784571,0.2065429,0.1446,0.1255167,0.1963143,0.0,0.0,0.0,0.0,15.359999999999998,15.499285714275,298.6333333333334,298.84285714275,25.13809523806667,25.3357142857,76.32904761903333,76.056785714275,0.12254999999999999,0.07821249999999999,0.002963333333333315,0.010172499999999987,0.1433000000000001,0.13441499999999995,0.13897144333333342,0.13560775749999998,21.13666666666667,15.852499999999964,0.3546048870425356,0.9350162426854148,3.091042453358316
sj,2007,4,2007-01-22,0.1288333,0.1152,0.2486833,0.2523286,0.0,298.204285714,298.328571429,293.214285714,299.5,296.6,9.33,73.8042857143,0.0,14.6142857143,1.97142857143,25.0,5.71428571429,28.3,21.1,16.8,11,15.3685714286,15.1157142857,15.5957142857,15.9171428571,294.015714286,293.76,294.232857143,294.551428571,77.6471428571,74.8114285714,76.5285714286,75.24,298.321428571,298.685714286,298.892857143,299.471428571,24.9714285714,25.0857142857,25.3571428571,25.9285714286,-0.0192,0.12254999999999999,0.2643,-0.0548,-0.0043,-0.03805,0.05124,0.0318,0.0963,0.1851571,0.1484429,0.10776,0.06577143,0.2065429,0.1446,0.1255167,63.41,0.0,0.0,0.0,15.032857142866666,15.173571428574999,298.4452380953333,298.55714285725,25.019047619033334,25.103571428549998,75.42095238093333,75.69785714285,0.07739443333333333,0.12412082499999999,0.024283333333333313,0.031022499999999988,0.17671346666666676,0.16964582499999994,0.17488097666666677,0.16731073249999998,21.13666666666667,15.852499999999964,0.4647231720437685,0.8854560256532099,2.4849066497880004
sj,2007,5,2007-01-29,-0.043383350000000015,0.041,0.1046857,0.1395429,0.0,297.945714286,298.221428571,292.697142857,301.3,295.5,0.0,72.76,0.0,14.1628571429,3.78571428571,25.0857142857,7.77142857143,30.6,20.6,0.0,9,14.6142857143,15.3685714286,15.1157142857,15.5957142857,293.214285714,294.015714286,293.76,294.232857143,73.8042857143,77.6471428571,74.8114285714,76.5285714286,298.328571429,298.321428571,298.685714286,298.892857143,25.0,24.9714285714,25.0857142857,25.3571428571,0.1288333,-0.0192,0.12254999999999999,0.2643,0.1152,-0.0043,-0.03805,0.05124,0.2486833,0.0963,0.1851571,0.1484429,0.2523286,0.06577143,0.2065429,0.1446,0.0,63.41,0.0,0.0,14.715238095266663,14.815357142875,298.2904761903333,298.38928571425,25.019047619033334,25.0357142857,74.73714285713334,74.7557142857,0.02208331666666667,0.047199987499999985,0.050633333333333315,0.028462499999999988,0.14988966666666678,0.15870652499999993,0.15254764333333345,0.1660464575,21.13666666666667,15.852499999999964,0.5680647467311558,0.8229838658936564,2.302585092994046
sj,2007,6,2007-02-05,-0.2156,0.0658,0.2048429,0.2347,0.0,298.548571429,298.792857143,293.738571429,300.4,296.7,0.6,74.8,0.0,15.1028571429,2.5,25.6,7.05714285714,30.0,21.1,3.3,14,14.1628571429,14.6142857143,15.3685714286,15.1157142857,292.697142857,293.214285714,294.015714286,293.76,72.76,73.8042857143,77.6471428571,74.8114285714,298.221428571,298.328571429,298.321428571,298.685714286,25.0857142857,25.0,24.9714285714,25.0857142857,-0.043383350000000015,0.1288333,-0.0192,0.12254999999999999,0.041,0.1152,-0.0043,-0.03805,0.1046857,0.2486833,0.0963,0.1851571,0.1395429,0.2523286,0.06577143,0.2065429,0.0,0.0,63.41,0.0,14.626666666699997,14.812142857175,298.44761904766665,298.4160714285,25.228571428566667,25.164285714275,73.7880952381,74.75285714284999,-0.04338335000000001,-0.03733751250000002,0.07399999999999998,0.05442499999999999,0.18607063333333343,0.16362797499999993,0.20885716666666676,0.17308573249999998,0.0,15.852499999999964,0.6631226582407952,0.7485107481711011,2.70805020110221
sj,2007,7,2007-02-12,-0.0752,-0.07194,0.2439429,0.1923143,0.0,298.444285714,298.585714286,293.827142857,301.4,295.8,1.2,75.7542857143,0.0,15.1842857143,3.45714285714,26.1571428571,7.6,32.2,21.1,0.3,14,15.1028571429,14.1628571429,14.6142857143,15.3685714286,293.738571429,292.697142857,293.214285714,294.015714286,74.8,72.76,73.8042857143,77.6471428571,298.792857143,298.221428571,298.328571429,298.321428571,25.6,25.0857142857,25.0,24.9714285714,-0.2156,-0.043383350000000015,0.1288333,-0.0192,0.0658,0.041,0.1152,-0.0043,0.2048429,0.1046857,0.2486833,0.0963,0.2347,0.1395429,0.2523286,0.06577143,0.0,0.0,0.0,63.41,14.816666666699996,14.766071428599998,298.5333333333333,298.48214285725,25.614285714266668,25.4607142857,74.4380952381,74.27964285715,-0.11139445000000002,-0.051337512500000015,0.011619999999999983,0.037514999999999986,0.1844905000000001,0.20053869999999993,0.18885240000000011,0.20472144999999997,0.0,0.0,0.7485107481711011,0.6631226582407953,2.70805020110221
sj,2007,8,2007-02-19,0.2121,0.1016,0.1901429,0.1567857,0.0,298.71,298.892857143,293.69,301.2,295.7,6.73,73.9328571429,0.0,15.0914285714,3.44285714286,26.4142857143,8.48571428571,31.1,21.7,1.5,15,15.1842857143,15.1028571429,14.1628571429,14.6142857143,293.827142857,293.738571429,292.697142857,293.214285714,75.7542857143,74.8,72.76,73.8042857143,298.585714286,298.792857143,298.221428571,298.328571429,26.1571428571,25.6,25.0857142857,25.0,-0.0752,-0.2156,-0.043383350000000015,0.1288333,-0.07194,0.0658,0.041,0.1152,0.2439429,0.2048429,0.1046857,0.2486833,0.1923143,0.2347,0.1395429,0.2523286,0.0,0.0,0.0,0.0,15.126190476199996,14.885357142875,298.75714285733335,298.62321428575,26.057142857133332,25.814285714275,74.82904761906667,74.3117857143,-0.02623333333333333,-0.030520837500000023,0.03181999999999998,0.03411499999999999,0.2129762333333334,0.18590359999999995,0.19460000000000008,0.18083572499999997,0.0,0.0,0.8229838658936564,0.5680647467311559,2.772588722239781
sj,2007,9,2007-02-26,0.1332,-0.01975,0.006183333,0.05438333,0.0,298.315714286,298.514285714,294.204285714,301.0,296.2,23.12,78.1257142857,0.0,15.5614285714,2.88571428571,25.6285714286,7.0,31.7,21.1,22.9,18,15.0914285714,15.1842857143,15.1028571429,14.1628571429,293.69,293.827142857,293.738571429,292.697142857,73.9328571429,75.7542857143,74.8,72.76,298.892857143,298.585714286,298.792857143,298.221428571,26.4142857143,26.1571428571,25.6,25.0857142857,0.2121,-0.0752,-0.2156,-0.043383350000000015,0.1016,-0.07194,0.0658,0.041,0.1901429,0.2439429,0.2048429,0.1046857,0.1567857,0.1923143,0.2347,0.1395429,0.0,0.0,0.0,0.0,15.27904761903333,15.235,298.66428571433335,298.6964285715,26.066666666666666,25.95,75.93761904763333,75.653214285725,0.09003333333333334,0.013624999999999991,0.0033033333333333122,0.018927499999999986,0.14675637766666674,0.16127800824999994,0.1344944433333334,0.15954583249999998,0.0,0.0,0.8854560256532099,0.4647231720437686,2.9444389791664403
sj,2007,10,2007-03-05,0.0543,-0.0189,0.1837,0.1208571,0.0,299.114285714,299.25,294.328571429,301.5,296.9,3.7,75.0142857143,0.0,15.6971428571,3.07142857143,26.5571428571,7.67142857143,32.2,22.2,8.4,16,15.5614285714,15.0914285714,15.1842857143,15.1028571429,294.204285714,293.69,293.827142857,293.738571429,78.1257142857,73.9328571429,75.7542857143,74.8,298.514285714,298.892857143,298.585714286,298.792857143,25.6285714286,26.4142857143,26.1571428571,25.6,0.1332,0.2121,-0.0752,-0.2156,-0.01975,0.1016,-0.07194,0.0658,0.006183333,0.1901429,0.2439429,0.2048429,0.05438333,0.1567857,0.1923143,0.2347,0.0,0.0,0.0,0.0,15.449999999966664,15.383571428549999,298.88571428566667,298.81071428575,26.200000000000003,26.189285714275,75.69095238096666,75.7067857143,0.1332,0.0811,0.020983333333333312,-0.0022475000000000125,0.1266754110000001,0.15599228324999995,0.11067537666666676,0.13108510749999996,0.0,0.0,0.9350162426854148,0.35460488704253557,2.833213344056216
sj,2007,11,2007-03-12,0.0373,0.0018,0.1647571,0.1754857,0.0,299.015714286,299.335714286,294.02,301.0,296.6,1.5,74.0257142857,0.0,15.3828571429,2.98571428571,26.7142857143,8.04285714286,31.7,21.7,0.3,12,15.6971428571,15.5614285714,15.0914285714,15.1842857143,294.328571429,294.204285714,293.69,293.827142857,75.0142857143,78.1257142857,73.9328571429,75.7542857143,299.25,298.514285714,298.892857143,298.585714286,26.5571428571,25.6285714286,26.4142857143,26.1571428571,0.0543,0.1332,0.2121,-0.0752,-0.0189,-0.01975,0.1016,-0.07194,0.1837,0.006183333,0.1901429,0.2439429,0.1208571,0.05438333,0.1567857,0.1923143,0.0,0.0,0.0,0.0,15.54714285713333,15.4332142857,299.0333333333333,298.99821428575,26.3,26.328571428575003,75.7219047619,75.27464285715,0.07493333333333334,0.109225,-0.012283333333333353,0.016187499999999987,0.11821347766666675,0.13619583324999995,0.1169087100000001,0.12687795749999997,0.0,0.0,0.970941817426052,0.23931566428755804,2.5649493574615367
sj,2007,12,2007-03-19,0.0117,0.01655,0.1626714,0.1492,9.12,298.452857143,298.657142857,293.77,301.8,296.8,5.1,75.4385714286,9.12,15.1671428571,2.62857142857,26.8571428571,7.54285714286,32.8,22.2,0.5,20,15.3828571429,15.6971428571,15.5614285714,15.0914285714,294.02,294.328571429,294.204285714,293.69,74.0257142857,75.0142857143,78.1257142857,73.9328571429,299.335714286,299.25,298.514285714,298.892857143,26.7142857143,26.5571428571,25.6285714286,26.4142857143,0.0373,0.0543,0.1332,0.2121,0.0018,-0.0189,-0.01975,0.1016,0.1647571,0.1837,0.006183333,0.1901429,0.1754857,0.1208571,0.05438333,0.1567857,0.0,0.0,0.0,0.0,15.415714285699998,15.452142857125,299.08095238100003,298.93928571425,26.709523809500002,26.439285714275,74.82619047620001,75.651071428575,0.03443333333333334,0.059125,-0.0001833333333333536,-0.005075000000000012,0.17037616666666677,0.12932795824999996,0.14851426666666676,0.12498153249999996,3.0400000000000045,2.2799999999999643,0.992708874098054,0.120536680255323,3.044522437723423
sj,2007,13,2007-03-26,0.02285,0.035575,0.0701,0.08295714,33.72,298.755714286,298.85,294.375714286,300.9,297.1,25.2,76.7842857143,33.72,15.7414285714,2.52857142857,27.1285714286,7.8,33.3,22.8,7.6,8,15.1671428571,15.3828571429,15.6971428571,15.5614285714,293.77,294.02,294.328571429,294.204285714,75.4385714286,74.0257142857,75.0142857143,78.1257142857,298.657142857,299.335714286,299.25,298.514285714,26.8571428571,26.7142857143,26.5571428571,25.6285714286,0.0117,0.0373,0.0543,0.1332,0.01655,0.0018,-0.0189,-0.01975,0.1626714,0.1647571,0.1837,0.006183333,0.1492,0.1754857,0.1208571,0.05438333,9.12,0.0,0.0,0.0,15.430476190466665,15.497142857125,298.94761904766665,299.02321428575,26.900000000000002,26.814285714275,75.41619047619999,75.31571428572501,0.02395,0.031537499999999996,0.01797499999999998,0.00875624999999999,0.13250950000000009,0.14530712499999993,0.13588094666666675,0.13212498499999997,14.280000000000003,10.709999999999964,1.0,-1.6081226496766364e-16,2.1972245773362196
sj,2007,14,2007-04-02,0.01886667,0.03325,0.1870571,0.1638429,90.68,297.777142857,297.864285714,293.27,299.9,296.5,36.3,76.2142857143,90.68,14.7728571429,2.07142857143,25.6,6.01428571429,30.0,21.7,40.2,3,15.7414285714,15.1671428571,15.3828571429,15.6971428571,294.375714286,293.77,294.02,294.328571429,76.7842857143,75.4385714286,74.0257142857,75.0142857143,298.85,298.657142857,299.335714286,299.25,27.1285714286,26.8571428571,26.7142857143,26.5571428571,0.02285,0.0117,0.0373,0.0543,0.035575,0.01655,0.0018,-0.0189,0.0701,0.1626714,0.1647571,0.1837,0.08295714,0.1492,0.1754857,0.1208571,33.72,9.12,0.0,0.0,15.22714285713333,15.266071428575,298.457142857,298.67678571425,26.528571428566668,26.575,76.14571428573333,75.615714285725,0.017805556666666666,0.022679167499999993,0.02845833333333331,0.021793749999999987,0.13994283333333343,0.14614639999999995,0.13200001333333344,0.14287143499999996,44.50666666666667,33.37999999999997,0.992708874098054,-0.12053668025532288,1.3862943611198906
sj,2007,15,2007-04-09,-0.0743,0.0033,0.2062167,0.2322286,13.09,298.552857143,298.692857143,293.384285714,301.2,295.9,1.2,73.3014285714,13.09,14.9085714286,3.07142857143,26.3857142857,7.62857142857,32.8,20.6,3.3,13,14.7728571429,15.7414285714,15.1671428571,15.3828571429,293.27,294.375714286,293.77,294.02,76.2142857143,76.7842857143,75.4385714286,74.0257142857,297.864285714,298.85,298.657142857,299.335714286,25.6,27.1285714286,26.8571428571,26.7142857143,0.01886667,0.02285,0.0117,0.0373,0.03325,0.035575,0.01655,0.0018,0.1870571,0.0701,0.1626714,0.1647571,0.1638429,0.08295714,0.1492,0.1754857,90.68,33.72,9.12,0.0,15.140952380966665,15.1475,298.46904761900004,298.5160714285,26.37142857143333,26.49285714285,75.43333333333334,75.43464285715,-0.010861110000000002,-0.005220832500000008,0.024041666666666645,0.02216874999999999,0.15445793333333344,0.15651129999999994,0.15967621333333346,0.15705715999999997,45.830000000000005,36.65249999999997,0.9709418174260521,-0.2393156642875575,2.639057329615259
sj,2007,16,2007-04-16,0.0689,0.04426667,0.1083571,0.08502857,0.0,299.335714286,299.557142857,294.507142857,301.7,297.6,2.22,74.8328571429,0.0,15.8542857143,3.0,27.7285714286,8.01428571429,33.3,22.8,1.8,4,14.9085714286,14.7728571429,15.7414285714,15.1671428571,293.384285714,293.27,294.375714286,293.77,73.3014285714,76.2142857143,76.7842857143,75.4385714286,298.692857143,297.864285714,298.85,298.657142857,26.3857142857,25.6,27.1285714286,26.8571428571,-0.0743,0.01886667,0.02285,0.0117,0.0033,0.03325,0.035575,0.01655,0.2062167,0.1870571,0.0701,0.1626714,0.2322286,0.1638429,0.08295714,0.1492,13.09,90.68,33.72,9.12,15.178571428599996,15.3192857143,298.70476190466667,298.7410714285,26.571428571433334,26.710714285724997,74.78285714286666,75.283214285725,0.00448889,0.009079167499999992,0.02693888999999998,0.02909791749999999,0.16721030000000012,0.14293272499999993,0.16036669000000012,0.14101430249999997,34.59,34.37249999999997,0.9350162426854148,-0.35460488704253545,1.6094379124341003
sj,2007,17,2007-04-23,0.0216,0.02055,0.09744286,0.0642,69.7,299.022857143,299.25,295.491428571,302.8,296.9,63.1,81.1128571429,69.7,16.9071428571,3.35714285714,26.8714285714,7.42857142857,34.4,21.7,163.1,1,15.8542857143,14.9085714286,14.7728571429,15.7414285714,294.507142857,293.384285714,293.27,294.375714286,74.8328571429,73.3014285714,76.2142857143,76.7842857143,299.557142857,298.692857143,297.864285714,298.85,27.7285714286,26.3857142857,25.6,27.1285714286,0.0689,-0.0743,0.01886667,0.02285,0.04426667,0.0033,0.03325,0.035575,0.1083571,0.2062167,0.1870571,0.0701,0.08502857,0.2322286,0.1638429,0.08295714,0.0,13.09,90.68,33.72,15.889999999999995,15.610714285724999,299.1666666666667,298.8410714285,26.995238095233333,26.646428571424998,76.41571428573333,76.365357142875,0.005400000000000001,0.008766667499999993,0.022705556666666644,0.025341667499999988,0.13733888666666674,0.14976843999999995,0.1271523900000001,0.13632501749999998,27.596666666666668,43.367499999999964,0.8854560256532099,-0.4647231720437685,0.6931471805599453
sj,2007,18,2007-04-30,0.0392,0.01195,0.1393857,0.1175571,93.03,298.775714286,298.878571429,295.468571429,301.0,296.6,63.81,82.0842857143,93.03,16.8171428571,2.21428571429,26.2142857143,5.47142857143,30.0,22.2,79.8,10,16.9071428571,15.8542857143,14.9085714286,14.7728571429,295.491428571,294.507142857,293.384285714,293.27,81.1128571429,74.8328571429,73.3014285714,76.2142857143,299.25,299.557142857,298.692857143,297.864285714,26.8714285714,27.7285714286,26.3857142857,25.6,0.0216,0.0689,-0.0743,0.01886667,0.02055,0.04426667,0.0033,0.03325,0.09744286,0.1083571,0.2062167,0.1870571,0.0642,0.08502857,0.2322286,0.1638429,69.7,0.0,13.09,90.68,16.526190476166665,16.121785714275,299.2285714286666,299.09464285725,26.9380952381,26.8,79.34333333336667,77.832857142875,0.04323333333333334,0.013849999999999994,0.02558888999999998,0.020016667499999988,0.11506188666666677,0.13785058999999994,0.08892855666666677,0.12475356749999997,54.24333333333334,43.95499999999997,0.8229838658936565,-0.5680647467311557,2.3978952727983707
sj,2007,19,2007-05-07,-0.06205,-0.02765,0.1429286,0.1718429,9.83,299.467142857,299.514285714,295.54,301.8,297.6,40.3,79.1942857143,9.83,16.9471428571,2.77142857143,27.3285714286,6.77142857143,31.7,23.3,20.5,8,16.8171428571,16.9071428571,15.8542857143,14.9085714286,295.468571429,295.491428571,294.507142857,293.384285714,82.0842857143,81.1128571429,74.8328571429,73.3014285714,298.878571429,299.25,299.557142857,298.692857143,26.2142857143,26.8714285714,27.7285714286,26.3857142857,0.0392,0.0216,0.0689,-0.0743,0.01195,0.02055,0.04426667,0.0033,0.1393857,0.09744286,0.1083571,0.2062167,0.1175571,0.0642,0.08502857,0.2322286,93.03,69.7,0.0,13.09,16.890476190433333,16.6314285714,299.2142857143333,299.29999999999995,26.804761904766668,27.035714285725,80.79714285716666,79.3060714286,-0.00041666666666666474,0.016912499999999997,0.0016166666666666458,0.012279167499999988,0.1265857200000001,0.12202856499999994,0.11786666666666674,0.10965714249999997,57.52,43.139999999999965,0.7485107481711013,-0.663122658240795,2.1972245773362196
sj,2007,20,2007-05-14,0.0019,0.01205,0.2544143,0.2370857,6.8,300.66,300.842857143,296.175714286,303.1,298.8,8.4,76.76,6.8,17.6085714286,3.17142857143,29.0,7.67142857143,33.3,24.4,0.3,13,16.9471428571,16.8171428571,16.9071428571,15.8542857143,295.54,295.468571429,295.491428571,294.507142857,79.1942857143,82.0842857143,81.1128571429,74.8328571429,299.514285714,298.878571429,299.25,299.557142857,27.3285714286,26.2142857143,26.8714285714,27.7285714286,-0.06205,0.0392,0.0216,0.0689,-0.02765,0.01195,0.02055,0.04426667,0.1429286,0.1393857,0.09744286,0.1083571,0.1718429,0.1175571,0.0642,0.08502857,9.83,93.03,69.7,0.0,17.124285714266666,17.069999999975,299.7452380953333,299.6214285715,27.5142857143,27.353571428575002,79.3461904762,79.787857142875,-0.006983333333333332,0.00016249999999999452,-0.001216666666666687,0.0042249999999999874,0.1789095333333334,0.15854286499999992,0.17549523333333342,0.14767142499999997,36.553333333333335,44.83999999999997,0.6631226582407952,-0.7485107481711012,2.639057329615259
sj,2007,21,2007-05-21,0.05825,0.0211,0.06742857,0.07848571,6.2,300.692857143,300.85,295.614285714,302.7,298.7,2.2,73.9814285714,6.2,17.0057142857,3.07142857143,28.7571428571,8.02857142857,33.3,23.9,0.5,10,17.6085714286,16.9471428571,16.8171428571,16.9071428571,296.175714286,295.54,295.468571429,295.491428571,76.76,79.1942857143,82.0842857143,81.1128571429,300.842857143,299.514285714,298.878571429,299.25,29.0,27.3285714286,26.2142857143,26.8714285714,0.0019,-0.06205,0.0392,0.0216,0.01205,-0.02765,0.01195,0.02055,0.2544143,0.1429286,0.1393857,0.09744286,0.2370857,0.1718429,0.1175571,0.0642,6.8,9.83,93.03,69.7,17.187142857133335,17.094642857125002,300.4023809523333,300.0214285715,28.361904761899996,27.825000000000003,76.64523809523334,78.005,-0.0006333333333333307,0.009324999999999995,0.001833333333333313,0.004362499999999988,0.1549238233333334,0.15103929249999992,0.16247143666666677,0.15124285249999997,7.609999999999999,28.964999999999964,0.5680647467311558,-0.8229838658936564,2.3978952727983707
sj,2007,22,2007-05-28,0.023225000000000003,0.1007333,0.1275429,0.1072571,45.7,300.461428571,300.721428571,295.85,303.3,298.3,24.9,76.0228571429,45.7,17.2571428571,3.55714285714,28.4571428571,7.05714285714,32.8,23.9,17.0,21,17.0057142857,17.6085714286,16.9471428571,16.8171428571,295.614285714,296.175714286,295.54,295.468571429,73.9814285714,76.76,79.1942857143,82.0842857143,300.85,300.842857143,299.514285714,298.878571429,28.7571428571,29.0,27.3285714286,26.2142857143,0.05825,0.0019,-0.06205,0.0392,0.0211,0.01205,-0.02765,0.01195,0.06742857,0.2544143,0.1429286,0.1393857,0.07848571,0.2370857,0.1718429,0.1175571,6.2,6.8,9.83,93.03,17.290476190466663,17.204642857125002,300.8047619046667,300.482142857,28.738095238066666,28.3857142857,75.5880952381,76.48964285714999,0.02779166666666667,0.005331249999999996,0.044627766666666645,0.026558324999999987,0.14979525666666674,0.14807859249999994,0.14094283666666677,0.14866785249999998,19.566666666666666,17.132499999999965,0.46472317204376906,-0.8854560256532096,3.091042453358316
sj,2007,23,2007-06-04,-0.0118,-0.0616,0.1468429,0.1657286,85.81,300.961428571,301.171428571,296.107142857,303.3,298.9,17.74,74.9628571429,85.81,17.5071428571,3.42857142857,29.2,7.4,33.9,23.3,33.3,18,17.2571428571,17.0057142857,17.6085714286,16.9471428571,295.85,295.614285714,296.175714286,295.54,76.0228571429,73.9814285714,76.76,79.1942857143,300.721428571,300.85,300.842857143,299.514285714,28.4571428571,28.7571428571,29.0,27.3285714286,0.023225000000000003,0.05825,0.0019,-0.06205,0.1007333,0.0211,0.01205,-0.02765,0.1275429,0.06742857,0.2544143,0.1429286,0.1072571,0.07848571,0.2370857,0.1718429,45.7,6.2,6.8,9.83,17.256666666633333,17.344642857125002,300.914285714,300.89642857125,28.80476190473333,28.853571428549998,74.98904761906668,75.4317857143,0.023225000000000006,0.017893749999999993,0.020077766666666646,0.01807082499999999,0.11393812333333342,0.14905716749999992,0.11715713666666677,0.14713927749999997,45.903333333333336,36.12749999999997,0.35460488704253584,-0.9350162426854147,2.9444389791664403
sj,2007,24,2007-06-11,-0.0054,-0.02493333,0.1035571,0.08591429,62.42,300.55,300.564285714,295.975714286,302.9,298.4,25.3,76.1628571429,62.42,17.37,2.38571428571,28.5428571429,7.21428571429,34.4,23.9,47.6,21,17.5071428571,17.2571428571,17.0057142857,17.6085714286,296.107142857,295.85,295.614285714,296.175714286,74.9628571429,76.0228571429,73.9814285714,76.76,301.171428571,300.721428571,300.85,300.842857143,29.2,28.4571428571,28.7571428571,29.0,-0.0118,0.023225000000000003,0.05825,0.0019,-0.0616,0.1007333,0.0211,0.01205,0.1468429,0.1275429,0.06742857,0.2544143,0.1657286,0.1072571,0.07848571,0.2370857,85.81,45.7,6.2,6.8,17.378095238066667,17.284999999975,300.8190476186667,300.826785714,28.733333333333334,28.739285714275,75.71619047623334,75.28250000002501,0.0020083333333333364,0.016068749999999993,0.004733323333333311,0.008824992499999986,0.12598096666666675,0.11134286749999994,0.11963333000000011,0.10934642499999997,64.64333333333333,50.03249999999996,0.23931566428755768,-0.970941817426052,3.091042453358316
sj,2007,25,2007-06-18,0.1058,0.04328,0.1976143,0.2087,15.76,301.145714286,301.371428571,296.085714286,303.6,298.9,4.2,74.16,15.76,17.4885714286,2.97142857143,29.0142857143,7.5,33.9,24.4,4.3,34,17.37,17.5071428571,17.2571428571,17.0057142857,295.975714286,296.107142857,295.85,295.614285714,76.1628571429,74.9628571429,76.0228571429,73.9814285714,300.564285714,301.171428571,300.721428571,300.85,28.5428571429,29.2,28.4571428571,28.7571428571,-0.0054,-0.0118,0.023225000000000003,0.05825,-0.02493333,-0.0616,0.1007333,0.0211,0.1035571,0.1468429,0.1275429,0.06742857,0.08591429,0.1657286,0.1072571,0.07848571,62.42,85.81,45.7,6.2,17.45523809523333,17.4057142857,301.03571428533337,300.95714285675,28.91904761906667,28.803571428574998,75.09523809526667,75.327142857175,0.02953333333333334,0.027956249999999995,-0.014417776666666687,0.014369992499999986,0.14933810000000008,0.14388929999999994,0.1534476300000001,0.14189999749999999,54.663333333333334,52.422499999999964,0.12053668025532308,-0.992708874098054,3.5553480614894135
sj,2007,26,2007-06-25,0.2484,0.11865,0.2273429,0.1632,46.08,301.097142857,301.307142857,296.54,303.7,299.3,9.7,76.3285714286,46.08,17.9471428571,2.67142857143,29.2714285714,6.54285714286,33.9,25.0,1.5,25,17.4885714286,17.37,17.5071428571,17.2571428571,296.085714286,295.975714286,296.107142857,295.85,74.16,76.1628571429,74.9628571429,76.0228571429,301.371428571,300.564285714,301.171428571,300.721428571,29.0142857143,28.5428571429,29.2,28.4571428571,0.1058,-0.0054,-0.0118,0.023225000000000003,0.04328,-0.02493333,-0.0616,0.1007333,0.1976143,0.1035571,0.1468429,0.1275429,0.2087,0.08591429,0.1657286,0.1072571,15.76,62.42,85.81,45.7,17.6019047619,17.5782142857,301.0809523806667,301.10357142825,28.942857142866668,29.00714285715,75.55047619049999,75.4035714286,0.11626666666666667,0.08424999999999999,0.04566555666666664,0.018849167499999986,0.1761714333333334,0.16883929999999994,0.15260476333333345,0.1558857225,41.419999999999995,52.51749999999996,-3.216245299353273e-16,-1.0,3.258096538021482
sj,2007,27,2007-07-02,0.0501,0.005633333,0.22295,0.1635714,19.09,301.015714286,301.107142857,296.155714286,303.2,299.1,20.5,74.9214285714,19.09,17.5128571429,3.1,28.8428571429,6.67142857143,33.3,24.4,17.3,34,17.9471428571,17.4885714286,17.37,17.5071428571,296.54,296.085714286,295.975714286,296.107142857,76.3285714286,74.16,76.1628571429,74.9628571429,301.307142857,301.371428571,300.564285714,301.171428571,29.2714285714,29.0142857143,28.5428571429,29.2,0.2484,0.1058,-0.0054,-0.0118,0.11865,0.04328,-0.02493333,-0.0616,0.2273429,0.1976143,0.1035571,0.1468429,0.1632,0.2087,0.08591429,0.1657286,46.08,15.76,62.42,85.81,17.64952380953333,17.57964285715,301.26190476166664,301.08749999975,29.042857142866666,28.917857142875004,75.13666666666667,75.393214285725,0.13476666666666667,0.099725,0.055854444333333315,0.03565750074999998,0.21596906666666674,0.18786607499999994,0.1784904666666668,0.15534642249999997,26.976666666666663,35.83749999999996,-0.12053668025532283,-0.992708874098054,3.5553480614894135
sj,2007,28,2007-07-09,0.06635,0.05715,0.1622167,0.1797571,1.13,300.971428571,301.0,296.177142857,303.0,298.7,11.56,75.2414285714,1.13,17.5614285714,2.8,28.8714285714,6.72857142857,33.3,24.4,10.0,33,17.5128571429,17.9471428571,17.4885714286,17.37,296.155714286,296.54,296.085714286,295.975714286,74.9214285714,76.3285714286,74.16,76.1628571429,301.107142857,301.307142857,301.371428571,300.564285714,28.8428571429,29.2714285714,29.0142857143,28.5428571429,0.0501,0.2484,0.1058,-0.0054,0.005633333,0.11865,0.04328,-0.02493333,0.22295,0.2273429,0.1976143,0.1035571,0.1635714,0.1632,0.2087,0.08591429,19.09,46.08,15.76,62.42,17.6738095238,17.627499999999998,301.138095238,301.19642857124995,28.995238095233333,29.0,75.49714285713333,75.16285714285,0.12161666666666666,0.1176625,0.06047777766666665,0.05617833324999998,0.20416986666666678,0.20253097499999995,0.16884283333333347,0.17880712499999996,22.099999999999998,20.514999999999965,-0.23931566428755743,-0.9709418174260521,3.5263605246161616
sj,2007,29,2007-07-16,0.0826,0.0875,0.1183571,0.0914,40.7,300.947142857,301.085714286,296.132857143,303.2,298.8,22.32,75.1428571429,40.7,17.5057142857,2.91428571429,28.5714285714,6.75714285714,33.3,24.4,21.3,40,17.5614285714,17.5128571429,17.9471428571,17.4885714286,296.177142857,296.155714286,296.54,296.085714286,75.2414285714,74.9214285714,76.3285714286,74.16,301.0,301.107142857,301.307142857,301.371428571,28.8714285714,28.8428571429,29.2714285714,29.0142857143,0.06635,0.0501,0.2484,0.1058,0.05715,0.005633333,0.11865,0.04328,0.1622167,0.22295,0.2273429,0.1976143,0.1797571,0.1635714,0.1632,0.2087,1.13,19.09,46.08,15.76,17.526666666666667,17.631785714275,301.0642857143333,301.125,28.761904761900002,28.889285714275,75.1019047619,75.408571428575,0.06635,0.1118625,0.050094444333333314,0.06723333324999999,0.16784126666666677,0.18271667499999994,0.1449095000000001,0.149482125,20.30666666666667,26.749999999999964,-0.3546048870425356,-0.9350162426854148,3.713572066704308
sj,2007,30,2007-07-23,-0.00695,0.0335,0.1045571,0.1148571,85.11,300.495714286,300.542857143,296.872857143,302.9,298.4,40.34,80.8085714286,85.11,18.3514285714,2.85714285714,28.5714285714,6.27142857143,33.3,25.0,69.8,42,17.5057142857,17.5614285714,17.5128571429,17.9471428571,296.132857143,296.177142857,296.155714286,296.54,75.1428571429,75.2414285714,74.9214285714,76.3285714286,301.085714286,301.0,301.107142857,301.307142857,28.5714285714,28.8714285714,28.8428571429,29.2714285714,0.0826,0.06635,0.0501,0.2484,0.0875,0.05715,0.005633333,0.11865,0.1183571,0.1622167,0.22295,0.2273429,0.0914,0.1797571,0.1635714,0.1632,40.7,1.13,19.09,46.08,17.806190476166663,17.73285714285,300.8761904763333,300.9339285715,28.6714285714,28.714285714275,77.0642857143,76.52857142857499,0.04733333333333333,0.04802499999999999,0.059383333333333316,0.045945833249999984,0.12837696666666676,0.15202022499999995,0.12867140000000013,0.13739639999999997,42.31333333333333,36.507499999999965,-0.46472317204376806,-0.8854560256532101,3.7612001156935624
sj,2007,31,2007-07-30,0.0746,0.1004,0.2338667,0.2433714,1.02,301.081428571,301.171428571,296.062857143,303.1,299.1,8.3,74.2642857143,1.02,17.4671428571,2.82857142857,28.6285714286,6.14285714286,32.8,24.4,14.5,36,18.3514285714,17.5057142857,17.5614285714,17.5128571429,296.872857143,296.132857143,296.177142857,296.155714286,80.8085714286,75.1428571429,75.2414285714,74.9214285714,300.542857143,301.085714286,301.0,301.107142857,28.5714285714,28.5714285714,28.8714285714,28.8428571429,-0.00695,0.0826,0.06635,0.0501,0.0335,0.0875,0.05715,0.005633333,0.1045571,0.1183571,0.1622167,0.22295,0.1148571,0.0914,0.1797571,0.1635714,85.11,40.7,1.13,19.09,17.774761904733328,17.7214285714,300.93333333333334,300.95,28.590476190466664,28.6607142857,76.7385714286,76.3642857143,0.050083333333333334,0.05414999999999999,0.07379999999999998,0.06963749999999999,0.1522603000000001,0.15474939999999995,0.14987616666666678,0.15734639999999997,42.276666666666664,31.989999999999963,-0.5680647467311556,-0.8229838658936565,3.6109179126442243
sj,2007,32,2007-08-06,0.0156,0.03105,0.1343143,0.1158571,37.75,301.17,301.257142857,296.915714286,303.0,299.0,21.41,77.7657142857,37.75,18.4071428571,2.57142857143,28.6142857143,5.81428571429,31.7,24.4,6.4,72,17.4671428571,18.3514285714,17.5057142857,17.5614285714,296.062857143,296.872857143,296.132857143,296.177142857,74.2642857143,80.8085714286,75.1428571429,75.2414285714,301.171428571,300.542857143,301.085714286,301.0,28.6285714286,28.5714285714,28.5714285714,28.8714285714,0.0746,-0.00695,0.0826,0.06635,0.1004,0.0335,0.0875,0.05715,0.2338667,0.1045571,0.1183571,0.1622167,0.2433714,0.1148571,0.0914,0.1797571,1.02,85.11,40.7,1.13,18.075238095199996,17.932857142825,300.9904761903333,301.01428571425,28.604761904766665,28.596428571425,77.61285714286667,76.99535714287501,0.02775,0.04146249999999999,0.05498333333333332,0.06311249999999999,0.15757936666666675,0.14777379999999996,0.15802853333333344,0.14137139999999995,41.29333333333333,41.14499999999997,-0.663122658240795,-0.7485107481711013,4.290459441148391
sj,2007,33,2007-08-13,0.024349999999999997,0.00625,0.1273571,0.1259429,72.44,300.987142857,301.092857143,296.922857143,303.0,299.0,25.69,78.64,72.44,18.4114285714,2.52857142857,28.3857142857,5.98571428571,31.7,23.3,24.9,75,18.4071428571,17.4671428571,18.3514285714,17.5057142857,296.915714286,296.062857143,296.872857143,296.132857143,77.7657142857,74.2642857143,80.8085714286,75.1428571429,301.257142857,301.171428571,300.542857143,301.085714286,28.6142857143,28.6285714286,28.5714285714,28.5714285714,0.0156,0.0746,-0.00695,0.0826,0.03105,0.1004,0.0335,0.0875,0.1343143,0.2338667,0.1045571,0.1183571,0.1158571,0.2433714,0.1148571,0.0914,37.75,1.02,85.11,40.7,18.095238095199996,18.15928571425,301.17380952366665,301.0160714285,28.542857142866666,28.55,76.89,77.86964285715,0.03818333333333333,0.026899999999999993,0.04589999999999999,0.04279999999999999,0.16517936666666677,0.15002379999999996,0.1617238000000001,0.15000712499999996,37.07,49.07999999999997,-0.7485107481711011,-0.6631226582407952,4.330733340286331
sj,2007,34,2007-08-20,0.0331,0.0927,0.2873286,0.2724857,34.47,300.911428571,301.064285714,296.801428571,302.9,298.9,56.82,78.4614285714,34.47,18.3057142857,2.78571428571,28.4571428571,6.74285714286,33.9,23.9,35.3,76,18.4114285714,18.4071428571,17.4671428571,18.3514285714,296.922857143,296.915714286,296.062857143,296.872857143,78.64,77.7657142857,74.2642857143,80.8085714286,301.092857143,301.257142857,301.171428571,300.542857143,28.3857142857,28.6142857143,28.6285714286,28.5714285714,0.024349999999999997,0.0156,0.0746,-0.00695,0.00625,0.03105,0.1004,0.0335,0.1273571,0.1343143,0.2338667,0.1045571,0.1259429,0.1158571,0.2433714,0.1148571,72.44,37.75,1.02,85.11,18.37476190473333,18.147857142825,301.138095238,301.14642857125,28.4857142857,28.521428571424998,78.28904761903334,77.28285714285,0.024349999999999997,0.03691249999999999,0.043333333333333314,0.057599999999999985,0.18300000000000008,0.19571667499999995,0.17142856666666675,0.18941427499999997,48.22,36.419999999999966,-0.8229838658936564,-0.5680647467311559,4.343805421853684
sj,2007,35,2007-08-27,0.0821,0.06376667,0.1511429,0.1315429,62.56,300.828571429,300.978571429,296.532857143,303.7,299.0,30.89,77.5642857143,62.56,18.0,2.7,28.3857142857,6.92857142857,33.9,23.9,20.1,92,18.3057142857,18.4114285714,18.4071428571,17.4671428571,296.801428571,296.922857143,296.915714286,296.062857143,78.4614285714,78.64,77.7657142857,74.2642857143,301.064285714,301.092857143,301.257142857,301.171428571,28.4571428571,28.3857142857,28.6142857143,28.6285714286,0.0331,0.024349999999999997,0.0156,0.0746,0.0927,0.00625,0.03105,0.1004,0.2873286,0.1273571,0.1343143,0.2338667,0.2724857,0.1259429,0.1158571,0.2433714,34.47,72.44,37.75,1.02,18.23904761903333,18.28107142855,301.04523809533333,301.09821428575003,28.4095238095,28.4607142857,78.2219047619,78.10785714285001,0.04651666666666667,0.03878749999999999,0.054238889999999984,0.048441667499999994,0.1886095333333334,0.17503572499999995,0.17665716666666678,0.16145714999999997,56.49,51.804999999999964,-0.8854560256532096,-0.4647231720437691,4.532599493153256
sj,2007,36,2007-09-03,0.05025,0.0433,0.2283333,0.2021857,30.77,301.218571429,301.242857143,296.445714286,303.3,298.9,19.74,75.3457142857,30.77,17.87,3.0,28.3142857143,6.58571428571,33.3,23.9,25.9,71,18.0,18.3057142857,18.4114285714,18.4071428571,296.532857143,296.801428571,296.922857143,296.915714286,77.5642857143,78.4614285714,78.64,77.7657142857,300.978571429,301.064285714,301.092857143,301.257142857,28.3857142857,28.4571428571,28.3857142857,28.6142857143,0.0821,0.0331,0.024349999999999997,0.0156,0.06376667,0.0927,0.00625,0.03105,0.1511429,0.2873286,0.1273571,0.1343143,0.1315429,0.2724857,0.1259429,0.1158571,62.56,34.47,72.44,37.75,18.058571428566665,18.146785714274998,301.09523809533334,301.09464285725,28.3857142857,28.3857142857,77.1238095238,77.50285714284999,0.05515,0.04744999999999999,0.06658888999999998,0.05150416749999998,0.22226826666666674,0.19854047499999994,0.20207143333333344,0.18303929999999996,42.6,50.05999999999997,-0.9350162426854147,-0.3546048870425359,4.276666119016055
sj,2007,37,2007-09-10,0.0184,0.0569,0.2385429,0.1874857,10.37,301.117142857,301.15,296.288571429,303.5,298.8,22.24,75.1957142857,10.37,17.72,3.15714285714,28.8714285714,6.51428571429,33.9,25.0,10.4,112,17.87,18.0,18.3057142857,18.4114285714,296.445714286,296.532857143,296.801428571,296.922857143,75.3457142857,77.5642857143,78.4614285714,78.64,301.242857143,300.978571429,301.064285714,301.092857143,28.3142857143,28.3857142857,28.4571428571,28.3857142857,0.05025,0.0821,0.0331,0.024349999999999997,0.0433,0.06376667,0.0927,0.00625,0.2283333,0.1511429,0.2873286,0.1273571,0.2021857,0.1315429,0.2724857,0.1259429,30.77,62.56,34.47,72.44,17.86333333333333,17.973928571425,301.123809524,301.1089285715,28.523809523799997,28.507142857124997,76.03523809523334,76.641785714275,0.050249999999999996,0.045962499999999996,0.05465555666666664,0.06416666749999998,0.20600636666666672,0.22633692499999994,0.17373810000000012,0.19842499999999996,34.56666666666667,34.54249999999996,-0.970941817426052,-0.23931566428755774,4.727387818712341
sj,2007,38,2007-09-17,-0.01345,0.0749,0.1525714,0.1319286,70.39,301.217142857,301.307142857,296.561428571,303.1,298.9,26.14,75.97,70.39,18.0371428571,2.81428571429,28.3,6.28571428571,32.8,24.4,26.9,106,17.72,17.87,18.0,18.3057142857,296.288571429,296.445714286,296.532857143,296.801428571,75.1957142857,75.3457142857,77.5642857143,78.4614285714,301.15,301.242857143,300.978571429,301.064285714,28.8714285714,28.3142857143,28.3857142857,28.4571428571,0.0184,0.05025,0.0821,0.0331,0.0569,0.0433,0.06376667,0.0927,0.2385429,0.2283333,0.1511429,0.2873286,0.1874857,0.2021857,0.1315429,0.2724857,10.37,30.77,62.56,34.47,17.8757142857,17.906785714275,301.2333333333333,301.16964285725,28.495238095233333,28.46785714285,75.5038095238,76.018928571425,0.0184,0.034325,0.05836666666666664,0.05971666749999998,0.2064825333333334,0.19264762499999993,0.17386666666666675,0.16328572499999996,37.17666666666667,43.522499999999965,-0.992708874098054,-0.12053668025532357,4.672828834461906
sj,2007,39,2007-09-24,-0.0307,-0.00294,0.1527286,0.1446286,94.37,301.052857143,301.178571429,296.51,303.5,299.0,16.15,76.4057142857,94.37,17.9814285714,3.58571428571,28.1714285714,6.02857142857,32.2,24.4,21.3,101,18.0371428571,17.72,17.87,18.0,296.561428571,296.288571429,296.445714286,296.532857143,75.97,75.1957142857,75.3457142857,77.5642857143,301.307142857,301.15,301.242857143,300.978571429,28.3,28.8714285714,28.3142857143,28.3857142857,-0.01345,0.0184,0.05025,0.0821,0.0749,0.0569,0.0433,0.06376667,0.1525714,0.2385429,0.2283333,0.1511429,0.1319286,0.1874857,0.2021857,0.1315429,70.39,10.37,30.77,62.56,17.912857142833328,17.902142857125,301.21190476199996,301.21964285725,28.4476190476,28.414285714275,75.85714285713334,75.729285714275,-0.008583333333333333,0.006124999999999993,0.04295333333333331,0.04303999999999998,0.18128096666666674,0.19304404999999994,0.15468096666666678,0.16655714999999996,58.376666666666665,51.474999999999966,-1.0,-1.8369701987210297e-16,4.624972813284271
sj,2007,40,2007-10-01,0.096,0.02476667,0.1853,0.1177286,74.5,301.022857143,301.028571429,296.642857143,303.5,299.1,17.6,77.19,74.5,18.1185714286,2.68571428571,27.9857142857,7.24285714286,32.8,22.2,86.6,170,17.9814285714,18.0371428571,17.72,17.87,296.51,296.561428571,296.288571429,296.445714286,76.4057142857,75.97,75.1957142857,75.3457142857,301.178571429,301.307142857,301.15,301.242857143,28.1714285714,28.3,28.8714285714,28.3142857143,-0.0307,-0.01345,0.0184,0.05025,-0.00294,0.0749,0.0569,0.0433,0.1527286,0.1525714,0.2385429,0.2283333,0.1446286,0.1319286,0.1874857,0.2021857,94.37,70.39,10.37,30.77,18.045714285699997,17.964285714275,301.17142857166664,301.16607142875,28.152380952366666,28.332142857125,76.52190476189999,76.19035714285,0.017283333333333335,0.017562499999999995,0.03224222333333331,0.038406667499999984,0.1635333333333334,0.18228572499999995,0.13142860000000012,0.14544287499999997,79.75333333333333,62.40749999999996,-0.992708874098054,0.1205366802553232,5.14166355650266
sj,2007,41,2007-10-08,0.009,0.104,0.1181286,0.1263429,108.26,300.79,300.942857143,296.835714286,302.9,299.3,21.98,79.1785714286,108.26,18.3757142857,3.0,28.1285714286,6.91428571429,33.3,23.9,14.5,135,18.1185714286,17.9814285714,18.0371428571,17.72,296.642857143,296.51,296.561428571,296.288571429,77.19,76.4057142857,75.97,75.1957142857,301.028571429,301.178571429,301.307142857,301.15,27.9857142857,28.1714285714,28.3,28.8714285714,0.096,-0.0307,-0.01345,0.0184,0.02476667,-0.00294,0.0749,0.0569,0.1853,0.1527286,0.1525714,0.2385429,0.1177286,0.1446286,0.1319286,0.1874857,74.5,94.37,70.39,10.37,18.158571428566663,18.1282142857,301.05000000033334,301.1142857145,28.095238095233338,28.146428571424998,77.59142857143333,77.18607142857499,0.024766666666666663,0.015212499999999995,0.04194222333333331,0.050181667499999985,0.1520524000000001,0.15218214999999993,0.12956670000000012,0.13015717499999999,92.37666666666667,86.87999999999997,-0.9709418174260521,0.23931566428755738,4.912654885736052
sj,2007,42,2007-10-15,0.021,0.1326667,0.2459429,0.1897571,17.56,301.492857143,301.635714286,296.354285714,303.6,299.4,8.3,73.8671428571,17.56,17.8457142857,3.18571428571,29.1,7.54285714286,33.9,24.4,10.2,106,18.3757142857,18.1185714286,17.9814285714,18.0371428571,296.835714286,296.642857143,296.51,296.561428571,79.1785714286,77.19,76.4057142857,75.97,300.942857143,301.028571429,301.178571429,301.307142857,28.1285714286,27.9857142857,28.1714285714,28.3,0.009,0.096,-0.0307,-0.01345,0.104,0.02476667,-0.00294,0.0749,0.1181286,0.1853,0.1527286,0.1525714,0.1263429,0.1177286,0.1446286,0.1319286,108.26,74.5,94.37,70.39,18.11333333333333,18.080357142849998,301.2023809526667,301.19642857175,28.40476190476667,28.346428571425,76.74523809523333,76.66035714285,0.042,0.023824999999999992,0.08714445666666665,0.06462334249999999,0.1831238333333334,0.17552502499999992,0.14460953333333346,0.14461429999999997,66.77333333333334,73.67249999999997,-0.9350162426854148,0.35460488704253557,4.672828834461906
sj,2007,43,2007-10-22,0.07264999999999999,-0.00915,0.1911857,0.1764,16.48,301.007142857,301.092857143,295.874285714,302.8,299.0,15.66,73.6614285714,16.48,17.2757142857,2.47142857143,27.9571428571,6.44285714286,32.2,24.4,8.6,68,17.8457142857,18.3757142857,18.1185714286,17.9814285714,296.354285714,296.835714286,296.642857143,296.51,73.8671428571,79.1785714286,77.19,76.4057142857,301.635714286,300.942857143,301.028571429,301.178571429,29.1,28.1285714286,27.9857142857,28.1714285714,0.021,0.009,0.096,-0.0307,0.1326667,0.104,0.02476667,-0.00294,0.2459429,0.1181286,0.1853,0.1527286,0.1897571,0.1263429,0.1177286,0.1446286,17.56,108.26,74.5,94.37,17.832380952366666,17.903928571425,301.223809524,301.17500000025,28.395238095233335,28.29285714285,75.56904761903333,75.974285714275,0.034216666666666666,0.04966249999999999,0.07583889999999999,0.06307084249999999,0.18508573333333342,0.18513929999999992,0.1641666666666668,0.15255714999999997,47.43333333333334,54.19999999999997,-0.8854560256532101,0.464723172043768,4.23410650459726
sj,2007,44,2007-10-29,0.1243,0.0543,0.1568143,0.1235286,137.55,299.458571429,299.542857143,296.02,302.1,297.7,174.64,81.5942857143,137.55,17.5028571429,2.6,26.2,5.4,30.6,22.2,89.2,48,17.2757142857,17.8457142857,18.3757142857,18.1185714286,295.874285714,296.354285714,296.835714286,296.642857143,73.6614285714,73.8671428571,79.1785714286,77.19,301.092857143,301.635714286,300.942857143,301.028571429,27.9571428571,29.1,28.1285714286,27.9857142857,0.07264999999999999,0.021,0.009,0.096,-0.00915,0.1326667,0.104,0.02476667,0.1911857,0.2459429,0.1181286,0.1853,0.1764,0.1897571,0.1263429,0.1177286,16.48,17.56,108.26,74.5,17.541428571433332,17.75,300.7571428573333,300.80357142875,27.752380952366668,27.846428571425,76.37428571426666,77.07535714285,0.07264999999999999,0.05673749999999999,0.05927223333333331,0.070454175,0.19798096666666673,0.17801787499999994,0.1632285666666668,0.15400714999999998,57.19666666666668,69.96249999999998,-0.822983865893657,0.5680647467311548,3.8918202981106265
sj,2007,45,2007-11-05,-0.2517,-0.0486,0.2051714,0.1728833,15.25,300.604285714,300.685714286,295.838571429,302.6,298.2,10.3,75.35,15.25,17.2957142857,2.25714285714,27.4428571429,6.85714285714,32.2,22.8,4.1,48,17.5028571429,17.2757142857,17.8457142857,18.3757142857,296.02,295.874285714,296.354285714,296.835714286,81.5942857143,73.6614285714,73.8671428571,79.1785714286,299.542857143,301.092857143,301.635714286,300.942857143,26.2,27.9571428571,29.1,28.1285714286,0.1243,0.07264999999999999,0.021,0.009,0.0543,-0.00915,0.1326667,0.104,0.1568143,0.1911857,0.2459429,0.1181286,0.1235286,0.1764,0.1897571,0.1263429,137.55,16.48,17.56,108.26,17.358095238100002,17.480000000000004,300.4404761906667,300.7392857145,27.2,27.675,76.86857142856665,76.11821428569999,-0.018250000000000006,-0.008437500000000007,-0.0011500000000000167,0.03230417499999999,0.18439046666666672,0.19977857499999993,0.1576039666666668,0.16564225,56.42666666666668,46.70999999999997,-0.7485107481711011,0.6631226582407952,3.8918202981106265
sj,2007,46,2007-11-12,-0.0589,-0.06255,0.2057429,0.2025429,42.0,299.934285714,300.185714286,295.638571429,303.1,297.5,21.4,77.4814285714,42.0,17.0828571429,3.54285714286,26.8142857143,6.68571428571,31.1,22.8,65.7,26,17.2957142857,17.5028571429,17.2757142857,17.8457142857,295.838571429,296.02,295.874285714,296.354285714,75.35,81.5942857143,73.6614285714,73.8671428571,300.685714286,299.542857143,301.092857143,301.635714286,27.4428571429,26.2,27.9571428571,29.1,-0.2517,0.1243,0.07264999999999999,0.021,-0.0486,0.0543,-0.00915,0.1326667,0.2051714,0.1568143,0.1911857,0.2459429,0.1728833,0.1235286,0.1764,0.1897571,15.25,137.55,16.48,17.56,17.293809523833332,17.2892857143,300.13809523833334,300.3767857145,26.819047619066666,27.103571428575,78.1419047619,77.021785714275,-0.06210000000000001,-0.028412500000000007,-0.018950000000000015,-0.01650000000000001,0.1892428666666667,0.1897285749999999,0.1663182666666668,0.16883869999999998,64.93333333333335,52.81999999999997,-0.6631226582407955,0.7485107481711007,3.295836866004329
sj,2007,47,2007-11-19,-0.0592,-0.052108335,0.2044857,0.1562857,73.37,299.821428571,299.885714286,295.752857143,301.8,297.9,43.4,78.5257142857,73.37,17.1871428571,2.51428571429,26.9,6.2,31.1,22.8,40.4,33,17.0828571429,17.2957142857,17.5028571429,17.2757142857,295.638571429,295.838571429,296.02,295.874285714,77.4814285714,75.35,81.5942857143,73.6614285714,300.185714286,300.685714286,299.542857143,301.092857143,26.8142857143,27.4428571429,26.2,27.9571428571,-0.0589,-0.2517,0.1243,0.07264999999999999,-0.06255,-0.0486,0.0543,-0.00915,0.2057429,0.2051714,0.1568143,0.1911857,0.2025429,0.1728833,0.1235286,0.1764,42.0,15.25,137.55,16.48,17.188571428566664,17.26714285715,300.25238095266667,300.07500000025004,27.0523809524,26.839285714299997,77.11904761903334,78.23785714285,-0.12326666666666665,-0.061375000000000006,-0.05441944500000002,-0.02723958375000001,0.2051333333333334,0.19305357499999992,0.17723730000000013,0.16381012499999997,43.54000000000001,67.04249999999996,-0.5680647467311559,0.8229838658936564,3.5263605246161616
sj,2007,48,2007-11-26,-0.0595,-0.04166667,0.09091667,0.1290857,15.95,299.09,299.192857143,293.351428571,300.7,297.3,9.78,70.7271428571,15.95,14.7685714286,2.07142857143,25.4428571429,5.38571428571,28.9,22.2,36.4,29,17.1871428571,17.0828571429,17.2957142857,17.5028571429,295.752857143,295.638571429,295.838571429,296.02,78.5257142857,77.4814285714,75.35,81.5942857143,299.885714286,300.185714286,300.685714286,299.542857143,26.9,26.8142857143,27.4428571429,26.2,-0.0592,-0.0589,-0.2517,0.1243,-0.052108335,-0.06255,-0.0486,0.0543,0.2044857,0.2057429,0.2051714,0.1568143,0.1562857,0.2025429,0.1728833,0.1235286,73.37,42.0,15.25,137.55,16.346190476199997,16.583571428575,299.75476190500007,299.98750000025,26.385714285733332,26.650000000025003,75.57809523806667,75.52107142855,-0.0592,-0.107325,-0.05210833500000001,-0.05123125125000001,0.1670484233333334,0.17657916749999994,0.16263810000000012,0.16519939999999997,43.77333333333334,36.64249999999996,-0.4647231720437684,0.88545602565321,3.4011973816621555
sj,2007,49,2007-12-03,-0.096275,-0.04235,0.0956,0.089,17.85,299.02,299.021428571,294.288571429,300.8,297.1,68.0,75.3685714286,17.85,15.6757142857,2.1,25.8428571429,5.4,29.4,22.8,34.5,17,14.7685714286,17.1871428571,17.0828571429,17.2957142857,293.351428571,295.752857143,295.638571429,295.838571429,70.7271428571,78.5257142857,77.4814285714,75.35,299.192857143,299.885714286,300.185714286,300.685714286,25.4428571429,26.9,26.8142857143,27.4428571429,-0.0595,-0.0592,-0.0589,-0.2517,-0.04166667,-0.052108335,-0.06255,-0.0486,0.09091667,0.2044857,0.2057429,0.2051714,0.1290857,0.1562857,0.2025429,0.1728833,15.95,73.37,42.0,15.25,15.87714285713333,16.178571428575,299.3666666666666,299.5714285715,26.061904761933334,26.250000000024997,74.8738095238,75.5257142857,-0.07165833333333334,-0.06846875000000001,-0.045375001666666685,-0.04966875125000002,0.1303341233333334,0.14918631749999992,0.12479046666666678,0.14422857499999997,35.72333333333334,37.29249999999997,-0.35460488704253595,0.9350162426854147,2.8903717578961645
sj,2007,50,2007-12-10,-0.13305,-0.04555,0.15144,0.1431714,31.3,298.9,298.971428571,294.774285714,300.9,297.0,66.72,78.0157142857,31.3,16.13,2.48571428571,25.7714285714,5.08571428571,28.9,22.2,30.2,12,15.6757142857,14.7685714286,17.1871428571,17.0828571429,294.288571429,293.351428571,295.752857143,295.638571429,75.3685714286,70.7271428571,78.5257142857,77.4814285714,299.021428571,299.192857143,299.885714286,300.185714286,25.8428571429,25.4428571429,26.9,26.8142857143,-0.096275,-0.0595,-0.0592,-0.0589,-0.04235,-0.04166667,-0.052108335,-0.06255,0.0956,0.09091667,0.2044857,0.2057429,0.089,0.1290857,0.1562857,0.2025429,17.85,15.95,73.37,42.0,15.524761904766663,15.94035714285,299.06190476166665,299.26785714275,25.685714285733336,25.9892857143,74.7038095238,75.659285714275,-0.096275,-0.08700625000000001,-0.043188890000000014,-0.045418751250000014,0.11265222333333341,0.13561059249999993,0.12041903333333344,0.1293857,21.700000000000006,34.617499999999964,-0.2393156642875578,0.970941817426052,2.5649493574615367
sj,2007,51,2007-12-17,-0.059125,-0.039,0.1734167,0.1501714,62.11,298.668571429,298.757142857,294.977142857,300.4,296.2,50.53,80.1785714286,62.11,16.3442857143,2.37142857143,25.0714285714,4.91428571429,28.9,21.7,108.2,13,16.13,15.6757142857,14.7685714286,17.1871428571,294.774285714,294.288571429,293.351428571,295.752857143,78.0157142857,75.3685714286,70.7271428571,78.5257142857,298.971428571,299.021428571,299.192857143,299.885714286,25.7714285714,25.8428571429,25.4428571429,26.9,-0.13305,-0.096275,-0.0595,-0.0592,-0.04555,-0.04235,-0.04166667,-0.052108335,0.15144,0.0956,0.09091667,0.2044857,0.1431714,0.089,0.1290857,0.1562857,31.3,17.85,15.95,73.37,16.049999999999997,15.72964285715,298.91666666633336,298.9857142855,25.5619047619,25.53214285715,77.85428571429999,76.0725,-0.09615,-0.08698750000000001,-0.042300000000000025,-0.042141667500000014,0.1401522333333334,0.12784334249999993,0.1274476000000001,0.12785712499999996,37.08666666666667,31.802499999999966,-0.12053668025532363,0.992708874098054,2.639057329615259
sj,2007,52,2007-12-24,0.0148,0.0163,0.2072667,0.1445778,0.0,298.602857143,298.75,293.928571429,300.8,295.5,2.36,75.4485714286,0.0,15.3185714286,2.98571428571,25.0857142857,6.24285714286,28.3,21.1,16.8,17,16.3442857143,16.13,15.6757142857,14.7685714286,294.977142857,294.774285714,294.288571429,293.351428571,80.1785714286,78.0157142857,75.3685714286,70.7271428571,298.757142857,298.971428571,299.021428571,299.192857143,25.0714285714,25.7714285714,25.8428571429,25.4428571429,-0.059125,-0.13305,-0.096275,-0.0595,-0.039,-0.04555,-0.04235,-0.04166667,0.1734167,0.15144,0.0956,0.09091667,0.1501714,0.1431714,0.089,0.1290857,62.11,31.3,17.85,15.95,15.930952380966664,15.86714285715,298.82619047599997,298.87499999975,25.309523809499996,25.44285714285,77.88095238096666,77.252857142875,-0.059125000000000004,-0.06841250000000001,-0.02275000000000002,-0.02765000000000002,0.17737446666666676,0.15693084999999993,0.14597353333333346,0.13173015,31.136666666666674,27.814999999999962,6.432490598706546e-16,1.0,2.8903717578961645
sj,2008,1,2008-01-01,0.0006,-0.3096,0.2398143,0.1955571,0.0,298.038571429,298.121428571,293.514285714,299.9,296.6,27.99,76.1485714286,0.0,14.9114285714,1.84285714286,25.4,5.3,29.4,22.2,55.5,15,15.3185714286,16.3442857143,16.13,15.6757142857,293.928571429,294.977142857,294.774285714,294.288571429,75.4485714286,80.1785714286,78.0157142857,75.3685714286,298.75,298.757142857,298.971428571,299.021428571,25.0857142857,25.0714285714,25.7714285714,25.8428571429,0.0148,-0.059125,-0.13305,-0.096275,0.0163,-0.039,-0.04555,-0.04235,0.2072667,0.1734167,0.15144,0.0956,0.1445778,0.1501714,0.1431714,0.089,0.0,62.11,31.3,17.85,15.524761904766663,15.676071428575,298.54285714266666,298.64999999975004,25.185714285699998,25.332142857125,77.2585714286,77.447857142875,-0.014574999999999998,-0.044193750000000004,-0.11076666666666668,-0.0944625,0.20683256666666675,0.19298442499999993,0.16343543333333346,0.15836942499999998,20.703333333333344,23.352499999999964,0.12053668025532305,0.992708874098054,2.772588722239781
sj,2008,2,2008-01-08,-0.008533333333333334,-0.10825,0.3304857,0.2442857,37.24,298.142857143,298.228571429,293.595714286,300.0,296.3,37.66,76.1314285714,37.24,14.98,2.05714285714,24.9714285714,5.01428571429,28.3,21.1,64.8,14,14.9114285714,15.3185714286,16.3442857143,16.13,293.514285714,293.928571429,294.977142857,294.774285714,76.1485714286,75.4485714286,80.1785714286,78.0157142857,298.121428571,298.75,298.757142857,298.971428571,25.4,25.0857142857,25.0714285714,25.7714285714,0.0006,0.0148,-0.059125,-0.13305,-0.3096,0.0163,-0.039,-0.04555,0.2398143,0.2072667,0.1734167,0.15144,0.1955571,0.1445778,0.1501714,0.1431714,0.0,0.0,62.11,31.3,15.069999999999999,15.388571428575,298.36666666666673,298.46428571425,25.152380952366666,25.132142857125,75.90952380953333,76.9767857143,0.002288888888888889,-0.01306458333333334,-0.13385000000000002,-0.11013750000000001,0.2591889000000001,0.23774584999999995,0.19480686666666677,0.18364799999999998,12.413333333333343,24.837499999999963,0.23931566428755774,0.970941817426052,2.70805020110221
sj,2008,3,2008-01-15,-0.017666666666666667,0.0383,0.125,0.1088429,0.0,297.627142857,297.871428571,293.02,300.1,295.3,4.1,75.6428571429,0.0,14.4885714286,3.0,24.4285714286,5.62857142857,27.8,20.6,2.5,15,14.98,14.9114285714,15.3185714286,16.3442857143,293.595714286,293.514285714,293.928571429,294.977142857,76.1314285714,76.1485714286,75.4485714286,80.1785714286,298.228571429,298.121428571,298.75,298.757142857,24.9714285714,25.4,25.0857142857,25.0714285714,-0.008533333333333334,0.0006,0.0148,-0.059125,-0.10825,-0.3096,0.0163,-0.039,0.3304857,0.2398143,0.2072667,0.1734167,0.2442857,0.1955571,0.1445778,0.1501714,37.24,0.0,0.0,62.11,14.793333333333331,14.924642857150001,298.07380952366674,298.24285714275004,24.933333333333334,24.971428571424998,75.9742857143,75.842857142875,-0.008533333333333334,-0.002700000000000007,-0.1265166666666667,-0.0908125,0.23176666666666676,0.22564167499999993,0.18289523333333346,0.17331587499999995,12.413333333333343,9.309999999999965,0.3546048870425356,0.9350162426854148,2.772588722239781
sj,2008,4,2008-01-22,-0.0268,-0.2153,0.1126143,0.1602143,81.22,297.968571429,298.128571429,293.635714286,299.5,296.4,27.16,77.1671428571,81.22,15.0657142857,2.0,24.5285714286,4.58571428571,27.8,21.1,83.1,10,14.4885714286,14.98,14.9114285714,15.3185714286,293.02,293.595714286,293.514285714,293.928571429,75.6428571429,76.1314285714,76.1485714286,75.4485714286,297.871428571,298.228571429,298.121428571,298.75,24.4285714286,24.9714285714,25.4,25.0857142857,-0.017666666666666667,-0.008533333333333334,0.0006,0.0148,0.0383,-0.10825,-0.3096,0.0163,0.125,0.3304857,0.2398143,0.2072667,0.1088429,0.2442857,0.1955571,0.1445778,0.0,37.24,0.0,0.0,14.844761904766665,14.861428571425,298.07619047633335,298.08750000000003,24.64285714286667,24.83214285715,76.31380952379999,76.2725,-0.017666666666666667,-0.013100000000000007,-0.09508333333333335,-0.14871250000000003,0.18936666666666677,0.20197857499999994,0.17111430000000008,0.17722499999999997,39.48666666666668,29.614999999999966,0.4647231720437685,0.8854560256532099,2.3978952727983707
sj,2008,5,2008-01-29,-0.06924999999999999,-0.1354,0.2233,0.1709429,0.0,298.021428571,298.178571429,292.957142857,300.7,294.3,2.7,73.5657142857,0.0,14.4085714286,3.3,24.5714285714,6.44285714286,28.9,20.0,3.1,9,15.0657142857,14.4885714286,14.98,14.9114285714,293.635714286,293.02,293.595714286,293.514285714,77.1671428571,75.6428571429,76.1314285714,76.1485714286,298.128571429,297.871428571,298.228571429,298.121428571,24.5285714286,24.4285714286,24.9714285714,25.4,-0.0268,-0.017666666666666667,-0.008533333333333334,0.0006,-0.2153,0.0383,-0.10825,-0.3096,0.1126143,0.125,0.3304857,0.2398143,0.1602143,0.1088429,0.2442857,0.1955571,81.22,0.0,37.24,0.0,14.654285714299997,14.735714285724999,298.05952380966664,298.1017857145,24.509523809533334,24.625,75.45857142856667,75.626785714275,-0.03790555555555555,-0.030562500000000006,-0.10413333333333334,-0.10516250000000002,0.15363810000000008,0.19784999999999994,0.14666670000000012,0.17107144999999996,27.07333333333334,29.614999999999966,0.5680647467311558,0.8229838658936564,2.302585092994046
sj,2008,6,2008-02-05,-0.1117,-0.0032,0.2328429,0.2711714,0.0,297.237142857,297.278571429,291.537142857,299.3,295.4,19.7,70.6428571429,0.0,13.2257142857,2.07142857143,24.2142857143,5.15714285714,27.2,21.1,35.9,2,14.4085714286,15.0657142857,14.4885714286,14.98,292.957142857,293.635714286,293.02,293.595714286,73.5657142857,77.1671428571,75.6428571429,76.1314285714,298.178571429,298.128571429,297.871428571,298.228571429,24.5714285714,24.5285714286,24.4285714286,24.9714285714,-0.06924999999999999,-0.0268,-0.017666666666666667,-0.008533333333333334,-0.1354,-0.2153,0.0383,-0.10825,0.2233,0.1126143,0.125,0.3304857,0.1709429,0.1602143,0.1088429,0.2442857,0.0,81.22,0.0,37.24,14.233333333333333,14.29714285715,297.8619047623333,297.8642857145,24.4380952381,24.435714285725,73.7919047619,74.25464285715,-0.06924999999999999,-0.05635416666666667,-0.11796666666666668,-0.07890000000000001,0.1895857333333334,0.17343929999999994,0.2007762000000001,0.17779287499999996,27.07333333333334,20.304999999999964,0.6631226582407952,0.7485107481711011,1.0986122886681096
sj,2008,7,2008-02-12,0.072,-0.0631,0.1502,0.1492714,0.0,297.838571429,297.907142857,292.941428571,299.3,296.5,10.17,74.2285714286,0.0,14.3671428571,2.15714285714,24.8,6.24285714286,28.3,21.1,6.4,6,13.2257142857,14.4085714286,15.0657142857,14.4885714286,291.537142857,292.957142857,293.635714286,293.02,70.6428571429,73.5657142857,77.1671428571,75.6428571429,297.278571429,298.178571429,298.128571429,297.871428571,24.2142857143,24.5714285714,24.5285714286,24.4285714286,-0.1117,-0.06924999999999999,-0.0268,-0.017666666666666667,-0.0032,-0.1354,-0.2153,0.0383,0.2328429,0.2233,0.1126143,0.125,0.2711714,0.1709429,0.1602143,0.1088429,0.0,0.0,81.22,0.0,14.000476190466664,14.266785714275,297.7880952383333,297.873214286,24.528571428566664,24.528571428575,72.8123809524,73.901071428575,-0.03631666666666667,-0.03393750000000001,-0.06723333333333335,-0.10425000000000001,0.20211430000000008,0.17973929999999994,0.19712856666666678,0.18789999999999998,0.0,20.304999999999964,0.7485107481711011,0.6631226582407953,1.9459101490553132
sj,2008,8,2008-02-19,-0.13865,-0.09506667,0.2460571,0.2281286,0.0,297.907142857,298.057142857,293.134285714,299.6,296.4,8.3,74.7857142857,0.0,14.5385714286,1.88571428571,24.9,5.78571428571,28.3,21.7,13.3,8,14.3671428571,13.2257142857,14.4085714286,15.0657142857,292.941428571,291.537142857,292.957142857,293.635714286,74.2285714286,70.6428571429,73.5657142857,77.1671428571,297.907142857,297.278571429,298.178571429,298.128571429,24.8,24.2142857143,24.5714285714,24.5285714286,0.072,-0.1117,-0.06924999999999999,-0.0268,-0.0631,-0.0032,-0.1354,-0.2153,0.1502,0.2328429,0.2233,0.1126143,0.1492714,0.2711714,0.1709429,0.1602143,0.0,0.0,0.0,81.22,14.043809523799998,14.135,297.74761904766666,297.855357143,24.638095238100004,24.621428571425,73.21904761906667,73.305714285725,-0.05945,-0.06190000000000001,-0.05378889000000001,-0.07419166750000002,0.20970000000000008,0.21309999999999996,0.21619046666666678,0.20487857499999998,0.0,0.0,0.8229838658936564,0.5680647467311559,2.1972245773362196
sj,2008,9,2008-02-26,-0.113775,0.01542,0.2116286,0.1173429,0.0,297.765714286,298.071428571,292.502857143,299.9,296.3,6.46,72.66,0.0,13.9671428571,2.28571428571,24.7428571429,5.5,27.8,21.1,12.9,5,14.5385714286,14.3671428571,13.2257142857,14.4085714286,293.134285714,292.941428571,291.537142857,292.957142857,74.7857142857,74.2285714286,70.6428571429,73.5657142857,298.057142857,297.907142857,297.278571429,298.178571429,24.9,24.8,24.2142857143,24.5714285714,-0.13865,0.072,-0.1117,-0.06924999999999999,-0.09506667,-0.0631,-0.0032,-0.1354,0.2460571,0.1502,0.2328429,0.2233,0.2281286,0.1492714,0.2711714,0.1709429,0.0,0.0,0.0,0.0,14.290952380933332,14.024642857125,298.01190476166664,297.8285714285,24.8142857143,24.6642857143,73.89142857143334,73.0792857143,-0.06014166666666667,-0.07303125000000002,-0.04758222333333335,-0.036486667500000014,0.20262856666666673,0.21018214999999996,0.1649143000000001,0.19147857499999998,0.0,0.0,0.8854560256532099,0.4647231720437686,1.791759469228055
sj,2008,10,2008-03-04,-0.0889,-0.09003333,0.2232429,0.1541857,0.0,297.878571429,298.007142857,293.052857143,299.9,295.5,6.5,74.6814285714,0.0,14.4742857143,2.61428571429,25.1142857143,6.11428571429,29.4,21.1,13.0,1,13.9671428571,14.5385714286,14.3671428571,13.2257142857,292.502857143,293.134285714,292.941428571,291.537142857,72.66,74.7857142857,74.2285714286,70.6428571429,298.071428571,298.057142857,297.907142857,297.278571429,24.7428571429,24.9,24.8,24.2142857143,-0.113775,-0.13865,0.072,-0.1117,0.01542,-0.09506667,-0.0631,-0.0032,0.2116286,0.2460571,0.1502,0.2328429,0.1173429,0.2281286,0.1492714,0.2711714,0.0,0.0,0.0,0.0,14.326666666666666,14.336785714275,298.045238095,298.0107142855,24.919047619066664,24.8892857143,74.04238095236666,74.088928571425,-0.11377500000000002,-0.06733125000000001,-0.05656000000000002,-0.05819500000000001,0.22697620000000007,0.20778214999999994,0.16655240000000013,0.16223214999999996,0.0,0.0,0.9350162426854148,0.35460488704253557,0.6931471805599453
sj,2008,11,2008-03-11,-0.3214,-0.1412,0.1106429,0.1410143,0.0,297.595714286,297.642857143,292.197142857,299.5,296.1,9.38,71.9342857143,0.0,13.7214285714,2.08571428571,25.3285714286,5.81428571429,28.9,22.2,4.4,2,14.4742857143,13.9671428571,14.5385714286,14.3671428571,293.052857143,292.502857143,293.134285714,292.941428571,74.6814285714,72.66,74.7857142857,74.2285714286,298.007142857,298.071428571,298.057142857,297.907142857,25.1142857143,24.7428571429,24.9,24.8,-0.0889,-0.113775,-0.13865,0.072,-0.09003333,0.01542,-0.09506667,-0.0631,0.2232429,0.2116286,0.2460571,0.1502,0.1541857,0.1173429,0.2281286,0.1492714,0.0,0.0,0.0,0.0,14.054285714266664,14.17535714285,297.90714285700005,297.944642857,25.061904761933334,25.02142857145,73.09190476190001,73.51535714285001,-0.1746916666666667,-0.16568125,-0.07193777666666668,-0.07772000000000001,0.1818381333333334,0.19789287499999994,0.13751430000000012,0.16016787499999996,0.0,0.0,0.970941817426052,0.23931566428755804,1.0986122886681096
sj,2008,12,2008-03-18,0.0449,0.02445,0.1016286,0.088,0.0,297.404285714,297.435714286,292.205714286,299.8,294.9,0.9,72.9157142857,0.0,13.7371428571,3.87142857143,25.2,7.04285714286,30.0,20.6,0.5,3,13.7214285714,14.4742857143,13.9671428571,14.5385714286,292.197142857,293.052857143,292.502857143,293.134285714,71.9342857143,74.6814285714,72.66,74.7857142857,297.642857143,298.007142857,298.071428571,298.057142857,25.3285714286,25.1142857143,24.7428571429,24.9,-0.3214,-0.0889,-0.113775,-0.13865,-0.1412,-0.09003333,0.01542,-0.09506667,0.1106429,0.2232429,0.2116286,0.2460571,0.1410143,0.1541857,0.1173429,0.2281286,0.0,0.0,0.0,0.0,13.9776190476,13.974999999975001,297.6952380953333,297.78928571425,25.2142857143,25.096428571449998,73.17714285713333,73.04785714285,-0.12180000000000002,-0.11979375000000003,-0.06892777666666668,-0.047840832500000006,0.14517146666666672,0.16178574999999995,0.12773333333333345,0.12513572499999998,0.0,0.0,0.992708874098054,0.120536680255323,1.3862943611198906
sj,2008,13,2008-03-25,0.07785,-0.0399,0.3104714,0.2962429,27.19,296.958571429,296.957142857,292.095714286,299.7,294.4,7.55,74.2471428571,27.19,13.6442857143,2.88571428571,25.0428571429,5.78571428571,30.0,21.1,1.8,4,13.7371428571,13.7214285714,14.4742857143,13.9671428571,292.205714286,292.197142857,293.052857143,292.502857143,72.9157142857,71.9342857143,74.6814285714,72.66,297.435714286,297.642857143,298.007142857,298.071428571,25.2,25.3285714286,25.1142857143,24.7428571429,0.0449,-0.3214,-0.0889,-0.113775,0.02445,-0.1412,-0.09003333,0.01542,0.1016286,0.1106429,0.2232429,0.2116286,0.088,0.1410143,0.1541857,0.1173429,0.0,0.0,0.0,0.0,13.70095238093333,13.894285714275,297.34523809533334,297.51071428575,25.190476190500004,25.17142857145,73.03238095236667,73.444642857125,-0.06621666666666669,-0.07188750000000002,-0.05221666666666668,-0.06167083250000001,0.1742476333333334,0.18649644999999992,0.17508573333333344,0.169860725,9.063333333333343,6.797499999999965,1.0,-1.6081226496766364e-16,1.6094379124341003
sj,2008,14,2008-04-01,-0.038,-0.01683333,0.1193714,0.06638571,3.82,298.081428571,298.228571429,293.235714286,299.8,296.5,3.67,74.6,3.82,14.6628571429,2.71428571429,26.2428571429,6.81428571429,30.6,22.2,0.5,3,13.6442857143,13.7371428571,13.7214285714,14.4742857143,292.095714286,292.205714286,292.197142857,293.052857143,74.2471428571,72.9157142857,71.9342857143,74.6814285714,296.957142857,297.435714286,297.642857143,298.007142857,25.0428571429,25.2,25.3285714286,25.1142857143,0.07785,0.0449,-0.3214,-0.0889,-0.0399,0.02445,-0.1412,-0.09003333,0.3104714,0.1016286,0.1106429,0.2232429,0.2962429,0.088,0.1410143,0.1541857,27.19,0.0,0.0,0.0,14.014761904766665,13.941428571425,297.54047619066665,297.56607142875004,25.495238095266668,25.4535714286,73.92095238093334,73.424285714275,0.02824999999999998,-0.05916250000000002,-0.010761110000000013,-0.04337083250000001,0.1771571333333334,0.16052857499999992,0.15020953666666675,0.14791072749999998,10.336666666666677,7.752499999999965,0.992708874098054,-0.12053668025532288,1.3862943611198906
sj,2008,15,2008-04-08,-0.1552,-0.05275,0.1377571,0.1412143,16.96,297.46,297.564285714,292.732857143,299.4,295.8,35.0,75.0271428571,16.96,14.1842857143,2.18571428571,25.0,5.71428571429,29.4,21.7,30.7,1,14.6628571429,13.6442857143,13.7371428571,13.7214285714,293.235714286,292.095714286,292.205714286,292.197142857,74.6,74.2471428571,72.9157142857,71.9342857143,298.228571429,296.957142857,297.435714286,297.642857143,26.2428571429,25.0428571429,25.2,25.3285714286,-0.038,0.07785,0.0449,-0.3214,-0.01683333,-0.0399,0.02445,-0.1412,0.1193714,0.3104714,0.1016286,0.1106429,0.06638571,0.2962429,0.088,0.1410143,3.82,27.19,0.0,0.0,14.163809523833331,14.057142857150001,297.5833333333333,297.5464285715,25.428571428599998,25.37142857145,74.62476190473332,74.197499999975,-0.03845000000000002,-0.017612500000000017,-0.03649444333333335,-0.02125833250000001,0.18919996666666675,0.16730712499999995,0.1679476366666668,0.14796072749999997,15.990000000000009,11.992499999999964,0.9709418174260521,-0.2393156642875575,0.6931471805599453
sj,2008,16,2008-04-15,0.0018,-0.031558335,0.2039,0.2098429,0.0,297.63,297.778571429,292.274285714,299.7,295.9,4.82,72.2857142857,0.0,13.8585714286,2.78571428571,25.3142857143,6.24285714286,29.4,21.7,11.2,3,14.1842857143,14.6628571429,13.6442857143,13.7371428571,292.732857143,293.235714286,292.095714286,292.205714286,75.0271428571,74.6,74.2471428571,72.9157142857,297.564285714,298.228571429,296.957142857,297.435714286,25.0,26.2428571429,25.0428571429,25.2,-0.1552,-0.038,0.07785,0.0449,-0.05275,-0.01683333,-0.0399,0.02445,0.1377571,0.1193714,0.3104714,0.1016286,0.1412143,0.06638571,0.2962429,0.088,16.96,3.82,27.19,0.0,14.235238095266665,14.087500000024999,297.8571428573334,297.63214285725,25.519047619066665,25.400000000025,73.97095238093333,74.039999999975,-0.06380000000000002,-0.028387500000000017,-0.03371388833333335,-0.03526041625000001,0.15367616666666672,0.19287497499999995,0.13914763666666677,0.17842145249999997,6.9266666666666765,11.992499999999964,0.9350162426854148,-0.35460488704253545,1.3862943611198906
sj,2008,17,2008-04-22,-0.037,-0.01036667,0.07731429,0.09058571,0.0,298.672857143,298.692857143,294.28,300.9,295.9,2.17,76.96,0.0,15.6714285714,3.95714285714,27.0428571429,7.51428571429,31.7,23.3,0.3,5,13.8585714286,14.1842857143,14.6628571429,13.6442857143,292.274285714,292.732857143,293.235714286,292.095714286,72.2857142857,75.0271428571,74.6,74.2471428571,297.778571429,297.564285714,298.228571429,296.957142857,25.3142857143,25.0,26.2428571429,25.0428571429,0.0018,-0.1552,-0.038,0.07785,-0.031558335,-0.05275,-0.01683333,-0.0399,0.2039,0.1377571,0.1193714,0.3104714,0.2098429,0.1412143,0.06638571,0.2962429,0.0,16.96,3.82,27.19,14.57142857143333,14.5942857143,298.01190476200003,298.06607142875004,25.785714285733334,25.900000000025003,74.75761904759999,74.7182142857,-0.06346666666666669,-0.05710000000000001,-0.031558335000000014,-0.027877083750000014,0.13965713000000005,0.13458569749999993,0.14721430333333343,0.12700715499999998,5.653333333333343,5.194999999999965,0.8854560256532099,-0.4647231720437685,1.791759469228055
