city,year,weekofyear,week_start_date,ndvi_ne,ndvi_nw,ndvi_se,ndvi_sw,precipitation_amt_mm,reanalysis_air_temp_k,reanalysis_avg_temp_k,reanalysis_dew_point_temp_k,reanalysis_max_air_temp_k,reanalysis_min_air_temp_k,reanalysis_precip_amt_kg_per_m2,reanalysis_relative_humidity_percent,reanalysis_sat_precip_amt_mm,reanalysis_specific_humidity_g_per_kg,reanalysis_tdtr_k,station_avg_temp_c,station_diur_temp_rng_c,station_max_temp_c,station_min_temp_c,station_precip_mm,total_cases,reanalysis_specific_humidity_g_per_kg_lag1,reanalysis_specific_humidity_g_per_kg_lag2,reanalysis_specific_humidity_g_per_kg_lag3,reanalysis_specific_humidity_g_per_kg_lag4,reanalysis_dew_point_temp_k_lag1,reanalysis_dew_point_temp_k_lag2,reanalysis_dew_point_temp_k_lag3,reanalysis_dew_point_temp_k_lag4,reanalysis_relative_humidity_percent_lag1,reanalysis_relative_humidity_percent_lag2,reanalysis_relative_humidity_percent_lag3,reanalysis_relative_humidity_percent_lag4,reanalysis_avg_temp_k_lag1,reanalysis_avg_temp_k_lag2,reanalysis_avg_temp_k_lag3,reanalysis_avg_temp_k_lag4,station_avg_temp_c_lag1,station_avg_temp_c_lag2,station_avg_temp_c_lag3,station_avg_temp_c_lag4,ndvi_ne_lag1,ndvi_ne_lag2,ndvi_ne_lag3,ndvi_ne_lag4,ndvi_nw_lag1,ndvi_nw_lag2,ndvi_nw_lag3,ndvi_nw_lag4,ndvi_se_lag1,ndvi_se_lag2,ndvi_se_lag3,ndvi_se_lag4,ndvi_sw_lag1,ndvi_sw_lag2,ndvi_sw_lag3,ndvi_sw_lag4,precipitation_amt_mm_lag1,precipitation_amt_mm_lag2,precipitation_amt_mm_lag3,precipitation_amt_mm_lag4,reanalysis_specific_humidity_g_per_kg_roll3,reanalysis_specific_humidity_g_per_kg_roll4,reanalysis_avg_temp_k_roll3,reanalysis_avg_temp_k_roll4,station_avg_temp_c_roll3,station_avg_temp_c_roll4,reanalysis_relative_humidity_percent_roll3,reanalysis_relative_humidity_percent_roll4,ndvi_ne_roll3,ndvi_ne_roll4,ndvi_nw_roll3,ndvi_nw_roll4,ndvi_se_roll3,ndvi_se_roll4,ndvi_sw_roll3,ndvi_sw_roll4,precipitation_amt_mm_roll3,precipitation_amt_mm_roll4,week_sin,week_cos,total_cases_log
iq,2000,30,2000-07-29,0.3286429,0.3221286,0.2543714,0.3610429,62.76,296.432857143,297.635714286,293.957142857,307.0,291.5,31.8,88.1614285714,62.76,15.4442857143,9.5,26.6,11.48,33.3,19.1,4.0,0,14.4314285714,17.12,16.8628571429,16.6514285714,292.797142857,295.622857143,295.358571429,295.184285714,87.2342857143,95.8485714286,93.5814285714,92.4185714286,296.228571429,297.392857143,298.428571429,298.45,25.7666666667,26.8,26.9,26.4,0.2277286,0.1767571,0.2168333,0.1928857,0.1454286,0.1731286,0.2761,0.1322571,0.2542,0.2041143,0.2894571,0.3408857,0.2003143,0.1280143,0.2416571,0.2472,5.6,55.52,60.61,25.41,15.4442857143,15.4442857143,297.635714286,297.635714286,26.6,26.6,88.1614285714,88.1614285714,0.3286429,0.3286429,0.3221286,0.3221286,0.2543714,0.2543714,0.3610429,0.3610429,62.76,62.76,-0.46472317204376806,-0.8854560256532101,0.0
iq,2000,31,2000-08-05,0.2055286,0.1907571,0.2316714,0.2553143,16.24,297.191428571,298.285714286,291.725714286,306.2,288.5,1.0,74.7285714286,16.24,13.4214285714,13.7714285714,25.34,10.94,32.0,17.0,11.5,0,15.4442857143,14.4314285714,17.12,16.8628571429,293.957142857,292.797142857,295.622857143,295.358571429,88.1614285714,87.2342857143,95.8485714286,93.5814285714,297.635714286,296.228571429,297.392857143,298.428571429,26.6,25.7666666667,26.8,26.9,0.3286429,0.2277286,0.1767571,0.2168333,0.3221286,0.1454286,0.1731286,0.2761,0.2543714,0.2542,0.2041143,0.2894571,0.3610429,0.2003143,0.1280143,0.2416571,62.76,5.6,55.52,60.61,14.43285714285,14.43285714285,297.960714286,297.960714286,25.97,25.97,81.445,81.445,0.26708575,0.26708575,0.25644285,0.25644285,0.2430214,0.2430214,0.30817859999999997,0.30817859999999997,39.5,39.5,-0.5680647467311556,-0.8229838658936565,0.0
iq,2000,32,2000-08-12,0.3124857,0.3299857,0.3805857,0.3872714,89.37,297.32,298.978571429,293.821428571,308.8,292.1,26.68,83.2757142857,89.37,15.3114285714,11.4714285714,27.0166666667,11.65,34.0,19.9,72.9,0,13.4214285714,15.4442857143,14.4314285714,17.12,291.725714286,293.957142857,292.797142857,295.622857143,74.7285714286,88.1614285714,87.2342857143,95.8485714286,298.285714286,297.635714286,296.228571429,297.392857143,25.34,26.6,25.7666666667,26.8,0.2055286,0.3286429,0.2277286,0.1767571,0.1907571,0.3221286,0.1454286,0.1731286,0.2316714,0.2543714,0.2542,0.2041143,0.2553143,0.3610429,0.2003143,0.1280143,16.24,62.76,5.6,55.52,14.7257142857,14.7257142857,298.30000000033334,298.30000000033334,26.318888888900002,26.318888888900002,82.05523809523334,82.05523809523334,0.2822190666666667,0.2822190666666667,0.28095713333333333,0.28095713333333333,0.28887616666666666,0.28887616666666666,0.3345428666666666,0.3345428666666666,56.123333333333335,56.123333333333335,-0.663122658240795,-0.7485107481711013,0.0
iq,2000,33,2000-08-19,0.3841333,0.39224,0.34178,0.38275,42.08,297.627142857,299.335714286,293.992857143,307.9,290.6,16.9,82.49,42.08,15.4657142857,13.7,26.5833333333,10.3166666667,33.0,20.5,50.1,0,15.3114285714,13.4214285714,15.4442857143,14.4314285714,293.821428571,291.725714286,293.957142857,292.797142857,83.2757142857,74.7285714286,88.1614285714,87.2342857143,298.978571429,298.285714286,297.635714286,296.228571429,27.0166666667,25.34,26.6,25.7666666667,0.3124857,0.2055286,0.3286429,0.2277286,0.3299857,0.1907571,0.3221286,0.1454286,0.3805857,0.2316714,0.2543714,0.2542,0.3872714,0.2553143,0.3610429,0.2003143,89.37,16.24,62.76,5.6,14.732857142833334,14.9107142857,298.86666666699995,298.55892857175,26.313333333333333,26.385,80.16476190476668,82.163928571425,0.30071586666666666,0.307697625,0.3043276,0.30877785,0.31801236666666666,0.302102125,0.34177856666666667,0.34659465,49.23,52.6125,-0.7485107481711011,-0.6631226582407952,0.0
iq,2000,34,2000-08-26,0.4081571,0.3221571,0.4067143,0.3027143,49.22,298.238571429,299.571428571,292.904285714,310.1,291.3,5.59,74.74,49.22,14.4442857143,13.7714285714,26.9,13.4,34.0,19.0,89.2,0,15.4657142857,15.3114285714,13.4214285714,15.4442857143,293.992857143,293.821428571,291.725714286,293.957142857,82.49,83.2757142857,74.7285714286,88.1614285714,299.335714286,298.978571429,298.285714286,297.635714286,26.5833333333,27.0166666667,25.34,26.6,0.3841333,0.3124857,0.2055286,0.3286429,0.39224,0.3299857,0.1907571,0.3221286,0.34178,0.3805857,0.2316714,0.2543714,0.38275,0.3872714,0.2553143,0.3610429,42.08,89.37,16.24,62.76,15.0738095238,14.6607142857,299.29523809533333,299.042857143,26.833333333333332,26.459999999999997,80.16857142856666,78.808571428575,0.3682587,0.327576175,0.3481276,0.308784975,0.37636000000000003,0.34018784999999996,0.35757856666666665,0.3320125,60.223333333333336,49.227500000000006,-0.8229838658936564,-0.5680647467311559,0.0
iq,2000,35,2000-09-02,0.3320429,0.3210571,0.3146143,0.3242571,53.65,299.218571429,300.928571429,293.472857143,310.5,292.9,16.07,74.1514285714,53.65,15.0571428571,12.4571428571,27.1166666667,12.2666666667,34.0,20.0,78.0,0,14.4442857143,15.4657142857,15.3114285714,13.4214285714,292.904285714,293.992857143,293.821428571,291.725714286,74.74,82.49,83.2757142857,74.7285714286,299.571428571,299.335714286,298.978571429,298.285714286,26.9,26.5833333333,27.0166666667,25.34,0.4081571,0.3841333,0.3124857,0.2055286,0.3221571,0.39224,0.3299857,0.1907571,0.4067143,0.34178,0.3805857,0.2316714,0.3027143,0.38275,0.3872714,0.2553143,49.22,42.08,89.37,16.24,14.989047619033334,15.069642857125,299.9452380953333,299.70357142875,26.866666666666664,26.904166666675,77.12714285713334,78.664285714275,0.3747777666666667,0.35920474999999996,0.3451514,0.34135997500000004,0.3543695333333334,0.360923575,0.33657380000000003,0.3492482,48.31666666666666,58.58,-0.8854560256532096,-0.4647231720437691,0.0
iq,2000,36,2000-09-09,0.2955857,0.2956833,0.3122143,0.2659286,23.12,300.802857143,301.935714286,290.635714286,312.8,291.5,2.5,57.7871428571,23.12,12.6528571429,14.9,28.3666666667,12.9,35.8,21.7,56.9,1,15.0571428571,14.4442857143,15.4657142857,15.3114285714,293.472857143,292.904285714,293.992857143,293.821428571,74.1514285714,74.74,82.49,83.2757142857,300.928571429,299.571428571,299.335714286,298.978571429,27.1166666667,26.9,26.5833333333,27.0166666667,0.3320429,0.4081571,0.3841333,0.3124857,0.3210571,0.3221571,0.39224,0.3299857,0.3146143,0.4067143,0.34178,0.3805857,0.3242571,0.3027143,0.38275,0.3872714,53.65,49.22,42.08,89.37,14.051428571433334,14.405,300.811904762,300.44285714299997,27.46111111113333,27.241666666675,68.89285714283334,72.292142857125,0.34526189999999995,0.35497975000000004,0.31296583333333333,0.33278437499999997,0.3445143,0.343830725,0.29763333333333336,0.31891250000000004,41.99666666666666,42.0175,-0.9350162426854147,-0.3546048870425359,0.6931471805599453
iq,2000,37,2000-09-16,0.2846571,0.3097571,0.3878833,0.3281571,34.62,299.858571429,301.371428571,293.64,310.7,292.3,4.1,71.66,34.62,15.2271428571,13.8571428571,27.425,12.775,34.5,20.5,18.9,0,12.6528571429,15.0571428571,14.4442857143,15.4657142857,290.635714286,293.472857143,292.904285714,293.992857143,57.7871428571,74.1514285714,74.74,82.49,301.935714286,300.928571429,299.571428571,299.335714286,28.3666666667,27.1166666667,26.9,26.5833333333,0.2955857,0.3320429,0.4081571,0.3841333,0.2956833,0.3210571,0.3221571,0.39224,0.3122143,0.3146143,0.4067143,0.34178,0.2659286,0.3242571,0.3027143,0.38275,23.12,53.65,49.22,42.08,14.312380952366667,14.345357142850002,301.411904762,300.95178571425004,27.636111111133335,27.452083333349997,67.86619047616666,69.584642857125,0.3040952333333333,0.3301107,0.3088325,0.31216365,0.3382373,0.35535655,0.3061142666666667,0.305264275,37.13,40.1525,-0.970941817426052,-0.23931566428755774,0.0
iq,2000,38,2000-09-23,0.3488143,0.2957167,0.4048429,0.2425714,97.55,297.435714286,298.514285714,292.707142857,310.2,288.3,3.2,77.4871428571,97.55,14.3385714286,11.3142857143,27.5333333333,12.5666666667,36.0,20.5,104.2,0,15.2271428571,12.6528571429,15.0571428571,14.4442857143,293.64,290.635714286,293.472857143,292.904285714,71.66,57.7871428571,74.1514285714,74.74,301.371428571,301.935714286,300.928571429,299.571428571,27.425,28.3666666667,27.1166666667,26.9,0.2846571,0.2955857,0.3320429,0.4081571,0.3097571,0.2956833,0.3210571,0.3221571,0.3878833,0.3122143,0.3146143,0.4067143,0.3281571,0.2659286,0.3242571,0.3027143,34.62,23.12,53.65,49.22,14.072857142866667,14.318928571425001,300.60714285700004,300.6875,27.775000000000002,27.610416666675,68.97809523806667,70.27142857140001,0.3096857,0.31527499999999997,0.30038570000000003,0.30555355,0.3683135,0.35488870000000006,0.2788857,0.29022855000000003,51.76333333333333,52.235,-0.992708874098054,-0.12053668025532357,0.0
iq,2000,39,2000-09-30,0.1756857,0.09948333,0.2257143,0.1827857,95.89,299.355714286,300.885714286,293.217142857,310.8,290.0,2.6,71.4628571429,95.89,14.7985714286,14.9428571429,27.15,12.175,34.0,20.5,57.9,0,14.3385714286,15.2271428571,12.6528571429,15.0571428571,292.707142857,293.64,290.635714286,293.472857143,77.4871428571,71.66,57.7871428571,74.1514285714,298.514285714,301.371428571,301.935714286,300.928571429,27.5333333333,27.425,28.3666666667,27.1166666667,0.3488143,0.2846571,0.2955857,0.3320429,0.2957167,0.3097571,0.2956833,0.3210571,0.4048429,0.3878833,0.3122143,0.3146143,0.2425714,0.3281571,0.2659286,0.3242571,97.55,34.62,23.12,53.65,14.788095238099999,14.2542857143,300.257142857,300.67678571425,27.369444444433338,27.61875,73.53666666666668,69.599285714275,0.26971903333333336,0.2761857,0.23498571000000001,0.2501601075,0.3394801666666667,0.3326637,0.2511714,0.2548607,76.02,62.795,-1.0,-1.8369701987210297e-16,0.0
iq,2000,40,2000-10-07,0.33754,0.2769429,0.2775,0.25505,46.22,298.372857143,300.5,294.664285714,309.8,292.7,16.6,82.3714285714,46.22,16.1485714286,11.9714285714,26.7,11.675,34.0,20.0,63.0,0,14.7985714286,14.3385714286,15.2271428571,12.6528571429,293.217142857,292.707142857,293.64,290.635714286,71.4628571429,77.4871428571,71.66,57.7871428571,300.885714286,298.514285714,301.371428571,301.935714286,27.15,27.5333333333,27.425,28.3666666667,0.1756857,0.3488143,0.2846571,0.2955857,0.09948333,0.2957167,0.3097571,0.2956833,0.2257143,0.4048429,0.3878833,0.3122143,0.1827857,0.2425714,0.3281571,0.2659286,95.89,97.55,34.62,23.12,15.095238095266666,15.128214285725,299.96666666666664,300.31785714275,27.127777777766667,27.202083333325,77.10714285713334,75.74535714285,0.28734666666666664,0.28667427500000003,0.2240476433333333,0.2454750075,0.3026857333333333,0.323985125,0.22680236666666667,0.25214105,79.88666666666667,68.57,-0.992708874098054,0.1205366802553232,0.0
iq,2000,41,2000-10-14,0.2235333,0.1339143,0.3498,0.1009167,31.1,298.474285714,300.285714286,294.592857143,309.2,291.9,21.9,81.5228571429,31.1,16.0714285714,13.4857142857,27.6571428571,11.3,34.0,21.0,3.0,1,16.1485714286,14.7985714286,14.3385714286,15.2271428571,294.664285714,293.217142857,292.707142857,293.64,82.3714285714,71.4628571429,77.4871428571,71.66,300.5,300.885714286,298.514285714,301.371428571,26.7,27.15,27.5333333333,27.425,0.33754,0.1756857,0.3488143,0.2846571,0.2769429,0.09948333,0.2957167,0.3097571,0.2775,0.2257143,0.4048429,0.3878833,0.25505,0.1827857,0.2425714,0.3281571,46.22,95.89,97.55,34.62,15.672857142866667,15.339285714299999,300.5571428573333,300.0464285715,27.169047619033332,27.260119047599996,78.4523809524,78.211071428575,0.24558633333333335,0.271393325,0.17011350999999997,0.2015143075,0.2843381,0.31446430000000003,0.17958413333333334,0.19533095,57.73666666666667,67.69,-0.9709418174260521,0.23931566428755738,0.6931471805599453
iq,2000,42,2000-10-21,0.2748,0.1870571,0.3739429,0.2794714,25.21,299.211428571,301.15,294.007142857,311.8,292.3,9.9,75.54,25.21,15.5285714286,14.9285714286,27.775,12.275,36.0,21.0,45.2,1,16.0714285714,16.1485714286,14.7985714286,14.3385714286,294.592857143,294.664285714,293.217142857,292.707142857,81.5228571429,82.3714285714,71.4628571429,77.4871428571,300.285714286,300.5,300.885714286,298.514285714,27.6571428571,26.7,27.15,27.5333333333,0.2235333,0.33754,0.1756857,0.3488143,0.1339143,0.2769429,0.09948333,0.2957167,0.3498,0.2775,0.2257143,0.4048429,0.1009167,0.25505,0.1827857,0.2425714,31.1,46.22,95.89,97.55,15.9161904762,15.6367857143,300.6452380953333,300.705357143,27.377380952366664,27.320535714275,79.81142857143332,77.72428571430001,0.27862443333333337,0.25288974999999997,0.19930476666666666,0.17434940749999997,0.33374763333333335,0.3067393,0.2118127,0.20455595,34.17666666666667,49.605000000000004,-0.9350162426854148,0.35460488704253557,0.6931471805599453
iq,2000,43,2000-10-28,0.3673,0.30555,0.45538,0.3258,49.25,299.541428571,301.1,294.708571429,310.2,291.9,23.3,76.9414285714,49.25,16.1957142857,13.4571428571,28.0,12.4666666667,34.6,20.0,57.9,0,15.5285714286,16.0714285714,16.1485714286,14.7985714286,294.007142857,294.592857143,294.664285714,293.217142857,75.54,81.5228571429,82.3714285714,71.4628571429,301.15,300.285714286,300.5,300.885714286,27.775,27.6571428571,26.7,27.15,0.2748,0.2235333,0.33754,0.1756857,0.1870571,0.1339143,0.2769429,0.09948333,0.3739429,0.3498,0.2775,0.2257143,0.2794714,0.1009167,0.25505,0.1827857,25.21,31.1,46.22,95.89,15.9319047619,15.986071428574999,300.84523809533334,300.7589285715,27.810714285699998,27.533035714275,78.00142857143332,79.093928571425,0.28854443333333335,0.300793325,0.20884046666666667,0.22586607499999997,0.3930409666666667,0.36415572500000004,0.23539603333333328,0.240309525,35.186666666666675,37.945,-0.8854560256532101,0.464723172043768,0.0
iq,2000,44,2000-11-04,0.2951,0.21152,0.3044,0.2796167,67.64,299.44,300.821428571,295.274285714,312.2,292.4,20.2,79.4285714286,67.64,16.8685714286,13.3285714286,27.6,12.3333333333,35.5,21.1,7.1,0,16.1957142857,15.5285714286,16.0714285714,16.1485714286,294.708571429,294.007142857,294.592857143,294.664285714,76.9414285714,75.54,81.5228571429,82.3714285714,301.1,301.15,300.285714286,300.5,28.0,27.775,27.6571428571,26.7,0.3673,0.2748,0.2235333,0.33754,0.30555,0.1870571,0.1339143,0.2769429,0.45538,0.3739429,0.3498,0.2775,0.3258,0.2794714,0.1009167,0.25505,49.25,25.21,31.1,46.22,16.197619047633335,16.166071428575,301.02380952366667,300.83928571424997,27.791666666666668,27.758035714275,77.30333333333333,78.358214285725,0.3124,0.290183325,0.23470903333333334,0.20951034999999998,0.3779076333333333,0.370880725,0.29496269999999997,0.24645119999999998,47.366666666666674,43.3,-0.822983865893657,0.5680647467311548,0.0
iq,2000,45,2000-11-11,0.2713667,0.1515667,0.34725,0.2318667,51.83,300.748571429,301.807142857,295.28,310.4,294.3,19.2,74.8028571429,51.83,16.8471428571,12.8714285714,28.175,12.25,35.2,21.5,13.5,0,16.8685714286,16.1957142857,15.5285714286,16.0714285714,295.274285714,294.708571429,294.007142857,294.592857143,79.4285714286,76.9414285714,75.54,81.5228571429,300.821428571,301.1,301.15,300.285714286,27.6,28.0,27.775,27.6571428571,0.2951,0.3673,0.2748,0.2235333,0.21152,0.30555,0.1870571,0.1339143,0.3044,0.45538,0.3739429,0.3498,0.2796167,0.3258,0.2794714,0.1009167,67.64,49.25,25.21,31.1,16.63714285713333,16.36,301.24285714266665,301.219642857,27.925,27.887500000000003,77.05761904763334,76.67821428572499,0.3112555666666667,0.302141675,0.22287890000000002,0.21392345,0.36901,0.37024322499999995,0.27909446666666665,0.2791887,56.24000000000001,48.4825,-0.7485107481711011,0.6631226582407952,0.0
iq,2000,46,2000-11-18,0.09993333,0.03586,0.1954857,0.06418333,39.25,301.637142857,302.614285714,294.232857143,311.8,294.2,3.6,67.1857142857,39.25,15.88,13.3714285714,29.025,13.1,36.4,21.7,0.0,0,16.8471428571,16.8685714286,16.1957142857,15.5285714286,295.28,295.274285714,294.708571429,294.007142857,74.8028571429,79.4285714286,76.9414285714,75.54,301.807142857,300.821428571,301.1,301.15,28.175,27.6,28.0,27.775,0.2713667,0.2951,0.3673,0.2748,0.1515667,0.21152,0.30555,0.1870571,0.34725,0.3044,0.45538,0.3739429,0.2318667,0.2796167,0.3258,0.2794714,51.83,67.64,49.25,25.21,16.5319047619,16.447857142849998,301.74761904733333,301.5857142855,28.26666666666667,28.2,73.80571428573333,74.58964285715,0.22213334333333334,0.2584250075,0.13298223333333337,0.176124175,0.28237856666666666,0.325628925,0.19188890999999997,0.2253666825,52.90666666666667,51.9925,-0.6631226582407955,0.7485107481711007,0.0
iq,2000,47,2000-11-25,0.1699833,0.2893,0.3009833,0.1709167,55.91,300.872857143,301.914285714,293.06,311.1,293.6,11.2,66.0428571429,55.91,14.7685714286,13.1428571429,27.7,11.35,36.5,21.5,9.5,0,15.88,16.8471428571,16.8685714286,16.1957142857,294.232857143,295.28,295.274285714,294.708571429,67.1857142857,74.8028571429,79.4285714286,76.9414285714,302.614285714,301.807142857,300.821428571,301.1,29.025,28.175,27.6,28.0,0.09993333,0.2713667,0.2951,0.3673,0.03586,0.1515667,0.21152,0.30555,0.1954857,0.34725,0.3044,0.45538,0.06418333,0.2318667,0.2796167,0.3258,39.25,51.83,67.64,49.25,15.8319047619,16.091071428575,302.11190476166666,301.789285714,28.299999999999997,28.125,69.34380952383333,71.86500000002499,0.18042777666666665,0.2090958325,0.15890890000000002,0.172061675,0.28123966666666667,0.28702975,0.15565557666666666,0.1866458575,48.99666666666667,53.6575,-0.5680647467311559,0.8229838658936564,0.0
iq,2000,48,2000-12-02,0.2519714,0.2538,0.3235143,0.3191,20.65,299.23,301.264285714,294.717142857,310.0,293.5,14.5,78.8857142857,20.65,16.2442857143,12.0142857143,27.05,11.575,34.2,21.0,19.0,0,14.7685714286,15.88,16.8471428571,16.8685714286,293.06,294.232857143,295.28,295.274285714,66.0428571429,67.1857142857,74.8028571429,79.4285714286,301.914285714,302.614285714,301.807142857,300.821428571,27.7,29.025,28.175,27.6,0.1699833,0.09993333,0.2713667,0.2951,0.2893,0.03586,0.1515667,0.21152,0.3009833,0.1954857,0.34725,0.3044,0.1709167,0.06418333,0.2318667,0.2796167,55.91,39.25,51.83,67.64,15.630952380966667,15.934999999999999,301.93095238066667,301.89999999975,27.925,27.9875,70.70476190476667,71.7292857143,0.17396267666666665,0.19831368249999998,0.19298666666666672,0.182631675,0.2733277666666667,0.291808325,0.18473334333333333,0.19651668249999998,38.60333333333333,41.910000000000004,-0.4647231720437684,0.88545602565321,0.0
iq,2000,49,2000-12-09,0.1658333,0.1824143,0.2545667,0.18625,24.53,300.242857143,301.028571429,293.305714286,312.2,292.0,1.7,68.5571428571,24.53,14.9,15.4571428571,28.0,12.0,34.0,22.0,0.8,0,16.2442857143,14.7685714286,15.88,16.8471428571,294.717142857,293.06,294.232857143,295.28,78.8857142857,66.0428571429,67.1857142857,74.8028571429,301.264285714,301.914285714,302.614285714,301.807142857,27.05,27.7,29.025,28.175,0.2519714,0.1699833,0.09993333,0.2713667,0.2538,0.2893,0.03586,0.1515667,0.3235143,0.3009833,0.1954857,0.34725,0.3191,0.1709167,0.06418333,0.2318667,20.65,55.91,39.25,51.83,15.304285714299999,15.448214285725,301.4023809523333,301.70535714275,27.583333333333332,27.94375,71.1619047619,70.16785714285001,0.19592933333333332,0.1719303325,0.24183810000000003,0.19034357500000001,0.29302143333333336,0.2686375,0.2254222333333333,0.1851125075,33.696666666666665,35.085,-0.35460488704253595,0.9350162426854147,0.0
iq,2000,50,2000-12-16,0.3387857,0.3168286,0.3503429,0.2977,111.06,298.757142857,300.342857143,294.52,311.4,291.9,48.76,80.4085714286,111.06,16.0985714286,11.9714285714,26.6166666667,9.65,33.8,21.0,67.2,1,14.9,16.2442857143,14.7685714286,15.88,293.305714286,294.717142857,293.06,294.232857143,68.5571428571,78.8857142857,66.0428571429,67.1857142857,301.028571429,301.264285714,301.914285714,302.614285714,28.0,27.05,27.7,29.025,0.1658333,0.2519714,0.1699833,0.09993333,0.1824143,0.2538,0.2893,0.03586,0.2545667,0.3235143,0.3009833,0.1954857,0.18625,0.3191,0.1709167,0.06418333,24.53,20.65,55.91,39.25,15.747619047633334,15.502857142875,300.87857142866665,301.1375,27.22222222223333,27.341666666675,75.95047619046666,73.473571428575,0.25219680000000005,0.231643425,0.2510143,0.260585725,0.3094746333333333,0.3073518,0.26768333333333333,0.24349167500000002,52.080000000000005,53.0375,-0.2393156642875578,0.970941817426052,0.6931471805599453
iq,2000,51,2000-12-23,0.2650143,0.1690571,0.2348667,0.3022429,3.9,300.411428571,302.0,291.092857143,311.2,294.6,5.7,60.6414285714,3.9,13.1885714286,13.0,28.2,12.2833333333,35.0,21.0,0.0,0,16.0985714286,14.9,16.2442857143,14.7685714286,294.52,293.305714286,294.717142857,293.06,80.4085714286,68.5571428571,78.8857142857,66.0428571429,300.342857143,301.028571429,301.264285714,301.914285714,26.6166666667,28.0,27.05,27.7,0.3387857,0.1658333,0.2519714,0.1699833,0.3168286,0.1824143,0.2538,0.2893,0.3503429,0.2545667,0.3235143,0.3009833,0.2977,0.18625,0.3191,0.1709167,111.06,24.53,20.65,55.91,14.729047619066668,15.107857142875,301.123809524,301.1589285715,27.605555555566667,27.466666666675,69.86904761903334,72.1232142857,0.2565444333333334,0.255401175,0.22276666666666667,0.230525,0.27992543333333336,0.29082265,0.2620643,0.276323225,46.49666666666667,40.035000000000004,-0.12053668025532363,0.992708874098054,0.0
iq,2001,1,2001-01-01,0.2547143,0.2285286,0.2505857,0.287,59.11,297.958571429,298.985714286,296.99,305.5,293.2,64.6,94.9557142857,59.11,18.6728571429,6.94285714286,27.3333333333,11.0,33.3,21.8,38.9,0,13.1885714286,16.0985714286,14.9,16.2442857143,291.092857143,294.52,293.305714286,294.717142857,60.6414285714,80.4085714286,68.5571428571,78.8857142857,302.0,300.342857143,301.028571429,301.264285714,28.2,26.6166666667,28.0,27.05,0.2650143,0.3387857,0.1658333,0.2519714,0.1690571,0.3168286,0.1824143,0.2538,0.2348667,0.3503429,0.2545667,0.3235143,0.3022429,0.2977,0.18625,0.3191,3.9,111.06,24.53,20.65,15.986666666700001,15.715000000025,300.442857143,300.5892857145,27.383333333333336,27.5375,78.66857142856666,76.1407142857,0.28617143333333334,0.2560869,0.23813810000000002,0.22420715000000002,0.27859843333333334,0.27259049999999996,0.29564763333333327,0.268298225,58.02333333333333,49.65,0.12053668025532305,0.992708874098054,0.0
iq,2001,2,2001-01-08,0.3021333,0.2035167,0.2674333,0.274,69.85,298.044285714,299.414285714,294.345714286,309.8,292.5,22.98,82.3471428571,69.85,15.8585714286,11.0857142857,27.0,11.225,33.2,20.7,59.9,0,18.6728571429,13.1885714286,16.0985714286,14.9,296.99,291.092857143,294.52,293.305714286,94.9557142857,60.6414285714,80.4085714286,68.5571428571,298.985714286,302.0,300.342857143,301.028571429,27.3333333333,28.2,26.6166666667,28.0,0.2547143,0.2650143,0.3387857,0.1658333,0.2285286,0.1690571,0.3168286,0.1824143,0.2505857,0.2348667,0.3503429,0.2545667,0.287,0.3022429,0.2977,0.18625,59.11,3.9,111.06,24.53,15.9066666667,15.954642857175001,300.1333333333334,300.18571428575,27.511111111099996,27.2875,79.31476190473332,79.58821428569999,0.27395396666666666,0.2901619,0.2003674666666667,0.22948275,0.2509619,0.27580715,0.2877476333333333,0.290235725,44.28666666666666,60.98,0.23931566428755774,0.970941817426052,0.0
iq,2001,3,2001-01-15,0.1747571,0.1033167,0.2582429,0.1767286,149.71,298.368571429,300.235714286,295.061428571,308.7,294.0,24.92,84.1757142857,149.71,16.6,11.0142857143,27.05,10.9,33.0,20.5,52.0,0,15.8585714286,18.6728571429,13.1885714286,16.0985714286,294.345714286,296.99,291.092857143,294.52,82.3471428571,94.9557142857,60.6414285714,80.4085714286,299.414285714,298.985714286,302.0,300.342857143,27.0,27.3333333333,28.2,26.6166666667,0.3021333,0.2547143,0.2650143,0.3387857,0.2035167,0.2285286,0.1690571,0.3168286,0.2674333,0.2505857,0.2348667,0.3503429,0.274,0.287,0.3022429,0.2977,69.85,59.11,3.9,111.06,17.043809523833335,16.080000000025002,299.5452380953334,300.15892857150004,27.127777777766667,27.395833333325,87.1595238095,80.52999999997499,0.24386823333333332,0.24915474999999998,0.178454,0.176104775,0.25875396666666667,0.25278215,0.24590953333333332,0.259992875,92.88999999999999,70.6425,0.3546048870425356,0.9350162426854148,0.0
iq,2001,4,2001-01-22,0.2376,0.1912667,0.1258571,0.2314429,50.02,295.722857143,296.671428571,294.594285714,301.8,292.3,88.03,94.0571428571,50.02,16.0714285714,5.62857142857,25.7166666667,9.43333333333,31.2,20.0,166.9,0,16.6,15.8585714286,18.6728571429,13.1885714286,295.061428571,294.345714286,296.99,291.092857143,84.1757142857,82.3471428571,94.9557142857,60.6414285714,300.235714286,299.414285714,298.985714286,302.0,27.05,27.0,27.3333333333,28.2,0.1747571,0.3021333,0.2547143,0.2650143,0.1033167,0.2035167,0.2285286,0.1690571,0.2582429,0.2674333,0.2505857,0.2348667,0.1767286,0.274,0.287,0.3022429,149.71,69.85,59.11,3.9,16.176666666666666,16.800714285725,298.77380952366667,298.82678571425004,26.5888888889,26.775,86.85999999996666,88.8839285714,0.23816346666666668,0.24230117499999998,0.16603336666666665,0.181657175,0.21717776666666666,0.22552975,0.22739049999999997,0.24229287500000002,89.86,82.1725,0.4647231720437685,0.8854560256532099,0.0
iq,2001,5,2001-01-29,0.3415,0.2606667,0.3293857,0.3690714,87.18,295.297142857,296.1,294.411428571,302.2,292.2,80.95,95.4071428571,87.18,15.86,5.14285714286,26.4333333333,9.66666666667,33.0,20.0,147.8,0,16.0714285714,16.6,15.8585714286,18.6728571429,294.594285714,295.061428571,294.345714286,296.99,94.0571428571,84.1757142857,82.3471428571,94.9557142857,296.671428571,300.235714286,299.414285714,298.985714286,25.7166666667,27.05,27.0,27.3333333333,0.2376,0.1747571,0.3021333,0.2547143,0.1912667,0.1033167,0.2035167,0.2285286,0.1258571,0.2582429,0.2674333,0.2505857,0.2314429,0.1767286,0.274,0.287,50.02,149.71,69.85,59.11,16.177142857133333,16.0975,297.66904761899997,298.10535714275,26.400000000000002,26.549999999999997,91.2133333333,88.99678571425,0.2512857,0.2639976,0.18508336666666667,0.1896917,0.23782856666666666,0.24522975,0.25908096666666663,0.262810725,95.63666666666667,89.19,0.5680647467311558,0.8229838658936564,0.0
iq,2001,6,2001-02-05,0.2335857,0.161,0.1966143,0.2267,31.93,295.511428571,296.128571429,293.408571429,303.6,292.5,16.4,89.08,31.93,14.9471428571,6.17142857143,27.35,10.025,34.2,21.7,3.3,0,15.86,16.0714285714,16.6,15.8585714286,294.411428571,294.594285714,295.061428571,294.345714286,95.4071428571,94.0571428571,84.1757142857,82.3471428571,296.1,296.671428571,300.235714286,299.414285714,26.4333333333,25.7166666667,27.05,27.0,0.3415,0.2376,0.1747571,0.3021333,0.2606667,0.1912667,0.1033167,0.2035167,0.3293857,0.1258571,0.2582429,0.2674333,0.3690714,0.2314429,0.1767286,0.274,87.18,50.02,149.71,69.85,15.626190476166665,15.869642857125,296.29999999999995,297.2839285715,26.5,26.6375,92.84809523806666,90.679999999975,0.2708952333333334,0.24686070000000002,0.2043111333333333,0.179062525,0.2172857,0.227525,0.2757381,0.25098572500000005,56.37666666666667,79.71,0.6631226582407952,0.7485107481711011,0.0
iq,2001,7,2001-02-12,0.1554143,0.1350167,0.1485286,0.1571,66.84,295.37,296.492857143,294.438571429,304.4,292.3,37.96,94.8842857143,66.84,15.93,6.04285714286,26.3,8.95,33.0,21.0,83.1,0,14.9471428571,15.86,16.0714285714,16.6,293.408571429,294.411428571,294.594285714,295.061428571,89.08,95.4071428571,94.0571428571,84.1757142857,296.128571429,296.1,296.671428571,300.235714286,27.35,26.4333333333,25.7166666667,27.05,0.2335857,0.3415,0.2376,0.1747571,0.161,0.2606667,0.1912667,0.1033167,0.1966143,0.3293857,0.1258571,0.2582429,0.2267,0.3690714,0.2314429,0.1767286,31.93,87.18,50.02,149.71,15.579047619033332,15.702142857124999,296.24047619066664,296.34821428575,26.694444444433334,26.45,93.12380952379999,93.35714285712501,0.24350000000000005,0.24202500000000002,0.18556113333333332,0.186987525,0.22484286666666667,0.200096425,0.2509571333333333,0.246078575,61.98333333333334,58.99250000000001,0.7485107481711011,0.6631226582407953,0.0
iq,2001,8,2001-02-19,0.1353714,0.0823,0.1297571,0.1840429,16.17,296.07,296.978571429,294.73,304.4,290.6,34.18,92.8428571429,16.17,16.2514285714,7.58571428571,26.9333333333,10.0,33.2,21.0,38.1,0,15.93,14.9471428571,15.86,16.0714285714,294.438571429,293.408571429,294.411428571,294.594285714,94.8842857143,89.08,95.4071428571,94.0571428571,296.492857143,296.128571429,296.1,296.671428571,26.3,27.35,26.4333333333,25.7166666667,0.1554143,0.2335857,0.3415,0.2376,0.1350167,0.161,0.2606667,0.1912667,0.1485286,0.1966143,0.3293857,0.1258571,0.1571,0.2267,0.3690714,0.2314429,66.84,31.93,87.18,50.02,15.7095238095,15.747142857125,296.5333333336667,296.42500000024995,26.8611111111,26.75416666665,92.26904761906667,93.053571428575,0.17479046666666667,0.21646785000000002,0.12610556666666667,0.15974585,0.1583,0.201071425,0.18928096666666663,0.23422857500000002,38.31333333333334,50.53,0.8229838658936564,0.5680647467311559,0.0
iq,2001,9,2001-02-26,0.30764,0.2282167,0.2245,0.2912833,47.14,297.038571429,298.307142857,295.767142857,305.1,293.7,26.96,93.3142857143,47.14,17.3085714286,7.38571428571,26.56,9.48,33.2,20.5,21.1,0,16.2514285714,15.93,14.9471428571,15.86,294.73,294.438571429,293.408571429,294.411428571,92.8428571429,94.8842857143,89.08,95.4071428571,296.978571429,296.492857143,296.128571429,296.1,26.9333333333,26.3,27.35,26.4333333333,0.1353714,0.1554143,0.2335857,0.3415,0.0823,0.1350167,0.161,0.2606667,0.1297571,0.1485286,0.1966143,0.3293857,0.1840429,0.1571,0.2267,0.3690714,16.17,66.84,31.93,87.18,16.49666666666667,16.109285714275,297.25952380966663,296.9767857145,26.597777777766666,26.785833333325,93.68047619049999,92.530357142875,0.19947523333333336,0.20800285000000002,0.14851113333333332,0.15163335,0.16759523333333334,0.17485,0.2108087333333333,0.21478155000000002,43.38333333333335,40.52,0.8854560256532099,0.4647231720437686,0.0
iq,2001,10,2001-03-05,0.1820429,0.289,0.2068714,0.2063286,118.07,297.618571429,298.692857143,296.46,305.8,294.8,83.89,94.0928571429,118.07,18.0557142857,6.58571428571,27.2,10.15,33.3,20.0,87.1,0,17.3085714286,16.2514285714,15.93,14.9471428571,295.767142857,294.73,294.438571429,293.408571429,93.3142857143,92.8428571429,94.8842857143,89.08,298.307142857,296.978571429,296.492857143,296.128571429,26.56,26.9333333333,26.3,27.35,0.30764,0.1353714,0.1554143,0.2335857,0.2282167,0.0823,0.1350167,0.161,0.2245,0.1297571,0.1485286,0.1966143,0.2912833,0.1840429,0.1571,0.2267,47.14,16.17,66.84,31.93,17.205238095233337,16.886428571425,297.992857143,297.61785714300004,26.897777777766663,26.748333333325,93.4166666667,93.7835714286,0.20835143333333336,0.19511715000000002,0.1998389,0.18363334999999997,0.1870428333333333,0.177414275,0.22721826666666664,0.2096887,60.46,62.055,0.9350162426854148,0.35460488704253557,0.0
iq,2001,11,2001-03-12,0.2053833,0.1769,0.2063571,0.2041286,74.34,296.79,298.128571429,295.544285714,309.3,292.8,195.2,94.0942857143,74.34,17.0657142857,8.28571428571,27.05,12.1,34.2,20.0,39.9,0,18.0557142857,17.3085714286,16.2514285714,15.93,296.46,295.767142857,294.73,294.438571429,94.0928571429,93.3142857143,92.8428571429,94.8842857143,298.692857143,298.307142857,296.978571429,296.492857143,27.2,26.56,26.9333333333,26.3,0.1820429,0.30764,0.1353714,0.1554143,0.289,0.2282167,0.0823,0.1350167,0.2068714,0.2245,0.1297571,0.1485286,0.2063286,0.2912833,0.1840429,0.1571,118.07,47.14,16.17,66.84,17.476666666666667,17.17035714285,298.3761904763333,298.02678571449997,26.936666666666667,26.935833333325,93.83380952383334,93.58607142860001,0.23168873333333337,0.2076094,0.23137223333333332,0.194104175,0.21257616666666668,0.1918714,0.23391349999999997,0.22144585,79.85000000000001,63.93,0.970941817426052,0.23931566428755804,0.0
iq,2001,12,2001-03-19,0.1883429,0.1950333,0.1635429,0.2841429,90.35,298.701428571,299.75,295.157142857,309.7,293.2,32.6,82.8014285714,90.35,16.7571428571,10.6142857143,27.4333333333,11.4333333333,34.1,20.0,70.8,0,17.0657142857,18.0557142857,17.3085714286,16.2514285714,295.544285714,296.46,295.767142857,294.73,94.0942857143,94.0928571429,93.3142857143,92.8428571429,298.128571429,298.692857143,298.307142857,296.978571429,27.05,27.2,26.56,26.9333333333,0.2053833,0.1820429,0.30764,0.1353714,0.1769,0.289,0.2282167,0.0823,0.2063571,0.2068714,0.2245,0.1297571,0.2041286,0.2063286,0.2912833,0.1840429,74.34,118.07,47.14,16.17,17.292857142833334,17.296785714275,298.8571428573334,298.71964285725,27.227777777766665,27.060833333325,90.32952380953333,91.075714285725,0.19192303333333335,0.22085227500000001,0.2203111,0.2222875,0.1922571333333333,0.20031785,0.2315333666666666,0.24647085,94.25333333333333,82.475,0.992708874098054,0.120536680255323,0.0
iq,2001,13,2001-03-26,0.16238,0.1508167,0.09465714,0.1322571,94.06,296.852857143,297.6,296.078571429,303.2,292.8,304.52,95.9242857143,94.06,17.6685714286,6.2,27.05,10.95,34.2,20.0,80.0,0,16.7571428571,17.0657142857,18.0557142857,17.3085714286,295.157142857,295.544285714,296.46,295.767142857,82.8014285714,94.0942857143,94.0928571429,93.3142857143,299.75,298.128571429,298.692857143,298.307142857,27.4333333333,27.05,27.2,26.56,0.1883429,0.2053833,0.1820429,0.30764,0.1950333,0.1769,0.289,0.2282167,0.1635429,0.2063571,0.2068714,0.2245,0.2841429,0.2041286,0.2063286,0.2912833,90.35,74.34,118.07,47.14,17.1638095238,17.386785714275,298.492857143,298.542857143,27.177777777766664,27.183333333325,90.94,91.728214285725,0.18536873333333334,0.184537275,0.17425000000000002,0.2029375,0.15485237999999998,0.167857135,0.20684286666666662,0.2067143,86.25,94.20500000000001,1.0,-1.6081226496766364e-16,0.0
iq,2001,14,2001-04-02,0.2678143,0.3126429,0.2615,0.2584,86.46,296.305714286,297.828571429,295.695714286,305.5,292.9,91.43,96.7371428571,86.46,17.21,6.65714285714,27.16,10.98,35.0,20.5,46.2,0,17.6685714286,16.7571428571,17.0657142857,18.0557142857,296.078571429,295.157142857,295.544285714,296.46,95.9242857143,82.8014285714,94.0942857143,94.0928571429,297.6,299.75,298.128571429,298.692857143,27.05,27.4333333333,27.05,27.2,0.16238,0.1883429,0.2053833,0.1820429,0.1508167,0.1950333,0.1769,0.289,0.09465714,0.1635429,0.2063571,0.2068714,0.1322571,0.2841429,0.2041286,0.2063286,94.06,90.35,74.34,118.07,17.2119047619,17.17535714285,298.392857143,298.32678571450003,27.214444444433337,27.173333333324997,91.82095238093332,92.38928571427499,0.20617906666666666,0.20598012500000001,0.21949763333333336,0.208848225,0.17323334666666668,0.181514285,0.2249333333333333,0.21973215,90.29,86.3025,0.992708874098054,-0.12053668025532288,0.0
iq,2001,15,2001-04-09,0.3827571,0.3709714,0.3438857,0.3762714,80.82,297.175714286,298.3,296.13,305.5,292.1,110.1,94.6028571429,80.82,17.6957142857,6.77142857143,26.46,11.66,34.0,19.5,120.1,0,17.21,17.6685714286,16.7571428571,17.0657142857,295.695714286,296.078571429,295.157142857,295.544285714,96.7371428571,95.9242857143,82.8014285714,94.0942857143,297.828571429,297.6,299.75,298.128571429,27.16,27.05,27.4333333333,27.05,0.2678143,0.16238,0.1883429,0.2053833,0.3126429,0.1508167,0.1950333,0.1769,0.2615,0.09465714,0.1635429,0.2063571,0.2584,0.1322571,0.2841429,0.2041286,86.46,94.06,90.35,74.34,17.524761904766667,17.33285714285,297.9095238096667,298.36964285725,26.89,27.025833333325,95.75476190476667,92.516428571425,0.2709838,0.250323575,0.27814366666666673,0.25736607499999997,0.23334761333333334,0.215896435,0.2556428333333333,0.26276784999999997,87.11333333333334,87.9225,0.9709418174260521,-0.2393156642875575,0.0
iq,2001,16,2001-04-16,0.3125429,0.2822143,0.2621286,0.4074857,77.73,297.062857143,298.15,295.985714286,305.1,292.8,120.32,94.6157142857,77.73,17.52,7.5,27.34,11.04,33.5,20.4,45.3,1,17.6957142857,17.21,17.6685714286,16.7571428571,296.13,295.695714286,296.078571429,295.157142857,94.6028571429,96.7371428571,95.9242857143,82.8014285714,298.3,297.828571429,297.6,299.75,26.46,27.16,27.05,27.4333333333,0.3827571,0.2678143,0.16238,0.1883429,0.3709714,0.3126429,0.1508167,0.1950333,0.3438857,0.2615,0.09465714,0.1635429,0.3762714,0.2584,0.1322571,0.2841429,80.82,86.46,94.06,90.35,17.475238095233333,17.523571428575,298.092857143,297.96964285725,26.986666666666668,27.002499999999998,95.31857142856666,95.47,0.32103810000000005,0.281373575,0.32194286666666666,0.279161325,0.28917143333333334,0.24054286,0.34738569999999996,0.29360355,81.67,84.76750000000001,0.9350162426854148,-0.35460488704253545,0.6931471805599453
iq,2001,17,2001-04-23,0.2456143,0.2148429,0.2733714,0.2288,78.01,297.961428571,299.207142857,295.428571429,307.8,293.2,78.3,88.1485714286,78.01,16.9685714286,10.2428571429,27.6333333333,10.9333333333,34.3,21.0,14.9,0,17.52,17.6957142857,17.21,17.6685714286,295.985714286,296.13,295.695714286,296.078571429,94.6157142857,94.6028571429,96.7371428571,95.9242857143,298.15,298.3,297.828571429,297.6,27.34,26.46,27.16,27.05,0.3125429,0.3827571,0.2678143,0.16238,0.2822143,0.3709714,0.3126429,0.1508167,0.2621286,0.3438857,0.2615,0.09465714,0.4074857,0.3762714,0.2584,0.1322571,77.73,80.82,86.46,94.06,17.394761904766668,17.348571428575,298.55238095233335,298.3714285715,27.144444444433333,27.148333333325,92.45571428573334,93.526071428575,0.3136381,0.30218215000000004,0.2893428666666667,0.29516787499999997,0.29312856666666665,0.28522142500000003,0.33751903333333333,0.317739275,78.85333333333334,80.755,0.8854560256532099,-0.4647231720437685,0.0
iq,2001,18,2001-04-30,0.2540143,0.179,0.3128286,0.2625571,94.77,297.285714286,298.65,295.74,305.6,293.1,103.87,92.1928571429,94.77,17.3057142857,7.41428571429,27.625,11.325,35.2,20.5,51.0,0,16.9685714286,17.52,17.6957142857,17.21,295.428571429,295.985714286,296.13,295.695714286,88.1485714286,94.6157142857,94.6028571429,96.7371428571,299.207142857,298.15,298.3,297.828571429,27.6333333333,27.34,26.46,27.16,0.2456143,0.3125429,0.3827571,0.2678143,0.2148429,0.2822143,0.3709714,0.3126429,0.2733714,0.2621286,0.3438857,0.2615,0.2288,0.4074857,0.3762714,0.2584,78.01,77.73,80.82,86.46,17.264761904766665,17.372500000000002,298.66904761899997,298.57678571425,27.532777777766665,27.264583333325,91.6523809524,92.390000000025,0.27072383333333333,0.29873215000000003,0.2253524,0.26175715,0.2827762,0.298053575,0.29961426666666663,0.31877855,83.50333333333333,82.83250000000001,0.8229838658936565,-0.5680647467311557,0.0
iq,2001,19,2001-05-07,0.2664571,0.1886,0.1962,0.2273286,45.56,297.135714286,298.2,296.332857143,305.1,292.1,85.9,95.82,45.56,17.8914285714,7.08571428571,26.6,8.8,32.7,21.4,66.0,0,17.3057142857,16.9685714286,17.52,17.6957142857,295.74,295.428571429,295.985714286,296.13,92.1928571429,88.1485714286,94.6157142857,94.6028571429,298.65,299.207142857,298.15,298.3,27.625,27.6333333333,27.34,26.46,0.2540143,0.2456143,0.3125429,0.3827571,0.179,0.2148429,0.2822143,0.3709714,0.3128286,0.2733714,0.2621286,0.3438857,0.2625571,0.2288,0.4074857,0.3762714,94.77,78.01,77.73,80.82,17.388571428566667,17.421428571424997,298.6857142856666,298.55178571425,27.286111111100002,27.299583333325,92.05380952383332,92.6942857143,0.25536190000000003,0.26965715,0.19414763333333332,0.21616429999999998,0.26080000000000003,0.26113215,0.23956189999999997,0.28154285,72.78000000000002,74.01750000000001,0.7485107481711013,-0.663122658240795,0.0
iq,2001,20,2001-05-14,0.3153429,0.31965,0.2627,0.3034857,74.08,297.297142857,298.307142857,296.99,305.6,294.7,80.3,98.3414285714,74.08,18.64,5.64285714286,27.01666666665,10.366666666650001,32.5,20.95,0.0,0,17.8914285714,17.3057142857,16.9685714286,17.52,296.332857143,295.74,295.428571429,295.985714286,95.82,92.1928571429,88.1485714286,94.6157142857,298.2,298.65,299.207142857,298.15,26.6,27.625,27.6333333333,27.34,0.2664571,0.2540143,0.2456143,0.3125429,0.1886,0.179,0.2148429,0.2822143,0.1962,0.3128286,0.2733714,0.2621286,0.2273286,0.2625571,0.2288,0.4074857,45.56,94.77,78.01,77.73,17.9457142857,17.701428571424998,298.3857142856666,298.59107142849996,27.080555555550003,27.2187499999875,95.45142857143333,93.625714285725,0.27860476666666667,0.27035715000000005,0.22908333333333333,0.225523225,0.2572428666666667,0.26127500000000003,0.26445713333333326,0.25554285,71.47000000000001,73.105,0.6631226582407952,-0.7485107481711012,0.0
iq,2001,21,2001-05-21,0.2985857,0.3796667,0.1842429,0.2685286,70.81,296.922857143,297.957142857,295.827142857,305.6,293.0,53.1,94.71,70.81,17.3685714286,8.54285714286,27.4333333333,11.9333333333,34.2,20.5,64.1,1,18.64,17.8914285714,17.3057142857,16.9685714286,296.99,296.332857143,295.74,295.428571429,98.3414285714,95.82,92.1928571429,88.1485714286,298.307142857,298.2,298.65,299.207142857,27.01666666665,26.6,27.625,27.6333333333,0.3153429,0.2664571,0.2540143,0.2456143,0.31965,0.1886,0.179,0.2148429,0.2627,0.1962,0.3128286,0.2733714,0.3034857,0.2273286,0.2625571,0.2288,74.08,45.56,94.77,78.01,17.966666666666665,17.801428571425,298.15476190466666,298.27857142849996,27.01666666665,27.168749999987497,96.29047619046666,95.266071428575,0.2934619,0.2836,0.2959722333333334,0.266729175,0.21438096666666664,0.238992875,0.26644763333333327,0.265475,63.48333333333334,71.305,0.5680647467311558,-0.8229838658936564,0.6931471805599453
iq,2001,22,2001-05-28,0.2999429,0.3029429,0.3187143,0.3874429,90.07,296.845714286,298.0,295.18,304.8,291.8,20.3,91.4657142857,90.07,16.6942857143,8.8,27.25,12.65,34.8,20.5,32.0,1,17.3685714286,18.64,17.8914285714,17.3057142857,295.827142857,296.99,296.332857143,295.74,94.71,98.3414285714,95.82,92.1928571429,297.957142857,298.307142857,298.2,298.65,27.4333333333,27.01666666665,26.6,27.625,0.2985857,0.3153429,0.2664571,0.2540143,0.3796667,0.31965,0.1886,0.179,0.1842429,0.2627,0.1962,0.3128286,0.2685286,0.3034857,0.2273286,0.2625571,70.81,74.08,45.56,94.77,17.567619047633332,17.648571428575,298.088095238,298.1160714285,27.233333333316665,27.074999999987497,94.83904761903334,95.084285714275,0.3046238333333333,0.29508215,0.3340865333333333,0.2977149,0.25521906666666666,0.2404643,0.31981906666666665,0.29669645,78.32000000000001,70.13,0.46472317204376906,-0.8854560256532096,0.6931471805599453
iq,2001,23,2001-06-04,0.3635667,0.1819143,0.2539714,0.2467286,126.46,296.691428571,297.892857143,294.46,307.6,291.5,30.63,89.4871428571,126.46,15.9685714286,9.72857142857,26.8666666667,10.7333333333,34.0,19.8,17.0,0,16.6942857143,17.3685714286,18.64,17.8914285714,295.18,295.827142857,296.99,296.332857143,91.4657142857,94.71,98.3414285714,95.82,298.0,297.957142857,298.307142857,298.2,27.25,27.4333333333,27.01666666665,26.6,0.2999429,0.2985857,0.3153429,0.2664571,0.3029429,0.3796667,0.31965,0.1886,0.3187143,0.1842429,0.2627,0.1962,0.3874429,0.2685286,0.3034857,0.2273286,90.07,70.81,74.08,45.56,16.677142857166668,17.167857142875,297.95000000000005,298.03928571425,27.183333333333334,27.1416666666625,91.88761904760001,93.50107142855,0.32069843333333337,0.31935955,0.2881746333333333,0.296043475,0.25230953333333334,0.25490715,0.3009000333333333,0.30154645,95.77999999999999,90.35499999999999,0.35460488704253584,-0.9350162426854147,0.0
iq,2001,24,2001-06-11,0.3170833,0.2989667,0.2198714,0.2173429,47.13,295.482857143,296.435714286,294.341428571,302.6,291.9,95.06,94.0171428571,47.13,15.7828571429,7.27142857143,26.88,10.68,33.4,20.0,37.1,0,15.9685714286,16.6942857143,17.3685714286,18.64,294.46,295.18,295.827142857,296.99,89.4871428571,91.4657142857,94.71,98.3414285714,297.892857143,298.0,297.957142857,298.307142857,26.8666666667,27.25,27.4333333333,27.01666666665,0.3635667,0.2999429,0.2985857,0.3153429,0.1819143,0.3029429,0.3796667,0.31965,0.2539714,0.3187143,0.1842429,0.2627,0.2467286,0.3874429,0.2685286,0.3034857,126.46,90.07,70.81,74.08,16.1485714286,16.4535714286,297.442857143,297.5714285715,26.9988888889,27.1075,91.65666666663333,92.419999999975,0.3268643,0.31979465,0.26127463333333334,0.29087265,0.2641857,0.2442,0.2838381333333333,0.28001075000000003,87.88666666666666,83.6175,0.23931566428755768,-0.970941817426052,0.0
iq,2001,25,2001-06-18,0.1041,0.1082429,0.05965714,0.1137571,53.93,296.0,297.321428571,293.647142857,305.2,291.0,13.45,88.1714285714,53.93,15.1342857143,9.41428571429,26.4,10.05,33.2,20.5,9.9,1,15.7828571429,15.9685714286,16.6942857143,17.3685714286,294.341428571,294.46,295.18,295.827142857,94.0171428571,89.4871428571,91.4657142857,94.71,296.435714286,297.892857143,298.0,297.957142857,26.88,26.8666666667,27.25,27.4333333333,0.3170833,0.3635667,0.2999429,0.2985857,0.2989667,0.1819143,0.3029429,0.3796667,0.2198714,0.2539714,0.3187143,0.1842429,0.2173429,0.2467286,0.3874429,0.2685286,47.13,126.46,90.07,70.81,15.628571428599999,15.895000000025,297.2166666666667,297.4125,26.715555555566667,26.849166666675,90.55857142853331,90.78535714282499,0.26158333333333333,0.271173225,0.19637463333333335,0.2230167,0.17783331333333333,0.21305356,0.1926095333333333,0.24131787500000002,75.83999999999999,79.39750000000001,0.12053668025532308,-0.992708874098054,0.6931471805599453
iq,2001,26,2001-06-25,0.1923,0.2752857,0.3164571,0.3254143,1.22,294.845714286,296.0,290.572857143,306.1,288.4,1.82,79.3228571429,1.22,12.4642857143,12.3428571429,26.45,10.708333333350001,32.3,17.1,31.0,0,15.1342857143,15.7828571429,15.9685714286,16.6942857143,293.647142857,294.341428571,294.46,295.18,88.1714285714,94.0171428571,89.4871428571,91.4657142857,297.321428571,296.435714286,297.892857143,298.0,26.4,26.88,26.8666666667,27.25,0.1041,0.3170833,0.3635667,0.2999429,0.1082429,0.2989667,0.1819143,0.3029429,0.05965714,0.2198714,0.2539714,0.3187143,0.1137571,0.2173429,0.2467286,0.3874429,53.93,47.13,126.46,90.07,14.460476190500001,14.837500000025,296.58571428566665,296.9125,26.576666666666668,26.649166666675,87.17047619046667,87.749642857125,0.2044944333333333,0.2442625,0.2274984333333334,0.21610239999999997,0.19866187999999999,0.21248926,0.21883809999999995,0.225810725,34.09333333333334,57.185,-3.216245299353273e-16,-1.0,0.0
iq,2001,27,2001-07-02,0.2290833,0.1932667,0.2704571,0.2421857,52.1,295.795714286,297.05,292.752857143,305.0,291.3,23.6,84.8571428571,52.1,14.2971428571,8.55714285714,26.5,11.3666666667,33.2,20.0,70.1,0,12.4642857143,15.1342857143,15.7828571429,15.9685714286,290.572857143,293.647142857,294.341428571,294.46,79.3228571429,88.1714285714,94.0171428571,89.4871428571,296.0,297.321428571,296.435714286,297.892857143,26.45,26.4,26.88,26.8666666667,0.1923,0.1041,0.3170833,0.3635667,0.2752857,0.1082429,0.2989667,0.1819143,0.3164571,0.05965714,0.2198714,0.2539714,0.3254143,0.1137571,0.2173429,0.2467286,1.22,53.93,47.13,126.46,13.965238095233333,14.41964285715,296.7904761903333,296.70178571425,26.45,26.5575,84.11714285713335,86.592142857125,0.1751611,0.21064164999999999,0.19226510000000005,0.21894049999999998,0.21552377999999997,0.21661068500000003,0.22711903333333328,0.224675,35.75000000000001,38.595,-0.12053668025532283,-0.992708874098054,0.0
iq,2001,28,2001-07-09,0.3597167,0.3110571,0.2649857,0.4388429,39.09,295.808571429,297.021428571,293.438571429,307.2,290.3,16.7,88.3228571429,39.09,14.9285714286,9.7,27.35,10.95,33.5,19.5,22.3,0,14.2971428571,12.4642857143,15.1342857143,15.7828571429,292.752857143,290.572857143,293.647142857,294.341428571,84.8571428571,79.3228571429,88.1714285714,94.0171428571,297.05,296.0,297.321428571,296.435714286,26.5,26.45,26.4,26.88,0.2290833,0.1923,0.1041,0.3170833,0.1932667,0.2752857,0.1082429,0.2989667,0.2704571,0.3164571,0.05965714,0.2198714,0.2421857,0.3254143,0.1137571,0.2173429,52.1,1.22,53.93,47.13,13.896666666666668,14.206071428575001,296.69047619033336,296.84821428550003,26.766666666666666,26.674999999999997,84.16761904763334,85.168571428575,0.2603666666666667,0.2213,0.25986983333333336,0.2219631,0.28396663333333333,0.22788925999999998,0.33548096666666655,0.28005,30.80333333333334,36.585,-0.23931566428755743,-0.9709418174260521,0.0
iq,2001,29,2001-07-16,0.3195,0.2050857,0.1947429,0.3616333,52.05,297.555714286,298.928571429,294.115714286,307.9,291.1,18.0,84.2457142857,52.05,15.6057142857,11.4285714286,26.7666666667,10.0666666667,32.8,21.0,36.8,0,14.9285714286,14.2971428571,12.4642857143,15.1342857143,293.438571429,292.752857143,290.572857143,293.647142857,88.3228571429,84.8571428571,79.3228571429,88.1714285714,297.021428571,297.05,296.0,297.321428571,27.35,26.5,26.45,26.4,0.3597167,0.2290833,0.1923,0.1041,0.3110571,0.1932667,0.2752857,0.1082429,0.2649857,0.2704571,0.3164571,0.05965714,0.4388429,0.2421857,0.3254143,0.1137571,39.09,52.1,1.22,53.93,14.943809523799999,14.323928571425,297.6666666666667,297.25,26.872222222233333,26.766666666675,85.80857142856667,84.18714285715001,0.3027666666666667,0.27515,0.23646983333333338,0.2461738,0.24339523333333332,0.26166069999999997,0.34755396666666666,0.34201905,47.74666666666667,36.115,-0.3546048870425356,-0.9350162426854148,0.0
iq,2001,30,2001-07-23,0.2911571,0.2526333,0.2182,0.3259857,54.52,296.815714286,298.221428571,294.991428571,306.0,292.0,38.29,90.8142857143,54.52,16.5057142857,10.2714285714,27.3666666667,11.4,34.0,21.2,25.2,0,15.6057142857,14.9285714286,14.2971428571,12.4642857143,294.115714286,293.438571429,292.752857143,290.572857143,84.2457142857,88.3228571429,84.8571428571,79.3228571429,298.928571429,297.021428571,297.05,296.0,26.7666666667,27.35,26.5,26.45,0.3195,0.3597167,0.2290833,0.1923,0.2050857,0.3110571,0.1932667,0.2752857,0.1947429,0.2649857,0.2704571,0.3164571,0.3616333,0.4388429,0.2421857,0.3254143,52.05,39.09,52.1,1.22,15.68,15.334285714275,298.057142857,297.80535714275,27.161111111133334,26.99583333335,87.79428571429999,87.06,0.32345793333333334,0.299864275,0.2562587,0.2405107,0.2259762,0.237096425,0.3754872999999999,0.3421619,48.55333333333334,49.44,-0.46472317204376806,-0.8854560256532101,0.0
iq,2001,31,2001-07-30,0.2371167,0.1956167,0.1883143,0.1339,27.97,297.291428571,299.178571429,293.452857143,308.1,289.8,9.71,82.2257142857,27.97,14.9857142857,12.8714285714,26.52,10.88,34.0,18.4,10.9,0,16.5057142857,15.6057142857,14.9285714286,14.2971428571,294.991428571,294.115714286,293.438571429,292.752857143,90.8142857143,84.2457142857,88.3228571429,84.8571428571,298.221428571,298.928571429,297.021428571,297.05,27.3666666667,26.7666666667,27.35,26.5,0.2911571,0.3195,0.3597167,0.2290833,0.2526333,0.2050857,0.3110571,0.1932667,0.2182,0.1947429,0.2649857,0.2704571,0.3259857,0.3616333,0.4388429,0.2421857,54.52,52.05,39.09,52.1,15.699047619033331,15.506428571425,298.7761904763333,298.3375,26.884444444466666,27.00083333335,85.7619047619,86.40214285715,0.2825912666666667,0.301872625,0.2177785666666667,0.24109819999999998,0.20041906666666667,0.21656072499999998,0.27383966666666665,0.315090475,44.84666666666667,43.4075,-0.5680647467311556,-0.8229838658936565,0.0
iq,2001,32,2001-08-06,0.2007571,0.2377286,0.2236429,0.2043571,0.0,298.537142857,300.135714286,291.387142857,308.7,291.0,0.2,66.6642857143,0.0,13.1585714286,14.6428571429,27.1,12.175,33.5,17.8,14.45,0,14.9857142857,16.5057142857,15.6057142857,14.9285714286,293.452857143,294.991428571,294.115714286,293.438571429,82.2257142857,90.8142857143,84.2457142857,88.3228571429,299.178571429,298.221428571,298.928571429,297.021428571,26.52,27.3666666667,26.7666666667,27.35,0.2371167,0.2911571,0.3195,0.3597167,0.1956167,0.2526333,0.2050857,0.3110571,0.1883143,0.2182,0.1947429,0.2649857,0.1339,0.3259857,0.3616333,0.4388429,27.97,54.52,52.05,39.09,14.883333333333335,15.063928571424999,299.17857142866666,299.11607142875,26.995555555566668,26.938333333350002,79.90142857143333,80.98750000000001,0.2430103,0.262132725,0.22865953333333336,0.222766075,0.2100524,0.206225025,0.22141426666666664,0.256469025,27.49666666666667,33.635000000000005,-0.663122658240795,-0.7485107481711013,0.0
iq,2001,33,2001-08-13,0.2821714,0.2735571,0.2658571,0.3664571,5.14,298.395714286,299.785714286,292.024285714,309.7,292.0,0.0,69.4757142857,5.14,13.7157142857,13.3142857143,27.125,12.25,33.4,20.0,18.0,0,13.1585714286,14.9857142857,16.5057142857,15.6057142857,291.387142857,293.452857143,294.991428571,294.115714286,66.6642857143,82.2257142857,90.8142857143,84.2457142857,300.135714286,299.178571429,298.221428571,298.928571429,27.1,26.52,27.3666666667,26.7666666667,0.2007571,0.2371167,0.2911571,0.3195,0.2377286,0.1956167,0.2526333,0.2050857,0.2236429,0.1883143,0.2182,0.1947429,0.2043571,0.1339,0.3259857,0.3616333,0.0,27.97,54.52,52.05,13.953333333333333,14.591428571425,299.7000000003333,299.330357143,26.915000000000003,27.027916666675,72.78857142856667,77.29499999999999,0.24001506666666664,0.25280057499999997,0.23563413333333338,0.239883925,0.22593810000000003,0.224003575,0.2349047333333333,0.257674975,11.03666666666667,21.9075,-0.7485107481711011,-0.6631226582407952,0.0
iq,2001,34,2001-08-20,0.2407571,0.1931143,0.2063429,0.2469143,9.97,298.44,299.814285714,294.017142857,308.8,291.7,30.1,78.3885714286,9.97,15.5114285714,12.2,27.6,11.68,34.2,20.0,47.9,0,13.7157142857,13.1585714286,14.9857142857,16.5057142857,292.024285714,291.387142857,293.452857143,294.991428571,69.4757142857,66.6642857143,82.2257142857,90.8142857143,299.785714286,300.135714286,299.178571429,298.221428571,27.125,27.1,26.52,27.3666666667,0.2821714,0.2007571,0.2371167,0.2911571,0.2735571,0.2377286,0.1956167,0.2526333,0.2658571,0.2236429,0.1883143,0.2182,0.3664571,0.2043571,0.1339,0.3259857,5.14,0.0,27.97,54.52,14.128571428566667,14.34285714285,299.911904762,299.72857142875,27.275000000000002,27.08625,71.50952380953332,74.18857142857499,0.24122853333333336,0.24020057500000003,0.23480000000000004,0.225004175,0.23194763333333335,0.22103930000000002,0.2725761666666666,0.237907125,5.0366666666666715,10.77,-0.8229838658936564,-0.5680647467311559,0.0
iq,2001,35,2001-08-27,0.2280714,0.1999857,0.2331429,0.2646429,47.58,298.751428571,300.514285714,293.725714286,311.2,293.0,16.9,76.9557142857,47.58,15.2514285714,12.8,27.2,12.4666666667,35.2,20.0,31.0,0,15.5114285714,13.7157142857,13.1585714286,14.9857142857,294.017142857,292.024285714,291.387142857,293.452857143,78.3885714286,69.4757142857,66.6642857143,82.2257142857,299.814285714,299.785714286,300.135714286,299.178571429,27.6,27.125,27.1,26.52,0.2407571,0.2821714,0.2007571,0.2371167,0.1931143,0.2735571,0.2377286,0.1956167,0.2063429,0.2658571,0.2236429,0.1883143,0.2469143,0.3664571,0.2043571,0.1339,9.97,5.14,0.0,27.97,14.826190476166667,14.409285714275,300.0380952379999,300.0625,27.308333333333334,27.25625,74.94,72.871071428575,0.2503333,0.23793925,0.22221903333333337,0.22609642500000002,0.2351143,0.23224645,0.2926714333333333,0.27059285,20.896666666666672,15.6725,-0.8854560256532096,-0.4647231720437691,0.0
iq,2001,36,2001-09-03,0.30695,0.2410286,0.1908714,0.3389429,44.45,298.691428571,300.521428571,294.905714286,311.2,291.7,39.8,81.9871428571,44.45,16.4371428571,13.4428571429,27.375,12.15,34.3,20.8,35.1,0,15.2514285714,15.5114285714,13.7157142857,13.1585714286,293.725714286,294.017142857,292.024285714,291.387142857,76.9557142857,78.3885714286,69.4757142857,66.6642857143,300.514285714,299.814285714,299.785714286,300.135714286,27.2,27.6,27.125,27.1,0.2280714,0.2407571,0.2821714,0.2007571,0.1999857,0.1931143,0.2735571,0.2377286,0.2331429,0.2063429,0.2658571,0.2236429,0.2646429,0.2469143,0.3664571,0.2043571,47.58,9.97,5.14,0.0,15.733333333300001,15.228928571400001,300.283333333,300.15892857125,27.391666666666666,27.325,79.11047619046666,76.70178571427499,0.2585928333333333,0.264487475,0.21137620000000004,0.226921425,0.21011906666666666,0.224053575,0.2835000333333333,0.3042393,34.00000000000001,26.785,-0.9350162426854147,-0.3546048870425359,0.0
iq,2001,37,2001-09-10,0.3084571,0.2503143,0.2983,0.4290714,36.2,298.665714286,300.121428571,294.122857143,311.5,290.9,19.6,78.9571428571,36.2,15.6585714286,13.7857142857,27.375,11.525,35.2,20.1,41.9,0,16.4371428571,15.2514285714,15.5114285714,13.7157142857,294.905714286,293.725714286,294.017142857,292.024285714,81.9871428571,76.9557142857,78.3885714286,69.4757142857,300.521428571,300.514285714,299.814285714,299.785714286,27.375,27.2,27.6,27.125,0.30695,0.2280714,0.2407571,0.2821714,0.2410286,0.1999857,0.1931143,0.2735571,0.1908714,0.2331429,0.2063429,0.2658571,0.3389429,0.2646429,0.2469143,0.3664571,44.45,47.58,9.97,5.14,15.782380952366667,15.714642857125,300.38571428533334,300.2428571425,27.316666666666666,27.3875,79.29999999996666,79.07214285712499,0.2811595,0.2710589,0.2304428666666667,0.221110725,0.2407714333333333,0.2321643,0.34421906666666663,0.319892875,42.74333333333334,34.55,-0.970941817426052,-0.23931566428755774,0.0
iq,2001,38,2001-09-17,0.3533143,0.3439714,0.3586714,0.3530429,66.4,297.962857143,299.421428571,294.597142857,309.0,292.9,65.54,84.0328571429,66.4,16.1042857143,10.9285714286,27.525,12.75,35.0,20.2,69.0,0,15.6585714286,16.4371428571,15.2514285714,15.5114285714,294.122857143,294.905714286,293.725714286,294.017142857,78.9571428571,81.9871428571,76.9557142857,78.3885714286,300.121428571,300.521428571,300.514285714,299.814285714,27.375,27.375,27.2,27.6,0.3084571,0.30695,0.2280714,0.2407571,0.2503143,0.2410286,0.1999857,0.1931143,0.2983,0.1908714,0.2331429,0.2063429,0.4290714,0.3389429,0.2646429,0.2469143,36.2,44.45,47.58,9.97,16.066666666666666,15.86285714285,300.02142857100006,300.14464285675,27.425,27.36875,81.65904761903333,80.4832142857,0.3229071333333334,0.2991982,0.2784381,0.25882499999999997,0.28261426666666667,0.27024642499999996,0.37368573333333327,0.346425025,49.01666666666667,48.6575,-0.992708874098054,-0.12053668025532357,0.0
iq,2001,39,2001-09-24,0.3346714,0.3886143,0.2854,0.3197714,26.48,298.707142857,300.907142857,294.295714286,310.4,291.7,21.9,79.3657142857,26.48,15.8942857143,14.0428571429,27.25,11.925,33.4,20.3,13.2,0,16.1042857143,15.6585714286,16.4371428571,15.2514285714,294.597142857,294.122857143,294.905714286,293.725714286,84.0328571429,78.9571428571,81.9871428571,76.9557142857,299.421428571,300.121428571,300.521428571,300.514285714,27.525,27.375,27.375,27.2,0.3533143,0.3084571,0.30695,0.2280714,0.3439714,0.2503143,0.2410286,0.1999857,0.3586714,0.2983,0.1908714,0.2331429,0.3530429,0.4290714,0.3389429,0.2646429,66.4,36.2,44.45,47.58,15.885714285733334,16.023571428575,300.14999999966665,300.24285714250004,27.383333333333336,27.38125,80.78523809523334,81.08571428569999,0.33214760000000004,0.32584820000000003,0.3276333333333334,0.30598215,0.31412379999999995,0.28331069999999997,0.3672952333333333,0.36020715000000003,43.02666666666667,43.38250000000001,-1.0,-1.8369701987210297e-16,0.0
iq,2001,40,2001-10-01,0.3343857,0.2712857,0.2416857,0.4444,63.42,299.547142857,300.707142857,294.768571429,311.0,291.8,32.6,78.33,63.42,16.34,14.1285714286,28.3,13.34,35.5,20.4,14.2,0,15.8942857143,16.1042857143,15.6585714286,16.4371428571,294.295714286,294.597142857,294.122857143,294.905714286,79.3657142857,84.0328571429,78.9571428571,81.9871428571,300.907142857,299.421428571,300.121428571,300.521428571,27.25,27.525,27.375,27.375,0.3346714,0.3533143,0.3084571,0.30695,0.3886143,0.3439714,0.2503143,0.2410286,0.2854,0.3586714,0.2983,0.1908714,0.3197714,0.3530429,0.4290714,0.3389429,26.48,66.4,36.2,44.45,16.11285714286667,15.999285714300001,300.345238095,300.289285714,27.691666666666666,27.6125,80.5761904762,80.171428571425,0.3407904666666666,0.332707125,0.33462379999999997,0.313546425,0.29525236666666665,0.296014275,0.3724047666666666,0.38657142499999997,52.1,48.125,-0.992708874098054,0.1205366802553232,0.0
iq,2001,41,2001-10-08,0.4202857,0.3819571,0.4438,0.5460167,58.75,299.158571429,300.285714286,293.812857143,312.3,290.8,12.3,74.4185714286,58.75,15.3271428571,11.3428571429,28.525,12.475,36.8,21.8,30.9,0,16.34,15.8942857143,16.1042857143,15.6585714286,294.768571429,294.295714286,294.597142857,294.122857143,78.33,79.3657142857,84.0328571429,78.9571428571,300.707142857,300.907142857,299.421428571,300.121428571,28.3,27.25,27.525,27.375,0.3343857,0.3346714,0.3533143,0.3084571,0.2712857,0.3886143,0.3439714,0.2503143,0.2416857,0.2854,0.3586714,0.2983,0.4444,0.3197714,0.3530429,0.4290714,63.42,26.48,66.4,36.2,15.8538095238,15.916428571425001,300.6333333333334,300.33035714274996,28.025000000000002,27.9,77.37142857143333,79.0367857143,0.3631142666666667,0.360664275,0.34728570000000003,0.346457125,0.3236285666666667,0.332389275,0.4367293666666667,0.41580775,49.55000000000001,53.7625,-0.9709418174260521,0.23931566428755738,0.0
iq,2001,42,2001-10-15,0.3102,0.2971286,0.3454857,0.3820571,77.89,300.308571429,302.2,294.214285714,312.9,292.4,49.2,72.1628571429,77.89,15.8728571429,12.8857142857,27.6333333333,12.5333333333,36.7,20.0,159.0,0,15.3271428571,16.34,15.8942857143,16.1042857143,293.812857143,294.768571429,294.295714286,294.597142857,74.4185714286,78.33,79.3657142857,84.0328571429,300.285714286,300.707142857,300.907142857,299.421428571,28.525,28.3,27.25,27.525,0.4202857,0.3343857,0.3346714,0.3533143,0.3819571,0.2712857,0.3886143,0.3439714,0.4438,0.2416857,0.2854,0.3586714,0.5460167,0.4444,0.3197714,0.3530429,58.75,63.42,26.48,66.4,15.846666666666664,15.858571428575,301.0642857143333,301.025,28.15277777776667,27.927083333324997,74.9704761905,76.0692857143,0.3549571333333333,0.34988569999999997,0.3167904666666667,0.33474642500000007,0.3436571333333333,0.32909285,0.4574912666666666,0.4230613,66.68666666666667,56.635,-0.9350162426854148,0.35460488704253557,0.0
iq,2001,43,2001-10-22,0.1244833,0.2392667,0.1845,0.2055714,77.15,298.584285714,300.071428571,296.607142857,310.6,293.9,114.36,90.2657142857,77.15,18.2671428571,9.85714285714,28.0666666667,11.9666666667,35.0,21.0,89.1,0,15.8728571429,15.3271428571,16.34,15.8942857143,294.214285714,293.812857143,294.768571429,294.295714286,72.1628571429,74.4185714286,78.33,79.3657142857,302.2,300.285714286,300.707142857,300.907142857,27.6333333333,28.525,28.3,27.25,0.3102,0.4202857,0.3343857,0.3346714,0.2971286,0.3819571,0.2712857,0.3886143,0.3454857,0.4438,0.2416857,0.2854,0.3820571,0.5460167,0.4444,0.3197714,77.89,58.75,63.42,26.48,16.489047619033332,16.451785714275,300.8523809523333,300.8160714285,28.075000000000003,28.13125,78.94904761906666,78.7942857143,0.28498966666666664,0.297338675,0.30611746666666667,0.297409525,0.3245952333333333,0.30386784999999994,0.3778817333333333,0.39451129999999995,71.26333333333334,69.30250000000001,-0.8854560256532101,0.464723172043768,0.0
iq,2001,44,2001-10-29,0.2108857,0.2075667,0.2066143,0.232,83.53,298.341428571,299.507142857,295.305714286,308.8,292.0,46.46,85.5728571429,83.53,16.9585714286,11.2714285714,27.64,10.38,35.8,21.5,76.0,0,18.2671428571,15.8728571429,15.3271428571,16.34,296.607142857,294.214285714,293.812857143,294.768571429,90.2657142857,72.1628571429,74.4185714286,78.33,300.071428571,302.2,300.285714286,300.707142857,28.0666666667,27.6333333333,28.525,28.3,0.1244833,0.3102,0.4202857,0.3343857,0.2392667,0.2971286,0.3819571,0.2712857,0.1845,0.3454857,0.4438,0.2416857,0.2055714,0.3820571,0.5460167,0.4444,77.15,77.89,58.75,63.42,17.032857142866664,16.606428571425,300.5928571426667,300.5160714285,27.78,27.96625,82.66714285716667,80.605000000025,0.2151896666666667,0.266463675,0.24798733333333342,0.281479775,0.2455333333333333,0.2951,0.27320949999999994,0.3414113,79.52333333333333,74.33,-0.822983865893657,0.5680647467311548,0.0
iq,2001,45,2001-11-05,0.3581429,0.2793429,0.3059714,0.3714,34.54,298.514285714,299.75,296.195714286,309.7,292.5,164.74,89.0042857143,34.54,17.8214285714,10.1,27.525,11.025,34.4,21.3,35.1,0,16.9585714286,18.2671428571,15.8728571429,15.3271428571,295.305714286,296.607142857,294.214285714,293.812857143,85.5728571429,90.2657142857,72.1628571429,74.4185714286,299.507142857,300.071428571,302.2,300.285714286,27.64,28.0666666667,27.6333333333,28.525,0.2108857,0.1244833,0.3102,0.4202857,0.2075667,0.2392667,0.2971286,0.3819571,0.2066143,0.1845,0.3454857,0.4438,0.232,0.2055714,0.3820571,0.5460167,83.53,77.15,77.89,58.75,17.682380952366664,17.23,299.776190476,300.38214285699996,27.7438888889,27.716250000000002,88.28095238096667,84.25142857145,0.23117063333333335,0.250927975,0.2420587666666667,0.255826225,0.23236189999999998,0.26064285,0.2696571333333333,0.297757125,65.07333333333334,68.2775,-0.7485107481711011,0.6631226582407952,0.0
iq,2001,46,2001-11-12,0.2773286,0.2303,0.2773,0.2969714,61.82,298.847142857,300.578571429,296.198571429,310.5,294.0,181.2,87.4814285714,61.82,17.8,9.7,28.44,10.18,34.5,21.0,43.9,0,17.8214285714,16.9585714286,18.2671428571,15.8728571429,296.195714286,295.305714286,296.607142857,294.214285714,89.0042857143,85.5728571429,90.2657142857,72.1628571429,299.75,299.507142857,300.071428571,302.2,27.525,27.64,28.0666666667,27.6333333333,0.3581429,0.2108857,0.1244833,0.3102,0.2793429,0.2075667,0.2392667,0.2971286,0.3059714,0.2066143,0.1845,0.3454857,0.3714,0.232,0.2055714,0.3820571,34.54,83.53,77.15,77.89,17.526666666666667,17.711785714275,299.9452380953333,299.97678571425,27.86833333333333,27.917916666675,87.35285714286665,88.081071428575,0.2821190666666667,0.242710125,0.2390698666666667,0.23911907500000001,0.2632952333333333,0.243596425,0.3001238,0.2764857,59.96333333333334,64.26,-0.6631226582407955,0.7485107481711007,0.0
iq,2001,47,2001-11-19,0.3297,0.3304167,0.3406429,0.4415714,65.89,299.12,300.485714286,296.752857143,309.5,294.2,56.3,88.8371428571,65.89,18.4514285714,9.22857142857,27.575,11.575,33.7,20.8,31.0,1,17.8,17.8214285714,16.9585714286,18.2671428571,296.198571429,296.195714286,295.305714286,296.607142857,87.4814285714,89.0042857143,85.5728571429,90.2657142857,300.578571429,299.75,299.507142857,300.071428571,28.44,27.525,27.64,28.0666666667,0.2773286,0.3581429,0.2108857,0.1244833,0.2303,0.2793429,0.2075667,0.2392667,0.2773,0.3059714,0.2066143,0.1845,0.2969714,0.3714,0.232,0.2055714,61.82,34.54,83.53,77.15,18.024285714266668,17.75785714285,300.2714285716667,300.080357143,27.846666666666664,27.795,88.44095238093333,87.72392857142499,0.3217238333333333,0.2940143,0.28001986666666673,0.26190657500000003,0.30797143333333327,0.28263215,0.36998093333333326,0.3354857,54.083333333333336,61.445,-0.5680647467311559,0.8229838658936564,0.6931471805599453
iq,2001,48,2001-11-26,0.3015,0.3613,0.3055714,0.3699167,47.46,298.555714286,299.635714286,295.811428571,310.0,294.4,31.5,87.3771428571,47.46,17.4271428571,8.01428571429,28.2333333333,11.6666666667,35.3,21.8,12.2,1,18.4514285714,17.8,17.8214285714,16.9585714286,296.752857143,296.198571429,296.195714286,295.305714286,88.8371428571,87.4814285714,89.0042857143,85.5728571429,300.485714286,300.578571429,299.75,299.507142857,27.575,28.44,27.525,27.64,0.3297,0.2773286,0.3581429,0.2108857,0.3304167,0.2303,0.2793429,0.2075667,0.3406429,0.2773,0.3059714,0.2066143,0.4415714,0.2969714,0.3714,0.232,65.89,61.82,34.54,83.53,17.892857142833332,17.874999999975003,300.2333333336667,300.11250000025,28.082777777766665,27.943333333325,87.89857142853333,88.174999999975,0.30284286666666665,0.316667875,0.3073389,0.3003399,0.30783809999999995,0.30737142500000003,0.3694865,0.36996487499999997,58.39000000000001,52.4275,-0.4647231720437684,0.88545602565321,0.6931471805599453
iq,2001,49,2001-12-03,0.3250571,0.2264714,0.2992571,0.3504714,46.86,298.754285714,300.221428571,295.981428571,308.5,294.6,158.5,87.24,46.86,17.5957142857,8.87142857143,28.425,11.65,35.5,21.2,23.1,1,17.4271428571,18.4514285714,17.8,17.8214285714,295.811428571,296.752857143,296.198571429,296.195714286,87.3771428571,88.8371428571,87.4814285714,89.0042857143,299.635714286,300.485714286,300.578571429,299.75,28.2333333333,27.575,28.44,27.525,0.3015,0.3297,0.2773286,0.3581429,0.3613,0.3304167,0.2303,0.2793429,0.3055714,0.3406429,0.2773,0.3059714,0.3699167,0.4415714,0.2969714,0.3714,47.46,65.89,61.82,34.54,17.824761904733332,17.81857142855,300.11428571433333,300.230357143,28.077777777766666,28.168333333325,87.81809523806668,87.7339285714,0.3187523666666667,0.308396425,0.3060627,0.287122025,0.31515713333333334,0.30569285,0.38731983333333325,0.364732725,53.403333333333336,55.5075,-0.35460488704253595,0.9350162426854147,0.6931471805599453
iq,2001,50,2001-12-10,0.3260333,0.2355333,0.3155714,0.3066429,138.22,298.245714286,299.592857143,297.5,305.8,293.9,72.94,96.1185714286,138.22,19.3057142857,7.78571428571,27.84,10.96,35.0,21.0,75.0,2,17.5957142857,17.4271428571,18.4514285714,17.8,295.981428571,295.811428571,296.752857143,296.198571429,87.24,87.3771428571,88.8371428571,87.4814285714,300.221428571,299.635714286,300.485714286,300.578571429,28.425,28.2333333333,27.575,28.44,0.3250571,0.3015,0.3297,0.2773286,0.2264714,0.3613,0.3304167,0.2303,0.2992571,0.3055714,0.3406429,0.2773,0.3504714,0.3699167,0.4415714,0.2969714,46.86,47.46,65.89,61.82,18.1095238095,18.194999999975,299.81666666666666,299.9839285715,28.166111111099998,28.018333333325,90.24523809523333,89.8932142857,0.31753013333333335,0.3205726,0.27443490000000004,0.28843035,0.30679996666666665,0.3152607,0.34234366666666666,0.3671506,77.51333333333334,74.60749999999999,-0.2393156642875578,0.970941817426052,1.0986122886681096
iq,2001,51,2001-12-17,0.2229429,0.2240714,0.2128143,0.1841286,43.95,298.564285714,299.678571429,297.211428571,309.3,295.1,85.9,93.9471428571,43.95,18.9657142857,7.38571428571,27.075,9.5,32.9,21.0,57.9,4,19.3057142857,17.5957142857,17.4271428571,18.4514285714,297.5,295.981428571,295.811428571,296.752857143,96.1185714286,87.24,87.3771428571,88.8371428571,299.592857143,300.221428571,299.635714286,300.485714286,27.84,28.425,28.2333333333,27.575,0.3260333,0.3250571,0.3015,0.3297,0.2355333,0.2264714,0.3613,0.3304167,0.3155714,0.2992571,0.3055714,0.3406429,0.3066429,0.3504714,0.3699167,0.4415714,138.22,46.86,47.46,65.89,18.622380952366665,18.32357142855,299.83095238100003,299.78214285725,27.78,27.893333333325,92.43523809523333,91.1707142857,0.2913444333333333,0.29388332500000003,0.22869203333333335,0.26184402500000004,0.2758809333333333,0.28330355,0.28041429999999995,0.3027899,76.34333333333332,69.1225,-0.12053668025532363,0.992708874098054,1.6094379124341003
iq,2001,52,2001-12-24,0.2981889,0.3380778,0.2887889,0.3417,100.72,298.238571429,299.35,297.511428571,306.7,294.7,109.64,96.3557142857,100.72,19.3028571429,6.5,27.35,8.65,33.3,22.0,25.1,1,18.9657142857,19.3057142857,17.5957142857,17.4271428571,297.211428571,297.5,295.981428571,295.811428571,93.9471428571,96.1185714286,87.24,87.3771428571,299.678571429,299.592857143,300.221428571,299.635714286,27.075,27.84,28.425,28.2333333333,0.2229429,0.3260333,0.3250571,0.3015,0.2240714,0.2355333,0.2264714,0.3613,0.2128143,0.3155714,0.2992571,0.3055714,0.1841286,0.3066429,0.3504714,0.3699167,43.95,138.22,46.86,47.46,19.19142857143333,18.7925,299.54047619066665,299.71071428575,27.421666666666667,27.6725,95.4738095238,93.41535714285,0.28238836666666667,0.29305555,0.2658941666666667,0.256038475,0.27239153333333327,0.27910792500000003,0.2774904999999999,0.295735725,94.29666666666667,82.4375,6.432490598706546e-16,1.0,0.6931471805599453
iq,2002,1,2002-01-01,0.4057286,0.3484,0.3686429,0.3800143,70.16,297.132857143,297.871428571,296.06,304.5,292.5,109.8,94.5885714286,70.16,17.6185714286,5.94285714286,27.95,9.45,33.2,23.0,45.3,4,19.3028571429,18.9657142857,19.3057142857,17.5957142857,297.511428571,297.211428571,297.5,295.981428571,96.3557142857,93.9471428571,96.1185714286,87.24,299.35,299.678571429,299.592857143,300.221428571,27.35,27.075,27.84,28.425,0.2981889,0.2229429,0.3260333,0.3250571,0.3380778,0.2240714,0.2355333,0.2264714,0.2887889,0.2128143,0.3155714,0.2992571,0.3417,0.1841286,0.3066429,0.3504714,100.72,43.95,138.22,46.86,18.629047619066665,18.798214285725,298.9666666666667,299.12321428575,27.458333333333332,27.55375,94.96380952380001,95.2525,0.3089534666666667,0.313223425,0.3035164000000001,0.286520625,0.2900820333333333,0.29645437500000005,0.3019476333333333,0.30312145,71.61,88.26249999999999,0.12053668025532305,0.992708874098054,1.6094379124341003
iq,2002,2,2002-01-08,0.3275833,0.3759167,0.4102667,0.3833333,64.79,300.012857143,301.271428571,294.912857143,309.8,294.8,5.5,76.6028571429,64.79,16.4828571429,11.4,28.9666666667,11.9333333333,35.4,21.0,7.1,11,17.6185714286,19.3028571429,18.9657142857,19.3057142857,296.06,297.511428571,297.211428571,297.5,94.5885714286,96.3557142857,93.9471428571,96.1185714286,297.871428571,299.35,299.678571429,299.592857143,27.95,27.35,27.075,27.84,0.4057286,0.2981889,0.2229429,0.3260333,0.3484,0.3380778,0.2240714,0.2355333,0.3686429,0.2887889,0.2128143,0.3155714,0.3800143,0.3417,0.1841286,0.3066429,70.16,100.72,43.95,138.22,17.801428571466662,18.092500000024998,299.49761904733333,299.54285714275,28.088888888899998,27.835416666675002,89.18238095240001,90.373571428575,0.34383359999999996,0.313610925,0.35413150000000004,0.321616475,0.3558995,0.3201282,0.36834919999999993,0.32229405,78.55666666666667,69.905,0.23931566428755774,0.970941817426052,2.4849066497880004
iq,2002,3,2002-01-15,0.2410857,0.14565,0.2780286,0.1976429,22.77,299.877142857,300.907142857,294.605714286,309.4,291.8,4.7,75.2042857143,22.77,16.1571428571,12.1285714286,28.8,12.7666666667,36.0,22.0,5.0,16,16.4828571429,17.6185714286,19.3028571429,18.9657142857,294.912857143,296.06,297.511428571,297.211428571,76.6028571429,94.5885714286,96.3557142857,93.9471428571,301.271428571,297.871428571,299.35,299.678571429,28.9666666667,27.95,27.35,27.075,0.3275833,0.4057286,0.2981889,0.2229429,0.3759167,0.3484,0.3380778,0.2240714,0.4102667,0.3686429,0.2887889,0.2128143,0.3833333,0.3800143,0.3417,0.1841286,64.79,70.16,100.72,43.95,16.752857142866663,17.390357142874997,300.0166666663333,299.84999999975,28.572222222233336,28.266666666675,82.13190476193334,85.687857142875,0.3247992,0.318146625,0.28998890000000005,0.30201112499999994,0.3523127333333333,0.336431775,0.32033016666666664,0.32567262500000005,52.57333333333333,64.61,0.3546048870425356,0.9350162426854148,2.833213344056216
iq,2002,4,2002-01-22,0.1041286,0.1483286,0.1121857,0.1419143,121.07,298.915714286,299.878571429,295.11,308.7,293.2,19.91,81.5271428571,121.07,16.6771428571,10.2142857143,27.94,11.8,35.8,21.0,18.0,23,16.1571428571,16.4828571429,17.6185714286,19.3028571429,294.605714286,294.912857143,296.06,297.511428571,75.2042857143,76.6028571429,94.5885714286,96.3557142857,300.907142857,301.271428571,297.871428571,299.35,28.8,28.9666666667,27.95,27.35,0.2410857,0.3275833,0.4057286,0.2981889,0.14565,0.3759167,0.3484,0.3380778,0.2780286,0.4102667,0.3686429,0.2887889,0.1976429,0.3833333,0.3800143,0.3417,22.77,64.79,70.16,100.72,16.43904761903333,16.733928571425,300.6857142856666,299.982142857,28.568888888900002,28.414166666675,77.77809523810001,81.98071428572501,0.22426586666666667,0.26963155,0.2232984333333334,0.254573825,0.266827,0.29228097499999994,0.24096349999999997,0.27572620000000003,69.54333333333334,69.69749999999999,0.4647231720437685,0.8854560256532099,3.1780538303479458
iq,2002,5,2002-01-29,0.14452265,0.1608286,0.1404643,0.16317145,59.4,296.858571429,297.9,296.137142857,304.2,294.1,43.12,96.2671428571,59.4,17.69,5.22857142857,26.3,9.7,32.5,20.8,120.2,12,16.6771428571,16.1571428571,16.4828571429,17.6185714286,295.11,294.605714286,294.912857143,296.06,81.5271428571,75.2042857143,76.6028571429,94.5885714286,299.878571429,300.907142857,301.271428571,297.871428571,27.94,28.8,28.9666666667,27.95,0.1041286,0.2410857,0.3275833,0.4057286,0.1483286,0.14565,0.3759167,0.3484,0.1121857,0.2780286,0.4102667,0.3686429,0.1419143,0.1976429,0.3833333,0.3800143,121.07,22.77,64.79,70.16,16.841428571399998,16.751785714274998,299.561904762,299.98928571424995,27.680000000000003,28.001666666675,84.33285714283333,82.40035714285,0.16324565,0.20433006250000002,0.15160240000000003,0.207680975,0.17689286666666662,0.235236325,0.16757621666666664,0.2215154875,67.74666666666666,67.00750000000001,0.5680647467311558,0.8229838658936564,2.5649493574615367
iq,2002,6,2002-02-05,0.1849167,0.1733286,0.1687429,0.1844286,4.68,295.912857143,296.692857143,295.231428571,304.2,292.0,69.96,96.6414285714,4.68,16.7228571429,5.18571428571,26.625,9.725,34.0,20.8,70.4,14,17.69,16.6771428571,16.1571428571,16.4828571429,296.137142857,295.11,294.605714286,294.912857143,96.2671428571,81.5271428571,75.2042857143,76.6028571429,297.9,299.878571429,300.907142857,301.271428571,26.3,27.94,28.8,28.9666666667,0.14452265,0.1041286,0.2410857,0.3275833,0.1608286,0.1483286,0.14565,0.3759167,0.1404643,0.1121857,0.2780286,0.4102667,0.16317145,0.1419143,0.1976429,0.3833333,59.4,121.07,22.77,64.79,17.03,16.811785714275,298.1571428573333,298.84464285725,26.955000000000002,27.416249999999998,91.47857142853333,87.409999999975,0.14452265,0.1686634125,0.16082860000000002,0.15703395,0.14046429999999996,0.174855375,0.16317144999999994,0.1717893125,61.71666666666666,51.98,0.6631226582407952,0.7485107481711011,2.70805020110221
iq,2002,7,2002-02-12,0.2919714,0.2241429,0.3051,0.3732714,104.37,297.847142857,299.292857143,296.544285714,304.7,294.5,33.3,93.4385714286,104.37,18.1471428571,7.7,27.85,10.725,33.6,20.8,62.8,18,16.7228571429,17.69,16.6771428571,16.1571428571,295.231428571,296.137142857,295.11,294.605714286,96.6414285714,96.2671428571,81.5271428571,75.2042857143,296.692857143,297.9,299.878571429,300.907142857,26.625,26.3,27.94,28.8,0.1849167,0.14452265,0.1041286,0.2410857,0.1733286,0.1608286,0.1483286,0.14565,0.1687429,0.1404643,0.1121857,0.2780286,0.1844286,0.16317145,0.1419143,0.1976429,4.68,59.4,121.07,22.77,17.52,17.309285714275,297.96190476199996,298.44107142875,26.925,27.17875,95.44904761903332,91.96857142855,0.20713691666666664,0.1813848375,0.18610003333333336,0.176657175,0.2047690666666666,0.181623225,0.24029048333333325,0.2156964375,56.15,72.38,0.7485107481711011,0.6631226582407953,2.9444389791664403
iq,2002,8,2002-02-19,0.1288,0.1224333,0.09594286,0.1251714,37.46,297.695714286,299.021428571,296.122857143,305.5,293.9,49.43,92.05,37.46,17.6871428571,7.72857142857,27.02,9.78,33.5,21.0,14.0,8,18.1471428571,16.7228571429,17.69,16.6771428571,296.544285714,295.231428571,296.137142857,295.11,93.4385714286,96.6414285714,96.2671428571,81.5271428571,299.292857143,296.692857143,297.9,299.878571429,27.85,26.625,26.3,27.94,0.2919714,0.1849167,0.14452265,0.1041286,0.2241429,0.1733286,0.1608286,0.1483286,0.3051,0.1687429,0.1404643,0.1121857,0.3732714,0.1844286,0.16317145,0.1419143,104.37,4.68,59.4,121.07,17.519047619033334,17.561785714275,298.33571428566665,298.22678571425,27.165000000000003,26.94875,94.04333333333334,94.599285714275,0.2018960333333333,0.18755268749999998,0.17330160000000003,0.17018334999999998,0.18992858666666665,0.177562515,0.22762379999999993,0.21151071249999998,48.836666666666666,51.4775,0.8229838658936564,0.5680647467311559,2.1972245773362196
iq,2002,9,2002-02-26,0.1162,0.1787429,0.08991429,0.2104143,80.14,297.062857143,298.192857143,296.514285714,305.0,294.5,201.2,97.1571428571,80.14,18.1257142857,5.81428571429,26.7,9.6,32.2,20.5,47.6,7,17.6871428571,18.1471428571,16.7228571429,17.69,296.122857143,296.544285714,295.231428571,296.137142857,92.05,93.4385714286,96.6414285714,96.2671428571,299.021428571,299.292857143,296.692857143,297.9,27.02,27.85,26.625,26.3,0.1288,0.2919714,0.1849167,0.14452265,0.1224333,0.2241429,0.1733286,0.1608286,0.09594286,0.3051,0.1687429,0.1404643,0.1251714,0.3732714,0.1844286,0.16317145,37.46,104.37,4.68,59.4,17.98666666663333,17.6707142857,298.83571428566665,298.3,27.19,27.048750000000002,94.21523809523332,94.82178571427501,0.17899046666666665,0.18047202499999998,0.1751063666666667,0.174661925,0.1636523833333333,0.1649250125,0.23628569999999993,0.22332142500000002,73.99,56.6625,0.8854560256532099,0.4647231720437686,2.0794415416798357
iq,2002,10,2002-03-05,0.3183667,0.2556,0.266,0.2973833,92.84,298.54,299.957142857,296.698571429,308.8,294.5,160.1,91.2214285714,92.84,18.3614285714,8.97142857143,27.85,13.2,35.7,21.0,48.3,10,18.1257142857,17.6871428571,18.1471428571,16.7228571429,296.514285714,296.122857143,296.544285714,295.231428571,97.1571428571,92.05,93.4385714286,96.6414285714,298.192857143,299.021428571,299.292857143,296.692857143,26.7,27.02,27.85,26.625,0.1162,0.1288,0.2919714,0.1849167,0.1787429,0.1224333,0.2241429,0.1733286,0.08991429,0.09594286,0.3051,0.1687429,0.2104143,0.1251714,0.3732714,0.1844286,80.14,37.46,104.37,4.68,18.058095238066667,18.080357142825,299.057142857,299.1160714285,27.189999999999998,27.355,93.47619047616666,93.466785714275,0.1877889,0.213834525,0.1855920666666667,0.195229775,0.15061904999999998,0.1892392875,0.21098966666666663,0.2515601,70.14666666666666,78.7025,0.9350162426854148,0.35460488704253557,2.3978952727983707
iq,2002,11,2002-03-12,0.2483857,0.1795,0.2698143,0.2992333,41.96,298.358571429,300.15,296.238571429,309.2,293.8,46.9,89.7785714286,41.96,17.7957142857,9.41428571429,26.95,10.45,34.5,21.6,9.1,7,18.3614285714,18.1257142857,17.6871428571,18.1471428571,296.698571429,296.514285714,296.122857143,296.544285714,91.2214285714,97.1571428571,92.05,93.4385714286,299.957142857,298.192857143,299.021428571,299.292857143,27.85,26.7,27.02,27.85,0.3183667,0.1162,0.1288,0.2919714,0.2556,0.1787429,0.1224333,0.2241429,0.266,0.08991429,0.09594286,0.3051,0.2973833,0.2104143,0.1251714,0.3732714,92.84,80.14,37.46,104.37,18.094285714266665,17.992499999975,299.43333333333334,299.33035714275,27.166666666666668,27.13,92.71904761903333,92.551785714275,0.22765080000000001,0.20293809999999998,0.20461430000000003,0.18406905,0.20857619666666663,0.18041786249999997,0.2690103,0.233050575,71.64666666666666,63.1,0.970941817426052,0.23931566428755804,2.0794415416798357
iq,2002,12,2002-03-19,0.2265857,0.2483333,0.2302,0.2435143,61.18,297.951428571,299.242857143,296.81,305.8,294.1,92.4,94.1657142857,61.18,18.4428571429,7.37142857143,26.95,11.775,33.3,20.6,76.8,10,17.7957142857,18.3614285714,18.1257142857,17.6871428571,296.238571429,296.698571429,296.514285714,296.122857143,89.7785714286,91.2214285714,97.1571428571,92.05,300.15,299.957142857,298.192857143,299.021428571,26.95,27.85,26.7,27.02,0.2483857,0.3183667,0.1162,0.1288,0.1795,0.2556,0.1787429,0.1224333,0.2698143,0.266,0.08991429,0.09594286,0.2992333,0.2973833,0.2104143,0.1251714,41.96,92.84,80.14,37.46,18.2,18.181428571425002,299.7833333333333,299.38571428575,27.25,27.1125,91.7219047619,93.0807142857,0.26444603333333333,0.227384525,0.22781110000000004,0.21554405000000001,0.25533809999999996,0.2139821475,0.28004363333333326,0.2626363,65.32666666666667,69.03,0.992708874098054,0.120536680255323,2.3978952727983707
iq,2002,13,2002-03-26,0.2127857,0.27455,0.1987,0.2284571,110.42,296.407142857,297.214285714,296.108571429,303.6,293.9,127.9,98.4571428571,110.42,17.68,4.4,26.1,10.3,32.3,20.7,49.0,5,18.4428571429,17.7957142857,18.3614285714,18.1257142857,296.81,296.238571429,296.698571429,296.514285714,94.1657142857,89.7785714286,91.2214285714,97.1571428571,299.242857143,300.15,299.957142857,298.192857143,26.95,26.95,27.85,26.7,0.2265857,0.2483857,0.3183667,0.1162,0.2483333,0.1795,0.2556,0.1787429,0.2302,0.2698143,0.266,0.08991429,0.2435143,0.2992333,0.2973833,0.2104143,61.18,41.96,92.84,80.14,17.97285714286667,18.07,298.869047619,299.1410714285,26.666666666666668,26.9625,94.1338095238,93.4057142857,0.22925236666666668,0.25153095,0.2341277666666667,0.239495825,0.23290476666666662,0.24117857499999998,0.25706823333333323,0.26714699999999997,71.18666666666667,76.6,1.0,-1.6081226496766364e-16,1.791759469228055
iq,2002,14,2002-04-02,0.19708,0.2962286,0.1805,0.2763286,94.01,297.174285714,298.064285714,296.741428571,303.9,294.5,122.3,97.7757142857,94.01,18.3957142857,6.18571428571,27.3,10.4,32.5,20.2,20.1,11,17.68,18.4428571429,17.7957142857,18.3614285714,296.108571429,296.81,296.238571429,296.698571429,98.4571428571,94.1657142857,89.7785714286,91.2214285714,297.214285714,299.242857143,300.15,299.957142857,26.1,26.95,26.95,27.85,0.2127857,0.2265857,0.2483857,0.3183667,0.27455,0.2483333,0.1795,0.2556,0.1987,0.2302,0.2698143,0.266,0.2284571,0.2435143,0.2992333,0.2973833,110.42,61.18,41.96,92.84,18.172857142866665,18.078571428575,298.17380952366665,298.66785714275,26.78333333333333,26.825000000000003,96.7995238095,95.04428571427499,0.21215046666666668,0.221209275,0.27303730000000004,0.249652975,0.2031333333333333,0.21980357499999997,0.24943333333333326,0.261883325,88.53666666666668,76.8925,0.992708874098054,-0.12053668025532288,2.4849066497880004
iq,2002,15,2002-04-09,0.2698286,0.1968143,0.2025857,0.2662857,75.98,296.862857143,297.7,296.351428571,303.3,294.1,187.8,97.2442857143,75.98,17.93,5.14285714286,26.3,9.4,31.4,20.8,13.0,8,18.3957142857,17.68,18.4428571429,17.7957142857,296.741428571,296.108571429,296.81,296.238571429,97.7757142857,98.4571428571,94.1657142857,89.7785714286,298.064285714,297.214285714,299.242857143,300.15,27.3,26.1,26.95,26.95,0.19708,0.2127857,0.2265857,0.2483857,0.2962286,0.27455,0.2483333,0.1795,0.1805,0.1987,0.2302,0.2698143,0.2763286,0.2284571,0.2435143,0.2992333,94.01,110.42,61.18,41.96,18.001904761899997,18.11214285715,297.6595238093334,298.05535714275,26.566666666666666,26.6625,97.82571428570002,96.9107142857,0.22656476666666667,0.22657,0.25586430000000004,0.25398155,0.19392856666666666,0.20299642499999998,0.25702379999999997,0.253646425,93.47000000000001,85.39750000000001,0.9709418174260521,-0.2393156642875575,2.1972245773362196
iq,2002,16,2002-04-16,0.26935,0.2121571,0.1889286,0.1949429,109.49,297.764285714,298.921428571,296.31,305.0,294.4,49.8,92.6157142857,109.49,17.9357142857,6.72857142857,27.2,13.0,34.6,20.3,33.45,18,17.93,18.3957142857,17.68,18.4428571429,296.351428571,296.741428571,296.108571429,296.81,97.2442857143,97.7757142857,98.4571428571,94.1657142857,297.7,298.064285714,297.214285714,299.242857143,26.3,27.3,26.1,26.95,0.2698286,0.19708,0.2127857,0.2265857,0.1968143,0.2962286,0.27455,0.2483333,0.2025857,0.1805,0.1987,0.2302,0.2662857,0.2763286,0.2284571,0.2435143,75.98,94.01,110.42,61.18,18.087142857133333,17.98535714285,298.2285714283333,297.97499999974997,26.933333333333337,26.725,95.87857142856667,96.52321428569999,0.24541953333333333,0.237261075,0.23506666666666667,0.24493749999999997,0.19067143333333333,0.19267857499999996,0.24585239999999997,0.241503575,93.16000000000001,97.47500000000001,0.9350162426854148,-0.35460488704253545,2.9444389791664403
iq,2002,17,2002-04-23,0.2678429,0.2614143,0.2485,0.2669286,45.59,297.584285714,298.814285714,296.631428571,305.2,293.9,96.1,95.2514285714,45.59,18.2228571429,7.31428571429,27.2666666667,10.7,33.3,21.7,53.9,13,17.9357142857,17.93,18.3957142857,17.68,296.31,296.351428571,296.741428571,296.108571429,92.6157142857,97.2442857143,97.7757142857,98.4571428571,298.921428571,297.7,298.064285714,297.214285714,27.2,26.3,27.3,26.1,0.26935,0.2698286,0.19708,0.2127857,0.2121571,0.1968143,0.2962286,0.27455,0.1889286,0.2025857,0.1805,0.1987,0.1949429,0.2662857,0.2763286,0.2284571,109.49,75.98,94.01,110.42,18.02952380953333,18.121071428575,298.4785714283333,298.37499999975,26.922222222233334,27.016666666675,95.03714285713333,95.721785714275,0.26900716666666663,0.251025375,0.2234619,0.241653575,0.2133381,0.20512857499999998,0.24271906666666662,0.25112144999999997,77.02000000000001,81.2675,0.8854560256532099,-0.4647231720437685,2.639057329615259
iq,2002,18,2002-04-30,0.1703571,0.1418286,0.1977286,0.2570714,60.05,297.408571429,298.55,296.222857143,303.8,292.8,52.6,93.8457142857,60.05,17.8071428571,7.5,27.383333333350002,11.1125,33.5,21.2,1.0,9,18.2228571429,17.9357142857,17.93,18.3957142857,296.631428571,296.31,296.351428571,296.741428571,95.2514285714,92.6157142857,97.2442857143,97.7757142857,298.814285714,298.921428571,297.7,298.064285714,27.2666666667,27.2,26.3,27.3,0.2678429,0.26935,0.2698286,0.19708,0.2614143,0.2121571,0.1968143,0.2962286,0.2485,0.1889286,0.2025857,0.1805,0.2669286,0.1949429,0.2662857,0.2763286,45.59,109.49,75.98,94.01,17.98857142856667,17.973928571425002,298.76190476166664,298.49642857125,27.28333333335,27.0375000000125,93.90428571426666,94.73928571427498,0.23585,0.24434465,0.20513333333333336,0.203053575,0.21171906666666665,0.20943572499999996,0.23964763333333328,0.24630715000000003,71.71,72.7775,0.8229838658936565,-0.5680647467311557,2.302585092994046
iq,2002,19,2002-05-07,0.2272571,0.1782429,0.1773857,0.2101143,101.3,297.355714286,298.435714286,296.444285714,304.4,293.0,66.85,95.22,101.3,18.0242857143,8.04285714286,27.5,11.525,34.0,21.3,25.4,22,17.8071428571,18.2228571429,17.9357142857,17.93,296.222857143,296.631428571,296.31,296.351428571,93.8457142857,95.2514285714,92.6157142857,97.2442857143,298.55,298.814285714,298.921428571,297.7,27.383333333350002,27.2666666667,27.2,26.3,0.1703571,0.2678429,0.26935,0.2698286,0.1418286,0.2614143,0.2121571,0.1968143,0.1977286,0.2485,0.1889286,0.2025857,0.2570714,0.2669286,0.1949429,0.2662857,60.05,45.59,109.49,75.98,18.0180952381,17.9975,298.6,298.68035714275,27.38333333335,27.3375000000125,94.77238095236665,94.2332142857,0.22181903333333333,0.233701775,0.19382860000000002,0.19841072499999998,0.20787143333333333,0.203135725,0.2447047666666666,0.2322643,68.98,79.1075,0.7485107481711013,-0.663122658240795,3.1354942159291497
iq,2002,20,2002-05-14,0.1338,0.1096333,0.2196143,0.1417,46.79,296.784285714,297.585714286,296.221428571,303.7,293.9,93.4,97.2428571429,46.79,17.7442857143,5.08571428571,26.8666666667,9.7,32.3,20.8,543.3,10,18.0242857143,17.8071428571,18.2228571429,17.9357142857,296.444285714,296.222857143,296.631428571,296.31,95.22,93.8457142857,95.2514285714,92.6157142857,298.435714286,298.55,298.814285714,298.921428571,27.5,27.383333333350002,27.2666666667,27.2,0.2272571,0.1703571,0.2678429,0.26935,0.1782429,0.1418286,0.2614143,0.2121571,0.1773857,0.1977286,0.2485,0.1889286,0.2101143,0.2570714,0.2669286,0.1949429,101.3,60.05,45.59,109.49,17.858571428566666,17.94964285715,298.1904761906667,298.3464285715,27.250000000016666,27.2541666666875,95.4361904762,95.39,0.17713806666666665,0.19981427499999999,0.14323493333333334,0.17277977500000002,0.19824286666666666,0.21080714999999997,0.20296189999999995,0.218953575,69.38000000000001,63.4325,0.6631226582407952,-0.7485107481711012,2.3978952727983707
iq,2002,21,2002-05-21,0.1921143,0.1776429,0.2308571,0.2222,51.25,297.05,298.621428571,296.024285714,306.2,292.7,32.3,94.8042857143,51.25,17.5842857143,8.5,27.7,12.15,33.8,20.8,9.1,5,17.7442857143,18.0242857143,17.8071428571,18.2228571429,296.221428571,296.444285714,296.222857143,296.631428571,97.2428571429,95.22,93.8457142857,95.2514285714,297.585714286,298.435714286,298.55,298.814285714,26.8666666667,27.5,27.383333333350002,27.2666666667,0.1338,0.2272571,0.1703571,0.2678429,0.1096333,0.1782429,0.1418286,0.2614143,0.2196143,0.1773857,0.1977286,0.2485,0.1417,0.2101143,0.2570714,0.2669286,46.79,101.3,60.05,45.59,17.7842857143,17.79,298.21428571433336,298.29821428575,27.355555555566667,27.362500000012503,95.75571428573333,95.278214285725,0.18439046666666667,0.180882125,0.15517303333333335,0.151836925,0.2092857,0.20639642499999997,0.19133809999999996,0.207771425,66.44666666666667,64.8475,0.5680647467311558,-0.8229838658936564,1.791759469228055
iq,2002,22,2002-05-28,0.1764571,0.1749143,0.1881571,0.2386286,41.54,297.557142857,298.714285714,296.271428571,305.9,292.4,58.02,93.7885714286,41.54,17.8228571429,7.65714285714,26.325,9.775,32.3,20.8,146.7,13,17.5842857143,17.7442857143,18.0242857143,17.8071428571,296.024285714,296.221428571,296.444285714,296.222857143,94.8042857143,97.2428571429,95.22,93.8457142857,298.621428571,297.585714286,298.435714286,298.55,27.7,26.8666666667,27.5,27.383333333350002,0.1921143,0.1338,0.2272571,0.1703571,0.1776429,0.1096333,0.1782429,0.1418286,0.2308571,0.2196143,0.1773857,0.1977286,0.2222,0.1417,0.2101143,0.2570714,51.25,46.79,101.3,60.05,17.717142857166667,17.79392857145,298.307142857,298.33928571425,26.9638888889,27.097916666674998,95.2785714286,95.26392857145001,0.1674571333333333,0.182407125,0.15406350000000002,0.16010835,0.21287616666666664,0.20400354999999998,0.20084286666666662,0.203160725,46.52666666666667,60.22,0.46472317204376906,-0.8854560256532096,2.639057329615259
iq,2002,23,2002-06-04,0.3204714,0.2780857,0.2377286,0.3431857,72.76,296.267142857,297.085714286,295.235714286,305.3,291.5,19.12,94.3457142857,72.76,16.7742857143,8.74285714286,27.3,11.6333333333,34.3,20.7,28.0,2,17.8228571429,17.5842857143,17.7442857143,18.0242857143,296.271428571,296.024285714,296.221428571,296.444285714,93.7885714286,94.8042857143,97.2428571429,95.22,298.714285714,298.621428571,297.585714286,298.435714286,26.325,27.7,26.8666666667,27.5,0.1764571,0.1921143,0.1338,0.2272571,0.1749143,0.1776429,0.1096333,0.1782429,0.1881571,0.2308571,0.2196143,0.1773857,0.2386286,0.2222,0.1417,0.2101143,41.54,51.25,46.79,101.3,17.393809523833333,17.48142857145,298.14047619033335,298.00178571425,27.108333333333334,27.047916666675,94.31285714286666,95.04535714287499,0.2296809333333333,0.2057107,0.2102143,0.18506905,0.21891426666666666,0.21908927499999997,0.26800476666666656,0.23642857499999997,55.18333333333334,53.084999999999994,0.35460488704253584,-0.9350162426854147,1.0986122886681096
iq,2002,24,2002-06-11,0.3862667,0.2591333,0.3284143,0.3916286,69.62,297.257142857,298.971428571,296.107142857,305.8,293.4,39.48,94.1442857143,69.62,17.6385714286,8.97142857143,27.8,11.5,34.0,20.7,1.0,11,16.7742857143,17.8228571429,17.5842857143,17.7442857143,295.235714286,296.271428571,296.024285714,296.221428571,94.3457142857,93.7885714286,94.8042857143,97.2428571429,297.085714286,298.714285714,298.621428571,297.585714286,27.3,26.325,27.7,26.8666666667,0.3204714,0.1764571,0.1921143,0.1338,0.2780857,0.1749143,0.1776429,0.1096333,0.2377286,0.1881571,0.2308571,0.2196143,0.3431857,0.2386286,0.2222,0.1417,72.76,41.54,51.25,46.79,17.411904761933332,17.455000000025,298.257142857,298.34821428550003,27.141666666666666,27.28125,94.09285714286666,94.27071428572499,0.2943984,0.268827375,0.23737776666666668,0.22244405,0.25143333333333334,0.24628927499999997,0.3244809666666666,0.298910725,61.30666666666667,58.792500000000004,0.23931566428755768,-0.970941817426052,2.4849066497880004
iq,2002,25,2002-06-18,0.2212714,0.1735143,0.2119714,0.2252143,39.16,296.807142857,297.514285714,293.871428571,306.4,288.4,22.95,85.7371428571,39.16,15.4142857143,10.7142857143,26.2333333333,8.73333333333,33.0,18.8,31.0,11,17.6385714286,16.7742857143,17.8228571429,17.5842857143,296.107142857,295.235714286,296.271428571,296.024285714,94.1442857143,94.3457142857,93.7885714286,94.8042857143,298.971428571,297.085714286,298.714285714,298.621428571,27.8,27.3,26.325,27.7,0.3862667,0.3204714,0.1764571,0.1921143,0.2591333,0.2780857,0.1749143,0.1776429,0.3284143,0.2377286,0.1881571,0.2308571,0.3916286,0.3431857,0.2386286,0.2222,69.62,72.76,41.54,51.25,16.60904761906666,16.912500000025,297.85714285699993,298.07142857125,27.1111111111,26.914583333325,91.40904761903333,92.003928571425,0.3093365,0.27611665,0.23691110000000004,0.2214119,0.2593714333333333,0.24156784999999997,0.3200095333333333,0.2996643,60.51333333333334,55.769999999999996,0.12053668025532308,-0.992708874098054,2.4849066497880004
iq,2002,26,2002-06-25,0.1791714,0.2791,0.1326143,0.2132857,3.18,295.808571429,296.907142857,292.147142857,305.3,290.0,14.1,82.1671428571,3.18,13.87,10.7285714286,26.15,10.8,32.6,18.6,7.1,3,15.4142857143,17.6385714286,16.7742857143,17.8228571429,293.871428571,296.107142857,295.235714286,296.271428571,85.7371428571,94.1442857143,94.3457142857,93.7885714286,297.514285714,298.971428571,297.085714286,298.714285714,26.2333333333,27.8,27.3,26.325,0.2212714,0.3862667,0.3204714,0.1764571,0.1735143,0.2591333,0.2780857,0.1749143,0.2119714,0.3284143,0.2377286,0.1881571,0.2252143,0.3916286,0.3431857,0.2386286,39.16,69.62,72.76,41.54,15.640952380966667,15.924285714299998,297.7976190473333,297.61964285700003,26.727777777766665,26.870833333325002,87.3495238095,89.09857142855,0.2622365,0.27679522500000003,0.23724920000000005,0.24745832500000003,0.22433333333333327,0.22768214999999997,0.2767095333333333,0.293328575,37.32000000000001,46.18,-3.216245299353273e-16,-1.0,1.3862943611198906
iq,2002,27,2002-07-02,0.1015429,0.1266,0.1193571,0.07624286,3.27,294.635714286,294.892857143,291.794285714,305.1,287.4,6.2,85.5657142857,3.27,13.4542857143,8.7,26.275,9.5,32.6,20.7,5.1,7,13.87,15.4142857143,17.6385714286,16.7742857143,292.147142857,293.871428571,296.107142857,295.235714286,82.1671428571,85.7371428571,94.1442857143,94.3457142857,296.907142857,297.514285714,298.971428571,297.085714286,26.15,26.2333333333,27.8,27.3,0.1791714,0.2212714,0.3862667,0.3204714,0.2791,0.1735143,0.2591333,0.2780857,0.1326143,0.2119714,0.3284143,0.2377286,0.2132857,0.2252143,0.3916286,0.3431857,3.18,39.16,69.62,72.76,14.246190476199999,15.0942857143,296.438095238,297.07142857125,26.219444444433332,26.614583333324997,84.48999999996666,86.90357142855001,0.16732856666666665,0.2220631,0.19307143333333335,0.20958690000000002,0.15464759999999997,0.19808927499999995,0.17158095333333326,0.22659286499999998,15.203333333333338,28.8075,-0.12053668025532283,-0.992708874098054,2.0794415416798357
iq,2002,28,2002-07-09,0.21602,0.2350667,0.1511857,0.2129714,5.71,295.882857143,297.035714286,292.95,307.1,291.2,8.7,85.6728571429,5.71,14.4642857143,8.78571428571,26.1333333333,10.6333333333,32.3,20.3,26.3,7,13.4542857143,13.87,15.4142857143,17.6385714286,291.794285714,292.147142857,293.871428571,296.107142857,85.5657142857,82.1671428571,85.7371428571,94.1442857143,294.892857143,296.907142857,297.514285714,298.971428571,26.275,26.15,26.2333333333,27.8,0.1015429,0.1791714,0.2212714,0.3862667,0.1266,0.2791,0.1735143,0.2591333,0.1193571,0.1326143,0.2119714,0.3284143,0.07624286,0.2132857,0.2252143,0.3916286,3.27,3.18,39.16,69.62,13.92952380953333,14.300714285725,296.2785714286667,296.5875,26.1861111111,26.19791666665,84.46857142856668,84.78571428570001,0.1655781,0.17950142500000002,0.21358890000000005,0.20357025,0.13438569999999997,0.15378212499999996,0.16749998666666663,0.181928565,4.053333333333338,12.829999999999998,-0.23931566428755743,-0.9709418174260521,2.0794415416798357
iq,2002,29,2002-07-16,0.1080429,0.07298571,0.1112286,0.1179714,63.0,296.442857143,297.742857143,293.327142857,306.3,290.6,8.3,84.6685714286,63.0,14.8185714286,11.1714285714,25.4,9.0,30.1,20.1,0.0,4,14.4642857143,13.4542857143,13.87,15.4142857143,292.95,291.794285714,292.147142857,293.871428571,85.6728571429,85.5657142857,82.1671428571,85.7371428571,297.035714286,294.892857143,296.907142857,297.514285714,26.1333333333,26.275,26.15,26.2333333333,0.21602,0.1015429,0.1791714,0.2212714,0.2350667,0.1266,0.2791,0.1735143,0.1511857,0.1193571,0.1326143,0.2119714,0.2129714,0.07624286,0.2132857,0.2252143,5.71,3.27,3.18,39.16,14.245714285733333,14.1517857143,296.5571428573333,296.64464285725,25.9361111111,25.989583333325,85.30238095239999,84.518571428575,0.14186859999999998,0.1511943,0.1448841366666667,0.1784381025,0.1272571333333333,0.12859642499999996,0.13572855333333328,0.15511784,23.99333333333334,18.79,-0.3546048870425356,-0.9350162426854148,1.6094379124341003
iq,2002,30,2002-07-23,0.2225,0.2631,0.2489857,0.3464714,65.55,296.875714286,298.3,293.422857143,307.4,288.3,12.41,83.4971428571,65.55,14.93,11.9714285714,27.8,11.6,33.6,19.5,68.1,5,14.8185714286,14.4642857143,13.4542857143,13.87,293.327142857,292.95,291.794285714,292.147142857,84.6685714286,85.6728571429,85.5657142857,82.1671428571,297.742857143,297.035714286,294.892857143,296.907142857,25.4,26.1333333333,26.275,26.15,0.1080429,0.21602,0.1015429,0.1791714,0.07298571,0.2350667,0.1266,0.2791,0.1112286,0.1511857,0.1193571,0.1326143,0.1179714,0.2129714,0.07624286,0.2132857,63.0,5.71,3.27,3.18,14.737619047633332,14.416785714300001,297.692857143,296.992857143,26.444444444433334,26.402083333325,84.61285714286667,84.85107142857501,0.18218763333333332,0.16202645000000002,0.19038413666666668,0.17443810250000003,0.17046666666666666,0.15768927499999996,0.22580473333333329,0.188414265,44.75333333333334,34.38249999999999,-0.46472317204376806,-0.8854560256532101,1.791759469228055
iq,2002,31,2002-07-30,0.3870143,0.2601714,0.3492714,0.2830571,89.93,297.161428571,298.728571429,294.624285714,308.5,292.8,23.33,87.0342857143,89.93,16.0757142857,10.6,26.7,11.14,33.8,19.3,35.6,6,14.93,14.8185714286,14.4642857143,13.4542857143,293.422857143,293.327142857,292.95,291.794285714,83.4971428571,84.6685714286,85.6728571429,85.5657142857,298.3,297.742857143,297.035714286,294.892857143,27.8,25.4,26.1333333333,26.275,0.2225,0.1080429,0.21602,0.1015429,0.2631,0.07298571,0.2350667,0.1266,0.2489857,0.1112286,0.1511857,0.1193571,0.3464714,0.1179714,0.2129714,0.07624286,65.55,63.0,5.71,3.27,15.274761904766663,15.07214285715,298.2571428573333,297.9517857145,26.633333333333336,26.508333333324998,85.06666666666666,85.218214285725,0.23918573333333334,0.2333943,0.19875237000000004,0.2078309525,0.23649523333333333,0.21516785,0.24916663333333325,0.240117825,72.82666666666667,56.0475,-0.5680647467311556,-0.8229838658936565,1.9459101490553132
iq,2002,32,2002-08-06,0.3041167,0.2788429,0.3074571,0.3378429,14.34,296.795714286,298.642857143,292.674285714,308.0,289.1,5.44,80.47,14.34,14.2457142857,13.4571428571,27.25,12.8,34.0,20.2,0.0,7,16.0757142857,14.93,14.8185714286,14.4642857143,294.624285714,293.422857143,293.327142857,292.95,87.0342857143,83.4971428571,84.6685714286,85.6728571429,298.728571429,298.3,297.742857143,297.035714286,26.7,27.8,25.4,26.1333333333,0.3870143,0.2225,0.1080429,0.21602,0.2601714,0.2631,0.07298571,0.2350667,0.3492714,0.2489857,0.1112286,0.1511857,0.2830571,0.3464714,0.1179714,0.2129714,89.93,65.55,63.0,5.71,15.0838095238,15.017499999999998,298.5571428573333,298.35357142875,27.25,26.7875,83.66714285713334,83.9175,0.3045436666666667,0.255418475,0.2673714333333334,0.2187750025,0.30190473333333334,0.25423569999999995,0.32245713333333326,0.27133569999999996,56.606666666666676,58.205,-0.663122658240795,-0.7485107481711013,2.0794415416798357
iq,2002,33,2002-08-13,0.3771571,0.3059,0.2884,0.3608429,9.81,298.304285714,299.335714286,291.678571429,308.9,290.8,1.7,69.06,9.81,13.4414285714,14.3857142857,27.8333333333,12.2333333333,35.1,20.6,7.1,7,14.2457142857,16.0757142857,14.93,14.8185714286,292.674285714,294.624285714,293.422857143,293.327142857,80.47,87.0342857143,83.4971428571,84.6685714286,298.642857143,298.728571429,298.3,297.742857143,27.25,26.7,27.8,25.4,0.3041167,0.3870143,0.2225,0.1080429,0.2788429,0.2601714,0.2631,0.07298571,0.3074571,0.3492714,0.2489857,0.1112286,0.3378429,0.2830571,0.3464714,0.1179714,14.34,89.93,65.55,63.0,14.587619047599999,14.6732142857,298.90238095266665,298.7517857145,27.261111111100004,27.395833333324997,78.85476190476668,80.01535714285001,0.3560960333333334,0.32269702499999997,0.28163810000000006,0.277003575,0.3150428333333333,0.29852855,0.32724763333333323,0.332053575,38.02666666666668,44.9075,-0.7485107481711011,-0.6631226582407952,2.0794415416798357
iq,2002,34,2002-08-20,0.345425,0.31354,0.29505,0.3092667,31.71,296.184285714,296.735714286,292.451428571,308.6,288.8,5.61,82.1414285714,31.71,14.0457142857,12.7571428571,27.616666666649998,11.69166666665,33.1,20.8,70.6,4,13.4414285714,14.2457142857,16.0757142857,14.93,291.678571429,292.674285714,294.624285714,293.422857143,69.06,80.47,87.0342857143,83.4971428571,299.335714286,298.642857143,298.728571429,298.3,27.8333333333,27.25,26.7,27.8,0.3771571,0.3041167,0.3870143,0.2225,0.3059,0.2788429,0.2601714,0.2631,0.2884,0.3074571,0.3492714,0.2489857,0.3608429,0.3378429,0.2830571,0.3464714,9.81,14.34,89.93,65.55,13.910952380933333,14.452142857125,298.2380952383333,298.360714286,27.566666666649997,27.3499999999875,77.2238095238,79.67642857142499,0.3422329333333334,0.353428275,0.2994276333333334,0.289613575,0.2969690333333333,0.31004462499999996,0.3359841666666666,0.3227524,18.620000000000005,36.447500000000005,-0.8229838658936564,-0.5680647467311559,1.6094379124341003
iq,2002,35,2002-08-27,0.3045429,0.2694429,0.2508571,0.3224714,38.8,298.412857143,299.985714286,293.874285714,310.3,291.6,10.7,77.7657142857,38.8,15.4128571429,12.8,27.4,11.15,35.1,20.9,24.1,9,14.0457142857,13.4414285714,14.2457142857,16.0757142857,292.451428571,291.678571429,292.674285714,294.624285714,82.1414285714,69.06,80.47,87.0342857143,296.735714286,299.335714286,298.642857143,298.728571429,27.616666666649998,27.8333333333,27.25,26.7,0.345425,0.3771571,0.3041167,0.3870143,0.31354,0.3059,0.2788429,0.2601714,0.29505,0.2884,0.3074571,0.3492714,0.3092667,0.3608429,0.3378429,0.2830571,31.71,9.81,14.34,89.93,14.299999999999999,14.286428571425,298.68571428600006,298.67500000025,27.61666666665,27.524999999987497,76.32238095236667,77.359285714275,0.34237500000000004,0.332810425,0.2962943,0.29193145000000004,0.27810236666666666,0.28544105,0.33086033333333326,0.332605975,26.773333333333337,23.665,-0.8854560256532096,-0.4647231720437691,2.302585092994046
iq,2002,36,2002-09-03,0.2290143,0.1319714,0.2494571,0.1908857,81.85,299.395714286,300.678571429,294.531428571,310.5,293.9,13.1,77.0828571429,81.85,16.0342857143,11.9285714286,27.4,10.475,33.3,21.7,17.0,17,15.4128571429,14.0457142857,13.4414285714,14.2457142857,293.874285714,292.451428571,291.678571429,292.674285714,77.7657142857,82.1414285714,69.06,80.47,299.985714286,296.735714286,299.335714286,298.642857143,27.4,27.616666666649998,27.8333333333,27.25,0.3045429,0.345425,0.3771571,0.3041167,0.2694429,0.31354,0.3059,0.2788429,0.2508571,0.29505,0.2884,0.3074571,0.3224714,0.3092667,0.3608429,0.3378429,38.8,31.71,9.81,14.34,15.164285714299998,14.733571428575,299.1333333336667,299.18392857175,27.47222222221666,27.5624999999875,78.99666666666666,76.51249999999999,0.29299406666666666,0.31403482499999996,0.2383181,0.25521357499999997,0.26512139999999995,0.27094104999999996,0.2742079333333333,0.295866675,50.78666666666667,40.5425,-0.9350162426854147,-0.3546048870425359,2.8903717578961645
iq,2002,37,2002-09-10,0.3075429,0.2941714,0.3234,0.1907714,25.36,299.015714286,300.207142857,293.211428571,310.0,290.0,3.2,73.1414285714,25.36,14.7457142857,14.0428571429,28.2333333333,13.2333333333,35.9,19.9,89.9,8,16.0342857143,15.4128571429,14.0457142857,13.4414285714,294.531428571,293.874285714,292.451428571,291.678571429,77.0828571429,77.7657142857,82.1414285714,69.06,300.678571429,299.985714286,296.735714286,299.335714286,27.4,27.4,27.616666666649998,27.8333333333,0.2290143,0.3045429,0.345425,0.3771571,0.1319714,0.2694429,0.31354,0.3059,0.2494571,0.2508571,0.29505,0.2884,0.1908857,0.3224714,0.3092667,0.3608429,81.85,38.8,31.71,9.81,15.397619047633333,15.05964285715,300.29047619066665,299.4017857145,27.677777777766664,27.6624999999875,75.99666666666667,77.53285714284999,0.2803667,0.29663127499999997,0.23186190000000004,0.252281425,0.27457139999999997,0.27969104999999994,0.23470949999999993,0.25334880000000004,48.669999999999995,44.42999999999999,-0.970941817426052,-0.23931566428755774,2.1972245773362196
iq,2002,38,2002-09-17,0.3274143,0.3472571,0.3386714,0.3838714,11.49,300.32,301.042857143,292.271428571,311.2,291.8,0.8,64.6885714286,11.49,13.9742857143,16.0285714286,28.9,12.7,36.6,21.5,0.8,22,14.7457142857,16.0342857143,15.4128571429,14.0457142857,293.211428571,294.531428571,293.874285714,292.451428571,73.1414285714,77.0828571429,77.7657142857,82.1414285714,300.207142857,300.678571429,299.985714286,296.735714286,28.2333333333,27.4,27.4,27.616666666649998,0.3075429,0.2290143,0.3045429,0.345425,0.2941714,0.1319714,0.2694429,0.31354,0.3234,0.2494571,0.2508571,0.29505,0.1907714,0.1908857,0.3224714,0.3092667,25.36,81.85,38.8,31.71,14.9180952381,15.0417857143,300.64285714299996,300.47857142875,28.177777777766664,27.983333333325,71.63761904763334,73.16964285715,0.28799050000000004,0.2921286,0.25779996666666666,0.2607107,0.30384283333333334,0.2905964,0.2551761666666666,0.271999975,39.56666666666667,39.375,-0.992708874098054,-0.12053668025532357,3.1354942159291497
iq,2002,39,2002-09-24,0.2379833,0.3084286,0.2681143,0.3200429,38.56,299.238571429,301.114285714,294.414285714,312.6,291.5,41.1,79.5628571429,38.56,16.18,13.1714285714,27.9,12.2,36.0,20.4,86.9,18,13.9742857143,14.7457142857,16.0342857143,15.4128571429,292.271428571,293.211428571,294.531428571,293.874285714,64.6885714286,73.1414285714,77.0828571429,77.7657142857,301.042857143,300.207142857,300.678571429,299.985714286,28.9,28.2333333333,27.4,27.4,0.3274143,0.3075429,0.2290143,0.3045429,0.3472571,0.2941714,0.1319714,0.2694429,0.3386714,0.3234,0.2494571,0.2508571,0.3838714,0.1907714,0.1908857,0.3224714,11.49,25.36,81.85,38.8,14.966666666666667,15.233571428574999,300.78809523800004,300.76071428575,28.344444444433332,28.108333333325,72.4642857143,73.61892857145,0.2909801666666667,0.27548870000000003,0.31661903333333336,0.270457125,0.3100619,0.29491069999999997,0.29822856666666664,0.27139285,25.136666666666674,39.315,-1.0,-1.8369701987210297e-16,2.9444389791664403
iq,2002,40,2002-10-01,0.2721143,0.1793667,0.3142429,0.2741714,70.98,299.654285714,301.235714286,293.814285714,313.2,291.8,24.1,74.25,70.98,15.6342857143,13.7571428571,29.2,14.1333333333,37.7,21.7,74.2,21,16.18,13.9742857143,14.7457142857,16.0342857143,294.414285714,292.271428571,293.211428571,294.531428571,79.5628571429,64.6885714286,73.1414285714,77.0828571429,301.114285714,301.042857143,300.207142857,300.678571429,27.9,28.9,28.2333333333,27.4,0.2379833,0.3274143,0.3075429,0.2290143,0.3084286,0.3472571,0.2941714,0.1319714,0.2681143,0.3386714,0.3234,0.2494571,0.3200429,0.3838714,0.1907714,0.1908857,38.56,11.49,25.36,81.85,15.262857142866666,15.133571428575,301.130952381,300.9,28.666666666666668,28.558333333325,72.83380952383334,72.91071428572499,0.2791706333333333,0.2862637,0.2783508,0.28230595,0.3070095333333333,0.31110715,0.32602856666666663,0.292214275,40.34333333333334,36.597500000000004,-0.992708874098054,0.1205366802553232,3.091042453358316
iq,2002,41,2002-10-08,0.37815,0.3857833,0.2314286,0.2459333,70.22,298.717142857,300.55,295.661428571,310.6,293.4,34.4,85.1371428571,70.22,17.2114285714,12.5285714286,28.075,11.45,34.6,21.8,79.8,16,15.6342857143,16.18,13.9742857143,14.7457142857,293.814285714,294.414285714,292.271428571,293.211428571,74.25,79.5628571429,64.6885714286,73.1414285714,301.235714286,301.114285714,301.042857143,300.207142857,29.2,27.9,28.9,28.2333333333,0.2721143,0.2379833,0.3274143,0.3075429,0.1793667,0.3084286,0.3472571,0.2941714,0.3142429,0.2681143,0.3386714,0.3234,0.2741714,0.3200429,0.3838714,0.1907714,70.98,38.56,11.49,25.36,16.3419047619,15.749999999999998,300.9666666666667,300.98571428575,28.391666666666666,28.518749999999997,79.64999999999999,75.90964285715,0.2960825333333333,0.303915475,0.2911928666666667,0.30520892499999996,0.2712619333333333,0.2881143,0.28004919999999994,0.30600475,59.92000000000001,47.8125,-0.9709418174260521,0.23931566428755738,2.833213344056216
iq,2002,42,2002-10-15,0.1992714,0.1592429,0.2581286,0.2277143,21.96,298.297142857,299.714285714,295.585714286,308.8,292.1,40.7,86.9985714286,21.96,17.1857142857,10.6571428571,28.0,11.6333333333,34.2,22.0,4.5,31,17.2114285714,15.6342857143,16.18,13.9742857143,295.661428571,293.814285714,294.414285714,292.271428571,85.1371428571,74.25,79.5628571429,64.6885714286,300.55,301.235714286,301.114285714,301.042857143,28.075,29.2,27.9,28.9,0.37815,0.2721143,0.2379833,0.3274143,0.3857833,0.1793667,0.3084286,0.3472571,0.2314286,0.3142429,0.2681143,0.3386714,0.2459333,0.2741714,0.3200429,0.3838714,70.22,70.98,38.56,11.49,16.677142857133333,16.55285714285,300.5,300.6535714285,28.425,28.293749999999996,82.12857142856667,81.48714285715,0.28317856666666663,0.27187975,0.2414643,0.258205375,0.2679333666666666,0.26797859999999996,0.24927299999999994,0.266965475,54.38666666666668,50.43,-0.9350162426854148,0.35460488704253557,3.4657359027997265
iq,2002,43,2002-10-22,0.2278714,0.2144571,0.2997714,0.2229429,48.94,297.331428571,298.15,294.961428571,304.5,292.5,35.4,87.7171428571,48.94,16.49,8.5,27.95,10.3,36.0,21.8,167.8,25,17.1857142857,17.2114285714,15.6342857143,16.18,295.585714286,295.661428571,293.814285714,294.414285714,86.9985714286,85.1371428571,74.25,79.5628571429,299.714285714,300.55,301.235714286,301.114285714,28.0,28.075,29.2,27.9,0.1992714,0.37815,0.2721143,0.2379833,0.1592429,0.3857833,0.1793667,0.3084286,0.2581286,0.2314286,0.3142429,0.2681143,0.2277143,0.2459333,0.2741714,0.3200429,21.96,70.22,70.98,38.56,16.96238095236667,16.63035714285,299.4714285713333,299.9125,28.00833333333333,28.30625,86.6176190476,83.5257142857,0.2684309333333333,0.26935177499999996,0.25316110000000003,0.2347125,0.2631095333333333,0.2758928749999999,0.2321968333333333,0.24269047500000002,47.04,53.025,-0.8854560256532101,0.464723172043768,3.258096538021482
iq,2002,44,2002-10-29,0.3290857,0.2862143,0.2940571,0.3159286,89.77,298.518571429,300.242857143,296.9,307.3,294.9,39.7,91.9442857143,89.77,18.6028571429,9.02857142857,28.125,10.65,34.1,22.5,34.1,28,16.49,17.1857142857,17.2114285714,15.6342857143,294.961428571,295.585714286,295.661428571,293.814285714,87.7171428571,86.9985714286,85.1371428571,74.25,298.15,299.714285714,300.55,301.235714286,27.95,28.0,28.075,29.2,0.2278714,0.1992714,0.37815,0.2721143,0.2144571,0.1592429,0.3857833,0.1793667,0.2997714,0.2581286,0.2314286,0.3142429,0.2229429,0.2277143,0.2459333,0.2741714,48.94,21.96,70.22,70.98,17.426190476200002,17.3725,299.369047619,299.66428571425,28.025000000000002,28.037499999999998,88.88666666666666,87.94928571427499,0.25207616666666666,0.283594625,0.21997143333333335,0.2614244,0.2839857,0.27084642499999995,0.25552859999999994,0.253129775,53.556666666666665,57.722500000000004,-0.822983865893657,0.5680647467311548,3.367295829986474
iq,2002,45,2002-11-05,0.3071429,0.27695,0.2879286,0.3642857,95.47,297.537142857,298.657142857,296.637142857,306.5,293.9,124.2,95.2857142857,95.47,18.2671428571,6.51428571429,28.3,11.0,33.8,22.6,63.9,26,18.6028571429,16.49,17.1857142857,17.2114285714,296.9,294.961428571,295.585714286,295.661428571,91.9442857143,87.7171428571,86.9985714286,85.1371428571,300.242857143,298.15,299.714285714,300.55,28.125,27.95,28.0,28.075,0.3290857,0.2278714,0.1992714,0.37815,0.2862143,0.2144571,0.1592429,0.3857833,0.2940571,0.2997714,0.2581286,0.2314286,0.3159286,0.2229429,0.2277143,0.2459333,89.77,48.94,21.96,70.22,17.786666666666665,17.636428571425,299.01666666666665,299.1910714285,28.125,28.09375,91.64904761903334,90.486428571425,0.2880333333333333,0.26584284999999996,0.2592071333333334,0.23421607499999997,0.2939190333333333,0.28497142499999994,0.30105239999999994,0.282717875,78.05999999999999,64.035,-0.7485107481711011,0.6631226582407952,3.295836866004329
iq,2002,46,2002-11-12,0.2368333,0.2021571,0.2095143,0.1620286,91.36,297.165714286,298.021428571,296.322857143,306.6,293.9,91.33,96.0471428571,91.36,17.9071428571,5.47142857143,27.6,10.7,33.6,21.4,212.6,18,18.2671428571,18.6028571429,16.49,17.1857142857,296.637142857,296.9,294.961428571,295.585714286,95.2857142857,91.9442857143,87.7171428571,86.9985714286,298.657142857,300.242857143,298.15,299.714285714,28.3,28.125,27.95,28.0,0.3071429,0.3290857,0.2278714,0.1992714,0.27695,0.2862143,0.2144571,0.1592429,0.2879286,0.2940571,0.2997714,0.2581286,0.3642857,0.3159286,0.2229429,0.2277143,95.47,89.77,48.94,21.96,18.259047619033336,17.816785714275,298.97380952366666,298.76785714275,28.008333333333336,27.99375,94.4257142857,92.74857142855,0.29102063333333333,0.275233325,0.25510713333333335,0.244944625,0.2638333333333333,0.27281785,0.28074763333333325,0.26629645,92.19999999999999,81.385,-0.6631226582407955,0.7485107481711007,2.9444389791664403
iq,2002,47,2002-11-19,0.2506143,0.2791333,0.2156333,0.2982667,61.69,297.375714286,298.828571429,296.781428571,305.9,294.4,85.8,96.84,61.69,18.4157142857,7.4,27.35,8.9,33.5,21.7,77.0,27,17.9071428571,18.2671428571,18.6028571429,16.49,296.322857143,296.637142857,296.9,294.961428571,96.0471428571,95.2857142857,91.9442857143,87.7171428571,298.021428571,298.657142857,300.242857143,298.15,27.6,28.3,28.125,27.95,0.2368333,0.3071429,0.3290857,0.2278714,0.2021571,0.27695,0.2862143,0.2144571,0.2095143,0.2879286,0.2940571,0.2997714,0.1620286,0.3642857,0.3159286,0.2229429,91.36,95.47,89.77,48.94,18.19666666663333,18.2982142857,298.50238095233334,298.9375,27.75,27.84375,96.0576190476,95.02928571427499,0.2648635,0.28091905,0.2527468,0.26111367499999993,0.23769206666666665,0.25178332499999995,0.27486033333333326,0.2851274,82.83999999999999,84.5725,-0.5680647467311559,0.8229838658936564,3.332204510175204
iq,2002,48,2002-11-26,0.3109286,0.2852286,0.2907286,0.2563286,60.15,298.35,299.892857143,297.072857143,309.5,292.0,56.92,93.3957142857,60.15,18.7842857143,10.3857142857,28.1,10.55,34.0,22.0,17.2,11,18.4157142857,17.9071428571,18.2671428571,18.6028571429,296.781428571,296.322857143,296.637142857,296.9,96.84,96.0471428571,95.2857142857,91.9442857143,298.828571429,298.021428571,298.657142857,300.242857143,27.35,27.6,28.3,28.125,0.2506143,0.2368333,0.3071429,0.3290857,0.2791333,0.2021571,0.27695,0.2862143,0.2156333,0.2095143,0.2879286,0.2940571,0.2982667,0.1620286,0.3642857,0.3159286,61.69,91.36,95.47,89.77,18.369047619033335,18.34357142855,298.91428571433335,298.85,27.683333333333337,27.837500000000002,95.42761904759999,95.39214285712501,0.2661254,0.276379775,0.25550633333333334,0.26086725,0.2386254,0.25095119999999993,0.23887463333333328,0.2702274,71.06666666666666,77.1675,-0.4647231720437684,0.88545602565321,2.4849066497880004
iq,2002,49,2002-12-03,0.3008,0.2528,0.3449571,0.3483286,49.69,298.324285714,299.657142857,296.485714286,306.8,294.3,49.2,90.6628571429,49.69,18.1057142857,8.0,28.5,9.75,33.7,22.9,46.0,38,18.7842857143,18.4157142857,17.9071428571,18.2671428571,297.072857143,296.781428571,296.322857143,296.637142857,93.3957142857,96.84,96.0471428571,95.2857142857,299.892857143,298.828571429,298.021428571,298.657142857,28.1,27.35,27.6,28.3,0.3109286,0.2506143,0.2368333,0.3071429,0.2852286,0.2791333,0.2021571,0.27695,0.2907286,0.2156333,0.2095143,0.2879286,0.2563286,0.2982667,0.1620286,0.3642857,60.15,61.69,91.36,95.47,18.435238095233334,18.3032142857,299.4595238096667,299.1,27.983333333333334,27.887500000000003,93.63285714286667,94.236428571425,0.28744763333333334,0.27479405,0.27238730000000005,0.25482974999999997,0.283773,0.265208325,0.30097463333333324,0.266238125,57.17666666666667,65.72250000000001,-0.35460488704253595,0.9350162426854147,3.6635616461296463
iq,2002,50,2002-12-10,0.2680286,0.1424286,0.2886714,0.1850714,35.02,297.884285714,298.95,296.39,307.4,294.2,30.89,92.6142857143,35.02,18.0042857143,7.92857142857,27.65,9.45,34.0,22.9,57.2,29,18.1057142857,18.7842857143,18.4157142857,17.9071428571,296.485714286,297.072857143,296.781428571,296.322857143,90.6628571429,93.3957142857,96.84,96.0471428571,299.657142857,299.892857143,298.828571429,298.021428571,28.5,28.1,27.35,27.6,0.3008,0.3109286,0.2506143,0.2368333,0.2528,0.2852286,0.2791333,0.2021571,0.3449571,0.2907286,0.2156333,0.2095143,0.3483286,0.2563286,0.2982667,0.1620286,49.69,60.15,61.69,91.36,18.2980952381,18.3275,299.5,299.33214285725,28.083333333333332,27.9,92.22428571429998,93.378214285725,0.2932524,0.28259287499999997,0.2268190666666667,0.23989762499999998,0.30811903333333335,0.28499759999999996,0.26324286666666663,0.271998825,48.28666666666667,51.6375,-0.2393156642875578,0.970941817426052,3.4011973816621555
iq,2002,51,2002-12-17,0.2542286,0.1839143,0.2707143,0.2090286,25.73,297.818571429,299.057142857,296.627142857,306.0,294.8,24.3,93.8457142857,25.73,18.2614285714,6.85714285714,27.98,8.72,34.0,23.3,24.0,21,18.0042857143,18.1057142857,18.7842857143,18.4157142857,296.39,296.485714286,297.072857143,296.781428571,92.6142857143,90.6628571429,93.3957142857,96.84,298.95,299.657142857,299.892857143,298.828571429,27.65,28.5,28.1,27.35,0.2680286,0.3008,0.3109286,0.2506143,0.1424286,0.2528,0.2852286,0.2791333,0.2886714,0.3449571,0.2907286,0.2156333,0.1850714,0.3483286,0.2563286,0.2982667,35.02,49.69,60.15,61.69,18.123809523800002,18.288928571425,299.2214285713333,299.38928571425,28.043333333333333,28.0575,92.3742857143,92.62964285715,0.2743524,0.28349645,0.19304763333333338,0.21609287500000002,0.3014476,0.29876785,0.24747619999999992,0.2496893,36.81333333333333,42.6475,-0.12053668025532363,0.992708874098054,3.091042453358316
iq,2002,52,2002-12-24,0.1194,0.1364,0.1718286,0.1895857,151.73,297.872857143,299.171428571,296.63,305.7,293.8,54.7,93.4085714286,151.73,18.2357142857,8.0,27.975,10.65,33.8,21.9,137.9,11,18.2614285714,18.0042857143,18.1057142857,18.7842857143,296.627142857,296.39,296.485714286,297.072857143,93.8457142857,92.6142857143,90.6628571429,93.3957142857,299.057142857,298.95,299.657142857,299.892857143,27.98,27.65,28.5,28.1,0.2542286,0.2680286,0.3008,0.3109286,0.1839143,0.1424286,0.2528,0.2852286,0.2707143,0.2886714,0.3449571,0.2907286,0.2090286,0.1850714,0.3483286,0.2563286,25.73,35.02,49.69,60.15,18.16714285713333,18.151785714275,299.0595238093333,299.20892857125,27.868333333333336,28.02625,93.28952380953332,92.632857142875,0.21388573333333336,0.2356143,0.15424763333333336,0.17888572500000002,0.24373809999999999,0.26904285,0.19456189999999995,0.233003575,70.82666666666667,65.5425,6.432490598706546e-16,1.0,2.4849066497880004
iq,2003,1,2003-01-01,0.3234143,0.3004143,0.3291857,0.3184286,46.91,299.375714286,300.821428571,295.871428571,308.6,293.1,28.3,84.06,46.91,17.4528571429,12.1,28.45,9.95,34.4,22.4,92.9,10,18.2357142857,18.2614285714,18.0042857143,18.1057142857,296.63,296.627142857,296.39,296.485714286,93.4085714286,93.8457142857,92.6142857143,90.6628571429,299.171428571,299.057142857,298.95,299.657142857,27.975,27.98,27.65,28.5,0.1194,0.2542286,0.2680286,0.3008,0.1364,0.1839143,0.1424286,0.2528,0.1718286,0.2707143,0.2886714,0.3449571,0.1895857,0.2090286,0.1850714,0.3483286,151.73,25.73,35.02,49.69,17.983333333333334,17.988571428575,299.683333333,299.49999999975,28.135,28.01375,90.4380952381,90.98214285715001,0.23234763333333333,0.24126787500000002,0.20690953333333337,0.1907893,0.2572428666666667,0.2651,0.23901429999999993,0.225528575,74.78999999999999,64.8475,0.12053668025532305,0.992708874098054,2.3978952727983707
iq,2003,2,2003-01-08,0.4884,0.4024429,0.4149286,0.4697,11.77,297.684285714,299.171428571,295.944285714,308.6,291.5,33.6,91.56,11.77,17.4971428571,8.42857142857,28.9333333333,10.2,35.0,22.1,35.1,5,17.4528571429,18.2357142857,18.2614285714,18.0042857143,295.871428571,296.63,296.627142857,296.39,84.06,93.4085714286,93.8457142857,92.6142857143,300.821428571,299.171428571,299.057142857,298.95,28.45,27.975,27.98,27.65,0.3234143,0.1194,0.2542286,0.2680286,0.3004143,0.1364,0.1839143,0.1424286,0.3291857,0.1718286,0.2707143,0.2886714,0.3184286,0.1895857,0.2090286,0.1850714,46.91,151.73,25.73,35.02,17.728571428566667,17.861785714275,299.721428571,299.5553571425,28.452777777766666,28.334583333325,89.6761904762,90.718571428575,0.31040476666666666,0.296360725,0.2797524,0.25579287500000003,0.3053143,0.2966643,0.3259047666666666,0.296685725,70.13666666666667,59.035000000000004,0.23931566428755774,0.970941817426052,1.791759469228055
iq,2003,3,2003-01-15,0.303,0.1694667,0.2915429,0.3012857,60.46,296.92,298.614285714,295.901428571,305.2,293.4,27.9,94.3742857143,60.46,17.43,7.74285714286,28.0,9.5,33.3,22.5,164.4,6,17.4971428571,17.4528571429,18.2357142857,18.2614285714,295.944285714,295.871428571,296.63,296.627142857,91.56,84.06,93.4085714286,93.8457142857,299.171428571,300.821428571,299.171428571,299.057142857,28.9333333333,28.45,27.975,27.98,0.4884,0.3234143,0.1194,0.2542286,0.4024429,0.3004143,0.1364,0.1839143,0.4149286,0.3291857,0.1718286,0.2707143,0.4697,0.3184286,0.1895857,0.2090286,11.77,46.91,151.73,25.73,17.459999999999997,17.653928571425,299.53571428533337,299.44464285675,28.4611111111,28.339583333325002,89.99809523809999,90.85071428572499,0.37160476666666664,0.308553575,0.29077463333333337,0.25218097500000003,0.34521906666666663,0.30187144999999993,0.36313809999999996,0.31975,39.71333333333333,67.7175,0.3546048870425356,0.9350162426854148,1.9459101490553132
iq,2003,4,2003-01-22,0.2249571,0.2602714,0.2069286,0.2895,84.05,298.125714286,299.564285714,295.001428571,307.7,291.6,8.8,84.46,84.05,16.5142857143,10.2714285714,28.4,10.6,34.2,23.0,67.1,2,17.43,17.4971428571,17.4528571429,18.2357142857,295.901428571,295.944285714,295.871428571,296.63,94.3742857143,91.56,84.06,93.4085714286,298.614285714,299.171428571,300.821428571,299.171428571,28.0,28.9333333333,28.45,27.975,0.303,0.4884,0.3234143,0.1194,0.1694667,0.4024429,0.3004143,0.1364,0.2915429,0.4149286,0.3291857,0.1718286,0.3012857,0.4697,0.3184286,0.1895857,60.46,11.77,46.91,151.73,17.147142857133332,17.223571428575,299.1166666663333,299.5428571425,28.444444444433334,28.445833333324998,90.13142857143333,88.613571428575,0.3387857,0.33494285,0.2773936666666667,0.28314882500000005,0.3044667,0.31064644999999996,0.3534952333333332,0.344728575,52.093333333333334,50.79750000000001,0.4647231720437685,0.8854560256532099,1.0986122886681096
iq,2003,5,2003-01-29,0.1660286,0.1406286,0.1913857,0.1834429,35.05,299.487142857,300.242857143,294.012857143,310.0,292.5,6.26,74.8842857143,35.05,15.5928571429,11.7714285714,28.6,12.0,35.4,22.5,7.9,1,16.5142857143,17.43,17.4971428571,17.4528571429,295.001428571,295.901428571,295.944285714,295.871428571,84.46,94.3742857143,91.56,84.06,299.564285714,298.614285714,299.171428571,300.821428571,28.4,28.0,28.9333333333,28.45,0.2249571,0.303,0.4884,0.3234143,0.2602714,0.1694667,0.4024429,0.3004143,0.2069286,0.2915429,0.4149286,0.3291857,0.2895,0.3012857,0.4697,0.3184286,84.05,60.46,11.77,46.91,16.512380952399997,16.758571428575,299.47380952366666,299.3982142855,28.333333333333332,28.483333333325,84.57285714286667,86.31964285715,0.23132856666666668,0.295596425,0.19012223333333336,0.2432024,0.22995239999999997,0.2761964499999999,0.2580761999999999,0.31098215,59.85333333333333,47.83250000000001,0.5680647467311558,0.8229838658936564,0.6931471805599453
iq,2003,6,2003-02-05,0.19145,0.08642857,0.1368,0.1567143,56.36,297.218571429,298.4,296.218571429,304.9,292.0,170.6,94.5528571429,56.36,17.8528571429,7.45714285714,26.6,7.0,33.8,22.4,41.9,2,15.5928571429,16.5142857143,17.43,17.4971428571,294.012857143,295.001428571,295.901428571,295.944285714,74.8842857143,84.46,94.3742857143,91.56,300.242857143,299.564285714,298.614285714,299.171428571,28.6,28.4,28.0,28.9333333333,0.1660286,0.2249571,0.303,0.4884,0.1406286,0.2602714,0.1694667,0.4024429,0.1913857,0.2069286,0.2915429,0.4149286,0.1834429,0.2895,0.3012857,0.4697,35.05,84.05,60.46,11.77,16.653333333366668,16.847500000025,299.4023809523333,299.20535714275,27.866666666666664,27.900000000000002,84.6323809524,87.067857142875,0.19414523333333333,0.221358925,0.1624428566666667,0.16419881750000004,0.17837143333333336,0.20666429999999997,0.20988573333333327,0.232735725,58.48666666666666,58.980000000000004,0.6631226582407952,0.7485107481711011,1.0986122886681096
iq,2003,7,2003-02-12,0.3137143,0.2284143,0.2521143,0.2864714,70.63,296.585714286,297.671428571,295.52,302.9,293.2,38.7,94.3542857143,70.63,17.0157142857,6.02857142857,26.75,8.35,33.2,22.4,55.9,2,17.8528571429,15.5928571429,16.5142857143,17.43,296.218571429,294.012857143,295.001428571,295.901428571,94.5528571429,74.8842857143,84.46,94.3742857143,298.4,300.242857143,299.564285714,298.614285714,26.6,28.6,28.4,28.0,0.19145,0.1660286,0.2249571,0.303,0.08642857,0.1406286,0.2602714,0.1694667,0.1368,0.1913857,0.2069286,0.2915429,0.1567143,0.1834429,0.2895,0.3012857,56.36,35.05,84.05,60.46,16.8204761905,16.74392857145,298.7714285713333,298.96964285699994,27.316666666666666,27.5875,87.93047619050002,87.062857142875,0.22373096666666667,0.2240375,0.15182382333333336,0.1789357175,0.19343333333333335,0.19680715,0.20887619999999993,0.22903215,54.01333333333333,61.52250000000001,0.7485107481711011,0.6631226582407953,1.0986122886681096
iq,2003,8,2003-02-19,0.1262571,0.1355143,0.1036571,0.1337143,25.03,298.567142857,300.1,296.392857143,308.6,292.5,41.1,89.9742857143,25.03,18.02,10.8857142857,28.075,9.774999999999999,32.4,23.3,121.9,3,17.0157142857,17.8528571429,15.5928571429,16.5142857143,295.52,296.218571429,294.012857143,295.001428571,94.3542857143,94.5528571429,74.8842857143,84.46,297.671428571,298.4,300.242857143,299.564285714,26.75,26.6,28.6,28.4,0.3137143,0.19145,0.1660286,0.2249571,0.2284143,0.08642857,0.1406286,0.2602714,0.2521143,0.1368,0.1913857,0.2069286,0.2864714,0.1567143,0.1834429,0.2895,70.63,56.36,35.05,84.05,17.629523809533335,17.120357142875,298.72380952366666,299.1035714285,27.141666666666666,27.50625,92.9604761905,88.44142857145,0.21047380000000002,0.1993625,0.1501190566666667,0.14774644250000002,0.16419046666666667,0.17098927499999997,0.19229999999999992,0.19008572499999998,50.673333333333325,46.767500000000005,0.8229838658936564,0.5680647467311559,1.3862943611198906
iq,2003,9,2003-02-26,0.2976,0.2366333,0.22915,0.2072833,132.2,299.35,300.514285714,296.41,308.6,294.4,53.6,86.0128571429,132.2,18.0442857143,9.11428571429,29.4,11.2,35.0,22.9,0.0,5,18.02,17.0157142857,17.8528571429,15.5928571429,296.392857143,295.52,296.218571429,294.012857143,89.9742857143,94.3542857143,94.5528571429,74.8842857143,300.1,297.671428571,298.4,300.242857143,28.075,26.75,26.6,28.6,0.1262571,0.3137143,0.19145,0.1660286,0.1355143,0.2284143,0.08642857,0.1406286,0.1036571,0.2521143,0.1368,0.1913857,0.1337143,0.2864714,0.1567143,0.1834429,25.03,70.63,56.36,35.05,17.69333333333333,17.733214285724998,299.4285714283333,299.17142857125,28.075,27.70625,90.11380952383335,91.2235714286,0.24585713333333334,0.23225535,0.20018730000000004,0.17174761750000003,0.1949738,0.18043034999999996,0.20915633333333328,0.196045825,75.95333333333332,71.055,0.8854560256532099,0.4647231720437686,1.791759469228055
iq,2003,10,2003-03-05,0.1695286,0.1389571,0.2340571,0.1851429,63.71,297.508571429,298.892857143,295.942857143,306.6,294.3,134.46,92.4685714286,63.71,17.5,7.9,27.95,9.1,32.9,22.9,5.0,1,18.0442857143,18.02,17.0157142857,17.8528571429,296.41,296.392857143,295.52,296.218571429,86.0128571429,89.9742857143,94.3542857143,94.5528571429,300.514285714,300.1,297.671428571,298.4,29.4,28.075,26.75,26.6,0.2976,0.1262571,0.3137143,0.19145,0.2366333,0.1355143,0.2284143,0.08642857,0.22915,0.1036571,0.2521143,0.1368,0.2072833,0.1337143,0.2864714,0.1567143,132.2,25.03,70.63,56.36,17.854761904766665,17.645,299.83571428566665,299.294642857,28.474999999999998,28.04375,89.48523809526667,90.702500000025,0.19779523333333335,0.226775,0.17036823333333337,0.18487975,0.18895473333333332,0.20474462499999996,0.1753801666666666,0.203152975,73.64666666666666,72.8925,0.9350162426854148,0.35460488704253557,0.6931471805599453
iq,2003,11,2003-03-12,0.2,0.1902857,0.1589429,0.1636286,47.97,296.68,297.635714286,295.941428571,305.9,292.4,186.8,96.1714285714,47.97,17.5157142857,6.24285714286,26.7,7.5,32.0,22.1,98.4,4,17.5,18.0442857143,18.02,17.0157142857,295.942857143,296.41,296.392857143,295.52,92.4685714286,86.0128571429,89.9742857143,94.3542857143,298.892857143,300.514285714,300.1,297.671428571,27.95,29.4,28.075,26.75,0.1695286,0.2976,0.1262571,0.3137143,0.1389571,0.2366333,0.1355143,0.2284143,0.2340571,0.22915,0.1036571,0.2521143,0.1851429,0.2072833,0.1337143,0.2864714,63.71,132.2,25.03,70.63,17.686666666666667,17.77,299.0142857143333,299.28571428575003,28.016666666666666,28.03125,91.55095238096668,91.1567857143,0.2223762,0.198346425,0.1886253666666667,0.17534760000000002,0.20738333333333334,0.18145177499999998,0.18535159999999995,0.172442275,81.29333333333332,67.2275,0.970941817426052,0.23931566428755804,1.6094379124341003
iq,2003,12,2003-03-19,0.2142143,0.2251571,0.2191714,0.2485,109.04,297.892857143,299.171428571,296.632857143,308.9,293.4,362.03,93.6285714286,109.04,18.2528571429,8.34285714286,27.6,9.9,33.5,22.7,61.9,2,17.5157142857,17.5,18.0442857143,18.02,295.941428571,295.942857143,296.41,296.392857143,96.1714285714,92.4685714286,86.0128571429,89.9742857143,297.635714286,298.892857143,300.514285714,300.1,26.7,27.95,29.4,28.075,0.2,0.1695286,0.2976,0.1262571,0.1902857,0.1389571,0.2366333,0.1355143,0.1589429,0.2340571,0.22915,0.1036571,0.1636286,0.1851429,0.2072833,0.1337143,47.97,63.71,132.2,25.03,17.7561904762,17.828214285725,298.56666666666666,299.0535714285,27.416666666666668,27.912499999999998,94.08952380953333,92.070357142875,0.1945809666666667,0.22033572499999998,0.18479996666666668,0.19775830000000003,0.20405713333333333,0.21033034999999997,0.19909049999999992,0.2011387,73.57333333333332,88.23,0.992708874098054,0.120536680255323,1.0986122886681096
iq,2003,13,2003-03-26,0.1475286,0.2694571,0.1268571,0.2059143,93.61,298.644285714,300.392857143,296.818571429,308.1,294.3,44.5,91.5942857143,93.61,18.4842857143,9.47142857143,30.8,15.8,42.2,21.8,75.9,4,18.2528571429,17.5157142857,17.5,18.0442857143,296.632857143,295.941428571,295.942857143,296.41,93.6285714286,96.1714285714,92.4685714286,86.0128571429,299.171428571,297.635714286,298.892857143,300.514285714,27.6,26.7,27.95,29.4,0.2142143,0.2,0.1695286,0.2976,0.2251571,0.1902857,0.1389571,0.2366333,0.2191714,0.1589429,0.2340571,0.22915,0.2485,0.1636286,0.1851429,0.2072833,109.04,47.97,63.71,132.2,18.084285714299998,17.938214285725,299.06666666666666,299.02321428575,28.366666666666664,28.262500000000003,93.7980952381,93.465714285725,0.18724763333333336,0.18281787500000002,0.22829996666666671,0.20596425000000002,0.1683238,0.18475712499999997,0.20601429999999996,0.20079645000000002,83.53999999999998,78.58250000000001,1.0,-1.6081226496766364e-16,1.6094379124341003
iq,2003,14,2003-04-02,0.2482,0.2627714,0.2065,0.2886857,89.38,298.077142857,299.642857143,296.642857143,307.5,292.9,44.72,93.0142857143,89.38,18.2785714286,9.34285714286,28.26,9.96,34.2,22.6,75.0,0,18.4842857143,18.2528571429,17.5157142857,17.5,296.818571429,296.632857143,295.941428571,295.942857143,91.5942857143,93.6285714286,96.1714285714,92.4685714286,300.392857143,299.171428571,297.635714286,298.892857143,30.8,27.6,26.7,27.95,0.1475286,0.2142143,0.2,0.1695286,0.2694571,0.2251571,0.1902857,0.1389571,0.1268571,0.2191714,0.1589429,0.2340571,0.2059143,0.2485,0.1636286,0.1851429,93.61,109.04,47.97,63.71,18.3385714286,18.132857142875,299.7357142856667,299.21071428575,28.886666666666667,28.34,92.74571428573334,93.60214285715,0.20331430000000003,0.202485725,0.2524618666666667,0.23691782500000003,0.18417616666666667,0.17786784999999997,0.24769999999999992,0.22668215,97.34333333333332,85.0,0.992708874098054,-0.12053668025532288,0.0
iq,2003,15,2003-04-09,0.2052429,0.1842,0.1931286,0.2087857,78.59,298.082857143,298.971428571,297.358571429,305.9,293.9,86.23,96.27,78.59,19.0785714286,7.02857142857,28.175,9.675,34.5,22.9,79.0,0,18.2785714286,18.4842857143,18.2528571429,17.5157142857,296.642857143,296.818571429,296.632857143,295.941428571,93.0142857143,91.5942857143,93.6285714286,96.1714285714,299.642857143,300.392857143,299.171428571,297.635714286,28.26,30.8,27.6,26.7,0.2482,0.1475286,0.2142143,0.2,0.2627714,0.2694571,0.2251571,0.1902857,0.2065,0.1268571,0.2191714,0.1589429,0.2886857,0.2059143,0.2485,0.1636286,89.38,93.61,109.04,47.97,18.613809523833336,18.5235714286,299.66904761899997,299.544642857,29.078333333333337,28.708750000000002,93.6261904762,93.6267857143,0.20032383333333334,0.20379645000000002,0.23880950000000004,0.23539640000000003,0.1754952333333333,0.18641427499999996,0.23446189999999992,0.237971425,87.19333333333333,92.65500000000002,0.9709418174260521,-0.2393156642875575,0.0
iq,2003,16,2003-04-16,0.2668286,0.2182286,0.1998714,0.2621429,51.14,296.747142857,297.521428571,295.99,304.0,293.2,43.85,95.9928571429,51.14,17.5342857143,4.75714285714,27.72,8.48,34.2,22.4,49.0,0,19.0785714286,18.2785714286,18.4842857143,18.2528571429,297.358571429,296.642857143,296.818571429,296.632857143,96.27,93.0142857143,91.5942857143,93.6285714286,298.971428571,299.642857143,300.392857143,299.171428571,28.175,28.26,30.8,27.6,0.2052429,0.2482,0.1475286,0.2142143,0.1842,0.2627714,0.2694571,0.2251571,0.1931286,0.2065,0.1268571,0.2191714,0.2087857,0.2886857,0.2059143,0.2485,78.59,89.38,93.61,109.04,18.297142857166666,18.34392857145,298.71190476166663,299.132142857,28.051666666666666,28.738750000000003,95.09238095239999,94.217857142875,0.2400905,0.216950025,0.22173333333333337,0.23366427500000003,0.19983333333333334,0.18158927499999997,0.2532047666666666,0.24138215,73.03666666666665,78.18,0.9350162426854148,-0.35460488704253545,0.0
iq,2003,17,2003-04-23,0.3234429,0.2531714,0.2852286,0.2931,77.34,297.992857143,299.478571429,296.501428571,306.3,293.4,56.6,92.5471428571,77.34,18.1557142857,8.38571428571,28.2,10.45,33.9,21.8,82.9,0,17.5342857143,19.0785714286,18.2785714286,18.4842857143,295.99,297.358571429,296.642857143,296.818571429,95.9928571429,96.27,93.0142857143,91.5942857143,297.521428571,298.971428571,299.642857143,300.392857143,27.72,28.175,28.26,30.8,0.2668286,0.2052429,0.2482,0.1475286,0.2182286,0.1842,0.2627714,0.2694571,0.1998714,0.1931286,0.2065,0.1268571,0.2621429,0.2087857,0.2886857,0.2059143,51.14,78.59,89.38,93.61,18.2561904762,18.2617857143,298.657142857,298.9035714285,28.031666666666666,28.088749999999997,94.93666666666667,94.456071428575,0.2651714666666667,0.26092859999999996,0.21853333333333336,0.22959285000000001,0.22607619999999998,0.22118214999999997,0.25467619999999996,0.26317857499999997,69.02333333333333,74.11250000000001,0.8854560256532099,-0.4647231720437685,0.0
iq,2003,18,2003-04-30,0.4350571,0.3769143,0.2636143,0.3348429,65.43,296.691428571,297.585714286,296.16,304.5,294.0,247.6,97.2771428571,65.43,17.6885714286,5.08571428571,27.2,8.33333333333,32.9,22.7,105.9,1,18.1557142857,17.5342857143,19.0785714286,18.2785714286,296.501428571,295.99,297.358571429,296.642857143,92.5471428571,95.9928571429,96.27,93.0142857143,299.478571429,297.521428571,298.971428571,299.642857143,28.2,27.72,28.175,28.26,0.3234429,0.2668286,0.2052429,0.2482,0.2531714,0.2182286,0.1842,0.2627714,0.2852286,0.1998714,0.1931286,0.2065,0.2931,0.2621429,0.2087857,0.2886857,77.34,51.14,78.59,89.38,17.792857142866666,18.1142857143,298.1952380953333,298.38928571425,27.706666666666667,27.82375,95.27238095236667,95.52178571427498,0.3417762,0.307642875,0.2827714333333333,0.258128575,0.24957143333333334,0.23546072499999998,0.2966952666666666,0.274717875,64.63666666666666,68.125,0.8229838658936565,-0.5680647467311557,0.6931471805599453
iq,2003,19,2003-05-07,0.1994286,0.1501,0.1834667,0.1477,138.05,296.454285714,297.964285714,295.704285714,305.2,292.9,59.5,96.14,138.05,17.2228571429,7.15714285714,28.35,9.31666666667,33.6,23.4,69.0,1,17.6885714286,18.1557142857,17.5342857143,19.0785714286,296.16,296.501428571,295.99,297.358571429,97.2771428571,92.5471428571,95.9928571429,96.27,297.585714286,299.478571429,297.521428571,298.971428571,27.2,28.2,27.72,28.175,0.4350571,0.3234429,0.2668286,0.2052429,0.3769143,0.2531714,0.2182286,0.1842,0.2636143,0.2852286,0.1998714,0.1931286,0.3348429,0.2931,0.2621429,0.2087857,65.43,77.34,51.14,78.59,17.689047619066667,17.650357142875002,298.342857143,298.13750000000005,27.916666666666668,27.8675,95.3214285714,95.489285714275,0.31930953333333334,0.3061893,0.2600619,0.24960357500000002,0.2441032,0.23304524999999998,0.25854763333333325,0.25944645,93.60666666666667,82.99000000000001,0.7485107481711013,-0.663122658240795,0.6931471805599453
iq,2003,20,2003-05-14,0.2454286,0.1847,0.2614571,0.2688857,84.16,294.922857143,295.242857143,294.567142857,301.5,290.1,95.3,98.1328571429,84.16,16.0857142857,4.77142857143,27.0,8.8,32.5,22.0,246.2,1,17.2228571429,17.6885714286,18.1557142857,17.5342857143,295.704285714,296.16,296.501428571,295.99,96.14,97.2771428571,92.5471428571,95.9928571429,297.964285714,297.585714286,299.478571429,297.521428571,28.35,27.2,28.2,27.72,0.1994286,0.4350571,0.3234429,0.2668286,0.1501,0.3769143,0.2531714,0.2182286,0.1834667,0.2636143,0.2852286,0.1998714,0.1477,0.3348429,0.2931,0.2621429,138.05,65.43,77.34,51.14,16.999047619066666,17.288214285725,296.930952381,297.56785714299997,27.516666666666666,27.6875,97.18333333333332,96.024285714275,0.29330476666666666,0.3008393,0.23723810000000004,0.24122142500000002,0.23617936666666664,0.24844167499999997,0.25047619999999987,0.26113215,95.88,91.24500000000002,0.6631226582407952,-0.7485107481711012,0.6931471805599453
iq,2003,21,2003-05-21,0.1892571,0.16695,0.1843,0.1707429,23.7,295.878571429,296.835714286,295.035714286,304.1,291.6,34.56,95.8542857143,23.7,16.5157142857,6.75714285714,27.4666666667,8.9,32.5,22.3,145.8,1,16.0857142857,17.2228571429,17.6885714286,18.1557142857,294.567142857,295.704285714,296.16,296.501428571,98.1328571429,96.14,97.2771428571,92.5471428571,295.242857143,297.964285714,297.585714286,299.478571429,27.0,28.35,27.2,28.2,0.2454286,0.1994286,0.4350571,0.3234429,0.1847,0.1501,0.3769143,0.2531714,0.2614571,0.1834667,0.2636143,0.2852286,0.2688857,0.1477,0.3348429,0.2931,84.16,138.05,65.43,77.34,16.608095238100002,16.878214285725,296.680952381,296.90714285725,27.605555555566667,27.504166666675,96.70904761906667,96.85107142857501,0.21137143333333333,0.26729285,0.16725000000000004,0.21966607500000002,0.20974126666666668,0.223209525,0.19577619999999993,0.230542875,81.96999999999998,77.83500000000001,0.5680647467311558,-0.8229838658936564,0.6931471805599453
iq,2003,22,2003-05-28,0.2411429,0.1987,0.2537286,0.2544571,166.52,297.648571429,298.971428571,296.08,306.1,293.3,113.8,92.4614285714,166.52,17.6185714286,9.31428571429,27.7,8.72,35.0,22.4,187.9,1,16.5157142857,16.0857142857,17.2228571429,17.6885714286,295.035714286,294.567142857,295.704285714,296.16,95.8542857143,98.1328571429,96.14,97.2771428571,296.835714286,295.242857143,297.964285714,297.585714286,27.4666666667,27.0,28.35,27.2,0.1892571,0.2454286,0.1994286,0.4350571,0.16695,0.1847,0.1501,0.3769143,0.1843,0.2614571,0.1834667,0.2636143,0.1707429,0.2688857,0.1477,0.3348429,23.7,84.16,138.05,65.43,16.74,16.860714285725003,297.01666666666665,297.2535714285,27.3888888889,27.629166666675,95.48285714286668,95.64714285715002,0.2252762,0.21881430000000002,0.18345000000000003,0.17511250000000003,0.2331619,0.22073809999999996,0.23136189999999993,0.210446425,91.46,103.10750000000002,0.46472317204376906,-0.8854560256532096,0.6931471805599453
iq,2003,23,2003-06-04,0.2369571,0.1213143,0.1923143,0.2074,70.25,296.591428571,297.757142857,296.127142857,303.9,294.2,40.7,97.6171428571,70.25,17.6514285714,5.51428571429,27.2,8.15,33.4,22.4,72.1,2,17.6185714286,16.5157142857,16.0857142857,17.2228571429,296.08,295.035714286,294.567142857,295.704285714,92.4614285714,95.8542857143,98.1328571429,96.14,298.971428571,296.835714286,295.242857143,297.964285714,27.7,27.4666666667,27.0,28.35,0.2411429,0.1892571,0.2454286,0.1994286,0.1987,0.16695,0.1847,0.1501,0.2537286,0.1843,0.2614571,0.1834667,0.2544571,0.1707429,0.2688857,0.1477,166.52,23.7,84.16,138.05,17.2619047619,16.96785714285,297.85476190466665,297.20178571425,27.455555555566665,27.341666666674996,95.31095238093333,96.016428571425,0.22245236666666668,0.22819642499999998,0.16232143333333338,0.16791607500000003,0.2101143,0.22294999999999998,0.21086666666666656,0.22537142500000001,86.82333333333332,86.1575,0.35460488704253584,-0.9350162426854147,1.0986122886681096
iq,2003,24,2003-06-11,0.3135857,0.3539833,0.2658571,0.2809143,98.72,296.837142857,297.807142857,296.117142857,303.4,292.8,61.8,96.2228571429,98.72,17.6685714286,7.07142857143,27.7,9.575,33.2,21.6,107.0,3,17.6514285714,17.6185714286,16.5157142857,16.0857142857,296.127142857,296.08,295.035714286,294.567142857,97.6171428571,92.4614285714,95.8542857143,98.1328571429,297.757142857,298.971428571,296.835714286,295.242857143,27.2,27.7,27.4666666667,27.0,0.2369571,0.2411429,0.1892571,0.2454286,0.1213143,0.1987,0.16695,0.1847,0.1923143,0.2537286,0.1843,0.2614571,0.2074,0.2544571,0.1707429,0.2688857,70.25,166.52,23.7,84.16,17.6461904762,17.363571428575,298.1785714283333,297.84285714274995,27.53333333333333,27.516666666674997,95.43380952380001,95.538928571425,0.2638952333333333,0.24523570000000003,0.22466586666666669,0.2102369,0.23729999999999998,0.22404999999999997,0.2475904666666666,0.228378575,111.83,89.79750000000001,0.23931566428755768,-0.970941817426052,1.3862943611198906
iq,2003,25,2003-06-18,0.3237,0.2755,0.3547571,0.2723143,47.15,296.008571429,296.757142857,293.978571429,304.9,291.0,5.56,90.0485714286,47.15,15.4771428571,8.91428571429,27.525,10.725,33.5,21.8,40.4,4,17.6685714286,17.6514285714,17.6185714286,16.5157142857,296.117142857,296.127142857,296.08,295.035714286,96.2228571429,97.6171428571,92.4614285714,95.8542857143,297.807142857,297.757142857,298.971428571,296.835714286,27.7,27.2,27.7,27.4666666667,0.3135857,0.2369571,0.2411429,0.1892571,0.3539833,0.1213143,0.1987,0.16695,0.2658571,0.1923143,0.2537286,0.1843,0.2809143,0.2074,0.2544571,0.1707429,98.72,70.25,166.52,23.7,16.932380952366668,17.103928571425,297.44047619033336,297.8232142855,27.474999999999998,27.53125,94.62952380953334,94.0875,0.29141426666666664,0.278846425,0.25026586666666667,0.23737440000000004,0.27097616666666663,0.26666427499999995,0.2535428666666666,0.253771425,72.03999999999999,95.66,0.12053668025532308,-0.992708874098054,1.6094379124341003
iq,2003,26,2003-06-25,0.1882571,0.2322667,0.1737714,0.1928,88.88,295.387142857,296.357142857,294.542857143,303.7,291.8,38.1,95.5757142857,88.88,15.9857142857,6.54285714286,26.95,9.45,32.7,21.9,93.5,6,15.4771428571,17.6685714286,17.6514285714,17.6185714286,293.978571429,296.117142857,296.127142857,296.08,90.0485714286,96.2228571429,97.6171428571,92.4614285714,296.757142857,297.807142857,297.757142857,298.971428571,27.525,27.7,27.2,27.7,0.3237,0.3135857,0.2369571,0.2411429,0.2755,0.3539833,0.1213143,0.1987,0.3547571,0.2658571,0.1923143,0.2537286,0.2723143,0.2809143,0.2074,0.2544571,47.15,98.72,70.25,166.52,16.377142857133332,16.6957142857,296.97380952366666,297.169642857,27.391666666666666,27.34375,93.94904761906666,94.86607142857501,0.2751809333333333,0.265624975,0.28725000000000006,0.24576607500000003,0.26479519999999995,0.24667497499999996,0.2486761999999999,0.23835715,78.24999999999999,76.25,-3.216245299353273e-16,-1.0,1.9459101490553132
iq,2003,27,2003-07-02,0.2618143,0.1715857,0.3099429,0.2584286,61.09,295.128571429,295.992857143,294.037142857,305.5,291.7,42.5,94.1271428571,61.09,15.5114285714,6.5,25.8666666667,7.5,33.8,21.7,79.3,2,15.9857142857,15.4771428571,17.6685714286,17.6514285714,294.542857143,293.978571429,296.117142857,296.127142857,95.5757142857,90.0485714286,96.2228571429,97.6171428571,296.357142857,296.757142857,297.807142857,297.757142857,26.95,27.525,27.7,27.2,0.1882571,0.3237,0.3135857,0.2369571,0.2322667,0.2755,0.3539833,0.1213143,0.1737714,0.3547571,0.2658571,0.1923143,0.1928,0.2723143,0.2809143,0.2074,88.88,47.15,98.72,70.25,15.658095238066666,16.1607142857,296.369047619,296.7285714285,26.780555555566664,27.010416666675,93.25047619046666,93.993571428575,0.2579238,0.27183927500000005,0.22645080000000006,0.2583339250000001,0.27949046666666666,0.27608212499999996,0.24118096666666658,0.2511143,65.70666666666666,73.96000000000001,-0.12053668025532283,-0.992708874098054,1.0986122886681096
iq,2003,28,2003-07-09,0.1802714,0.1629714,0.1541286,0.1611,53.58,296.942857143,298.307142857,294.154285714,307.3,291.4,13.55,86.6557142857,53.58,15.6185714286,10.1,27.075,10.875,33.2,20.7,1.5,2,15.5114285714,15.9857142857,15.4771428571,17.6685714286,294.037142857,294.542857143,293.978571429,296.117142857,94.1271428571,95.5757142857,90.0485714286,96.2228571429,295.992857143,296.357142857,296.757142857,297.807142857,25.8666666667,26.95,27.525,27.7,0.2618143,0.1882571,0.3237,0.3135857,0.1715857,0.2322667,0.2755,0.3539833,0.3099429,0.1737714,0.3547571,0.2658571,0.2584286,0.1928,0.2723143,0.2809143,61.09,88.88,47.15,98.72,15.705238095233334,15.6482142857,296.8857142856666,296.8535714285,26.63055555556667,26.854166666675,92.1195238095,91.601785714275,0.21011426666666666,0.2385107,0.1889412666666667,0.21058095000000002,0.2126143,0.24814999999999998,0.20410953333333326,0.221160725,67.84999999999998,62.67500000000001,-0.23931566428755743,-0.9709418174260521,1.0986122886681096
iq,2003,29,2003-07-16,0.1935714,0.16885,0.1590857,0.2314714,65.2,296.79,298.171428571,293.642857143,306.6,287.3,27.06,85.6114285714,65.2,15.2971428571,12.0,27.6666666667,10.8333333333,33.4,17.4,23.8,5,15.6185714286,15.5114285714,15.9857142857,15.4771428571,294.154285714,294.037142857,294.542857143,293.978571429,86.6557142857,94.1271428571,95.5757142857,90.0485714286,298.307142857,295.992857143,296.357142857,296.757142857,27.075,25.8666666667,26.95,27.525,0.1802714,0.2618143,0.1882571,0.3237,0.1629714,0.1715857,0.2322667,0.2755,0.1541286,0.3099429,0.1737714,0.3547571,0.1611,0.2584286,0.1928,0.2723143,53.58,61.09,88.88,47.15,15.4757142857,15.6032142857,297.4904761903333,297.207142857,26.869444444466666,26.889583333349997,88.79809523806667,90.492499999975,0.21188569999999998,0.20597855,0.1678023666666667,0.18391845,0.20771906666666665,0.19923214999999994,0.21699999999999994,0.21095,59.956666666666656,67.1875,-0.3546048870425356,-0.9350162426854148,1.791759469228055
iq,2003,30,2003-07-23,0.2858143,0.1630714,0.2880286,0.2774571,2.64,296.485714286,298.042857143,291.85,305.4,289.2,6.39,77.8042857143,2.64,13.5585714286,11.4285714286,26.4666666667,10.3666666667,32.1,18.0,9.9,1,15.2971428571,15.6185714286,15.5114285714,15.9857142857,293.642857143,294.154285714,294.037142857,294.542857143,85.6114285714,86.6557142857,94.1271428571,95.5757142857,298.171428571,298.307142857,295.992857143,296.357142857,27.6666666667,27.075,25.8666666667,26.95,0.1935714,0.1802714,0.2618143,0.1882571,0.16885,0.1629714,0.1715857,0.2322667,0.1590857,0.1541286,0.3099429,0.1737714,0.2314714,0.1611,0.2584286,0.1928,65.2,53.58,61.09,88.88,14.824761904766667,14.996428571425,298.17380952366665,297.6285714285,27.069444444466665,26.768750000025,83.35714285713333,86.049642857125,0.2198857,0.23036784999999999,0.16496426666666672,0.16661962500000002,0.20041429999999996,0.22779644999999998,0.22334283333333327,0.232114275,40.47333333333332,45.627500000000005,-0.46472317204376806,-0.8854560256532101,0.6931471805599453
iq,2003,31,2003-07-30,0.2077857,0.1562143,0.1743286,0.2188143,24.64,296.822857143,298.357142857,293.184285714,306.9,291.2,12.0,82.27,24.64,14.6857142857,10.3142857143,27.225,9.9,32.4,21.3,69.1,1,13.5585714286,15.2971428571,15.6185714286,15.5114285714,291.85,293.642857143,294.154285714,294.037142857,77.8042857143,85.6114285714,86.6557142857,94.1271428571,298.042857143,298.171428571,298.307142857,295.992857143,26.4666666667,27.6666666667,27.075,25.8666666667,0.2858143,0.1935714,0.1802714,0.2618143,0.1630714,0.16885,0.1629714,0.1715857,0.2880286,0.1590857,0.1541286,0.3099429,0.2774571,0.2314714,0.1611,0.2584286,2.64,65.2,53.58,61.09,14.513809523800001,14.79,298.19047619033336,298.219642857,27.119444444466666,27.108333333349997,81.89523809523332,83.08535714285,0.22905713333333333,0.2168607,0.16271190000000005,0.16277677500000004,0.2071476333333333,0.19389287499999996,0.24258093333333328,0.2222107,30.826666666666657,36.51500000000001,-0.5680647467311556,-0.8229838658936565,0.6931471805599453
iq,2003,32,2003-08-06,0.2443714,0.1746429,0.2174143,0.2323,89.28,297.658571429,298.55,293.045714286,308.2,290.8,6.5,77.8614285714,89.28,14.5842857143,12.6428571429,27.85,11.2,34.2,21.3,117.0,0,14.6857142857,13.5585714286,15.2971428571,15.6185714286,293.184285714,291.85,293.642857143,294.154285714,82.27,77.8042857143,85.6114285714,86.6557142857,298.357142857,298.042857143,298.171428571,298.307142857,27.225,26.4666666667,27.6666666667,27.075,0.2077857,0.2858143,0.1935714,0.1802714,0.1562143,0.1630714,0.16885,0.1629714,0.1743286,0.2880286,0.1590857,0.1541286,0.2188143,0.2774571,0.2314714,0.1611,24.64,2.64,65.2,53.58,14.2761904762,14.531428571425,298.31666666666666,298.28035714275,27.180555555566666,27.30208333335,79.3119047619,80.88678571427499,0.24599046666666666,0.2328857,0.1646428666666667,0.16569465000000003,0.2265905,0.2097143,0.24285713333333325,0.2400107,38.853333333333325,45.44000000000001,-0.663122658240795,-0.7485107481711013,0.0
iq,2003,33,2003-08-13,0.2471143,0.1711143,0.2337429,0.2638,52.47,297.338571429,298.271428571,294.118571429,307.0,291.3,21.0,83.9271428571,52.47,15.5885714286,10.6571428571,27.4,10.05,34.4,21.7,79.0,0,14.5842857143,14.6857142857,13.5585714286,15.2971428571,293.045714286,293.184285714,291.85,293.642857143,77.8614285714,82.27,77.8042857143,85.6114285714,298.55,298.357142857,298.042857143,298.171428571,27.85,27.225,26.4666666667,27.6666666667,0.2443714,0.2077857,0.2858143,0.1935714,0.1746429,0.1562143,0.1630714,0.16885,0.2174143,0.1743286,0.2880286,0.1590857,0.2323,0.2188143,0.2774571,0.2314714,89.28,24.64,2.64,65.2,14.952857142866668,14.604285714300001,298.3928571426667,298.30535714275004,27.491666666666664,27.235416666675,81.35285714283333,80.46571428569999,0.23309046666666666,0.246271425,0.16732383333333334,0.16626072500000003,0.20849526666666665,0.2283786,0.23830476666666658,0.24809285,55.46333333333333,42.25750000000001,-0.7485107481711011,-0.6631226582407952,0.0
iq,2003,34,2003-08-20,0.4252429,0.3624833,0.3566143,0.3855286,45.38,297.365714286,298.857142857,293.511428571,308.1,292.0,35.1,81.9428571429,45.38,15.01,10.0571428571,27.75,11.9,34.0,20.0,18.3,0,15.5885714286,14.5842857143,14.6857142857,13.5585714286,294.118571429,293.045714286,293.184285714,291.85,83.9271428571,77.8614285714,82.27,77.8042857143,298.271428571,298.55,298.357142857,298.042857143,27.4,27.85,27.225,26.4666666667,0.2471143,0.2443714,0.2077857,0.2858143,0.1711143,0.1746429,0.1562143,0.1630714,0.2337429,0.2174143,0.1743286,0.2880286,0.2638,0.2323,0.2188143,0.2774571,52.47,89.28,24.64,2.64,15.060952380966667,14.96714285715,298.55952380933337,298.50892857125,27.666666666666668,27.55625,81.2438095238,81.50035714284999,0.30557619999999996,0.281128575,0.23608016666666667,0.21611370000000002,0.2692571666666666,0.24552502499999998,0.2938761999999999,0.275110725,62.376666666666665,52.94250000000001,-0.8229838658936564,-0.5680647467311559,0.0
iq,2003,35,2003-08-27,0.2495857,0.2122,0.2508143,0.2652143,29.51,297.875714286,299.671428571,294.932857143,306.6,291.2,18.03,85.7257142857,29.51,16.4457142857,10.8857142857,28.0,12.1,34.4,21.4,95.7,0,15.01,15.5885714286,14.5842857143,14.6857142857,293.511428571,294.118571429,293.045714286,293.184285714,81.9428571429,83.9271428571,77.8614285714,82.27,298.857142857,298.271428571,298.55,298.357142857,27.75,27.4,27.85,27.225,0.4252429,0.2471143,0.2443714,0.2077857,0.3624833,0.1711143,0.1746429,0.1562143,0.3566143,0.2337429,0.2174143,0.1743286,0.3855286,0.2638,0.2323,0.2188143,45.38,52.47,89.28,24.64,15.681428571433331,15.407142857150001,298.933333333,298.83749999975,27.71666666666667,27.75,83.86523809523332,82.364285714275,0.3073143,0.291578575,0.24859920000000002,0.23011012500000003,0.2803905,0.26464645,0.30484763333333326,0.286710725,42.453333333333326,54.16000000000001,-0.8854560256532096,-0.4647231720437691,0.0
iq,2003,36,2003-09-03,0.3417,0.2863143,0.2101857,0.2659857,8.84,297.381428571,298.442857143,290.97,309.5,289.1,33.5,70.9285714286,8.84,12.9471428571,12.7714285714,26.65,11.9,33.9,18.5,0.8,2,16.4457142857,15.01,15.5885714286,14.5842857143,294.932857143,293.511428571,294.118571429,293.045714286,85.7257142857,81.9428571429,83.9271428571,77.8614285714,299.671428571,298.857142857,298.271428571,298.55,28.0,27.75,27.4,27.85,0.2495857,0.4252429,0.2471143,0.2443714,0.2122,0.3624833,0.1711143,0.1746429,0.2508143,0.3566143,0.2337429,0.2174143,0.2652143,0.3855286,0.2638,0.2323,29.51,45.38,52.47,89.28,14.800952380933332,14.99785714285,298.9904761903333,298.8107142855,27.46666666666667,27.45,79.53238095239999,80.631071428575,0.3388428666666667,0.315910725,0.28699920000000007,0.2580279750000001,0.27253809999999995,0.2628393,0.3055761999999999,0.29513215000000004,27.909999999999993,34.05000000000001,-0.9350162426854147,-0.3546048870425359,1.0986122886681096
iq,2003,37,2003-09-10,0.2232286,0.2028714,0.1952571,0.2701857,36.42,298.831428571,300.192857143,293.927142857,310.2,292.0,6.0,76.5328571429,36.42,15.4471428571,12.6714285714,27.8333333333,12.3,34.3,21.0,53.1,0,12.9471428571,16.4457142857,15.01,15.5885714286,290.97,294.932857143,293.511428571,294.118571429,70.9285714286,85.7257142857,81.9428571429,83.9271428571,298.442857143,299.671428571,298.857142857,298.271428571,26.65,28.0,27.75,27.4,0.3417,0.2495857,0.4252429,0.2471143,0.2863143,0.2122,0.3624833,0.1711143,0.2101857,0.2508143,0.3566143,0.2337429,0.2659857,0.2652143,0.3855286,0.2638,8.84,29.51,45.38,52.47,14.946666666633334,14.962499999975002,299.4357142856667,299.2910714285,27.49444444443333,27.558333333325002,77.72904761906666,78.782500000025,0.2715047666666666,0.30993930000000003,0.23379523333333338,0.26596725000000004,0.21875236666666664,0.25321784999999997,0.26712856666666657,0.296728575,24.92333333333333,30.03750000000001,-0.970941817426052,-0.23931566428755774,0.0
iq,2003,38,2003-09-17,0.3644857,0.2609857,0.3164571,0.3851571,55.73,296.948571429,297.707142857,293.684285714,310.6,288.2,115.2,85.03,55.73,15.3114285714,10.7571428571,27.8,11.6,35.3,16.8,92.3,3,15.4471428571,12.9471428571,16.4457142857,15.01,293.927142857,290.97,294.932857143,293.511428571,76.5328571429,70.9285714286,85.7257142857,81.9428571429,300.192857143,298.442857143,299.671428571,298.857142857,27.8333333333,26.65,28.0,27.75,0.2232286,0.3417,0.2495857,0.4252429,0.2028714,0.2863143,0.2122,0.3624833,0.1952571,0.2101857,0.2508143,0.3566143,0.2701857,0.2659857,0.2652143,0.3855286,36.42,8.84,29.51,45.38,14.568571428533332,15.037857142825,298.780952381,299.0035714285,27.427777777766664,27.570833333325,77.49714285716666,79.5542857143,0.3098047666666666,0.29475,0.2500571333333334,0.24059285000000002,0.24063329999999997,0.24317854999999997,0.3071094999999999,0.2966357,33.66333333333332,32.62500000000001,-0.992708874098054,-0.12053668025532357,1.3862943611198906
iq,2003,39,2003-09-24,0.4011857,0.3545167,0.3276714,0.3920429,100.55,298.144285714,299.292857143,295.737142857,307.9,293.0,53.36,88.1171428571,100.55,17.2628571429,9.47142857143,28.0333333333,10.6333333333,34.7,21.8,27.2,0,15.3114285714,15.4471428571,12.9471428571,16.4457142857,293.684285714,293.927142857,290.97,294.932857143,85.03,76.5328571429,70.9285714286,85.7257142857,297.707142857,300.192857143,298.442857143,299.671428571,27.8,27.8333333333,26.65,28.0,0.3644857,0.2232286,0.3417,0.2495857,0.2609857,0.2028714,0.2863143,0.2122,0.3164571,0.1952571,0.2101857,0.2508143,0.3851571,0.2701857,0.2659857,0.2652143,55.73,36.42,8.84,29.51,16.007142857133335,15.242142857125,299.0642857143334,298.90892857150004,27.88888888886667,27.579166666649996,83.22666666666667,80.15214285715,0.3296333333333333,0.33265,0.2727912666666667,0.27617202500000004,0.27979519999999997,0.262392825,0.3491285666666666,0.32834284999999996,64.23333333333333,50.385000000000005,-1.0,-1.8369701987210297e-16,0.0
iq,2003,40,2003-10-01,0.2535,0.2371143,0.2290286,0.2321714,74.6,299.357142857,300.7,295.828571429,310.6,292.9,253.3,83.6828571429,74.6,17.4514285714,11.6,28.575,12.175,35.5,21.8,34.5,0,17.2628571429,15.3114285714,15.4471428571,12.9471428571,295.737142857,293.684285714,293.927142857,290.97,88.1171428571,85.03,76.5328571429,70.9285714286,299.292857143,297.707142857,300.192857143,298.442857143,28.0333333333,27.8,27.8333333333,26.65,0.4011857,0.3644857,0.2232286,0.3417,0.3545167,0.2609857,0.2028714,0.2863143,0.3276714,0.3164571,0.1952571,0.2101857,0.3920429,0.3851571,0.2701857,0.2659857,100.55,55.73,36.42,8.84,16.675238095233336,16.3682142857,299.23333333333335,299.47321428575,28.136111111099996,28.06041666665,85.61000000000001,83.340714285725,0.33972379999999996,0.3106,0.2842055666666667,0.26387202500000007,0.2910523666666666,0.26710354999999997,0.33645713333333327,0.31988927500000003,76.95999999999998,66.825,-0.992708874098054,0.1205366802553232,0.0
iq,2003,41,2003-10-08,0.1760286,0.1963833,0.2257571,0.2349286,38.3,297.915714286,299.885714286,296.312857143,309.0,292.5,42.5,92.1657142857,38.3,17.9142857143,11.2,27.2,9.35,35.7,22.3,138.2,0,17.4514285714,17.2628571429,15.3114285714,15.4471428571,295.828571429,295.737142857,293.684285714,293.927142857,83.6828571429,88.1171428571,85.03,76.5328571429,300.7,299.292857143,297.707142857,300.192857143,28.575,28.0333333333,27.8,27.8333333333,0.2535,0.4011857,0.3644857,0.2232286,0.2371143,0.3545167,0.2609857,0.2028714,0.2290286,0.3276714,0.3164571,0.1952571,0.2321714,0.3920429,0.3851571,0.2701857,74.6,100.55,55.73,36.42,17.54285714286667,16.985,299.9595238096667,299.3964285715,27.9361111111,27.902083333325,87.98857142856667,87.24892857142501,0.27690476666666664,0.29879999999999995,0.26267143333333337,0.26225000000000004,0.26081903333333334,0.27472854999999996,0.28638096666666657,0.311075,71.14999999999999,67.295,-0.9709418174260521,0.23931566428755738,0.0
iq,2003,42,2003-10-15,0.2758286,0.2288429,0.2752,0.2871143,44.16,298.162857143,299.35,296.201428571,305.6,293.8,34.6,90.3428571429,44.16,17.7971428571,8.52857142857,28.3,10.65,34.4,22.9,36.0,2,17.9142857143,17.4514285714,17.2628571429,15.3114285714,296.312857143,295.828571429,295.737142857,293.684285714,92.1657142857,83.6828571429,88.1171428571,85.03,299.885714286,300.7,299.292857143,297.707142857,27.2,28.575,28.0333333333,27.8,0.1760286,0.2535,0.4011857,0.3644857,0.1963833,0.2371143,0.3545167,0.2609857,0.2257571,0.2290286,0.3276714,0.3164571,0.2349286,0.2321714,0.3920429,0.3851571,38.3,74.6,100.55,55.73,17.720952380933333,17.606428571425,299.97857142866667,299.80714285725,28.025000000000002,28.027083333325,88.7304761905,88.57714285715001,0.23511906666666663,0.276635725,0.22078016666666667,0.2542143,0.24332856666666666,0.264414275,0.2514047666666666,0.2865643,52.35333333333332,64.4025,-0.9350162426854148,0.35460488704253557,1.0986122886681096
iq,2003,43,2003-10-22,0.4750143,0.3795,0.4249429,0.4324429,39.52,298.957142857,300.678571429,296.224285714,311.2,294.6,41.2,87.37,39.52,17.8957142857,9.95714285714,27.975,10.475,34.5,20.7,32.1,2,17.7971428571,17.9142857143,17.4514285714,17.2628571429,296.201428571,296.312857143,295.828571429,295.737142857,90.3428571429,92.1657142857,83.6828571429,88.1171428571,299.35,299.885714286,300.7,299.292857143,28.3,27.2,28.575,28.0333333333,0.2758286,0.1760286,0.2535,0.4011857,0.2288429,0.1963833,0.2371143,0.3545167,0.2752,0.2257571,0.2290286,0.3276714,0.2871143,0.2349286,0.2321714,0.3920429,44.16,38.3,74.6,100.55,17.869047619033335,17.764642857125,299.97142857166665,300.15357142875,27.825,28.0125,89.95952380953334,88.390357142875,0.3089571666666666,0.29509287500000003,0.26824206666666667,0.26046012500000004,0.3086333333333333,0.28873214999999997,0.31816193333333326,0.2966643,40.65999999999999,49.14500000000001,-0.8854560256532101,0.464723172043768,1.0986122886681096
iq,2003,44,2003-10-29,0.1345143,0.1314714,0.1153571,0.1212714,32.47,300.041428571,300.842857143,295.295714286,310.1,292.3,6.1,77.7842857143,32.47,16.8728571429,12.0857142857,28.7333333333,11.1333333333,35.5,22.8,56.4,3,17.8957142857,17.7971428571,17.9142857143,17.4514285714,296.224285714,296.201428571,296.312857143,295.828571429,87.37,90.3428571429,92.1657142857,83.6828571429,300.678571429,299.35,299.885714286,300.7,27.975,28.3,27.2,28.575,0.4750143,0.2758286,0.1760286,0.2535,0.3795,0.2288429,0.1963833,0.2371143,0.4249429,0.2752,0.2257571,0.2290286,0.4324429,0.2871143,0.2349286,0.2321714,39.52,44.16,38.3,74.6,17.5219047619,17.619999999999997,300.29047619066665,300.1892857145,28.3361111111,28.052083333325,85.16571428573333,86.91571428572502,0.29511906666666665,0.26534645,0.24660476666666667,0.23404940000000002,0.2718333333333333,0.260314275,0.2802761999999999,0.2689393,38.71666666666666,38.61250000000001,-0.822983865893657,0.5680647467311548,1.3862943611198906
iq,2003,45,2003-11-05,0.3946571,0.3269571,0.3912143,0.4190429,105.14,298.135714286,299.957142857,295.74,310.8,292.3,85.3,88.48,105.14,17.39,9.42857142857,27.6,9.56666666667,34.0,21.9,139.7,3,16.8728571429,17.8957142857,17.7971428571,17.9142857143,295.295714286,296.224285714,296.201428571,296.312857143,77.7842857143,87.37,90.3428571429,92.1657142857,300.842857143,300.678571429,299.35,299.885714286,28.7333333333,27.975,28.3,27.2,0.1345143,0.4750143,0.2758286,0.1760286,0.1314714,0.3795,0.2288429,0.1963833,0.1153571,0.4249429,0.2752,0.2257571,0.1212714,0.4324429,0.2871143,0.2349286,32.47,39.52,44.16,38.3,17.3861904762,17.488928571425,300.492857143,300.20714285725,28.102777777766665,28.152083333325002,84.54476190476667,85.9942857143,0.3347285666666666,0.320003575,0.27930950000000004,0.26669285,0.31050476666666665,0.30167857499999995,0.32425239999999994,0.314967875,59.04333333333332,55.322500000000005,-0.7485107481711011,0.6631226582407952,1.3862943611198906
iq,2003,46,2003-11-12,0.3176857,0.3246,0.2498,0.3244714,31.08,298.367142857,300.171428571,295.645714286,308.4,290.9,36.4,86.7557142857,31.08,17.2928571429,10.6285714286,28.5,10.85,35.5,20.8,79.0,3,17.39,16.8728571429,17.8957142857,17.7971428571,295.74,295.295714286,296.224285714,296.201428571,88.48,77.7842857143,87.37,90.3428571429,299.957142857,300.842857143,300.678571429,299.35,27.6,28.7333333333,27.975,28.3,0.3946571,0.1345143,0.4750143,0.2758286,0.3269571,0.1314714,0.3795,0.2288429,0.3912143,0.1153571,0.4249429,0.2752,0.4190429,0.1212714,0.4324429,0.2871143,105.14,32.47,39.52,44.16,17.18523809526667,17.362857142875,300.3238095236666,300.4125,28.27777777776667,28.202083333325,84.33999999999999,85.0975,0.28228570000000003,0.33046784999999995,0.26100950000000006,0.290632125,0.2521238,0.295328575,0.2882618999999999,0.32430715,56.22999999999998,52.05250000000001,-0.6631226582407955,0.7485107481711007,1.3862943611198906
iq,2003,47,2003-11-19,0.2636429,0.2816571,0.2466667,0.3012571,123.63,298.681428571,300.107142857,296.725714286,307.0,294.8,40.8,90.8828571429,123.63,18.3785714286,9.04285714286,27.9,10.55,36.0,22.4,284.4,1,17.2928571429,17.39,16.8728571429,17.8957142857,295.645714286,295.74,295.295714286,296.224285714,86.7557142857,88.48,77.7842857143,87.37,300.171428571,299.957142857,300.842857143,300.678571429,28.5,27.6,28.7333333333,27.975,0.3176857,0.3946571,0.1345143,0.4750143,0.3246,0.3269571,0.1314714,0.3795,0.2498,0.3912143,0.1153571,0.4249429,0.3244714,0.4190429,0.1212714,0.4324429,31.08,105.14,32.47,39.52,17.687142857166666,17.4835714286,300.0785714283333,300.269642857,28.0,28.183333333325,88.70619047619999,85.97571428572499,0.3253285666666667,0.277625,0.31107140000000005,0.26617140000000006,0.29589366666666667,0.250759525,0.34825713333333325,0.2915107,86.61666666666666,73.08000000000001,-0.5680647467311559,0.8229838658936564,0.6931471805599453
iq,2003,48,2003-11-26,0.2749,0.2452,0.3094571,0.2953286,81.27,299.222857143,299.607142857,296.53,308.5,294.3,51.4,86.9957142857,81.27,18.27,9.07142857143,28.3,10.2333333333,34.7,22.0,26.2,2,18.3785714286,17.2928571429,17.39,16.8728571429,296.725714286,295.645714286,295.74,295.295714286,90.8828571429,86.7557142857,88.48,77.7842857143,300.107142857,300.171428571,299.957142857,300.842857143,27.9,28.5,27.6,28.7333333333,0.2636429,0.3176857,0.3946571,0.1345143,0.2816571,0.3246,0.3269571,0.1314714,0.2466667,0.2498,0.3912143,0.1153571,0.3012571,0.3244714,0.4190429,0.1212714,123.63,31.08,105.14,32.47,17.9804761905,17.832857142875,299.96190476166663,299.9607142855,28.233333333333334,28.075,88.21142857143332,88.27857142857499,0.28540953333333335,0.312721425,0.28381903333333336,0.29460355000000005,0.26864126666666666,0.29928452499999997,0.3070190333333333,0.335025,78.65999999999998,85.28000000000002,-0.4647231720437684,0.88545602565321,1.0986122886681096
iq,2003,49,2003-12-03,0.4003429,0.3180571,0.3287714,0.3696429,72.23,298.315714286,299.735714286,296.135714286,309.4,293.5,77.83,89.2071428571,72.23,17.7457142857,9.7,28.7666666667,10.1666666667,35.1,22.0,138.0,3,18.27,18.3785714286,17.2928571429,17.39,296.53,296.725714286,295.645714286,295.74,86.9957142857,90.8828571429,86.7557142857,88.48,299.607142857,300.107142857,300.171428571,299.957142857,28.3,27.9,28.5,27.6,0.2749,0.2636429,0.3176857,0.3946571,0.2452,0.2816571,0.3246,0.3269571,0.3094571,0.2466667,0.2498,0.3912143,0.2953286,0.3012571,0.3244714,0.4190429,81.27,123.63,31.08,105.14,18.131428571433332,17.9217857143,299.81666666666666,299.90535714275,28.322222222233336,28.366666666675,89.02857142856665,88.46035714285,0.31296193333333333,0.314142875,0.2816380666666667,0.29237855,0.2949650666666666,0.2836738,0.3220761999999999,0.322675,92.37666666666667,77.05250000000001,-0.35460488704253595,0.9350162426854147,1.3862943611198906
iq,2003,50,2003-12-10,0.3586286,0.24435,0.3519,0.3588,108.62,298.685714286,300.25,297.338571429,306.4,294.8,178.89,93.2314285714,108.62,19.1071428571,8.27142857143,28.4,11.7,34.2,22.5,47.4,6,17.7457142857,18.27,18.3785714286,17.2928571429,296.135714286,296.53,296.725714286,295.645714286,89.2071428571,86.9957142857,90.8828571429,86.7557142857,299.735714286,299.607142857,300.107142857,300.171428571,28.7666666667,28.3,27.9,28.5,0.4003429,0.2749,0.2636429,0.3176857,0.3180571,0.2452,0.2816571,0.3246,0.3287714,0.3094571,0.2466667,0.2498,0.3696429,0.2953286,0.3012571,0.3244714,72.23,81.27,123.63,31.08,18.374285714266666,18.37535714285,299.86428571433333,299.925,28.488888888900004,28.341666666675003,89.81142857140001,90.079285714275,0.34462383333333335,0.3243786,0.2692023666666667,0.27231605000000003,0.33004283333333334,0.30919879999999994,0.3412571666666666,0.33125715,87.37333333333333,96.43750000000001,-0.2393156642875578,0.970941817426052,1.9459101490553132
iq,2003,51,2003-12-17,0.1926667,0.2244,0.1361143,0.1363143,64.95,298.168571429,299.542857143,296.851428571,308.5,294.1,65.04,93.9171428571,64.95,18.5328571429,8.34285714286,28.3,10.45,34.8,22.1,66.8,5,19.1071428571,17.7457142857,18.27,18.3785714286,297.338571429,296.135714286,296.53,296.725714286,93.2314285714,89.2071428571,86.9957142857,90.8828571429,300.25,299.735714286,299.607142857,300.107142857,28.4,28.7666666667,28.3,27.9,0.3586286,0.4003429,0.2749,0.2636429,0.24435,0.3180571,0.2452,0.2816571,0.3519,0.3287714,0.3094571,0.2466667,0.3588,0.3696429,0.2953286,0.3012571,108.62,72.23,81.27,123.63,18.4619047619,18.413928571425,299.842857143,299.7839285715,28.488888888900004,28.441666666675,92.11857142853334,90.837857142825,0.31721273333333333,0.30663455,0.26226903333333335,0.258001775,0.2722619,0.28156069999999994,0.28825239999999996,0.29002145,81.93333333333332,81.76750000000001,-0.12053668025532363,0.992708874098054,1.791759469228055
iq,2003,52,2003-12-24,0.2850778,0.2306556,0.2676444,0.2647778,49.42,296.297142857,297.05,295.682857143,302.6,294.3,82.68,96.9371428571,49.42,17.1728571429,4.18571428571,27.3,9.6,33.1,22.3,185.7,1,18.5328571429,19.1071428571,17.7457142857,18.27,296.851428571,297.338571429,296.135714286,296.53,93.9171428571,93.2314285714,89.2071428571,86.9957142857,299.542857143,300.25,299.735714286,299.607142857,28.3,28.4,28.7666666667,28.3,0.1926667,0.3586286,0.4003429,0.2749,0.2244,0.24435,0.3180571,0.2452,0.1361143,0.3519,0.3287714,0.3094571,0.1363143,0.3588,0.3696429,0.2953286,64.95,108.62,72.23,81.27,18.270952380966666,18.13964285715,298.94761904766665,299.14464285725,28.0,28.191666666675,94.69523809520001,93.32321428567501,0.2787910333333334,0.309179,0.23313520000000001,0.254365675,0.2518862333333333,0.27110752499999996,0.25329736666666663,0.28238375,74.33,73.805,6.432490598706546e-16,1.0,0.6931471805599453
iq,2004,1,2004-01-01,0.2025714,0.1989667,0.2445571,0.1879571,63.975,296.867142857,297.8964285715,296.15999999999997,303.3,294.6,68.99000000000001,96.3657142857,63.975,17.7142857143,5.192857142855,27.366666666649998,9.133333333334999,33.650000000000006,22.35,161.45,4,17.1728571429,18.5328571429,19.1071428571,17.7457142857,295.682857143,296.851428571,297.338571429,296.135714286,96.9371428571,93.9171428571,93.2314285714,89.2071428571,297.05,299.542857143,300.25,299.735714286,27.3,28.3,28.4,28.7666666667,0.2850778,0.1926667,0.3586286,0.4003429,0.2306556,0.2244,0.24435,0.3180571,0.2676444,0.1361143,0.3519,0.3287714,0.2647778,0.1363143,0.3588,0.3696429,49.42,64.95,108.62,72.23,17.8066666667,18.1317857143,298.16309523816665,298.684821428625,27.65555555555,27.841666666662498,95.73999999996666,95.112857142825,0.22677196666666669,0.259736125,0.21800743333333336,0.22459307500000003,0.21610526666666666,0.25005394999999997,0.19634973333333328,0.23696230000000001,59.44833333333332,71.74125000000001,0.12053668025532305,0.992708874098054,1.6094379124341003
iq,2004,2,2004-01-08,0.24942,0.30885,0.2086286,0.2590143,78.53,297.437142857,298.742857143,296.637142857,304.0,294.9,55.3,95.7942857143,78.53,18.2557142857,6.2,27.4333333333,8.66666666667,34.2,22.4,137.2,5,17.7142857143,17.1728571429,18.5328571429,19.1071428571,296.15999999999997,295.682857143,296.851428571,297.338571429,96.3657142857,96.9371428571,93.9171428571,93.2314285714,297.8964285715,297.05,299.542857143,300.25,27.366666666649998,27.3,28.3,28.4,0.2025714,0.2850778,0.1926667,0.3586286,0.1989667,0.2306556,0.2244,0.24435,0.2445571,0.2676444,0.1361143,0.3519,0.1879571,0.2647778,0.1363143,0.3588,63.975,49.42,64.95,108.62,17.7142857143,17.91892857145,297.89642857150005,298.30803571437497,27.36666666665,27.599999999987496,96.3657142857,95.75357142855,0.24568973333333335,0.23243397500000001,0.2461574333333334,0.240718075,0.24027669999999998,0.21423609999999996,0.23724973333333324,0.21201587500000002,63.97499999999999,64.21875,0.23931566428755774,0.970941817426052,1.791759469228055
iq,2004,3,2004-01-15,0.32786,0.29844,0.30672,0.34024,63.47,297.752857143,298.957142857,297.02,306.2,294.5,62.5,96.1285714286,63.47,18.7128571429,6.82857142857,28.7,9.9,34.1,23.1,68.1,8,18.2557142857,17.7142857143,17.1728571429,18.5328571429,296.637142857,296.15999999999997,295.682857143,296.851428571,95.7942857143,96.3657142857,96.9371428571,93.9171428571,298.742857143,297.8964285715,297.05,299.542857143,27.4333333333,27.366666666649998,27.3,28.3,0.24942,0.2025714,0.2850778,0.1926667,0.30885,0.1989667,0.2306556,0.2244,0.2086286,0.2445571,0.2676444,0.1361143,0.2590143,0.1879571,0.2647778,0.1363143,78.53,63.975,49.42,64.95,18.227619047633336,17.96392857145,298.53214285716666,298.16160714287497,27.833333333316663,27.699999999987497,96.0961904762,96.306428571425,0.25995046666666666,0.2662323,0.26875223333333337,0.259228075,0.25330189999999997,0.256887525,0.2624037999999999,0.2629973,68.65833333333332,63.84875000000001,0.3546048870425356,0.9350162426854148,2.1972245773362196
iq,2004,4,2004-01-22,0.3205857,0.3365286,0.2566,0.3441143,29.23,299.62,300.828571429,295.89,308.3,293.6,19.4,82.4671428571,29.23,17.4914285714,11.2285714286,28.7333333333,11.4,34.6,21.8,20.1,5,18.7128571429,18.2557142857,17.7142857143,17.1728571429,297.02,296.637142857,296.15999999999997,295.682857143,96.1285714286,95.7942857143,96.3657142857,96.9371428571,298.957142857,298.742857143,297.8964285715,297.05,28.7,27.4333333333,27.366666666649998,27.3,0.32786,0.24942,0.2025714,0.2850778,0.29844,0.30885,0.1989667,0.2306556,0.30672,0.2086286,0.2445571,0.2676444,0.34024,0.2590143,0.1879571,0.2647778,63.47,78.53,63.975,49.42,18.153333333333332,18.043571428575,299.5095238096667,299.106250000125,28.288888888866666,28.058333333312497,91.46333333333332,92.688928571425,0.29928856666666664,0.275109275,0.31460620000000006,0.28569632500000003,0.2573162,0.254126425,0.3144561999999999,0.28283142499999997,57.076666666666654,58.80125,0.4647231720437685,0.8854560256532099,1.791759469228055
iq,2004,5,2004-01-29,0.2330143,0.2351857,0.1964857,0.2055429,4.65,300.9,302.15,292.832857143,309.7,293.2,1.6,65.2842857143,4.65,14.5485714286,13.6428571429,28.925,12.125,35.6,22.3,0.0,2,17.4914285714,18.7128571429,18.2557142857,17.7142857143,295.89,297.02,296.637142857,296.15999999999997,82.4671428571,96.1285714286,95.7942857143,96.3657142857,300.828571429,298.957142857,298.742857143,297.8964285715,28.7333333333,28.7,27.4333333333,27.366666666649998,0.3205857,0.32786,0.24942,0.2025714,0.3365286,0.29844,0.30885,0.1989667,0.2566,0.30672,0.2086286,0.2445571,0.3441143,0.34024,0.2590143,0.1879571,29.23,63.47,78.53,63.975,16.917619047633334,17.252142857149998,300.6452380953333,300.16964285725,28.7861111111,28.447916666650002,81.29333333333334,84.918571428575,0.29381999999999997,0.28271999999999997,0.2900514333333334,0.29475107500000003,0.25326856666666664,0.242108575,0.2966323999999999,0.28722787499999997,32.44999999999998,43.970000000000006,0.5680647467311558,0.8229838658936564,1.0986122886681096
iq,2004,6,2004-02-05,0.1235429,0.0993,0.1128571,0.1172,13.2,299.902857143,301.371428571,293.988571429,309.8,293.2,9.0,72.9271428571,13.2,15.5671428571,14.0857142857,29.2,13.525,36.4,20.6,24.1,3,14.5485714286,17.4914285714,18.7128571429,18.2557142857,292.832857143,295.89,297.02,296.637142857,65.2842857143,82.4671428571,96.1285714286,95.7942857143,302.15,300.828571429,298.957142857,298.742857143,28.925,28.7333333333,28.7,27.4333333333,0.2330143,0.3205857,0.32786,0.24942,0.2351857,0.3365286,0.29844,0.30885,0.1964857,0.2566,0.30672,0.2086286,0.2055429,0.3441143,0.34024,0.2590143,4.65,29.23,63.47,78.53,15.869047619033333,16.580000000000002,301.45,300.82678571425,28.952777777766666,28.889583333325,73.55952380949999,79.20178571427499,0.2257143,0.25125072499999995,0.2236714333333334,0.24236357500000003,0.18864759999999994,0.21816569999999996,0.22228573333333324,0.2517743,15.69333333333332,27.637500000000006,0.6631226582407952,0.7485107481711011,1.3862943611198906
iq,2004,7,2004-02-12,0.2787429,0.2987571,0.3127143,0.3048286,24.83,298.27,299.55,295.64,307.2,294.8,33.46,86.7657142857,24.83,17.1742857143,8.5,27.925,9.5,33.3,22.8,13.4,3,15.5671428571,14.5485714286,17.4914285714,18.7128571429,293.988571429,292.832857143,295.89,297.02,72.9271428571,65.2842857143,82.4671428571,96.1285714286,301.371428571,302.15,300.828571429,298.957142857,29.2,28.925,28.7333333333,28.7,0.1235429,0.2330143,0.3205857,0.32786,0.0993,0.2351857,0.3365286,0.29844,0.1128571,0.1964857,0.2566,0.30672,0.1172,0.2055429,0.3441143,0.34024,13.2,4.65,29.23,63.47,15.763333333333335,16.19535714285,301.02380952366667,300.975,28.683333333333334,28.695833333325,74.99238095236667,76.86107142854999,0.2117667,0.23897145,0.21108093333333336,0.24244285000000004,0.20735236666666665,0.21966427499999996,0.20919049999999992,0.24292145,14.22666666666665,17.977500000000006,0.7485107481711011,0.6631226582407953,1.3862943611198906
iq,2004,8,2004-02-19,0.2366286,0.1670429,0.1970286,0.2225143,39.06,298.081428571,299.75,295.642857143,310.1,292.6,34.5,87.7185714286,39.06,17.2085714286,9.72857142857,26.6,8.1,35.5,22.0,8.6,1,17.1742857143,15.5671428571,14.5485714286,17.4914285714,295.64,293.988571429,292.832857143,295.89,86.7657142857,72.9271428571,65.2842857143,82.4671428571,299.55,301.371428571,302.15,300.828571429,27.925,29.2,28.925,28.7333333333,0.2787429,0.1235429,0.2330143,0.3205857,0.2987571,0.0993,0.2351857,0.3365286,0.3127143,0.1128571,0.1964857,0.2566,0.3048286,0.1172,0.2055429,0.3441143,24.83,13.2,4.65,29.23,16.650000000000002,16.12464285715,300.22380952366666,300.70535714275,27.908333333333335,28.1625,82.47047619046667,78.173928571425,0.21297146666666666,0.217982175,0.1883666666666667,0.20007142500000002,0.20753333333333332,0.204771425,0.21484763333333326,0.21252145,25.696666666666648,20.435000000000006,0.8229838658936564,0.5680647467311559,0.6931471805599453
iq,2004,9,2004-02-26,0.3190571,0.3352333,0.2176286,0.3000286,125.04,297.882857143,299.435714286,296.348571429,308.0,294.3,83.27,93.0128571429,125.04,17.95,7.81428571429,27.4666666667,10.1333333333,34.4,20.6,18.9,6,17.2085714286,17.1742857143,15.5671428571,14.5485714286,295.642857143,295.64,293.988571429,292.832857143,87.7185714286,86.7657142857,72.9271428571,65.2842857143,299.75,299.55,301.371428571,302.15,26.6,27.925,29.2,28.925,0.2366286,0.2787429,0.1235429,0.2330143,0.1670429,0.2987571,0.0993,0.2351857,0.1970286,0.3127143,0.1128571,0.1964857,0.2225143,0.3048286,0.1172,0.2055429,39.06,24.83,13.2,4.65,17.444285714299998,16.975,299.57857142866663,300.02678571425,27.330555555566665,27.797916666675,89.16571428573333,85.106071428575,0.27814286666666665,0.239492875,0.26701110000000006,0.22508332500000006,0.2424571666666666,0.21005714999999997,0.27579049999999994,0.23614287499999997,62.97666666666665,50.53250000000001,0.8854560256532099,0.4647231720437686,1.9459101490553132
iq,2004,10,2004-03-04,0.2094714,0.2086571,0.1715,0.1935714,52.08,297.981428571,299.428571429,296.455714286,308.1,293.2,49.36,92.5614285714,52.08,18.0942857143,9.08571428571,28.4,11.3,34.5,22.3,79.0,4,17.95,17.2085714286,17.1742857143,15.5671428571,296.348571429,295.642857143,295.64,293.988571429,93.0128571429,87.7185714286,86.7657142857,72.9271428571,299.435714286,299.75,299.55,301.371428571,27.4666666667,26.6,27.925,29.2,0.3190571,0.2366286,0.2787429,0.1235429,0.3352333,0.1670429,0.2987571,0.0993,0.2176286,0.1970286,0.3127143,0.1128571,0.3000286,0.2225143,0.3048286,0.1172,125.04,39.06,24.83,13.2,17.750952380966666,17.606785714300003,299.53809523833337,299.54107142875,27.488888888900004,27.597916666675,91.09761904763333,90.01464285715001,0.25505236666666664,0.260975,0.23697776666666673,0.25242260000000005,0.1953857333333333,0.22471787499999998,0.23870476666666654,0.255235725,72.05999999999999,60.252500000000005,0.9350162426854148,0.35460488704253557,1.6094379124341003
iq,2004,11,2004-03-11,0.3076833,0.2140167,0.33865,0.3110429,80.33,296.777142857,297.521428571,296.068571429,304.4,293.5,76.75,96.2885714286,80.33,17.61,5.24285714286,28.0,11.0,33.5,22.5,24.1,1,18.0942857143,17.95,17.2085714286,17.1742857143,296.455714286,296.348571429,295.642857143,295.64,92.5614285714,93.0128571429,87.7185714286,86.7657142857,299.428571429,299.435714286,299.75,299.55,28.4,27.4666666667,26.6,27.925,0.2094714,0.3190571,0.2366286,0.2787429,0.2086571,0.3352333,0.1670429,0.2987571,0.1715,0.2176286,0.1970286,0.3127143,0.1935714,0.3000286,0.2225143,0.3048286,52.08,125.04,39.06,24.83,17.884761904766666,17.715714285725,298.79523809533333,299.0339285715,27.955555555566665,27.616666666675,93.9542857143,92.395357142875,0.27873726666666665,0.2682101,0.2526357000000001,0.23123750000000004,0.24259286666666666,0.23120179999999999,0.2682142999999999,0.2567893,85.81666666666665,74.12750000000001,0.970941817426052,0.23931566428755804,0.6931471805599453
iq,2004,12,2004-03-18,0.3859857,0.4247833,0.3514143,0.3465286,137.83,297.887142857,299.535714286,296.621428571,305.5,292.9,75.16,93.6285714286,137.83,18.2485714286,9.78571428571,28.3,9.5,34.3,21.7,187.2,2,17.61,18.0942857143,17.95,17.2085714286,296.068571429,296.455714286,296.348571429,295.642857143,96.2885714286,92.5614285714,93.0128571429,87.7185714286,297.521428571,299.428571429,299.435714286,299.75,28.0,28.4,27.4666666667,26.6,0.3076833,0.2094714,0.3190571,0.2366286,0.2140167,0.2086571,0.3352333,0.1670429,0.33865,0.1715,0.2176286,0.1970286,0.3110429,0.1935714,0.3000286,0.2225143,80.33,52.08,125.04,39.06,17.984285714299997,17.975714285725,298.82857142866663,298.980357143,28.233333333333334,28.041666666675,94.15952380953333,93.872857142875,0.3010468,0.305549375,0.28248570000000006,0.29567260000000006,0.2871881,0.269798225,0.2837142999999999,0.287792875,90.08,98.82000000000001,0.992708874098054,0.120536680255323,1.0986122886681096
iq,2004,13,2004-03-25,0.3062833,0.19872,0.02988,0.29015,120.1,297.312857143,298.2,296.607142857,303.5,294.0,76.2,96.2385714286,120.1,18.2371428571,5.71428571429,28.65,9.3,34.0,23.6,142.6,3,18.2485714286,17.61,18.0942857143,17.95,296.621428571,296.068571429,296.455714286,296.348571429,93.6285714286,96.2885714286,92.5614285714,93.0128571429,299.535714286,297.521428571,299.428571429,299.435714286,28.3,28.0,28.4,27.4666666667,0.3859857,0.3076833,0.2094714,0.3190571,0.4247833,0.2140167,0.2086571,0.3352333,0.3514143,0.33865,0.1715,0.2176286,0.3465286,0.3110429,0.1935714,0.3000286,137.83,80.33,52.08,125.04,18.031904761899998,18.0475,298.41904761899997,298.6714285715,28.316666666666663,28.3375,95.38523809526667,94.67928571430001,0.3333174333333333,0.30235592499999997,0.27917333333333333,0.261544275,0.2399814333333333,0.22286107499999996,0.3159071666666666,0.285323225,112.75333333333333,97.58500000000001,1.0,-1.6081226496766364e-16,1.3862943611198906
iq,2004,14,2004-04-01,0.136,0.138,0.1862333,0.1294333,101.22,297.202857143,298.264285714,296.815714286,303.9,293.8,88.9,97.9414285714,101.22,18.47,5.21428571429,28.0666666667,9.1,33.9,22.7,2.0,1,18.2371428571,18.2485714286,17.61,18.0942857143,296.607142857,296.621428571,296.068571429,296.455714286,96.2385714286,93.6285714286,96.2885714286,92.5614285714,298.2,299.535714286,297.521428571,299.428571429,28.65,28.3,28.0,28.4,0.3062833,0.3859857,0.3076833,0.2094714,0.19872,0.4247833,0.2140167,0.2086571,0.02988,0.3514143,0.33865,0.1715,0.29015,0.3465286,0.3110429,0.1935714,120.1,137.83,80.33,52.08,18.318571428566667,18.141428571425,298.6666666666667,298.38035714275,28.338888888899998,28.254166666675,95.9361904762,96.02428571429999,0.2760896666666666,0.283988075,0.2538344333333334,0.24388000000000004,0.18917586666666664,0.22654439999999998,0.25537063333333326,0.2692887,119.71666666666665,109.87,0.992708874098054,-0.12053668025532288,0.6931471805599453
iq,2004,15,2004-04-08,0.3592143,0.3348429,0.2791571,0.3612714,47.26,297.812857143,298.978571429,297.175714286,305.6,294.2,135.4,96.4985714286,47.26,18.8257142857,6.27142857143,27.65,9.5,33.1,22.3,4.0,8,18.47,18.2371428571,18.2485714286,17.61,296.815714286,296.607142857,296.621428571,296.068571429,97.9414285714,96.2385714286,93.6285714286,96.2885714286,298.264285714,298.2,299.535714286,297.521428571,28.0666666667,28.65,28.3,28.0,0.136,0.3062833,0.3859857,0.3076833,0.138,0.19872,0.4247833,0.2140167,0.1862333,0.02988,0.3514143,0.33865,0.1294333,0.29015,0.3465286,0.3110429,101.22,120.1,137.83,80.33,18.510952380933333,18.44535714285,298.480952381,298.74464285724997,28.122222222233333,28.166666666675,96.89285714286666,96.0767857143,0.2671658666666667,0.296870825,0.22385430000000006,0.27408655000000004,0.16509013333333328,0.21167117499999996,0.26028489999999993,0.281845825,89.52666666666666,101.6025,0.9709418174260521,-0.2393156642875575,2.1972245773362196
iq,2004,16,2004-04-15,0.2441857,0.1958286,0.1747,0.1882286,61.8,298.217142857,299.65,296.637142857,308.4,292.9,54.89,92.32,61.8,18.3085714286,8.98571428571,28.0333333333,10.3666666667,33.6,21.7,36.9,4,18.8257142857,18.47,18.2371428571,18.2485714286,297.175714286,296.815714286,296.607142857,296.621428571,96.4985714286,97.9414285714,96.2385714286,93.6285714286,298.978571429,298.264285714,298.2,299.535714286,27.65,28.0666666667,28.65,28.3,0.3592143,0.136,0.3062833,0.3859857,0.3348429,0.138,0.19872,0.4247833,0.2791571,0.1862333,0.02988,0.3514143,0.3612714,0.1294333,0.29015,0.3465286,47.26,101.22,120.1,137.83,18.53476190476667,18.46035714285,298.96428571433336,298.77321428575,27.916666666666668,28.099999999999998,95.58666666666666,95.74964285715,0.2464666666666667,0.26142082499999997,0.22289050000000007,0.21684787500000002,0.2133634666666666,0.16749259999999996,0.2263110999999999,0.242270825,70.09333333333332,82.595,0.9350162426854148,-0.35460488704253545,1.6094379124341003
iq,2004,17,2004-04-22,0.3742857,0.3308,0.2340333,0.2549429,113.62,297.78,298.514285714,296.771428571,304.0,293.9,90.3,94.7885714286,113.62,18.4085714286,6.0,28.0,10.65,34.5,22.5,39.6,6,18.3085714286,18.8257142857,18.47,18.2371428571,296.637142857,297.175714286,296.815714286,296.607142857,92.32,96.4985714286,97.9414285714,96.2385714286,299.65,298.978571429,298.264285714,298.2,28.0333333333,27.65,28.0666666667,28.65,0.2441857,0.3592143,0.136,0.3062833,0.1958286,0.3348429,0.138,0.19872,0.1747,0.2791571,0.1862333,0.02988,0.1882286,0.3612714,0.1294333,0.29015,61.8,47.26,101.22,120.1,18.5142857143,18.503214285725,299.0476190476666,298.85178571424996,27.894444444433333,27.9375,94.53571428573332,95.38714285715,0.3258952333333333,0.278421425,0.28715716666666674,0.24986787500000002,0.22929679999999997,0.21853092499999996,0.26814763333333325,0.23346904999999998,74.22666666666666,80.975,0.8854560256532099,-0.4647231720437685,1.9459101490553132
iq,2004,18,2004-04-29,0.27884,0.1637667,0.1911833,0.3266286,65.82,297.127142857,297.828571429,296.708571429,303.5,293.6,133.17,97.8085714286,65.82,18.34,5.02857142857,27.5333333333,8.66666666667,32.9,22.6,148.5,7,18.4085714286,18.3085714286,18.8257142857,18.47,296.771428571,296.637142857,297.175714286,296.815714286,94.7885714286,92.32,96.4985714286,97.9414285714,298.514285714,299.65,298.978571429,298.264285714,28.0,28.0333333333,27.65,28.0666666667,0.3742857,0.2441857,0.3592143,0.136,0.3308,0.1958286,0.3348429,0.138,0.2340333,0.1747,0.2791571,0.1862333,0.2549429,0.1882286,0.3612714,0.1294333,113.62,61.8,47.26,101.22,18.3523809524,18.470714285725,298.66428571433335,298.742857143,27.855555555533332,27.804166666649998,94.9723809524,95.35392857145,0.2991038,0.314131425,0.23013176666666676,0.25630955,0.19997219999999993,0.21976842499999996,0.2566000333333332,0.282767875,80.41333333333333,72.125,0.8229838658936565,-0.5680647467311557,2.0794415416798357
iq,2004,19,2004-05-06,0.1575667,0.1215429,0.1904143,0.1225333,83.93,297.798571429,299.128571429,296.835714286,305.9,293.1,56.52,95.1157142857,83.93,18.5114285714,8.71428571429,27.2333333333,9.93333333333,33.3,22.0,97.0,5,18.34,18.4085714286,18.3085714286,18.8257142857,296.708571429,296.771428571,296.637142857,297.175714286,97.8085714286,94.7885714286,92.32,96.4985714286,297.828571429,298.514285714,299.65,298.978571429,27.5333333333,28.0,28.0333333333,27.65,0.27884,0.3742857,0.2441857,0.3592143,0.1637667,0.3308,0.1958286,0.3348429,0.1911833,0.2340333,0.1747,0.2791571,0.3266286,0.2549429,0.1882286,0.3612714,65.82,113.62,61.8,47.26,18.42,18.39214285715,298.49047619066664,298.780357143,27.588888888866666,27.699999999975,95.9042857143,95.00821428572499,0.2702308,0.26371952499999995,0.2053698666666667,0.20298455,0.20521029999999996,0.19758272499999996,0.23470159999999993,0.22308334999999999,87.79,81.2925,0.7485107481711013,-0.663122658240795,1.791759469228055
iq,2004,20,2004-05-13,0.1716667,0.1522333,0.1598333,0.1769,34.81,296.414285714,297.214285714,295.27,303.4,292.6,45.5,93.8971428571,34.81,16.7785714286,5.77142857143,27.3,8.4,33.0,19.5,91.8,8,18.5114285714,18.34,18.4085714286,18.3085714286,296.835714286,296.708571429,296.771428571,296.637142857,95.1157142857,97.8085714286,94.7885714286,92.32,299.128571429,297.828571429,298.514285714,299.65,27.2333333333,27.5333333333,28.0,28.0333333333,0.1575667,0.27884,0.3742857,0.2441857,0.1215429,0.1637667,0.3308,0.1958286,0.1904143,0.1911833,0.2340333,0.1747,0.1225333,0.3266286,0.2549429,0.1882286,83.93,65.82,113.62,61.8,17.87666666666667,18.00964285715,298.05714285733336,298.1714285715,27.355555555533332,27.51666666665,95.60714285713334,95.40249999999999,0.20269113333333333,0.245589775,0.1458476333333334,0.192085725,0.18047696666666665,0.19386604999999996,0.20868729999999994,0.22025119999999998,61.51999999999999,74.545,0.6631226582407952,-0.7485107481711012,2.1972245773362196
iq,2004,21,2004-05-20,0.2254667,0.18515,0.1942,0.2483167,173.45,297.602857143,299.178571429,295.82,308.2,292.0,83.0,91.6271428571,173.45,17.4014285714,9.1,26.65,7.4,34.2,22.5,296.9,6,16.7785714286,18.5114285714,18.34,18.4085714286,295.27,296.835714286,296.708571429,296.771428571,93.8971428571,95.1157142857,97.8085714286,94.7885714286,297.214285714,299.128571429,297.828571429,298.514285714,27.3,27.2333333333,27.5333333333,28.0,0.1716667,0.1575667,0.27884,0.3742857,0.1522333,0.1215429,0.1637667,0.3308,0.1598333,0.1904143,0.1911833,0.2340333,0.1769,0.1225333,0.3266286,0.2549429,34.81,83.93,65.82,113.62,17.5638095238,17.75785714285,298.5071428573333,298.33750000025003,27.0611111111,27.179166666649998,93.54666666663331,94.612142857125,0.18490003333333335,0.208385025,0.15297540000000007,0.15567322500000003,0.18148253333333328,0.18390772499999997,0.18258333333333324,0.21859465,97.39666666666665,89.5025,0.5680647467311558,-0.8229838658936564,1.9459101490553132
iq,2004,22,2004-05-27,0.1903143,0.07784286,0.1931714,0.1023286,35.43,297.305714286,298.328571429,295.958571429,306.4,291.7,42.6,93.5757142857,35.43,17.5,9.62857142857,27.075,8.45,33.3,20.5,28.2,5,17.4014285714,16.7785714286,18.5114285714,18.34,295.82,295.27,296.835714286,296.708571429,91.6271428571,93.8971428571,95.1157142857,97.8085714286,299.178571429,297.214285714,299.128571429,297.828571429,26.65,27.3,27.2333333333,27.5333333333,0.2254667,0.1716667,0.1575667,0.27884,0.18515,0.1522333,0.1215429,0.1637667,0.1942,0.1598333,0.1904143,0.1911833,0.2483167,0.1769,0.1225333,0.3266286,173.45,34.81,83.93,65.82,17.226666666666663,17.54785714285,298.24047619066664,298.46250000025003,27.008333333333336,27.064583333325,93.03333333329999,93.55392857140001,0.19581590000000001,0.18625360000000002,0.13840872000000007,0.13419226500000003,0.18240156666666663,0.18440474999999995,0.17584843333333325,0.16251965,81.22999999999999,81.905,0.46472317204376906,-0.8854560256532096,1.791759469228055
iq,2004,23,2004-06-03,0.1073,0.1170667,0.1967857,0.1106143,88.62,296.767142857,297.821428571,295.697142857,304.1,292.8,36.63,94.6928571429,88.62,17.2128571429,8.18571428571,27.5,9.5,32.8,19.8,203.0,6,17.5,17.4014285714,16.7785714286,18.5114285714,295.958571429,295.82,295.27,296.835714286,93.5757142857,91.6271428571,93.8971428571,95.1157142857,298.328571429,299.178571429,297.214285714,299.128571429,27.075,26.65,27.3,27.2333333333,0.1903143,0.2254667,0.1716667,0.1575667,0.07784286,0.18515,0.1522333,0.1215429,0.1931714,0.1942,0.1598333,0.1904143,0.1023286,0.2483167,0.1769,0.1225333,35.43,173.45,34.81,83.93,17.37142857143333,17.223214285725,298.442857143,298.13571428575005,27.075,27.131249999999998,93.29857142856666,93.4482142857,0.17436033333333334,0.173686925,0.12668652000000008,0.13307321500000002,0.1947190333333333,0.18599759999999996,0.15375319999999992,0.1595399,99.16666666666667,83.0775,0.35460488704253584,-0.9350162426854147,1.9459101490553132
iq,2004,24,2004-06-10,0.2378429,0.2350833,0.1669571,0.2119714,85.28,295.574285714,296.25,294.99,300.0,293.0,51.89,96.8757142857,85.28,16.42,5.04285714286,26.8,8.56666666667,32.0,20.9,87.9,6,17.2128571429,17.5,17.4014285714,16.7785714286,295.697142857,295.958571429,295.82,295.27,94.6928571429,93.5757142857,91.6271428571,93.8971428571,297.821428571,298.328571429,299.178571429,297.214285714,27.5,27.075,26.65,27.3,0.1073,0.1903143,0.2254667,0.1716667,0.1170667,0.07784286,0.18515,0.1522333,0.1967857,0.1931714,0.1942,0.1598333,0.1106143,0.1023286,0.2483167,0.1769,88.62,35.43,173.45,34.81,17.0442857143,17.133571428575,297.4666666666667,297.89464285725,27.125,27.00625,95.0480952381,94.19285714285,0.1784857333333333,0.19023097499999997,0.14333095333333343,0.15378571500000005,0.1856380666666666,0.18777854999999996,0.14163809999999993,0.16830775,69.77666666666666,95.695,0.23931566428755768,-0.970941817426052,1.9459101490553132
iq,2004,25,2004-06-17,0.3329571,0.191,0.2340429,0.3255143,94.52,296.204285714,297.321428571,294.705714286,306.0,292.1,24.5,92.3714285714,94.52,16.1385714286,7.78571428571,25.9,8.4,33.3,21.5,43.2,13,16.42,17.2128571429,17.5,17.4014285714,294.99,295.697142857,295.958571429,295.82,96.8757142857,94.6928571429,93.5757142857,91.6271428571,296.25,297.821428571,298.328571429,299.178571429,26.8,27.5,27.075,26.65,0.2378429,0.1073,0.1903143,0.2254667,0.2350833,0.1170667,0.07784286,0.18515,0.1669571,0.1967857,0.1931714,0.1942,0.2119714,0.1106143,0.1023286,0.2483167,85.28,88.62,35.43,173.45,16.5904761905,16.817857142875,297.1309523806667,297.43035714275004,26.73333333333333,26.818749999999998,94.64666666666666,94.378928571425,0.22603333333333334,0.217103575,0.18105000000000007,0.15524821500000002,0.1992618999999999,0.19773927499999994,0.21603333333333327,0.18760715,89.47333333333331,75.9625,0.12053668025532308,-0.992708874098054,2.639057329615259
iq,2004,26,2004-06-24,0.2392333,0.1535429,0.1328286,0.1970429,32.95,295.634285714,296.814285714,293.86,304.2,289.8,25.9,90.4471428571,32.95,15.3128571429,8.4,25.075,9.075,32.1,18.6,98.5,2,16.1385714286,16.42,17.2128571429,17.5,294.705714286,294.99,295.697142857,295.958571429,92.3714285714,96.8757142857,94.6928571429,93.5757142857,297.321428571,296.25,297.821428571,298.328571429,25.9,26.8,27.5,27.075,0.3329571,0.2378429,0.1073,0.1903143,0.191,0.2350833,0.1170667,0.07784286,0.2340429,0.1669571,0.1967857,0.1931714,0.3255143,0.2119714,0.1106143,0.1023286,94.52,85.28,88.62,35.43,15.957142857166668,16.2710714286,296.795238095,297.051785714,25.924999999999997,26.31875,93.2314285714,93.596785714275,0.2700111,0.229333325,0.19320873333333344,0.17417322500000004,0.17794286666666662,0.18265357499999996,0.24484286666666658,0.211285725,70.91666666666666,75.3425,-3.216245299353273e-16,-1.0,1.0986122886681096
iq,2004,27,2004-07-01,0.2572143,0.3249286,0.1978,0.1967571,46.39,296.151428571,297.585714286,295.041428571,304.4,291.8,50.7,94.6685714286,46.39,16.5142857143,8.45714285714,25.9,8.15,30.9,21.1,170.1,10,15.3128571429,16.1385714286,16.42,17.2128571429,293.86,294.705714286,294.99,295.697142857,90.4471428571,92.3714285714,96.8757142857,94.6928571429,296.814285714,297.321428571,296.25,297.821428571,25.075,25.9,26.8,27.5,0.2392333,0.3329571,0.2378429,0.1073,0.1535429,0.191,0.2350833,0.1170667,0.1328286,0.2340429,0.1669571,0.1967857,0.1970429,0.3255143,0.2119714,0.1106143,32.95,94.52,85.28,88.62,15.988571428600002,16.09642857145,297.2404761903333,296.99285714275,25.625,25.91875,92.4957142857,93.5907142857,0.2764682333333333,0.2668119,0.22315716666666674,0.22613870000000005,0.18822383333333326,0.18290714999999996,0.23977143333333326,0.23282142499999997,57.95333333333332,64.785,-0.12053668025532283,-0.992708874098054,2.3978952727983707
iq,2004,28,2004-07-08,0.3175571,0.3013857,0.2793714,0.3355429,83.94,296.617142857,298.085714286,294.814285714,305.1,291.8,18.67,90.9057142857,83.94,16.2528571429,9.48571428571,26.55,8.85,32.0,21.8,43.2,3,16.5142857143,15.3128571429,16.1385714286,16.42,295.041428571,293.86,294.705714286,294.99,94.6685714286,90.4471428571,92.3714285714,96.8757142857,297.585714286,296.814285714,297.321428571,296.25,25.9,25.075,25.9,26.8,0.2572143,0.2392333,0.3329571,0.2378429,0.3249286,0.1535429,0.191,0.2350833,0.1978,0.1328286,0.2340429,0.1669571,0.1967571,0.1970429,0.3255143,0.2119714,46.39,32.95,94.52,85.28,16.0266666667,16.054642857175,297.49523809533326,297.45178571425,25.84166666666667,25.856250000000003,92.00714285713333,92.09821428570001,0.2713349,0.28674045000000004,0.2599524000000001,0.24271430000000005,0.20333333333333328,0.21101072499999995,0.24311429999999992,0.2637143,54.426666666666655,64.45,-0.23931566428755743,-0.9709418174260521,1.3862943611198906
iq,2004,29,2004-07-15,0.2328286,0.2737667,0.2338,0.1532429,48.09,297.501428571,298.935714286,294.358571429,306.9,291.4,24.76,85.1585714286,48.09,15.86,11.2142857143,26.8,11.7,33.1,20.5,31.0,12,16.2528571429,16.5142857143,15.3128571429,16.1385714286,294.814285714,295.041428571,293.86,294.705714286,90.9057142857,94.6685714286,90.4471428571,92.3714285714,298.085714286,297.585714286,296.814285714,297.321428571,26.55,25.9,25.075,25.9,0.3175571,0.2572143,0.2392333,0.3329571,0.3013857,0.3249286,0.1535429,0.191,0.2793714,0.1978,0.1328286,0.2340429,0.3355429,0.1967571,0.1970429,0.3255143,83.94,46.39,32.95,94.52,16.209047619066666,15.985000000025,298.2023809526667,297.855357143,26.416666666666668,26.08125,90.2442857143,90.29500000000002,0.2692,0.261708325,0.30002700000000004,0.263405975,0.2369904666666666,0.21094999999999997,0.22851429999999992,0.22064645,59.47333333333333,52.8425,-0.3546048870425356,-0.9350162426854148,2.5649493574615367
iq,2004,30,2004-07-22,0.2679429,0.2995,0.2177,0.2849857,53.78,296.812857143,298.114285714,294.997142857,304.4,291.8,25.42,90.9285714286,53.78,16.48,10.2,26.3,8.8,32.1,21.9,103.1,7,15.86,16.2528571429,16.5142857143,15.3128571429,294.358571429,294.814285714,295.041428571,293.86,85.1585714286,90.9057142857,94.6685714286,90.4471428571,298.935714286,298.085714286,297.585714286,296.814285714,26.8,26.55,25.9,25.075,0.2328286,0.3175571,0.2572143,0.2392333,0.2737667,0.3013857,0.3249286,0.1535429,0.2338,0.2793714,0.1978,0.1328286,0.1532429,0.3355429,0.1967571,0.1970429,48.09,83.94,46.39,32.95,16.197619047633335,16.2767857143,298.3785714286667,298.18035714300004,26.55,26.3875,88.99761904763334,90.415357142875,0.27277619999999997,0.26888572499999996,0.29155080000000005,0.29989525,0.24362379999999995,0.23216784999999995,0.2579238333333333,0.24263215,61.93666666666666,58.05,-0.46472317204376806,-0.8854560256532101,2.0794415416798357
iq,2004,31,2004-07-29,0.2089,0.1555,0.2203,0.2542571,85.96,296.017142857,297.292857143,294.471428571,306.1,291.7,27.62,92.5271428571,85.96,15.9757142857,8.84285714286,26.433333333333334,8.966666666666667,32.9,19.4,6.0,6,16.48,15.86,16.2528571429,16.5142857143,294.997142857,294.358571429,294.814285714,295.041428571,90.9285714286,85.1585714286,90.9057142857,94.6685714286,298.114285714,298.935714286,298.085714286,297.585714286,26.3,26.8,26.55,25.9,0.2679429,0.2328286,0.3175571,0.2572143,0.2995,0.2737667,0.3013857,0.3249286,0.2177,0.2338,0.2793714,0.1978,0.2849857,0.1532429,0.3355429,0.1967571,53.78,48.09,83.94,46.39,16.105238095233336,16.14214285715,298.11428571433333,298.10714285725,26.51111111111111,26.520833333333336,89.53809523809998,89.88,0.23655716666666662,0.25680715,0.2429222333333334,0.2575381,0.2239333333333333,0.23779284999999997,0.2308285666666666,0.25700715,62.60999999999999,67.9425,-0.5680647467311556,-0.8229838658936565,1.9459101490553132
iq,2004,32,2004-08-05,0.2489,0.2659571,0.2185286,0.2375571,29.82,297.517142857,298.964285714,293.144285714,307.4,291.0,3.9,79.7185714286,29.82,14.6942857143,12.1571428571,26.566666666666666,9.133333333333335,34.0,18.3,55.1,5,15.9757142857,16.48,15.86,16.2528571429,294.471428571,294.997142857,294.358571429,294.814285714,92.5271428571,90.9285714286,85.1585714286,90.9057142857,297.292857143,298.114285714,298.935714286,298.085714286,26.433333333333334,26.3,26.8,26.55,0.2089,0.2679429,0.2328286,0.3175571,0.1555,0.2995,0.2737667,0.3013857,0.2203,0.2177,0.2338,0.2793714,0.2542571,0.2849857,0.1532429,0.3355429,85.96,53.78,48.09,83.94,15.716666666666667,15.7525,298.1238095236667,298.32678571425004,26.433333333333337,26.525,87.72476190476668,87.08321428572499,0.2419143,0.239642875,0.24031903333333338,0.24868095,0.2188428666666666,0.22258214999999995,0.2589333,0.2325107,56.51999999999999,54.4125,-0.663122658240795,-0.7485107481711013,1.791759469228055
iq,2004,33,2004-08-12,0.1910714,0.227,0.1685286,0.2957,18.44,296.53,297.635714286,292.222857143,307.2,288.1,4.1,79.2357142857,18.44,13.8242857143,12.1857142857,26.700000000000003,9.3,31.3,20.0,0.5,6,14.6942857143,15.9757142857,16.48,15.86,293.144285714,294.471428571,294.997142857,294.358571429,79.7185714286,92.5271428571,90.9285714286,85.1585714286,298.964285714,297.292857143,298.114285714,298.935714286,26.566666666666666,26.433333333333334,26.3,26.8,0.2489,0.2089,0.2679429,0.2328286,0.2659571,0.1555,0.2995,0.2737667,0.2185286,0.2203,0.2177,0.2338,0.2375571,0.2542571,0.2849857,0.1532429,29.82,85.96,53.78,48.09,14.831428571433333,15.243571428575,297.96428571433336,298.00178571425,26.566666666666666,26.5,83.82714285713334,85.6025,0.21629046666666665,0.229203575,0.21615236666666673,0.23698927500000003,0.20245239999999995,0.20626429999999996,0.2625047333333333,0.268124975,44.73999999999999,47.0,-0.7485107481711011,-0.6631226582407952,1.9459101490553132
iq,2004,34,2004-08-19,0.3931286,0.3286429,0.2767714,0.3885143,23.78,297.82,299.985714286,293.421428571,308.3,290.2,7.9,78.4814285714,23.78,14.9614285714,14.2857142857,26.833333333333336,9.466666666666667,32.05,21.7,0.5,6,13.8242857143,14.6942857143,15.9757142857,16.48,292.222857143,293.144285714,294.471428571,294.997142857,79.2357142857,79.7185714286,92.5271428571,90.9285714286,297.635714286,298.964285714,297.292857143,298.114285714,26.700000000000003,26.566666666666666,26.433333333333334,26.3,0.1910714,0.2489,0.2089,0.2679429,0.227,0.2659571,0.1555,0.2995,0.1685286,0.2185286,0.2203,0.2177,0.2957,0.2375571,0.2542571,0.2849857,18.44,29.82,85.96,53.78,14.493333333333334,14.863928571425001,298.861904762,298.46964285725,26.7,26.633333333333333,79.14523809523332,82.4907142857,0.2777,0.2605,0.27386666666666676,0.24427500000000005,0.22127619999999992,0.22103214999999996,0.30725713333333327,0.29400712500000004,24.013333333333325,39.49999999999999,-0.8229838658936564,-0.5680647467311559,1.9459101490553132
iq,2004,35,2004-08-26,0.3113,0.2609286,0.2330143,0.2997857,42.86,298.142857143,299.807142857,294.567142857,310.1,291.1,23.2,83.1728571429,42.86,16.0771428571,12.5285714286,26.96666666666667,9.633333333333335,32.8,20.4,0.0,6,14.9614285714,13.8242857143,14.6942857143,15.9757142857,293.421428571,292.222857143,293.144285714,294.471428571,78.4814285714,79.2357142857,79.7185714286,92.5271428571,299.985714286,297.635714286,298.964285714,297.292857143,26.833333333333336,26.700000000000003,26.566666666666666,26.433333333333334,0.3931286,0.1910714,0.2489,0.2089,0.3286429,0.227,0.2659571,0.1555,0.2767714,0.1685286,0.2185286,0.2203,0.3885143,0.2957,0.2375571,0.2542571,23.78,18.44,29.82,85.96,14.954285714266666,14.889285714275001,299.142857143,299.09821428575003,26.833333333333332,26.766666666666666,80.29666666666667,80.15214285715,0.29850000000000004,0.2861,0.27219050000000006,0.27063215,0.2261047666666666,0.22421072499999994,0.3279999999999999,0.305389275,28.359999999999996,28.725,-0.8854560256532096,-0.4647231720437691,1.9459101490553132
iq,2004,36,2004-09-02,0.3343571,0.3720286,0.3420143,0.2845857,147.32,297.771428571,299.378571429,294.988571429,307.8,291.7,41.89,86.54,147.32,16.4842857143,11.1285714286,27.1,9.8,32.0,20.9,195.1,8,16.0771428571,14.9614285714,13.8242857143,14.6942857143,294.567142857,293.421428571,292.222857143,293.144285714,83.1728571429,78.4814285714,79.2357142857,79.7185714286,299.807142857,299.985714286,297.635714286,298.964285714,26.96666666666667,26.833333333333336,26.700000000000003,26.566666666666666,0.3113,0.3931286,0.1910714,0.2489,0.2609286,0.3286429,0.227,0.2659571,0.2330143,0.2767714,0.1685286,0.2185286,0.2997857,0.3885143,0.2957,0.2375571,42.86,23.78,18.44,29.82,15.840952380933336,15.336785714275,299.723809524,299.20178571450003,26.96666666666667,26.900000000000002,82.73142857143334,81.8575,0.3462619,0.307464275,0.3205333666666667,0.29715002500000004,0.2839333333333333,0.25508214999999995,0.32429523333333327,0.317146425,71.32,58.1,-0.9350162426854147,-0.3546048870425359,2.1972245773362196
iq,2004,37,2004-09-09,0.1302667,0.15128,0.1108143,0.1174857,46.58,298.457142857,300.514285714,296.115714286,308.2,294.7,35.7,88.7428571429,46.58,17.67,10.2857142857,27.4,8.7,34.3,23.0,23.2,6,16.4842857143,16.0771428571,14.9614285714,13.8242857143,294.988571429,294.567142857,293.421428571,292.222857143,86.54,83.1728571429,78.4814285714,79.2357142857,299.378571429,299.807142857,299.985714286,297.635714286,27.1,26.96666666666667,26.833333333333336,26.700000000000003,0.3343571,0.3113,0.3931286,0.1910714,0.3720286,0.2609286,0.3286429,0.227,0.3420143,0.2330143,0.2767714,0.1685286,0.2845857,0.2997857,0.3885143,0.2957,147.32,42.86,23.78,18.44,16.7438095238,16.2982142857,299.8999999999999,299.9214285715,27.155555555555555,27.075000000000003,86.15190476193334,84.2342857143,0.2586412666666667,0.2922631,0.26141240000000004,0.27822002500000004,0.22861429999999994,0.24065357499999998,0.2339523666666666,0.27259285,78.92,65.135,-0.970941817426052,-0.23931566428755774,1.9459101490553132
iq,2004,38,2004-09-16,0.2680714,0.2102286,0.2273429,0.32515,36.64,297.721428571,299.064285714,295.88,308.9,293.3,59.5,91.2,36.64,17.44,8.92857142857,27.1666666667,9.5,33.0,20.4,87.3,9,17.67,16.4842857143,16.0771428571,14.9614285714,296.115714286,294.988571429,294.567142857,293.421428571,88.7428571429,86.54,83.1728571429,78.4814285714,300.514285714,299.378571429,299.807142857,299.985714286,27.4,27.1,26.96666666666667,26.833333333333336,0.1302667,0.3343571,0.3113,0.3931286,0.15128,0.3720286,0.2609286,0.3286429,0.1108143,0.3420143,0.2330143,0.2767714,0.1174857,0.2845857,0.2997857,0.3885143,46.58,147.32,42.86,23.78,17.1980952381,16.91785714285,299.6523809523333,299.6910714285,27.22222222223333,27.158333333341666,88.82761904763333,87.41392857145,0.24423173333333334,0.26099880000000003,0.2445124,0.24861645000000002,0.22672383333333326,0.22829644999999998,0.24240713333333322,0.256751775,76.84666666666665,68.35,-0.992708874098054,-0.12053668025532357,2.302585092994046
iq,2004,39,2004-09-23,0.3915333,0.3207286,0.1595857,0.3325286,48.68,298.628571429,299.971428571,294.382857143,309.8,292.4,6.9,79.5571428571,48.68,15.9014285714,13.2,28.0,13.5,34.7,18.8,20.1,12,17.44,17.67,16.4842857143,16.0771428571,295.88,296.115714286,294.988571429,294.567142857,91.2,88.7428571429,86.54,83.1728571429,299.064285714,300.514285714,299.378571429,299.807142857,27.1666666667,27.4,27.1,26.96666666666667,0.2680714,0.1302667,0.3343571,0.3113,0.2102286,0.15128,0.3720286,0.2609286,0.2273429,0.1108143,0.3420143,0.2330143,0.32515,0.1174857,0.2845857,0.2997857,36.64,46.58,147.32,42.86,17.0038095238,16.873928571425,299.84999999966664,299.732142857,27.522222222233335,27.416666666675,86.5,86.51,0.26329046666666667,0.281057125,0.22741240000000004,0.26356645,0.16591429999999993,0.20993929999999997,0.2583880999999999,0.2649375,43.96666666666666,69.80499999999999,-1.0,-1.8369701987210297e-16,2.5649493574615367
iq,2004,40,2004-09-30,0.2754571,0.2193,0.2612571,0.3283857,85.69,299.17,300.914285714,296.115714286,310.6,293.8,70.02,84.8071428571,85.69,17.7114285714,11.6571428571,28.65,13.1,35.5,21.8,40.1,19,15.9014285714,17.44,17.67,16.4842857143,294.382857143,295.88,296.115714286,294.988571429,79.5571428571,91.2,88.7428571429,86.54,299.971428571,299.064285714,300.514285714,299.378571429,28.0,27.1666666667,27.4,27.1,0.3915333,0.2680714,0.1302667,0.3343571,0.3207286,0.2102286,0.15128,0.3720286,0.1595857,0.2273429,0.1108143,0.3420143,0.3325286,0.32515,0.1174857,0.2845857,48.68,36.64,46.58,147.32,17.017619047599997,17.1807142857,299.983333333,300.11607142825,27.9388888889,27.804166666675,85.18809523806668,86.076785714275,0.3116872666666667,0.266332125,0.25008573333333334,0.22538430000000004,0.21606189999999995,0.18974999999999997,0.3286880999999999,0.2758875,57.00333333333333,54.3975,-0.992708874098054,0.1205366802553232,2.995732273553991
iq,2004,41,2004-10-07,0.2614714,0.1862429,0.3057286,0.2577429,52.27,297.568571429,298.742857143,295.314285714,305.5,292.7,39.9,88.8257142857,52.27,16.8242857143,8.82857142857,26.975,10.875,33.0,20.6,27.9,8,17.7114285714,15.9014285714,17.44,17.67,296.115714286,294.382857143,295.88,296.115714286,84.8071428571,79.5571428571,91.2,88.7428571429,300.914285714,299.971428571,299.064285714,300.514285714,28.65,28.0,27.1666666667,27.4,0.2754571,0.3915333,0.2680714,0.1302667,0.2193,0.3207286,0.2102286,0.15128,0.2612571,0.1595857,0.2273429,0.1108143,0.3283857,0.3325286,0.32515,0.1174857,85.69,48.68,36.64,46.58,16.812380952366667,16.969285714275,299.876190476,299.6732142855,27.875,27.697916666675003,84.39666666663334,86.097499999975,0.30948726666666665,0.2991333,0.24209050000000007,0.23412502500000004,0.24219046666666663,0.23847857499999997,0.3062190666666666,0.3109518,62.21333333333333,55.82,-0.9709418174260521,0.23931566428755738,2.1972245773362196
iq,2004,42,2004-10-14,0.3523286,0.2841714,0.3764143,0.3553429,65.25,298.057142857,299.264285714,296.867142857,307.2,293.3,51.6,94.16,65.25,18.5471428571,8.35714285714,28.55,11.3,34.5,21.4,120.6,16,16.8242857143,17.7114285714,15.9014285714,17.44,295.314285714,296.115714286,294.382857143,295.88,88.8257142857,84.8071428571,79.5571428571,91.2,298.742857143,300.914285714,299.971428571,299.064285714,26.975,28.65,28.0,27.1666666667,0.2614714,0.2754571,0.3915333,0.2680714,0.1862429,0.2193,0.3207286,0.2102286,0.3057286,0.2612571,0.1595857,0.2273429,0.2577429,0.3283857,0.3325286,0.32515,52.27,85.69,48.68,36.64,17.694285714266666,17.24607142855,299.64047619033335,299.7232142855,28.058333333333337,28.04375,89.26428571426668,86.83749999997501,0.29641903333333336,0.3201976,0.2299047666666667,0.25261072500000004,0.3144666666666666,0.27574642499999996,0.31382383333333325,0.318500025,67.73666666666666,62.972500000000004,-0.9350162426854148,0.35460488704253557,2.833213344056216
iq,2004,43,2004-10-21,0.2538429,0.1996667,0.3036857,0.2235571,35.61,299.428571429,300.921428571,296.295714286,309.6,292.8,23.1,85.0657142857,35.61,17.9014285714,13.1571428571,27.7,9.55,35.6,22.4,13.0,21,18.5471428571,16.8242857143,17.7114285714,15.9014285714,296.867142857,295.314285714,296.115714286,294.382857143,94.16,88.8257142857,84.8071428571,79.5571428571,299.264285714,298.742857143,300.914285714,299.971428571,28.55,26.975,28.65,28.0,0.3523286,0.2614714,0.2754571,0.3915333,0.2841714,0.1862429,0.2193,0.3207286,0.3764143,0.3057286,0.2612571,0.1595857,0.3553429,0.2577429,0.3283857,0.3325286,65.25,52.27,85.69,48.68,17.757619047600002,17.74607142855,299.6428571426666,299.9607142855,27.741666666666664,27.96875,89.35047619046667,88.214642857125,0.2892143,0.285775,0.22336033333333338,0.22234525000000002,0.32860953333333326,0.311771425,0.2788809666666666,0.29125714999999996,51.04333333333333,59.705,-0.8854560256532101,0.464723172043768,3.091042453358316
iq,2004,44,2004-10-28,0.2953286,0.2312286,0.2604,0.3197714,74.01,298.441428571,299.942857143,295.907142857,312.3,292.2,48.5,87.87,74.01,17.5371428571,12.3142857143,27.4,10.0,35.8,21.3,89.9,6,17.9014285714,18.5471428571,16.8242857143,17.7114285714,296.295714286,296.867142857,295.314285714,296.115714286,85.0657142857,94.16,88.8257142857,84.8071428571,300.921428571,299.264285714,298.742857143,300.914285714,27.7,28.55,26.975,28.65,0.2538429,0.3523286,0.2614714,0.2754571,0.1996667,0.2841714,0.1862429,0.2193,0.3036857,0.3764143,0.3057286,0.2612571,0.2235571,0.3553429,0.2577429,0.3283857,35.61,65.25,52.27,85.69,17.995238095199998,17.702499999975,300.04285714266666,299.71785714275,27.883333333333336,27.65625,89.03190476190001,88.98035714285,0.30050003333333336,0.290742875,0.2383555666666667,0.22532740000000004,0.31349999999999995,0.31155714999999995,0.2995571333333333,0.289103575,58.28999999999999,56.785000000000004,-0.822983865893657,0.5680647467311548,1.9459101490553132
iq,2004,45,2004-11-04,0.4148857,0.3245571,0.2727429,0.3656714,91.63,299.504285714,300.785714286,296.178571429,309.2,294.3,67.0,84.8271428571,91.63,17.8057142857,10.6571428571,28.35,12.35,34.9,21.8,101.4,22,17.5371428571,17.9014285714,18.5471428571,16.8242857143,295.907142857,296.295714286,296.867142857,295.314285714,87.87,85.0657142857,94.16,88.8257142857,299.942857143,300.921428571,299.264285714,298.742857143,27.4,27.7,28.55,26.975,0.2953286,0.2538429,0.3523286,0.2614714,0.2312286,0.1996667,0.2841714,0.1862429,0.2604,0.3036857,0.3764143,0.3057286,0.3197714,0.2235571,0.3553429,0.2577429,74.01,35.61,65.25,52.27,17.748095238066668,17.947857142825,300.55,300.2285714285,27.816666666666666,28.0,85.92095238093333,87.9807142857,0.32135240000000004,0.32909645,0.25181746666666666,0.25990595000000005,0.2789428666666666,0.30331072499999995,0.30299996666666656,0.3160857,67.08333333333333,66.625,-0.7485107481711011,0.6631226582407952,3.1354942159291497
iq,2004,46,2004-11-11,0.3466857,0.3154143,0.2708571,0.3742,74.68,297.168571429,297.707142857,296.484285714,304.2,292.4,53.9,96.3542857143,74.68,18.1214285714,5.92857142857,27.2,8.9,33.7,22.4,184.2,37,17.8057142857,17.5371428571,17.9014285714,18.5471428571,296.178571429,295.907142857,296.295714286,296.867142857,84.8271428571,87.87,85.0657142857,94.16,300.785714286,299.942857143,300.921428571,299.264285714,28.35,27.4,27.7,28.55,0.4148857,0.2953286,0.2538429,0.3523286,0.3245571,0.2312286,0.1996667,0.2841714,0.2727429,0.2604,0.3036857,0.3764143,0.3656714,0.3197714,0.2235571,0.3553429,91.63,74.01,35.61,65.25,17.8214285714,17.841428571399998,299.47857142866667,299.83928571424997,27.649999999999995,27.6625,89.68380952380001,88.529285714275,0.3523,0.327685725,0.29040000000000005,0.267716675,0.26799999999999996,0.27692142499999994,0.3532142666666666,0.32079997499999996,80.10666666666667,68.9825,-0.6631226582407955,0.7485107481711007,3.6375861597263857
iq,2004,47,2004-11-18,0.2278714,0.1945,0.1909143,0.2095571,74.08,299.418571429,301.235714286,296.097142857,309.3,293.6,26.8,84.6114285714,74.08,17.7385714286,11.6428571429,28.25,11.0,35.8,22.5,107.4,33,18.1214285714,17.8057142857,17.5371428571,17.9014285714,296.484285714,296.178571429,295.907142857,296.295714286,96.3542857143,84.8271428571,87.87,85.0657142857,297.707142857,300.785714286,299.942857143,300.921428571,27.2,28.35,27.4,27.7,0.3466857,0.4148857,0.2953286,0.2538429,0.3154143,0.3245571,0.2312286,0.1996667,0.2708571,0.2727429,0.2604,0.3036857,0.3742,0.3656714,0.3197714,0.2235571,74.68,91.63,74.01,35.61,17.888571428566664,17.8007142857,299.9095238096667,299.917857143,27.933333333333337,27.799999999999997,88.5976190476,88.4157142857,0.3298142666666667,0.32119285,0.27815713333333336,0.266425,0.24483809999999998,0.24872857499999998,0.31647616666666656,0.31729997499999996,80.13,78.6,-0.5680647467311559,0.8229838658936564,3.5263605246161616
iq,2004,48,2004-11-25,0.2153167,0.1672857,0.2026286,0.2191286,71.98,297.958571429,299.2,297.02,306.1,293.6,56.8,95.2514285714,71.98,18.7142857143,7.91428571429,28.0,10.36,35.3,22.6,77.0,18,17.7385714286,18.1214285714,17.8057142857,17.5371428571,296.097142857,296.484285714,296.178571429,295.907142857,84.6114285714,96.3542857143,84.8271428571,87.87,301.235714286,297.707142857,300.785714286,299.942857143,28.25,27.2,28.35,27.4,0.2278714,0.3466857,0.4148857,0.2953286,0.1945,0.3154143,0.3245571,0.2312286,0.1909143,0.2708571,0.2727429,0.2604,0.2095571,0.3742,0.3656714,0.3197714,74.08,74.68,91.63,74.01,18.191428571433335,18.095,299.380952381,299.73214285725,27.816666666666663,27.950000000000003,92.07238095236666,90.26107142855,0.2632912666666667,0.301189875,0.22573333333333334,0.250439275,0.22146666666666662,0.23428572499999997,0.26762856666666657,0.29213927500000003,73.58,78.0925,-0.4647231720437684,0.88545602565321,2.9444389791664403
iq,2004,49,2004-12-02,0.2019429,0.1593667,0.1590429,0.2410857,53.01,299.177142857,300.378571429,296.44,309.5,293.3,36.83,87.13,53.01,18.11,10.9571428571,27.9,11.0,34.1,22.4,64.0,83,18.7142857143,17.7385714286,18.1214285714,17.8057142857,297.02,296.097142857,296.484285714,296.178571429,95.2514285714,84.6114285714,96.3542857143,84.8271428571,299.2,301.235714286,297.707142857,300.785714286,28.0,28.25,27.2,28.35,0.2153167,0.2278714,0.3466857,0.4148857,0.1672857,0.1945,0.3154143,0.3245571,0.2026286,0.1909143,0.2708571,0.2727429,0.2191286,0.2095571,0.3742,0.3656714,71.98,74.08,74.68,91.63,18.187619047633333,18.171071428575,300.27142857166666,299.63035714299997,28.05,27.8375,88.9976190476,90.836785714275,0.21504366666666666,0.247954175,0.17371746666666668,0.20914167500000003,0.1841952666666666,0.20586072499999997,0.22325713333333327,0.26099285,66.35666666666665,68.4375,-0.35460488704253595,0.9350162426854147,4.430816798843313
iq,2004,50,2004-12-09,0.3234286,0.3095143,0.2758286,0.3359,70.04,297.787142857,298.835714286,296.574285714,305.8,294.5,91.0,93.9385714286,70.04,18.2071428571,6.5,28.1375,10.325,34.05,22.5,9.9,116,18.11,18.7142857143,17.7385714286,18.1214285714,296.44,297.02,296.097142857,296.484285714,87.13,95.2514285714,84.6114285714,96.3542857143,300.378571429,299.2,301.235714286,297.707142857,27.9,28.0,28.25,27.2,0.2019429,0.2153167,0.2278714,0.3466857,0.1593667,0.1672857,0.1945,0.3154143,0.1590429,0.2026286,0.1909143,0.2708571,0.2410857,0.2191286,0.2095571,0.3742,53.01,71.98,74.08,74.68,18.3438095238,18.1925,299.47142857166665,299.91250000025,28.0125,28.071875000000002,92.10666666666667,90.23285714285,0.24689606666666666,0.24213990000000002,0.2120555666666667,0.20766667500000002,0.21250003333333325,0.20710359999999997,0.26537143333333324,0.25141785,65.00999999999999,67.2775,-0.2393156642875578,0.970941817426052,4.762173934797756
iq,2004,51,2004-12-16,0.2611429,0.2033143,0.2437429,0.2363571,49.56,298.701428571,300.035714286,296.385714286,308.5,293.8,38.0,88.78,49.56,18.04,10.2142857143,28.375,9.65,34.0,22.6,128.3,32,18.2071428571,18.11,18.7142857143,17.7385714286,296.574285714,296.44,297.02,296.097142857,93.9385714286,87.13,95.2514285714,84.6114285714,298.835714286,300.378571429,299.2,301.235714286,28.1375,27.9,28.0,28.25,0.3234286,0.2019429,0.2153167,0.2278714,0.3095143,0.1593667,0.1672857,0.1945,0.2758286,0.1590429,0.2026286,0.1909143,0.3359,0.2410857,0.2191286,0.2095571,70.04,53.01,71.98,74.08,18.119047619033335,18.267857142849998,299.75000000033333,299.61250000024995,28.1375,28.103125,89.94952380953333,91.27499999999999,0.26217146666666663,0.250457775,0.22406510000000002,0.20987025000000004,0.2262047999999999,0.22031074999999994,0.2711142666666666,0.25811785,57.53666666666666,61.14750000000001,-0.12053668025532363,0.992708874098054,3.4965075614664802
iq,2004,52,2004-12-23,0.3648625,0.3266,0.4031125,0.3162,109.83,298.404285714,299.657142857,297.122857143,306.3,294.8,29.79,93.2528571429,109.83,18.8557142857,8.22857142857,27.8,8.5,33.3,22.6,100.8,7,18.04,18.2071428571,18.11,18.7142857143,296.385714286,296.574285714,296.44,297.02,88.78,93.9385714286,87.13,95.2514285714,300.035714286,298.835714286,300.378571429,299.2,28.375,28.1375,27.9,28.0,0.2611429,0.3234286,0.2019429,0.2153167,0.2033143,0.3095143,0.1593667,0.1672857,0.2437429,0.2758286,0.1590429,0.2026286,0.2363571,0.3359,0.2410857,0.2191286,49.56,70.04,53.01,71.98,18.367619047599998,18.303214285699998,299.50952380966663,299.7267857145,28.104166666666668,28.053124999999998,91.99047619049999,90.77535714287501,0.31647800000000004,0.287844225,0.2798095333333333,0.249698825,0.30756133333333324,0.27043172499999996,0.2961523666666666,0.28238569999999996,76.47666666666667,70.61,6.432490598706546e-16,1.0,2.0794415416798357
iq,2005,53,2005-01-01,0.3398527,0.2566143,0.35320625,0.2933,90.215,298.2835714285,299.832142857,296.917857143,307.1,294.15,45.7,93.1292857143,90.215,18.61285714285,8.992857142855,28.15,8.8,33.25,22.8,87.85,9,18.8557142857,18.04,18.2071428571,18.11,297.122857143,296.385714286,296.574285714,296.44,93.2528571429,88.78,93.9385714286,87.13,299.657142857,300.035714286,298.835714286,300.378571429,27.8,28.375,28.1375,27.9,0.3648625,0.2611429,0.3234286,0.2019429,0.3266,0.2033143,0.3095143,0.1593667,0.4031125,0.2437429,0.2758286,0.1590429,0.3162,0.2363571,0.3359,0.2410857,109.83,49.56,70.04,53.01,18.50285714285,18.4289285714125,299.84166666666664,299.5901785715,28.10833333333333,28.115625,91.72071428573334,92.27517857145,0.3219527,0.322321675,0.2621762,0.274010725,0.3333538833333332,0.31897256249999995,0.2819523666666666,0.295439275,83.20166666666665,79.91125000000001,0.12053668025532314,0.992708874098054,2.302585092994046
iq,2005,1,2005-01-08,0.3148429,0.1866286,0.3033,0.2704,70.6,298.162857143,300.007142857,296.712857143,307.9,293.5,61.61,93.0057142857,70.6,18.37,9.75714285714,28.5,9.1,33.2,23.0,74.9,10,18.61285714285,18.8557142857,18.04,18.2071428571,296.917857143,297.122857143,296.385714286,296.574285714,93.1292857143,93.2528571429,88.78,93.9385714286,299.832142857,299.657142857,300.035714286,298.835714286,28.15,27.8,28.375,28.1375,0.3398527,0.3648625,0.2611429,0.3234286,0.2566143,0.3266,0.2033143,0.3095143,0.35320625,0.4031125,0.2437429,0.2758286,0.2933,0.3162,0.2363571,0.3359,90.215,109.83,49.56,70.04,18.61285714285,18.4696428571375,299.832142857,299.88303571425,28.149999999999995,28.206249999999997,93.1292857143,92.04196428572499,0.33985269999999995,0.32017525,0.2566143,0.24328930000000004,0.35320624999999994,0.32584041249999995,0.2932999999999999,0.279064275,90.21499999999999,80.05125,0.12053668025532305,0.992708874098054,2.3978952727983707
iq,2005,2,2005-01-15,0.3044143,0.3612571,0.3126,0.3156286,93.73,297.662857143,298.842857143,296.727142857,307.6,291.6,96.21,95.53,93.73,18.4085714286,7.22857142857,28.4,10.4,34.2,22.5,232.1,5,18.37,18.61285714285,18.8557142857,18.04,296.712857143,296.917857143,297.122857143,296.385714286,93.0057142857,93.1292857143,93.2528571429,88.78,300.007142857,299.832142857,299.657142857,300.035714286,28.5,28.15,27.8,28.375,0.3148429,0.3398527,0.3648625,0.2611429,0.1866286,0.2566143,0.3266,0.2033143,0.3033,0.35320625,0.4031125,0.2437429,0.2704,0.2933,0.3162,0.2363571,70.6,90.215,109.83,49.56,18.463809523816668,18.5617857142875,299.5607142856667,299.5848214285,28.349999999999998,28.2125,93.88833333333332,93.729464285725,0.3197033,0.3309931,0.2681666666666667,0.28277500000000005,0.32303541666666663,0.34305468749999996,0.2931095333333333,0.29888214999999996,84.84833333333333,91.09375,0.23931566428755774,0.970941817426052,1.791759469228055
iq,2005,3,2005-01-22,0.3459333,0.3118,0.291,0.3379714,60.52,300.068571429,301.564285714,296.58,308.7,295.0,26.7,83.3,60.52,18.2585714286,11.3571428571,28.8666666667,11.1666666667,35.5,22.5,194.0,8,18.4085714286,18.37,18.61285714285,18.8557142857,296.727142857,296.712857143,296.917857143,297.122857143,95.53,93.0057142857,93.1292857143,93.2528571429,298.842857143,300.007142857,299.832142857,299.657142857,28.4,28.5,28.15,27.8,0.3044143,0.3148429,0.3398527,0.3648625,0.3612571,0.1866286,0.2566143,0.3266,0.3126,0.3033,0.35320625,0.4031125,0.3156286,0.2704,0.2933,0.3162,93.73,70.6,90.215,109.83,18.345714285733333,18.4125000000125,300.138095238,300.06160714275,28.588888888899998,28.479166666675,90.61190476189999,91.24125,0.3217301666666667,0.3262608,0.2865619000000001,0.2790750000000001,0.30229999999999996,0.31502656249999994,0.3079999999999999,0.30432499999999996,74.95,78.76625,0.3546048870425356,0.9350162426854148,2.1972245773362196
iq,2005,4,2005-01-29,0.3643667,0.2779143,0.2925571,0.2806857,25.67,299.648571429,301.107142857,296.931428571,308.1,294.9,42.24,87.3128571429,25.67,18.6457142857,9.98571428571,28.8666666667,12.0666666667,35.1,22.1,0.0,7,18.2585714286,18.4085714286,18.37,18.61285714285,296.58,296.727142857,296.712857143,296.917857143,83.3,95.53,93.0057142857,93.1292857143,301.564285714,298.842857143,300.007142857,299.832142857,28.8666666667,28.4,28.5,28.15,0.3459333,0.3044143,0.3148429,0.3398527,0.3118,0.3612571,0.1866286,0.2566143,0.291,0.3126,0.3033,0.35320625,0.3379714,0.3156286,0.2704,0.2933,60.52,93.73,70.6,90.215,18.437619047633333,18.420714285724998,300.5047619046667,300.38035714275,28.711111111133334,28.658333333349997,88.71428571429999,89.78714285715,0.33823810000000004,0.3323893,0.3169904666666667,0.28440000000000004,0.2987190333333332,0.299864275,0.3114285666666666,0.301171425,59.97333333333333,62.629999999999995,0.4647231720437685,0.8854560256532099,2.0794415416798357
iq,2005,5,2005-02-05,0.1582286,0.16725,0.1518143,0.1266,88.96,299.061428571,300.828571429,296.907142857,308.4,295.3,47.3,89.4271428571,88.96,18.6357142857,9.34285714286,28.525,10.725,35.4,22.2,3.8,8,18.6457142857,18.2585714286,18.4085714286,18.37,296.931428571,296.58,296.727142857,296.712857143,87.3128571429,83.3,95.53,93.0057142857,301.107142857,301.564285714,298.842857143,300.007142857,28.8666666667,28.8666666667,28.4,28.5,0.3643667,0.3459333,0.3044143,0.3148429,0.2779143,0.3118,0.3612571,0.1866286,0.2925571,0.291,0.3126,0.3033,0.2806857,0.3379714,0.3156286,0.2704,25.67,60.52,93.73,70.6,18.513333333333332,18.487142857149998,301.1666666666667,300.58571428575,28.752777777800002,28.664583333350002,86.67999999999999,88.89249999999998,0.28950953333333335,0.293235725,0.2523214333333334,0.27955535000000004,0.24512379999999992,0.26199284999999994,0.24841903333333326,0.265221425,58.383333333333326,67.22,0.5680647467311558,0.8229838658936564,2.1972245773362196
iq,2005,6,2005-02-12,0.2151857,0.1728143,0.2623,0.2283571,52.61,296.752857143,297.692857143,295.995714286,304.4,294.2,56.8,95.9771428571,52.61,17.5757142857,5.18571428571,27.4666666667,8.73333333333,32.8,21.4,70.4,11,18.6357142857,18.6457142857,18.2585714286,18.4085714286,296.907142857,296.931428571,296.58,296.727142857,89.4271428571,87.3128571429,83.3,95.53,300.828571429,301.107142857,301.564285714,298.842857143,28.525,28.8666666667,28.8666666667,28.4,0.1582286,0.3643667,0.3459333,0.3044143,0.16725,0.2779143,0.3118,0.3612571,0.1518143,0.2925571,0.291,0.3126,0.1266,0.2806857,0.3379714,0.3156286,88.96,25.67,60.52,93.73,18.2857142857,18.278928571425,299.8761904763333,300.29821428575,28.286111111133334,28.431250000025,90.9057142857,89.004285714275,0.245927,0.270928575,0.20599286666666672,0.23244465000000003,0.23555713333333328,0.24941784999999994,0.21188093333333324,0.24340355,55.74666666666665,56.94,0.6631226582407952,0.7485107481711011,2.4849066497880004
iq,2005,7,2005-02-19,0.1995,0.2024571,0.2189,0.1806857,125.35,298.027142857,299.164285714,297.221428571,304.6,294.5,189.06,95.7485714286,125.35,18.9471428571,6.98571428571,27.5,9.5,32.3,22.3,350.9,6,17.5757142857,18.6357142857,18.6457142857,18.2585714286,295.995714286,296.907142857,296.931428571,296.58,95.9771428571,89.4271428571,87.3128571429,83.3,297.692857143,300.828571429,301.107142857,301.564285714,27.4666666667,28.525,28.8666666667,28.8666666667,0.2151857,0.1582286,0.3643667,0.3459333,0.1728143,0.16725,0.2779143,0.3118,0.2623,0.1518143,0.2925571,0.291,0.2283571,0.1266,0.2806857,0.3379714,52.61,88.96,25.67,60.52,18.386190476166668,18.45107142855,299.2285714286667,299.69821428575,27.830555555566665,28.08958333335,93.71761904760001,92.11642857142499,0.19097143333333333,0.23432024999999998,0.18084046666666673,0.20510892500000003,0.2110047666666666,0.23139284999999998,0.17854759999999992,0.204082125,88.97333333333331,73.1475,0.7485107481711011,0.6631226582407953,1.9459101490553132
iq,2005,8,2005-02-26,0.2011,0.2081429,0.2812143,0.2109,46.98,298.295714286,299.285714286,296.542857143,306.5,294.4,39.6,91.5771428571,46.98,18.2014285714,7.85714285714,28.65,10.9,35.2,22.4,84.1,7,18.9471428571,17.5757142857,18.6357142857,18.6457142857,297.221428571,295.995714286,296.907142857,296.931428571,95.7485714286,95.9771428571,89.4271428571,87.3128571429,299.164285714,297.692857143,300.828571429,301.107142857,27.5,27.4666666667,28.525,28.8666666667,0.1995,0.2151857,0.1582286,0.3643667,0.2024571,0.1728143,0.16725,0.2779143,0.2189,0.2623,0.1518143,0.2925571,0.1806857,0.2283571,0.1266,0.2806857,125.35,52.61,88.96,25.67,18.2414285714,18.339999999975,298.71428571433336,299.24285714300004,27.872222222233333,28.035416666674998,94.43428571426666,93.182499999975,0.2052619,0.193503575,0.19447143333333336,0.18766607500000004,0.25413809999999987,0.22855714999999996,0.20664759999999993,0.1866357,74.97999999999999,78.475,0.8229838658936564,0.5680647467311559,2.0794415416798357
iq,2005,9,2005-03-05,0.2937167,0.2696167,0.2308,0.2771,54.22,298.158571429,299.392857143,297.045714286,305.9,294.4,44.51,94.4014285714,54.22,18.7314285714,8.01428571429,28.2666666667,9.2,33.8,23.3,19.0,7,18.2014285714,18.9471428571,17.5757142857,18.6357142857,296.542857143,297.221428571,295.995714286,296.907142857,91.5771428571,95.7485714286,95.9771428571,89.4271428571,299.285714286,299.164285714,297.692857143,300.828571429,28.65,27.5,27.4666666667,28.525,0.2011,0.1995,0.2151857,0.1582286,0.2081429,0.2024571,0.1728143,0.16725,0.2812143,0.2189,0.2623,0.1518143,0.2109,0.1806857,0.2283571,0.1266,46.98,125.35,52.61,88.96,18.626666666633337,18.3639285714,299.280952381,298.8839285715,28.1388888889,27.970833333349997,93.90904761903334,94.42607142855002,0.2314389,0.22737559999999998,0.22673890000000005,0.21325775000000002,0.24363809999999994,0.24830357499999997,0.22289523333333328,0.2242607,75.51666666666667,69.78999999999999,0.8854560256532099,0.4647231720437686,2.0794415416798357
iq,2005,10,2005-03-12,0.1558429,0.1370833,0.2418714,0.1464286,155.54,297.957142857,298.685714286,297.528571429,304.9,295.6,201.4,97.6871428571,155.54,19.2742857143,4.82857142857,26.8,6.7,34.8,23.4,8.6,14,18.7314285714,18.2014285714,18.9471428571,17.5757142857,297.045714286,296.542857143,297.221428571,295.995714286,94.4014285714,91.5771428571,95.7485714286,95.9771428571,299.392857143,299.285714286,299.164285714,297.692857143,28.2666666667,28.65,27.5,27.4666666667,0.2937167,0.2011,0.1995,0.2151857,0.2696167,0.2081429,0.2024571,0.1728143,0.2308,0.2812143,0.2189,0.2623,0.2771,0.2109,0.1806857,0.2283571,54.22,46.98,125.35,52.61,18.7357142857,18.78857142855,299.1214285716666,299.13214285724996,27.905555555566668,27.804166666675002,94.55523809520001,94.85357142855,0.21688653333333333,0.2125399,0.20494763333333335,0.20432500000000003,0.25129523333333326,0.24319642499999994,0.21147619999999992,0.20377857500000002,85.57999999999998,95.5225,0.9350162426854148,0.35460488704253557,2.70805020110221
iq,2005,11,2005-03-19,0.2515167,0.1817667,0.1545286,0.2099571,162.51,297.314285714,298.678571429,295.85,304.5,291.9,21.7,92.2671428571,162.51,17.3985714286,7.81428571429,28.7,9.85,33.8,22.5,146.1,7,19.2742857143,18.7314285714,18.2014285714,18.9471428571,297.528571429,297.045714286,296.542857143,297.221428571,97.6871428571,94.4014285714,91.5771428571,95.7485714286,298.685714286,299.392857143,299.285714286,299.164285714,26.8,28.2666666667,28.65,27.5,0.1558429,0.2937167,0.2011,0.1995,0.1370833,0.2696167,0.2081429,0.2024571,0.2418714,0.2308,0.2812143,0.2189,0.1464286,0.2771,0.2109,0.1806857,155.54,54.22,46.98,125.35,18.468095238100002,18.401428571425,298.9190476193333,299.010714286,27.922222222233334,28.104166666675,94.7852380952,93.98321428567499,0.23369209999999999,0.225544075,0.1961555666666667,0.1991524,0.2090666666666666,0.22710357499999995,0.21116189999999993,0.211096425,124.08999999999999,104.8125,0.970941817426052,0.23931566428755804,2.0794415416798357
iq,2005,12,2005-03-26,0.2150714,0.2127,0.1209286,0.2354286,99.37,298.37,299.828571429,296.251428571,306.6,294.7,32.8,89.82,99.37,17.82,9.34285714286,27.72,8.96,33.4,22.5,108.8,9,17.3985714286,19.2742857143,18.7314285714,18.2014285714,295.85,297.528571429,297.045714286,296.542857143,92.2671428571,97.6871428571,94.4014285714,91.5771428571,298.678571429,298.685714286,299.392857143,299.285714286,28.7,26.8,28.2666666667,28.65,0.2515167,0.1558429,0.2937167,0.2011,0.1817667,0.1370833,0.2696167,0.2081429,0.1545286,0.2418714,0.2308,0.2812143,0.2099571,0.1464286,0.2771,0.2109,162.51,155.54,54.22,46.98,18.164285714299996,18.306071428575,299.0642857146667,299.14642857175,27.74,27.871666666674997,93.25809523806667,93.5439285714,0.207477,0.22903692499999997,0.17718333333333336,0.20029167500000003,0.17244286666666656,0.18703214999999995,0.19727143333333327,0.217228575,139.14,117.91,0.992708874098054,0.120536680255323,2.302585092994046
iq,2005,13,2005-04-02,0.3816857,0.3683143,0.3837714,0.3666571,55.12,297.37,298.585714286,296.088571429,308.6,293.0,67.5,93.8014285714,55.12,17.6242857143,7.62857142857,28.25,10.85,34.3,20.8,73.9,13,17.82,17.3985714286,19.2742857143,18.7314285714,296.251428571,295.85,297.528571429,297.045714286,89.82,92.2671428571,97.6871428571,94.4014285714,299.828571429,298.678571429,298.685714286,299.392857143,27.72,28.7,26.8,28.2666666667,0.2150714,0.2515167,0.1558429,0.2937167,0.2127,0.1817667,0.1370833,0.2696167,0.1209286,0.1545286,0.2418714,0.2308,0.2354286,0.2099571,0.1464286,0.2771,99.37,162.51,155.54,54.22,17.6142857143,18.029285714300002,299.0309523813333,298.9446428575,28.223333333333333,27.8675,91.96285714283333,93.39392857140001,0.2827579333333333,0.251029175,0.25426033333333337,0.22496607500000002,0.21974286666666656,0.22527499999999995,0.27068093333333326,0.23961785,105.66666666666667,118.135,1.0,-1.6081226496766364e-16,2.639057329615259
iq,2005,14,2005-04-09,0.3091143,0.2173571,0.3001,0.2446571,87.41,297.708571429,299.0,296.235714286,306.5,292.4,68.0,92.4171428571,87.41,17.8928571429,8.45714285714,28.1,10.85,33.8,21.6,71.1,16,17.6242857143,17.82,17.3985714286,19.2742857143,296.088571429,296.251428571,295.85,297.528571429,93.8014285714,89.82,92.2671428571,97.6871428571,298.585714286,299.828571429,298.678571429,298.685714286,28.25,27.72,28.7,26.8,0.3816857,0.2150714,0.2515167,0.1558429,0.3683143,0.2127,0.1817667,0.1370833,0.3837714,0.1209286,0.1545286,0.2418714,0.3666571,0.2354286,0.2099571,0.1464286,55.12,99.37,162.51,155.54,17.779047619066663,17.68392857145,299.13809523833334,299.023214286,28.02333333333333,28.1925,92.01285714283331,92.0764285714,0.30195713333333335,0.289347025,0.2661238,0.245034525,0.2682666666666666,0.23983214999999997,0.2822475999999999,0.264174975,80.63333333333334,101.10249999999999,0.992708874098054,-0.12053668025532288,2.833213344056216
iq,2005,15,2005-04-16,0.1869333,0.1447571,0.1957429,0.1824286,40.03,297.701428571,298.464285714,297.202857143,304.0,295.0,90.2,97.3228571429,40.03,18.8857142857,6.41428571429,27.65,9.35,32.9,22.5,3.6,7,17.8928571429,17.6242857143,17.82,17.3985714286,296.235714286,296.088571429,296.251428571,295.85,92.4171428571,93.8014285714,89.82,92.2671428571,299.0,298.585714286,299.828571429,298.678571429,28.1,28.25,27.72,28.7,0.3091143,0.3816857,0.2150714,0.2515167,0.2173571,0.3683143,0.2127,0.1817667,0.3001,0.3837714,0.1209286,0.1545286,0.2446571,0.3666571,0.2354286,0.2099571,87.41,55.12,99.37,162.51,18.134285714300002,18.055714285725,298.68333333333334,298.96964285725005,28.0,27.93,94.51380952379999,93.34035714285,0.2925777666666667,0.27320117499999996,0.24347616666666672,0.235782125,0.29320476666666656,0.250135725,0.26458093333333327,0.25729284999999996,60.85333333333333,70.4825,0.9709418174260521,-0.2393156642875575,2.0794415416798357
iq,2005,16,2005-04-23,0.2082833,0.1649167,0.2776667,0.1962667,37.6,297.437142857,298.192857143,296.961428571,306.4,294.0,178.2,97.3814285714,37.6,18.5971428571,5.35714285714,28.85,10.05,34.0,22.7,105.6,9,18.8857142857,17.8928571429,17.6242857143,17.82,297.202857143,296.235714286,296.088571429,296.251428571,97.3228571429,92.4171428571,93.8014285714,89.82,298.464285714,299.0,298.585714286,299.828571429,27.65,28.1,28.25,27.72,0.1869333,0.3091143,0.3816857,0.2150714,0.1447571,0.2173571,0.3683143,0.2127,0.1957429,0.3001,0.3837714,0.1209286,0.1824286,0.2446571,0.3666571,0.2354286,40.03,87.41,55.12,99.37,18.458571428566668,18.25,298.55238095233335,298.56071428575,28.2,28.212500000000002,95.70714285713332,95.2307142857,0.23477696666666667,0.27150415,0.17567696666666668,0.22383630000000002,0.25783653333333323,0.28932024999999995,0.20778413333333323,0.247502375,55.01333333333333,55.04,0.9350162426854148,-0.35460488704253545,2.302585092994046
iq,2005,17,2005-04-30,0.2141,0.2315333,0.1616857,0.2017714,78.8,297.927142857,298.864285714,297.402857143,303.9,294.1,54.9,97.1628571429,78.8,19.1528571429,6.64285714286,28.6,9.1,33.8,23.7,14.5,2,18.5971428571,18.8857142857,17.8928571429,17.6242857143,296.961428571,297.202857143,296.235714286,296.088571429,97.3814285714,97.3228571429,92.4171428571,93.8014285714,298.192857143,298.464285714,299.0,298.585714286,28.85,27.65,28.1,28.25,0.2082833,0.1869333,0.3091143,0.3816857,0.1649167,0.1447571,0.2173571,0.3683143,0.2776667,0.1957429,0.3001,0.3837714,0.1962667,0.1824286,0.2446571,0.3666571,37.6,40.03,87.41,55.12,18.87857142856667,18.63214285715,298.507142857,298.63035714275003,28.36666666666667,28.3,97.28904761906666,96.071071428575,0.20310553333333334,0.229607725,0.18040236666666673,0.18964105000000003,0.21169843333333324,0.233798825,0.19348889999999994,0.20628095,52.14333333333334,60.96,0.8854560256532099,-0.4647231720437685,1.0986122886681096
iq,2005,18,2005-05-07,0.1465333,0.1345833,0.1343143,0.1880571,33.29,297.33,298.435714286,296.575714286,304.8,293.3,64.1,95.9371428571,33.29,18.1814285714,6.1,25.8,7.5,33.5,21.0,13.0,13,19.1528571429,18.5971428571,18.8857142857,17.8928571429,297.402857143,296.961428571,297.202857143,296.235714286,97.1628571429,97.3814285714,97.3228571429,92.4171428571,298.864285714,298.192857143,298.464285714,299.0,28.6,28.85,27.65,28.1,0.2141,0.2082833,0.1869333,0.3091143,0.2315333,0.1649167,0.1447571,0.2173571,0.1616857,0.2776667,0.1957429,0.3001,0.2017714,0.1962667,0.1824286,0.2446571,78.8,37.6,40.03,87.41,18.6438095238,18.704285714275002,298.49761904766666,298.48928571425006,27.75,27.725,96.82714285713332,96.951071428575,0.1896388666666667,0.18896247500000002,0.1770111,0.16894760000000003,0.19122223333333324,0.19235239999999998,0.19536506666666656,0.19213095,49.89666666666667,47.43,0.8229838658936565,-0.5680647467311557,2.639057329615259
iq,2005,19,2005-05-14,0.2484333,0.2341,0.2020667,0.1930667,49.07,298.684285714,299.721428571,296.341428571,306.7,293.6,54.89,88.2942857143,49.07,17.94,9.27142857143,27.9,11.6,34.6,21.0,28.0,8,18.1814285714,19.1528571429,18.5971428571,18.8857142857,296.575714286,297.402857143,296.961428571,297.202857143,95.9371428571,97.1628571429,97.3814285714,97.3228571429,298.435714286,298.864285714,298.192857143,298.464285714,25.8,28.6,28.85,27.65,0.1465333,0.2141,0.2082833,0.1869333,0.1345833,0.2315333,0.1649167,0.1447571,0.1343143,0.1616857,0.2776667,0.1957429,0.1880571,0.2017714,0.1962667,0.1824286,33.29,78.8,37.6,40.03,18.42476190476667,18.46785714285,299.00714285699996,298.8035714285,27.433333333333337,27.7875,93.7980952381,94.69392857142499,0.2030222,0.204337475,0.20007220000000003,0.191283325,0.16602223333333324,0.19393334999999998,0.19429839999999995,0.194790475,53.720000000000006,49.69,0.7485107481711013,-0.663122658240795,2.1972245773362196
iq,2005,20,2005-05-21,0.2700857,0.1737571,0.2104571,0.2297429,56.22,297.532857143,298.342857143,296.352857143,304.9,293.6,49.1,93.9185714286,56.22,17.9571428571,7.54285714286,27.65,10.149999999999999,33.2,23.6,95.9,3,17.94,18.1814285714,19.1528571429,18.5971428571,296.341428571,296.575714286,297.402857143,296.961428571,88.2942857143,95.9371428571,97.1628571429,97.3814285714,299.721428571,298.435714286,298.864285714,298.192857143,27.9,25.8,28.6,28.85,0.2484333,0.1465333,0.2141,0.2082833,0.2341,0.1345833,0.2315333,0.1649167,0.2020667,0.1343143,0.1616857,0.2776667,0.1930667,0.1880571,0.2017714,0.1962667,49.07,33.29,78.8,37.6,18.026190476166665,18.30785714285,298.8333333333333,298.84107142849996,27.116666666666664,27.487499999999997,92.71666666666665,93.828214285725,0.22168410000000002,0.219788075,0.18081346666666673,0.19349342500000002,0.18227936666666658,0.17713094999999995,0.20362223333333326,0.203159525,46.19333333333333,54.345,0.6631226582407952,-0.7485107481711012,1.3862943611198906
iq,2005,21,2005-05-28,0.3118143,0.3585429,0.2806571,0.2474571,43.14,299.005714286,300.614285714,295.804285714,308.1,294.0,21.1,84.6585714286,43.14,17.4071428571,10.9428571429,27.4,8.7,33.6,22.4,37.9,5,17.9571428571,17.94,18.1814285714,19.1528571429,296.352857143,296.341428571,296.575714286,297.402857143,93.9185714286,88.2942857143,95.9371428571,97.1628571429,298.342857143,299.721428571,298.435714286,298.864285714,27.65,27.9,25.8,28.6,0.2700857,0.2484333,0.1465333,0.2141,0.1737571,0.2341,0.1345833,0.2315333,0.2104571,0.2020667,0.1343143,0.1616857,0.2297429,0.1930667,0.1880571,0.2017714,56.22,49.07,33.29,78.8,17.768095238066664,17.8714285714,299.5595238093333,299.2785714285,27.649999999999995,27.1875,88.95714285716667,90.70214285715,0.27677776666666665,0.24421664999999998,0.25546666666666673,0.225245825,0.2310602999999999,0.20687379999999994,0.22342223333333325,0.21458095,49.47666666666667,45.43,0.5680647467311558,-0.8229838658936564,1.791759469228055
iq,2005,22,2005-06-04,0.3782857,0.3693714,0.3631857,0.3612429,61.75,298.434285714,299.478571429,295.678571429,307.3,292.7,34.92,86.7014285714,61.75,17.2,10.0142857143,27.25,8.933333333335,33.9,20.9,78.9,4,17.4071428571,17.9571428571,17.94,18.1814285714,295.804285714,296.352857143,296.341428571,296.575714286,84.6585714286,93.9185714286,88.2942857143,95.9371428571,300.614285714,298.342857143,299.721428571,298.435714286,27.4,27.65,27.9,25.8,0.3118143,0.2700857,0.2484333,0.1465333,0.3585429,0.1737571,0.2341,0.1345833,0.2806571,0.2104571,0.2020667,0.1343143,0.2474571,0.2297429,0.1930667,0.1880571,43.14,56.22,49.07,33.29,17.521428571399998,17.62607142855,299.4785714286667,299.53928571425,27.433333333333334,27.549999999999997,88.4261904762,88.39321428572501,0.3200619,0.30215474999999997,0.3005571333333334,0.28394285,0.28476663333333324,0.26409164999999996,0.2794809666666666,0.25787740000000003,53.70333333333334,52.545,0.46472317204376906,-0.8854560256532096,1.6094379124341003
iq,2005,23,2005-06-11,0.1395143,0.1401,0.14235,0.1185429,40.44,297.304285714,298.485714286,296.227142857,303.9,293.7,51.0,94.5928571429,40.44,17.7885714286,7.17142857143,27.1,9.16666666667,32.4,22.0,19.5,8,17.2,17.4071428571,17.9571428571,17.94,295.678571429,295.804285714,296.352857143,296.341428571,86.7014285714,84.6585714286,93.9185714286,88.2942857143,299.478571429,300.614285714,298.342857143,299.721428571,27.25,27.4,27.65,27.9,0.3782857,0.3118143,0.2700857,0.2484333,0.3693714,0.3585429,0.1737571,0.2341,0.3631857,0.2806571,0.2104571,0.2020667,0.3612429,0.2474571,0.2297429,0.1930667,61.75,43.14,56.22,49.07,17.465238095233335,17.5882142857,299.52619047633334,299.230357143,27.25,27.35,88.65095238096667,89.967857142875,0.2765381,0.274925,0.2893381000000001,0.26044285,0.2620642666666666,0.24916247499999997,0.24241429999999994,0.23924645,48.44333333333333,50.3875,0.35460488704253584,-0.9350162426854147,2.1972245773362196
iq,2005,24,2005-06-18,0.2890857,0.2256429,0.2247143,0.2651286,104.83,297.377142857,298.621428571,295.32,304.8,293.4,29.01,89.1942857143,104.83,16.8242857143,8.52857142857,27.6666666667,9.83333333333,33.3,22.0,73.7,2,17.7885714286,17.2,17.4071428571,17.9571428571,296.227142857,295.678571429,295.804285714,296.352857143,94.5928571429,86.7014285714,84.6585714286,93.9185714286,298.485714286,299.478571429,300.614285714,298.342857143,27.1,27.25,27.4,27.65,0.1395143,0.3782857,0.3118143,0.2700857,0.1401,0.3693714,0.3585429,0.1737571,0.14235,0.3631857,0.2806571,0.2104571,0.1185429,0.3612429,0.2474571,0.2297429,40.44,61.75,43.14,56.22,17.270952380966666,17.305,298.861904762,299.3,27.3388888889,27.354166666675,90.16285714286668,88.78678571430001,0.26896190000000003,0.279675,0.24503810000000006,0.27341430000000005,0.24341666666666661,0.25272677499999996,0.2483047999999999,0.248092875,69.00666666666666,62.53999999999999,0.23931566428755768,-0.970941817426052,1.0986122886681096
iq,2005,25,2005-06-25,0.2915571,0.2460714,0.3518571,0.2604571,50.88,297.857142857,299.057142857,294.644285714,307.7,291.9,11.0,84.4671428571,50.88,16.1685714286,10.4857142857,27.35,9.55,32.8,22.4,89.2,3,16.8242857143,17.7885714286,17.2,17.4071428571,295.32,296.227142857,295.678571429,295.804285714,89.1942857143,94.5928571429,86.7014285714,84.6585714286,298.621428571,298.485714286,299.478571429,300.614285714,27.6666666667,27.1,27.25,27.4,0.2890857,0.1395143,0.3782857,0.3118143,0.2256429,0.1401,0.3693714,0.3585429,0.2247143,0.14235,0.3631857,0.2806571,0.2651286,0.1185429,0.3612429,0.2474571,104.83,40.44,61.75,43.14,16.927142857166668,16.995357142875,298.7214285713333,298.91071428575,27.372222222233333,27.341666666675,89.41809523810001,88.738928571425,0.24005236666666666,0.2746107,0.20393810000000004,0.24529642500000004,0.23964046666666658,0.27052677499999994,0.21470953333333323,0.25134287499999997,65.38333333333334,64.475,0.12053668025532308,-0.992708874098054,1.3862943611198906
iq,2005,26,2005-07-02,0.2747143,0.1780143,0.2843143,0.2271714,23.6,296.82,298.492857143,294.408571429,307.4,292.4,26.6,88.3871428571,23.6,15.8771428571,10.7285714286,26.8333333333,8.76666666667,33.7,20.8,92.0,5,16.1685714286,16.8242857143,17.7885714286,17.2,294.644285714,295.32,296.227142857,295.678571429,84.4671428571,89.1942857143,94.5928571429,86.7014285714,299.057142857,298.621428571,298.485714286,299.478571429,27.35,27.6666666667,27.1,27.25,0.2915571,0.2890857,0.1395143,0.3782857,0.2460714,0.2256429,0.1401,0.3693714,0.3518571,0.2247143,0.14235,0.3631857,0.2604571,0.2651286,0.1185429,0.3612429,50.88,104.83,40.44,61.75,16.290000000000003,16.66464285715,298.72380952366666,298.66428571425,27.28333333333333,27.2375,87.3495238095,89.16035714285,0.2851190333333334,0.24871785000000002,0.21657620000000008,0.19745715000000003,0.28696189999999994,0.25080892499999996,0.25091903333333326,0.217825,59.77,54.9375,-3.216245299353273e-16,-1.0,1.791759469228055
iq,2005,27,2005-07-09,0.2008,0.2010667,0.1622667,0.2214,43.24,297.865714286,299.421428571,294.528571429,308.3,290.4,23.91,84.6928571429,43.24,16.0385714286,11.1,27.8,10.7,34.5,21.6,40.9,7,15.8771428571,16.1685714286,16.8242857143,17.7885714286,294.408571429,294.644285714,295.32,296.227142857,88.3871428571,84.4671428571,89.1942857143,94.5928571429,298.492857143,299.057142857,298.621428571,298.485714286,26.8333333333,27.35,27.6666666667,27.1,0.2747143,0.2915571,0.2890857,0.1395143,0.1780143,0.2460714,0.2256429,0.1401,0.2843143,0.3518571,0.2247143,0.14235,0.2271714,0.2604571,0.2651286,0.1185429,23.6,50.88,104.83,40.44,16.028095238099997,16.22714285715,298.9904761903333,298.8982142855,27.32777777776667,27.412499999999998,85.84904761903333,86.68535714285,0.25569046666666667,0.264039275,0.2083841333333334,0.21269882500000004,0.26614603333333325,0.25578809999999996,0.23634283333333328,0.243539275,39.24,55.6375,-0.12053668025532283,-0.992708874098054,2.0794415416798357
iq,2005,28,2005-07-16,0.3869286,0.3350571,0.3298429,0.4413429,109.71,296.988571429,297.592857143,292.23,308.2,288.3,8.7,77.3728571429,109.71,13.9285714286,11.8142857143,27.8,11.1333333333,34.2,17.6,167.1,3,16.0385714286,15.8771428571,16.1685714286,16.8242857143,294.528571429,294.408571429,294.644285714,295.32,84.6928571429,88.3871428571,84.4671428571,89.1942857143,299.421428571,298.492857143,299.057142857,298.621428571,27.8,26.8333333333,27.35,27.6666666667,0.2008,0.2747143,0.2915571,0.2890857,0.2010667,0.1780143,0.2460714,0.2256429,0.1622667,0.2843143,0.3518571,0.2247143,0.2214,0.2271714,0.2604571,0.2651286,43.24,23.6,50.88,104.83,15.281428571433333,15.503214285725,298.50238095233334,298.64107142849997,27.477777777766665,27.445833333324998,83.48428571430001,83.72999999999999,0.2874809666666667,0.2885,0.23804603333333338,0.24005237500000004,0.25880796666666656,0.28207024999999997,0.29663809999999996,0.28759285,58.85,56.8575,-0.23931566428755743,-0.9709418174260521,1.3862943611198906
iq,2005,29,2005-07-23,0.1680286,0.1343286,0.1865571,0.1472571,27.33,297.794285714,298.928571429,292.455714286,307.7,287.5,8.9,75.6971428571,27.33,14.1914285714,13.5142857143,26.55,12.7,33.8,18.2,0.0,5,13.9285714286,16.0385714286,15.8771428571,16.1685714286,292.23,294.528571429,294.408571429,294.644285714,77.3728571429,84.6928571429,88.3871428571,84.4671428571,297.592857143,299.421428571,298.492857143,299.057142857,27.8,27.8,26.8333333333,27.35,0.3869286,0.2008,0.2747143,0.2915571,0.3350571,0.2010667,0.1780143,0.2460714,0.3298429,0.1622667,0.2843143,0.3518571,0.4413429,0.2214,0.2271714,0.2604571,109.71,43.24,23.6,50.88,14.719523809533333,15.008928571424999,298.64761904766664,298.6089285715,27.383333333333336,27.245833333325002,79.25428571430001,81.5375,0.2519190666666667,0.257617875,0.2234841333333334,0.212116675,0.22622223333333324,0.24074525,0.2699999999999999,0.25929285,60.09333333333333,50.97,-0.3546048870425356,-0.9350162426854148,1.791759469228055
iq,2005,30,2005-07-30,0.3474857,0.2537,0.2769571,0.3653143,42.32,296.898571429,298.014285714,293.75,306.3,290.1,15.3,84.2385714286,42.32,15.26,10.0857142857,21.4,5.7,32.3,18.5,71.1,6,14.1914285714,13.9285714286,16.0385714286,15.8771428571,292.455714286,292.23,294.528571429,294.408571429,75.6971428571,77.3728571429,84.6928571429,88.3871428571,298.928571429,297.592857143,299.421428571,298.492857143,26.55,27.8,27.8,26.8333333333,0.1680286,0.3869286,0.2008,0.2747143,0.1343286,0.3350571,0.2010667,0.1780143,0.1865571,0.3298429,0.1622667,0.2843143,0.1472571,0.4413429,0.2214,0.2271714,27.33,109.71,43.24,23.6,14.459999999999999,14.85464285715,298.17857142866666,298.48928571425,25.25,25.8875,79.10285714286667,80.500357142875,0.30081430000000003,0.275810725,0.24102856666666672,0.23103810000000002,0.2644523666666666,0.23890594999999998,0.3179714333333333,0.29382857500000004,59.78666666666667,55.64999999999999,-0.46472317204376806,-0.8854560256532101,1.9459101490553132
iq,2005,31,2005-08-06,0.3286857,0.3132571,0.2262143,0.2740143,0.0,298.221428571,299.728571429,293.035714286,308.2,292.6,8.64,75.5714285714,0.0,14.6085714286,11.4857142857,26.25,10.6,32.3,19.2,0.0,5,15.26,14.1914285714,13.9285714286,16.0385714286,293.75,292.455714286,292.23,294.528571429,84.2385714286,75.6971428571,77.3728571429,84.6928571429,298.014285714,298.928571429,297.592857143,299.421428571,21.4,26.55,27.8,27.8,0.3474857,0.1680286,0.3869286,0.2008,0.2537,0.1343286,0.3350571,0.2010667,0.2769571,0.1865571,0.3298429,0.1622667,0.3653143,0.1472571,0.4413429,0.2214,42.32,27.33,109.71,43.24,14.686666666666666,14.49714285715,298.8904761906667,298.56607142875,24.733333333333334,25.5,78.50238095236666,78.22,0.28140000000000004,0.30778215,0.23376190000000005,0.25908570000000003,0.2299094999999999,0.25489284999999995,0.2621952333333332,0.30698215,23.21666666666667,44.839999999999996,-0.5680647467311556,-0.8229838658936565,1.791759469228055
iq,2005,32,2005-08-13,0.2826429,0.2270286,0.2825571,0.239,38.17,298.925714286,300.335714286,293.64,309.7,293.5,1.99,74.8557142857,38.17,15.15,12.1857142857,27.325,11.85,33.5,19.8,36.6,5,14.6085714286,15.26,14.1914285714,13.9285714286,293.035714286,293.75,292.455714286,292.23,75.5714285714,84.2385714286,75.6971428571,77.3728571429,299.728571429,298.014285714,298.928571429,297.592857143,26.25,21.4,26.55,27.8,0.3286857,0.3474857,0.1680286,0.3869286,0.3132571,0.2537,0.1343286,0.3350571,0.2262143,0.2769571,0.1865571,0.3298429,0.2740143,0.3653143,0.1472571,0.4413429,0.0,42.32,27.33,109.71,15.006190476199999,14.802499999999998,299.35952380966665,299.2517857145,24.991666666666664,25.381249999999998,78.2219047619,77.5907142857,0.3196047666666667,0.281710725,0.26466190000000006,0.23207857500000004,0.2619094999999999,0.24307139999999997,0.2927761999999999,0.256396425,26.830000000000002,26.955,-0.663122658240795,-0.7485107481711013,1.791759469228055
iq,2005,33,2005-08-20,0.2669857,0.2939286,0.336,0.2924857,17.85,299.605714286,300.428571429,291.778571429,310.5,290.7,6.0,64.6585714286,17.85,13.59,14.2,27.5375,12.475,32.8,17.3,69.6,4,15.15,14.6085714286,15.26,14.1914285714,293.64,293.035714286,293.75,292.455714286,74.8557142857,75.5714285714,84.2385714286,75.6971428571,300.335714286,299.728571429,298.014285714,298.928571429,27.325,26.25,21.4,26.55,0.2826429,0.3286857,0.3474857,0.1680286,0.2270286,0.3132571,0.2537,0.1343286,0.2825571,0.2262143,0.2769571,0.1865571,0.239,0.2740143,0.3653143,0.1472571,38.17,0.0,42.32,27.33,14.449523809533332,14.65214285715,300.1642857146667,299.6267857145,27.037499999999998,25.628124999999997,71.69523809523334,74.831071428575,0.2927714333333334,0.30645,0.2780714333333334,0.271978575,0.2815904666666666,0.280432125,0.2684999999999999,0.292703575,18.673333333333336,24.584999999999997,-0.7485107481711011,-0.6631226582407952,1.6094379124341003
iq,2005,34,2005-08-27,0.3288,0.2715571,0.2723,0.3005,69.62,298.428571429,299.678571429,294.945714286,309.0,292.9,15.82,83.8542857143,69.62,16.44,10.8142857143,27.75,13.1,35.0,20.3,127.0,0,13.59,15.15,14.6085714286,15.26,291.778571429,293.64,293.035714286,293.75,64.6585714286,74.8557142857,75.5714285714,84.2385714286,300.428571429,300.335714286,299.728571429,298.014285714,27.5375,27.325,26.25,21.4,0.2669857,0.2826429,0.3286857,0.3474857,0.2939286,0.2270286,0.3132571,0.2537,0.336,0.2825571,0.2262143,0.2769571,0.2924857,0.239,0.2740143,0.3653143,17.85,38.17,0.0,42.32,15.06,14.947142857149998,300.14761904799997,300.04285714325,27.537499999999998,27.215625000000003,74.45619047619999,74.735,0.29280953333333337,0.301778575,0.2641714333333334,0.27644285,0.29695236666666663,0.27926785,0.27732856666666655,0.27649999999999997,41.88,31.409999999999997,-0.8229838658936564,-0.5680647467311559,0.0
iq,2005,35,2005-09-03,0.4568333,0.3595833,0.35945,0.3801167,12.81,298.184285714,299.371428571,293.918571429,308.6,292.4,11.0,79.6471428571,12.81,15.4285714286,10.9428571429,26.8,10.25,35.2,21.4,37.0,0,16.44,13.59,15.15,14.6085714286,294.945714286,291.778571429,293.64,293.035714286,83.8542857143,64.6585714286,74.8557142857,75.5714285714,299.678571429,300.428571429,300.335714286,299.728571429,27.75,27.5375,27.325,26.25,0.3288,0.2669857,0.2826429,0.3286857,0.2715571,0.2939286,0.2270286,0.3132571,0.2723,0.336,0.2825571,0.2262143,0.3005,0.2924857,0.239,0.2740143,69.62,17.85,38.17,0.0,15.152857142866667,15.15214285715,299.8261904763333,299.95357142874997,27.3625,27.353125000000002,76.05333333333333,75.75392857142499,0.350873,0.333815475,0.3083563333333334,0.2880244,0.3225833333333333,0.312576775,0.3243674666666666,0.3030256,33.42666666666667,34.6125,-0.8854560256532096,-0.4647231720437691,0.0
iq,2005,36,2005-09-10,0.3354286,0.2007143,0.3228857,0.3091429,36.98,300.058571429,301.214285714,294.005714286,309.3,293.4,4.2,71.9714285714,36.98,15.5185714286,13.7142857143,26.45555555556667,10.9111111111,34.9,21.8,44.0,0,15.4285714286,16.44,13.59,15.15,293.918571429,294.945714286,291.778571429,293.64,79.6471428571,83.8542857143,64.6585714286,74.8557142857,299.371428571,299.678571429,300.428571429,300.335714286,26.8,27.75,27.5375,27.325,0.4568333,0.3288,0.2669857,0.2826429,0.3595833,0.2715571,0.2939286,0.2270286,0.35945,0.2723,0.336,0.2825571,0.3801167,0.3005,0.2924857,0.239,12.81,69.62,17.85,38.17,15.795714285733334,15.244285714299998,300.088095238,300.17321428574996,27.00185185185556,27.135763888891667,78.49095238093332,75.03285714284999,0.37368730000000006,0.3470119,0.2772849000000001,0.28144582500000004,0.31821189999999994,0.322658925,0.32991986666666656,0.320561325,39.803333333333335,34.315,-0.9350162426854147,-0.3546048870425359,0.0
iq,2005,37,2005-09-17,0.2394286,0.2148714,0.2390429,0.2276,18.66,298.88,299.807142857,295.658571429,307.3,292.9,35.3,83.73,18.66,17.2228571429,9.92857142857,26.111111111133333,11.572222222199999,34.6,19.35,1.3,0,15.5185714286,15.4285714286,16.44,13.59,294.005714286,293.918571429,294.945714286,291.778571429,71.9714285714,79.6471428571,83.8542857143,64.6585714286,301.214285714,299.371428571,299.678571429,300.428571429,26.45555555556667,26.8,27.75,27.5375,0.3354286,0.4568333,0.3288,0.2669857,0.2007143,0.3595833,0.2715571,0.2939286,0.3228857,0.35945,0.2723,0.336,0.3091429,0.3801167,0.3005,0.2924857,36.98,12.81,69.62,17.85,16.0566666667,16.152500000025,300.13095238066666,300.01785714275,26.455555555566665,26.779166666675003,78.44952380950001,79.8007142857,0.3438968333333334,0.340122625,0.25838966666666674,0.261681525,0.30712619999999996,0.2984196499999999,0.3056198666666666,0.3043399,22.816666666666666,34.5175,-0.970941817426052,-0.23931566428755774,0.0
iq,2005,38,2005-09-24,0.1845667,0.1952571,0.1543857,0.2124833,2.56,298.498571429,299.764285714,293.555714286,309.1,292.4,13.7,76.5957142857,2.56,15.06,11.7857142857,25.7666666667,12.2333333333,34.3,16.9,38.1,0,17.2228571429,15.5185714286,15.4285714286,16.44,295.658571429,294.005714286,293.918571429,294.945714286,83.73,71.9714285714,79.6471428571,83.8542857143,299.807142857,301.214285714,299.371428571,299.678571429,26.111111111133333,26.45555555556667,26.8,27.75,0.2394286,0.3354286,0.4568333,0.3288,0.2148714,0.2007143,0.3595833,0.2715571,0.2390429,0.3228857,0.35945,0.2723,0.2276,0.3091429,0.3801167,0.3005,18.66,36.98,12.81,69.62,15.933809523833332,15.807500000025001,300.26190476166664,300.039285714,26.111111111133336,26.28333333335,77.43238095236667,77.98607142855,0.25314130000000007,0.3040643,0.20361426666666674,0.24260652500000002,0.23877143333333326,0.268941075,0.24974206666666662,0.282335725,19.4,17.752499999999998,-0.992708874098054,-0.12053668025532357,0.0
iq,2005,39,2005-10-01,0.4054167,0.4287714,0.3706,0.4210857,29.8,301.175714286,302.928571429,293.752857143,314.0,294.8,4.2,67.2128571429,29.8,15.3314285714,14.8285714286,28.65,13.5,37.1,20.7,59.45,2,15.06,17.2228571429,15.5185714286,15.4285714286,293.555714286,295.658571429,294.005714286,293.918571429,76.5957142857,83.73,71.9714285714,79.6471428571,299.764285714,299.807142857,301.214285714,299.371428571,25.7666666667,26.111111111133333,26.45555555556667,26.8,0.1845667,0.2394286,0.3354286,0.4568333,0.1952571,0.2148714,0.2007143,0.3595833,0.1543857,0.2390429,0.3228857,0.35945,0.2124833,0.2276,0.3091429,0.3801167,2.56,18.66,36.98,12.81,15.871428571433334,15.783214285725,300.8333333333333,300.9285714285,26.842592592611112,26.74583333335,75.84619047620001,74.8775,0.2764706666666667,0.29121015,0.2796333000000001,0.25990355000000004,0.25467619999999996,0.27172857499999997,0.2870563333333333,0.292577975,17.006666666666664,21.999999999999996,-1.0,-1.8369701987210297e-16,1.0986122886681096
iq,2005,40,2005-10-08,0.3321571,0.3463667,0.2586143,0.3210429,54.7,299.11,300.25,293.897142857,312.7,292.1,4.6,74.9528571429,54.7,15.4357142857,12.3571428571,28.8,14.9,36.3,21.0,80.8,4,15.3314285714,15.06,17.2228571429,15.5185714286,293.752857143,293.555714286,295.658571429,294.005714286,67.2128571429,76.5957142857,83.73,71.9714285714,302.928571429,299.764285714,299.807142857,301.214285714,28.65,25.7666666667,26.111111111133333,26.45555555556667,0.4054167,0.1845667,0.2394286,0.3354286,0.4287714,0.1952571,0.2148714,0.2007143,0.3706,0.1543857,0.2390429,0.3228857,0.4210857,0.2124833,0.2276,0.3091429,29.8,2.56,18.66,36.98,15.2757142857,15.7625,300.980952381,300.6875,27.738888888900004,27.331944444458333,72.9204761905,75.622857142875,0.3073801666666667,0.290392275,0.3234650666666668,0.29631665000000007,0.26119999999999993,0.255660725,0.31820396666666656,0.295552975,29.02,26.43,-0.992708874098054,0.1205366802553232,1.6094379124341003
iq,2005,41,2005-10-15,0.3734286,0.2774833,0.3742286,0.3522714,60.0,299.515714286,300.857142857,294.385714286,313.2,293.2,22.2,75.5085714286,60.0,15.9157142857,11.6857142857,28.5,11.8,37.0,22.3,233.2,4,15.4357142857,15.3314285714,15.06,17.2228571429,293.897142857,293.752857143,293.555714286,295.658571429,74.9528571429,67.2128571429,76.5957142857,83.73,300.25,302.928571429,299.764285714,299.807142857,28.8,28.65,25.7666666667,26.111111111133333,0.3321571,0.4054167,0.1845667,0.2394286,0.3463667,0.4287714,0.1952571,0.2148714,0.2586143,0.3706,0.1543857,0.2390429,0.3210429,0.4210857,0.2124833,0.2276,54.7,29.8,2.56,18.66,15.560952380933331,15.4357142857,301.34523809533334,300.95,28.650000000000002,27.929166666675,72.55809523813333,73.567500000025,0.37033413333333337,0.32389227499999995,0.35087380000000007,0.31196962500000003,0.3344809666666666,0.28945715,0.36479999999999996,0.326720825,48.166666666666664,36.765,-0.9709418174260521,0.23931566428755738,1.6094379124341003
iq,2005,42,2005-10-22,0.3072571,0.2782143,0.3548286,0.2869571,73.97,299.578571429,301.192857143,295.768571429,310.5,291.9,35.08,81.6914285714,73.97,17.4171428571,12.2428571429,29.1,12.7,36.5,21.7,64.0,3,15.9157142857,15.4357142857,15.3314285714,15.06,294.385714286,293.897142857,293.752857143,293.555714286,75.5085714286,74.9528571429,67.2128571429,76.5957142857,300.857142857,300.25,302.928571429,299.764285714,28.5,28.8,28.65,25.7666666667,0.3734286,0.3321571,0.4054167,0.1845667,0.2774833,0.3463667,0.4287714,0.1952571,0.3742286,0.2586143,0.3706,0.1543857,0.3522714,0.3210429,0.4210857,0.2124833,60.0,54.7,29.8,2.56,16.25619047616667,16.024999999975,300.7666666666667,301.30714285725,28.8,28.7625,77.3842857143,74.84142857145,0.33761426666666666,0.354564875,0.30068810000000007,0.33270892500000004,0.32922383333333327,0.33956787499999996,0.3200904666666666,0.34533927500000006,62.89000000000001,54.6175,-0.9350162426854148,0.35460488704253557,1.3862943611198906
iq,2005,43,2005-10-29,0.3635571,0.3000429,0.2898286,0.3261429,100.06,298.065714286,299.164285714,295.802857143,307.4,294.0,59.7,89.1428571429,100.06,17.3642857143,8.64285714286,28.3,10.95,34.3,21.3,235.2,3,17.4171428571,15.9157142857,15.4357142857,15.3314285714,295.768571429,294.385714286,293.897142857,293.752857143,81.6914285714,75.5085714286,74.9528571429,67.2128571429,301.192857143,300.857142857,300.25,302.928571429,29.1,28.5,28.8,28.65,0.3072571,0.3734286,0.3321571,0.4054167,0.2782143,0.2774833,0.3463667,0.4287714,0.3548286,0.3742286,0.2586143,0.3706,0.2869571,0.3522714,0.3210429,0.4210857,73.97,60.0,54.7,29.8,16.899047619033336,16.5332142857,300.40476190466666,300.36607142850005,28.633333333333336,28.675,82.11428571430001,80.32392857145,0.3480809333333334,0.344099975,0.2852468333333334,0.30052680000000004,0.33962859999999995,0.319375025,0.3217904666666666,0.32160357500000003,78.01,72.1825,-0.8854560256532101,0.464723172043768,1.3862943611198906
iq,2005,44,2005-11-05,0.1875714,0.2133714,0.1718571,0.1789571,59.15,299.458571429,301.478571429,296.805714286,308.6,294.9,49.85,87.2314285714,59.15,18.55,10.7857142857,28.2333333333,10.3,34.3,21.8,102.1,5,17.3642857143,17.4171428571,15.9157142857,15.4357142857,295.802857143,295.768571429,294.385714286,293.897142857,89.1428571429,81.6914285714,75.5085714286,74.9528571429,299.164285714,301.192857143,300.857142857,300.25,28.3,29.1,28.5,28.8,0.3635571,0.3072571,0.3734286,0.3321571,0.3000429,0.2782143,0.2774833,0.3463667,0.2898286,0.3548286,0.3742286,0.2586143,0.3261429,0.2869571,0.3522714,0.3210429,100.06,73.97,60.0,54.7,17.777142857133335,17.311785714275,300.61190476200005,300.67321428575,28.544444444433335,28.533333333325,86.02190476189999,83.393571428575,0.2861285333333334,0.30795355,0.26387620000000006,0.26727797500000006,0.2721714333333333,0.29768572499999996,0.26401903333333326,0.286082125,77.72666666666667,73.295,-0.822983865893657,0.5680647467311548,1.791759469228055
iq,2005,45,2005-11-12,0.3938,0.2986286,0.4019857,0.4103714,75.36,298.6,300.078571429,296.36,309.4,292.9,143.8,89.31,75.36,17.9742857143,9.7,27.916666666650002,10.225000000000001,34.6,22.3,8.9,6,18.55,17.3642857143,17.4171428571,15.9157142857,296.805714286,295.802857143,295.768571429,294.385714286,87.2314285714,89.1428571429,81.6914285714,75.5085714286,301.478571429,299.164285714,301.192857143,300.857142857,28.2333333333,28.3,29.1,28.5,0.1875714,0.3635571,0.3072571,0.3734286,0.2133714,0.3000429,0.2782143,0.2774833,0.1718571,0.2898286,0.3548286,0.3742286,0.1789571,0.3261429,0.2869571,0.3522714,59.15,100.06,73.97,60.0,17.962857142866667,17.826428571425,300.2404761906667,300.47857142875,28.149999999983333,28.3874999999875,88.56142857143334,86.843928571425,0.31497616666666667,0.3130464,0.27068096666666674,0.27256430000000004,0.2878904666666666,0.304625,0.3051571333333333,0.30060712500000003,78.19,77.13499999999999,-0.7485107481711011,0.6631226582407952,1.9459101490553132
iq,2005,46,2005-11-19,0.4424286,0.3481714,0.3430714,0.4731429,49.87,298.31,300.092857143,296.895714286,307.2,295.0,45.0,93.1771428571,49.87,18.5828571429,8.55714285714,27.6,10.15,34.5,21.5,139.5,14,17.9742857143,18.55,17.3642857143,17.4171428571,296.36,296.805714286,295.802857143,295.768571429,89.31,87.2314285714,89.1428571429,81.6914285714,300.078571429,301.478571429,299.164285714,301.192857143,27.916666666650002,28.2333333333,28.3,29.1,0.3938,0.1875714,0.3635571,0.3072571,0.2986286,0.2133714,0.3000429,0.2782143,0.4019857,0.1718571,0.2898286,0.3548286,0.4103714,0.1789571,0.3261429,0.2869571,75.36,59.15,100.06,73.97,18.369047619066666,18.117857142875,300.55000000033334,300.20357142875,27.916666666650002,28.0124999999875,89.90619047616667,89.71535714285,0.34126666666666666,0.346839275,0.2867238000000001,0.29005357500000006,0.30563806666666665,0.30168569999999995,0.35415713333333326,0.347153575,61.46,71.11,-0.6631226582407955,0.7485107481711007,2.70805020110221
iq,2005,47,2005-11-26,0.2825714,0.2206,0.2882143,0.2400857,72.34,299.412857143,300.628571429,297.394285714,309.1,295.2,63.53,90.3485714286,72.34,19.1942857143,8.91428571429,28.5,11.0,35.0,21.8,5.1,3,18.5828571429,17.9742857143,18.55,17.3642857143,296.895714286,296.36,296.805714286,295.802857143,93.1771428571,89.31,87.2314285714,89.1428571429,300.092857143,300.078571429,301.478571429,299.164285714,27.6,27.916666666650002,28.2333333333,28.3,0.4424286,0.3938,0.1875714,0.3635571,0.3481714,0.2986286,0.2133714,0.3000429,0.3430714,0.4019857,0.1718571,0.2898286,0.4731429,0.4103714,0.1789571,0.3261429,49.87,75.36,59.15,100.06,18.583809523833335,18.575357142875,300.266666667,300.5696428575,28.005555555550004,28.0624999999875,90.94523809523332,90.01678571427499,0.37293333333333334,0.32659285000000005,0.2891333333333334,0.27019285000000004,0.34442379999999995,0.30128212499999996,0.3745333333333332,0.325639275,65.85666666666667,64.18,-0.5680647467311559,0.8229838658936564,1.3862943611198906
iq,2005,48,2005-12-03,0.3178143,0.3027,0.3369429,0.4171286,78.52,299.42,300.45,296.612857143,307.6,294.1,34.95,86.4085714286,78.52,18.3042857143,9.72857142857,28.2666666667,11.4,34.3,21.7,77.9,7,19.1942857143,18.5828571429,17.9742857143,18.55,297.394285714,296.895714286,296.36,296.805714286,90.3485714286,93.1771428571,89.31,87.2314285714,300.628571429,300.092857143,300.078571429,301.478571429,28.5,27.6,27.916666666650002,28.2333333333,0.2825714,0.4424286,0.3938,0.1875714,0.2206,0.3481714,0.2986286,0.2133714,0.2882143,0.3430714,0.4019857,0.1718571,0.2400857,0.4731429,0.4103714,0.1789571,72.34,49.87,75.36,59.15,18.693809523833334,18.513928571450002,300.3904761906667,300.31250000025,28.122222222233336,28.070833333337504,89.97809523810001,89.81107142857499,0.3476047666666667,0.359153575,0.2904904666666667,0.29252500000000003,0.32274286666666663,0.34255357499999994,0.37678573333333326,0.38518215,66.91000000000001,69.0225,-0.4647231720437684,0.88545602565321,2.0794415416798357
iq,2005,49,2005-12-10,0.3585857,0.2194857,0.2579143,0.2992714,60.5,299.217142857,300.707142857,296.657142857,308.4,295.4,71.8,87.7214285714,60.5,18.3642857143,9.1,28.1,12.5,34.8,21.5,54.1,11,18.3042857143,19.1942857143,18.5828571429,17.9742857143,296.612857143,297.394285714,296.895714286,296.36,86.4085714286,90.3485714286,93.1771428571,89.31,300.45,300.628571429,300.092857143,300.078571429,28.2666666667,28.5,27.6,27.916666666650002,0.3178143,0.2825714,0.4424286,0.3938,0.3027,0.2206,0.3481714,0.2986286,0.3369429,0.2882143,0.3430714,0.4019857,0.4171286,0.2400857,0.4731429,0.4103714,78.52,72.34,49.87,75.36,18.620952380966667,18.611428571450002,300.59523809533334,300.46964285725,28.2888888889,28.116666666675002,88.15952380953333,89.413928571425,0.31965713333333334,0.35035,0.24759523333333341,0.27273927500000006,0.2943571666666666,0.306535725,0.3188285666666666,0.35740715,70.45333333333333,65.3075,-0.35460488704253595,0.9350162426854147,2.4849066497880004
iq,2005,50,2005-12-17,0.1984429,0.1941,0.1930143,0.247,46.91,298.574285714,300.257142857,297.187142857,307.0,295.4,46.9,92.9571428571,46.91,18.9457142857,8.2,28.1,11.55,34.0,22.3,6.0,2,18.3642857143,18.3042857143,19.1942857143,18.5828571429,296.657142857,296.612857143,297.394285714,296.895714286,87.7214285714,86.4085714286,90.3485714286,93.1771428571,300.707142857,300.45,300.628571429,300.092857143,28.1,28.2666666667,28.5,27.6,0.3585857,0.3178143,0.2825714,0.4424286,0.2194857,0.3027,0.2206,0.3481714,0.2579143,0.3369429,0.2882143,0.3430714,0.2992714,0.4171286,0.2400857,0.4731429,60.5,78.52,72.34,49.87,18.5380952381,18.70214285715,300.4714285713333,300.51071428575,28.155555555566668,28.241666666675002,89.02904761903334,89.358928571425,0.29161430000000005,0.28935357500000003,0.23876190000000008,0.23422142500000004,0.26262383333333333,0.26902144999999994,0.32113333333333327,0.300871425,61.97666666666667,64.5675,-0.2393156642875578,0.970941817426052,1.0986122886681096
iq,2005,51,2005-12-24,0.180575,0.1413333,0.2552833,0.1383714,151.0,298.021428571,299.371428571,297.191428571,304.4,295.5,113.36,95.6742857143,151.0,18.9157142857,6.48571428571,28.3,9.9,33.6,22.9,81.1,6,18.9457142857,18.3642857143,18.3042857143,19.1942857143,297.187142857,296.657142857,296.612857143,297.394285714,92.9571428571,87.7214285714,86.4085714286,90.3485714286,300.257142857,300.707142857,300.45,300.628571429,28.1,28.1,28.2666666667,28.5,0.1984429,0.3585857,0.3178143,0.2825714,0.1941,0.2194857,0.3027,0.2206,0.1930143,0.2579143,0.3369429,0.2882143,0.247,0.2992714,0.4171286,0.2400857,46.91,60.5,78.52,72.34,18.7419047619,18.6325,300.11190476166666,300.19642857125,28.166666666666668,28.191666666675,92.11761904759999,90.69035714284999,0.2458678666666667,0.26385447500000003,0.18497300000000005,0.21440475000000003,0.23540396666666663,0.2607887,0.22821426666666658,0.27544285,86.13666666666667,84.23249999999999,-0.12053668025532363,0.992708874098054,1.9459101490553132
iq,2006,52,2006-01-01,0.3546,0.21995,0.3225167,0.2563333,114.58,298.181428571,299.578571429,296.935714286,306.5,294.9,210.5,93.8214285714,114.58,18.5842857143,7.38571428571,27.45,9.7,32.7,22.4,273.5,8,18.9157142857,18.9457142857,18.3642857143,18.3042857143,297.191428571,297.187142857,296.657142857,296.612857143,95.6742857143,92.9571428571,87.7214285714,86.4085714286,299.371428571,300.257142857,300.707142857,300.45,28.3,28.1,28.1,28.2666666667,0.180575,0.1984429,0.3585857,0.3178143,0.1413333,0.1941,0.2194857,0.3027,0.2552833,0.1930143,0.2579143,0.3369429,0.1383714,0.247,0.2992714,0.4171286,151.0,46.91,60.5,78.52,18.815238095233337,18.7025,299.7357142856667,299.9785714285,27.95,27.987499999999997,94.15095238093333,92.54357142855,0.24453930000000001,0.2730509,0.18512776666666675,0.19371725000000004,0.25693809999999995,0.25718215,0.2139015666666666,0.235244025,104.16333333333334,93.2475,6.432490598706546e-16,1.0,2.1972245773362196
iq,2006,1,2006-01-08,0.1995143,0.2393429,0.2276571,0.2155,38.78,298.832857143,299.642857143,292.878571429,307.8,292.4,15.2,73.1614285714,38.78,14.5242857143,12.3142857143,27.615000000000002,10.35,34.5,19.7,70.1,25,18.5842857143,18.9157142857,18.9457142857,18.3642857143,296.935714286,297.191428571,297.187142857,296.657142857,93.8214285714,95.6742857143,92.9571428571,87.7214285714,299.578571429,299.371428571,300.257142857,300.707142857,27.45,28.3,28.1,28.1,0.3546,0.180575,0.1984429,0.3585857,0.21995,0.1413333,0.1941,0.2194857,0.3225167,0.2552833,0.1930143,0.2579143,0.2563333,0.1383714,0.247,0.2992714,114.58,151.0,46.91,60.5,17.34142857143333,17.7425,299.5309523810001,299.71250000000003,27.788333333333338,27.86625,87.55238095236666,88.90357142855,0.24489643333333336,0.23328305000000002,0.20020873333333342,0.19868155000000004,0.2684857,0.24961784999999997,0.20340156666666662,0.214301175,101.45333333333336,87.8175,0.12053668025532305,0.992708874098054,3.258096538021482
iq,2006,2,2006-01-15,0.2284,0.2020714,0.19475,0.23035,138.46,298.728571429,300.3,296.371428571,307.7,293.5,47.6,88.3357142857,138.46,18.1657142857,9.88571428571,27.78,11.0,34.5,21.4,60.1,21,14.5242857143,18.5842857143,18.9157142857,18.9457142857,292.878571429,296.935714286,297.191428571,297.187142857,73.1614285714,93.8214285714,95.6742857143,92.9571428571,299.642857143,299.578571429,299.371428571,300.257142857,27.615000000000002,27.45,28.3,28.1,0.1995143,0.3546,0.180575,0.1984429,0.2393429,0.21995,0.1413333,0.1941,0.2276571,0.3225167,0.2552833,0.1930143,0.2155,0.2563333,0.1383714,0.247,38.78,114.58,151.0,46.91,17.091428571433337,17.5475,299.8404761906667,299.72321428575003,27.615,27.786250000000003,85.10619047616667,87.74821428569999,0.2608381,0.240772325,0.22045476666666675,0.20067440000000003,0.2483079333333333,0.250051775,0.2340610999999999,0.210138675,97.27333333333335,110.705,0.23931566428755774,0.970941817426052,3.091042453358316
iq,2006,3,2006-01-22,0.1743,0.1336429,0.1117571,0.1944286,88.85,298.46,300.114285714,296.321428571,307.3,295.0,52.2,89.9557142857,88.85,17.9414285714,9.14285714286,27.54,9.975,33.8,21.5,54.8,10,18.1657142857,14.5242857143,18.5842857143,18.9157142857,296.371428571,292.878571429,296.935714286,297.191428571,88.3357142857,73.1614285714,93.8214285714,95.6742857143,300.3,299.642857143,299.578571429,299.371428571,27.78,27.615000000000002,27.45,28.3,0.2284,0.1995143,0.3546,0.180575,0.2020714,0.2393429,0.21995,0.1413333,0.19475,0.2276571,0.3225167,0.2552833,0.23035,0.2155,0.2563333,0.1383714,138.46,38.78,114.58,151.0,16.877142857133332,17.303928571425,300.01904761900005,299.90892857150004,27.645,27.596249999999998,83.8176190476,86.31857142855,0.20073810000000003,0.239203575,0.1916857333333334,0.19875180000000003,0.17805473333333333,0.21417022499999996,0.21342619999999993,0.224152975,88.69666666666667,95.16749999999999,0.3546048870425356,0.9350162426854148,2.3978952727983707
iq,2006,4,2006-01-29,0.1517667,0.1377,0.1478,0.1607833,49.32,297.188571429,298.292857143,295.777142857,304.8,294.4,52.2,93.1142857143,49.32,17.3642857143,6.21428571429,27.3,8.95,33.5,22.3,250.9,28,17.9414285714,18.1657142857,14.5242857143,18.5842857143,296.321428571,296.371428571,292.878571429,296.935714286,89.9557142857,88.3357142857,73.1614285714,93.8214285714,300.114285714,300.3,299.642857143,299.578571429,27.54,27.78,27.615000000000002,27.45,0.1743,0.2284,0.1995143,0.3546,0.1336429,0.2020714,0.2393429,0.21995,0.1117571,0.19475,0.2276571,0.3225167,0.1944286,0.23035,0.2155,0.2563333,88.85,138.46,38.78,114.58,17.823809523799998,16.998928571424997,299.569047619,299.58750000000003,27.540000000000003,27.558750000000003,90.46857142856668,86.14178571427499,0.18482223333333336,0.18849525,0.15780476666666673,0.17818930000000002,0.15143569999999998,0.17049104999999998,0.19518729999999992,0.200265475,92.21,78.8525,0.4647231720437685,0.8854560256532099,3.367295829986474
iq,2006,5,2006-02-05,0.3791143,0.3053286,0.3459714,0.3715714,34.17,297.165714286,298.221428571,296.647142857,302.7,294.3,63.98,97.32,34.17,18.2642857143,5.52857142857,27.65,8.875,33.7,21.5,118.9,39,17.3642857143,17.9414285714,18.1657142857,14.5242857143,295.777142857,296.321428571,296.371428571,292.878571429,93.1142857143,89.9557142857,88.3357142857,73.1614285714,298.292857143,300.114285714,300.3,299.642857143,27.3,27.54,27.78,27.615000000000002,0.1517667,0.1743,0.2284,0.1995143,0.1377,0.1336429,0.2020714,0.2393429,0.1478,0.1117571,0.19475,0.2276571,0.1607833,0.1944286,0.23035,0.2155,49.32,88.85,138.46,38.78,17.856666666666666,17.933928571425,298.876190476,299.232142857,27.496666666666666,27.5675,93.46333333333332,92.18142857142499,0.23506033333333334,0.23339525,0.1922238333333334,0.19468572500000003,0.2018428333333333,0.20006962499999997,0.24226109999999992,0.239283325,57.44666666666668,77.69999999999999,0.5680647467311558,0.8229838658936564,3.6888794541139363
iq,2006,6,2006-02-12,0.2568143,0.13605,0.1978286,0.2583143,71.87,297.64,298.378571429,296.808571429,304.2,294.0,67.0,95.8271428571,71.87,18.4428571429,5.78571428571,28.0,8.8,32.6,23.6,101.1,20,18.2642857143,17.3642857143,17.9414285714,18.1657142857,296.647142857,295.777142857,296.321428571,296.371428571,97.32,93.1142857143,89.9557142857,88.3357142857,298.221428571,298.292857143,300.114285714,300.3,27.65,27.3,27.54,27.78,0.3791143,0.1517667,0.1743,0.2284,0.3053286,0.1377,0.1336429,0.2020714,0.3459714,0.1478,0.1117571,0.19475,0.3715714,0.1607833,0.1944286,0.23035,34.17,49.32,88.85,138.46,18.023809523833332,18.003214285725,298.2976190476666,298.75178571425,27.650000000000002,27.6225,95.42047619046666,94.05428571427501,0.26256510000000005,0.24049882500000003,0.19302620000000006,0.17818037500000003,0.23053333333333328,0.20083927499999996,0.2635563333333332,0.2462744,51.78666666666668,61.0525,0.6631226582407952,0.7485107481711011,3.044522437723423
iq,2006,7,2006-02-19,0.3827,0.2506,0.2436571,0.2856,44.35,297.064285714,298.142857143,295.364285714,305.2,292.8,33.0,91.0985714286,44.35,16.9271428571,7.28571428571,28.6,8.9,33.8,24.2,0.0,24,18.4428571429,18.2642857143,17.3642857143,17.9414285714,296.808571429,296.647142857,295.777142857,296.321428571,95.8271428571,97.32,93.1142857143,89.9557142857,298.378571429,298.221428571,298.292857143,300.114285714,28.0,27.65,27.3,27.54,0.2568143,0.3791143,0.1517667,0.1743,0.13605,0.3053286,0.1377,0.1336429,0.1978286,0.3459714,0.1478,0.1117571,0.2583143,0.3715714,0.1607833,0.1944286,71.87,34.17,49.32,88.85,17.8780952381,17.74964285715,298.24761904766666,298.25892857149995,28.083333333333332,27.8875,94.74857142856666,94.34,0.33954286666666667,0.292598825,0.23065953333333342,0.20741965,0.2624857,0.23381427499999996,0.30516189999999993,0.26906725,50.13000000000002,49.9275,0.7485107481711011,0.6631226582407953,3.2188758248682006
iq,2006,8,2006-02-26,0.2621143,0.1248,0.2153571,0.1447857,23.44,298.938571429,300.778571429,295.961428571,308.3,292.9,72.2,86.0314285714,23.44,17.6057142857,10.7857142857,28.24,10.64,34.3,21.3,0.3,28,16.9271428571,18.4428571429,18.2642857143,17.3642857143,295.364285714,296.808571429,296.647142857,295.777142857,91.0985714286,95.8271428571,97.32,93.1142857143,298.142857143,298.378571429,298.221428571,298.292857143,28.6,28.0,27.65,27.3,0.3827,0.2568143,0.3791143,0.1517667,0.2506,0.13605,0.3053286,0.1377,0.2436571,0.1978286,0.3459714,0.1478,0.2856,0.2583143,0.3715714,0.1607833,44.35,71.87,34.17,49.32,17.65857142856667,17.810000000000002,299.1000000003333,298.88035714299997,28.28,28.1225,90.9857142857,92.569285714275,0.3005428666666667,0.320185725,0.1704833333333334,0.20419465000000003,0.21894759999999994,0.25070354999999994,0.22956666666666659,0.26506785,46.55333333333334,43.4575,0.8229838658936564,0.5680647467311559,3.367295829986474
iq,2006,9,2006-03-05,0.1786667,0.1959333,0.1412667,0.1282833,79.13,298.252857143,299.871428571,296.764285714,306.9,295.1,50.38,92.6057142857,79.13,18.4014285714,8.02857142857,27.4333333333,9.56666666667,32.9,21.9,26.9,26,17.6057142857,16.9271428571,18.4428571429,18.2642857143,295.961428571,295.364285714,296.808571429,296.647142857,86.0314285714,91.0985714286,95.8271428571,97.32,300.778571429,298.142857143,298.378571429,298.221428571,28.24,28.6,28.0,27.65,0.2621143,0.3827,0.2568143,0.3791143,0.1248,0.2506,0.13605,0.3053286,0.2153571,0.2436571,0.1978286,0.3459714,0.1447857,0.2856,0.2583143,0.3715714,23.44,44.35,71.87,34.17,17.644761904733333,17.844285714275003,299.5976190476667,299.292857143,28.091111111100002,28.068333333325,89.9119047619,91.3907142857,0.2744936666666667,0.270073825,0.1904444333333334,0.176845825,0.20009363333333327,0.19952737499999995,0.18622299999999992,0.204245825,48.973333333333336,54.697500000000005,0.8854560256532099,0.4647231720437686,3.295836866004329
iq,2006,10,2006-03-12,0.4246286,0.4113,0.3731857,0.3158571,94.99,297.925714286,299.107142857,297.207142857,304.0,294.7,130.6,96.36,94.99,18.9028571429,6.41428571429,28.0,9.55,33.3,21.9,93.0,8,18.4014285714,17.6057142857,16.9271428571,18.4428571429,296.764285714,295.961428571,295.364285714,296.808571429,92.6057142857,86.0314285714,91.0985714286,95.8271428571,299.871428571,300.778571429,298.142857143,298.378571429,27.4333333333,28.24,28.6,28.0,0.1786667,0.2621143,0.3827,0.2568143,0.1959333,0.1248,0.2506,0.13605,0.1412667,0.2153571,0.2436571,0.1978286,0.1282833,0.1447857,0.2856,0.2583143,79.13,23.44,44.35,71.87,18.30333333333333,17.959285714275,299.91904761899997,299.475,27.891111111100003,28.068333333325,91.6657142857,91.523928571425,0.2884698666666667,0.3120274,0.24401110000000006,0.245658325,0.2432698333333333,0.24336664999999996,0.1963086999999999,0.218631525,65.85333333333334,60.4775,0.9350162426854148,0.35460488704253557,2.1972245773362196
iq,2006,11,2006-03-19,0.1924286,0.1158857,0.1940571,0.1712714,121.69,297.931428571,299.007142857,296.581428571,305.3,294.5,58.83,93.3471428571,121.69,18.2,7.01428571429,27.975,9.2,33.7,22.4,16.0,9,18.9028571429,18.4014285714,17.6057142857,16.9271428571,297.207142857,296.764285714,295.961428571,295.364285714,96.36,92.6057142857,86.0314285714,91.0985714286,299.107142857,299.871428571,300.778571429,298.142857143,28.0,27.4333333333,28.24,28.6,0.4246286,0.1786667,0.2621143,0.3827,0.4113,0.1959333,0.1248,0.2506,0.3731857,0.1412667,0.2153571,0.2436571,0.3158571,0.1282833,0.1447857,0.2856,94.99,79.13,23.44,44.35,18.501428571433333,18.2775,299.3285714283333,299.6910714285,27.802777777766664,27.912083333325,94.10428571426667,92.08607142855001,0.2652413,0.26445955,0.24103966666666674,0.21197975000000005,0.2361698333333333,0.23096664999999997,0.20513726666666657,0.19004937499999996,98.60333333333335,79.8125,0.970941817426052,0.23931566428755804,2.302585092994046
iq,2006,12,2006-03-26,0.2885667,0.17954,0.2972714,0.2236429,120.62,297.494285714,298.785714286,296.295714286,305.3,292.5,70.0,93.7871428571,120.62,17.9114285714,7.34285714286,27.4,8.7,32.3,23.0,97.0,12,18.2,18.9028571429,18.4014285714,17.6057142857,296.581428571,297.207142857,296.764285714,295.961428571,93.3471428571,96.36,92.6057142857,86.0314285714,299.007142857,299.107142857,299.871428571,300.778571429,27.975,28.0,27.4333333333,28.24,0.1924286,0.4246286,0.1786667,0.2621143,0.1158857,0.4113,0.1959333,0.1248,0.1940571,0.3731857,0.1412667,0.2153571,0.1712714,0.3158571,0.1282833,0.1447857,121.69,94.99,79.13,23.44,18.3380952381,18.353928571424998,298.9666666666667,299.19285714275,27.791666666666668,27.702083333325,94.49809523806665,94.024999999975,0.30187463333333336,0.27107265,0.2355752333333334,0.22566475000000003,0.28817139999999997,0.251445225,0.2369237999999999,0.20976367499999998,112.43333333333335,104.1075,0.992708874098054,0.120536680255323,2.5649493574615367
iq,2006,13,2006-04-02,0.24505,0.18885,0.2235333,0.1816667,121.46,298.04,299.235714286,297.067142857,304.9,294.8,88.81,95.0242857143,121.46,18.7342857143,6.95714285714,28.3,10.0,33.7,22.0,53.9,18,17.9114285714,18.2,18.9028571429,18.4014285714,296.295714286,296.581428571,297.207142857,296.764285714,93.7871428571,93.3471428571,96.36,92.6057142857,298.785714286,299.007142857,299.107142857,299.871428571,27.4,27.975,28.0,27.4333333333,0.2885667,0.1924286,0.4246286,0.1786667,0.17954,0.1158857,0.4113,0.1959333,0.2972714,0.1940571,0.3731857,0.1412667,0.2236429,0.1712714,0.3158571,0.1282833,120.62,121.69,94.99,79.13,18.281904761899998,18.43714285715,299.00952380966663,299.0339285715,27.891666666666666,27.91875,94.05285714283332,94.629642857125,0.2420151,0.28766847500000003,0.1614252333333334,0.22389392500000002,0.23828726666666666,0.27201187499999996,0.19219366666666657,0.223109525,121.25666666666667,114.69,1.0,-1.6081226496766364e-16,2.9444389791664403
iq,2006,14,2006-04-09,0.2416714,0.2054,0.1560143,0.2833143,41.68,297.774285714,299.442857143,296.047142857,308.3,293.8,87.9,91.8114285714,41.68,17.61,9.57142857143,27.9333333333,10.2666666667,33.7,22.6,178.1,9,18.7342857143,17.9114285714,18.2,18.9028571429,297.067142857,296.295714286,296.581428571,297.207142857,95.0242857143,93.7871428571,93.3471428571,96.36,299.235714286,298.785714286,299.007142857,299.107142857,28.3,27.4,27.975,28.0,0.24505,0.2885667,0.1924286,0.4246286,0.18885,0.17954,0.1158857,0.4113,0.2235333,0.2972714,0.1940571,0.3731857,0.1816667,0.2236429,0.1712714,0.3158571,121.46,120.62,121.69,94.99,18.085238095233333,18.113928571425,299.154761905,299.11785714300004,27.877777777766667,27.902083333325,93.54095238093333,93.492499999975,0.2584293666666667,0.241929175,0.19126333333333342,0.17241892500000003,0.22560633333333333,0.21771902499999995,0.22954129999999992,0.214973825,94.58666666666669,101.3625,0.992708874098054,-0.12053668025532288,2.302585092994046
iq,2006,15,2006-04-16,0.3011286,0.2650571,0.2553143,0.2626857,75.33,297.825714286,298.814285714,296.965714286,305.5,292.9,66.46,95.51,75.33,18.7142857143,7.42857142857,28.3,10.3,33.9,21.4,49.0,9,17.61,18.7342857143,17.9114285714,18.2,296.047142857,297.067142857,296.295714286,296.581428571,91.8114285714,95.0242857143,93.7871428571,93.3471428571,299.442857143,299.235714286,298.785714286,299.007142857,27.9333333333,28.3,27.4,27.975,0.2416714,0.24505,0.2885667,0.1924286,0.2054,0.18885,0.17954,0.1158857,0.1560143,0.2235333,0.2972714,0.1940571,0.2833143,0.1816667,0.2236429,0.1712714,41.68,121.46,120.62,121.69,18.352857142866668,18.2425,299.16428571433335,299.06964285725,28.177777777766664,27.983333333325,94.11523809523334,94.0332142857,0.26261666666666666,0.269104175,0.2197690333333334,0.20971177500000004,0.21162063333333328,0.23303332499999996,0.24255556666666656,0.23782740000000002,79.49000000000001,89.77250000000001,0.9709418174260521,-0.2393156642875575,2.302585092994046
iq,2006,16,2006-04-23,0.3309,0.2654714,0.3195571,0.2849429,69.6,298.061428571,299.178571429,296.457142857,306.4,293.9,54.86,92.1114285714,69.6,18.0828571429,7.44285714286,27.4,8.35,32.8,22.5,11.9,6,18.7142857143,17.61,18.7342857143,17.9114285714,296.965714286,296.047142857,297.067142857,296.295714286,95.51,91.8114285714,95.0242857143,93.7871428571,298.814285714,299.442857143,299.235714286,298.785714286,28.3,27.9333333333,28.3,27.4,0.3011286,0.2416714,0.24505,0.2885667,0.2650571,0.2054,0.18885,0.17954,0.2553143,0.1560143,0.2235333,0.2972714,0.2626857,0.2833143,0.1816667,0.2236429,75.33,41.68,121.46,120.62,18.135714285733332,18.285357142875,299.14523809533335,299.167857143,27.877777777766667,27.983333333325,93.14428571426667,93.614285714275,0.2912333333333334,0.2796875,0.24530950000000007,0.23119462500000004,0.24362856666666663,0.23860474999999992,0.27698096666666655,0.25315240000000006,62.20333333333334,77.0175,0.9350162426854148,-0.35460488704253545,1.9459101490553132
iq,2006,17,2006-04-30,0.2055714,0.23605,0.1919143,0.1393714,74.93,296.85,297.707142857,295.051428571,305.3,291.7,39.6,90.8642857143,74.93,16.5585714286,7.75714285714,27.0,8.46666666667,33.5,19.5,34.0,6,18.0828571429,18.7142857143,17.61,18.7342857143,296.457142857,296.965714286,296.047142857,297.067142857,92.1114285714,95.51,91.8114285714,95.0242857143,299.178571429,298.814285714,299.442857143,299.235714286,27.4,28.3,27.9333333333,28.3,0.3309,0.3011286,0.2416714,0.24505,0.2654714,0.2650571,0.2054,0.18885,0.3195571,0.2553143,0.1560143,0.2235333,0.2849429,0.2626857,0.2833143,0.1816667,69.6,75.33,41.68,121.46,17.785238095266667,17.74142857145,298.56666666666666,298.78571428575003,27.566666666666666,27.658333333325,92.82857142856666,92.57428571427499,0.27920000000000006,0.26981784999999997,0.2555261666666668,0.24299462500000005,0.2555952333333333,0.23069999999999996,0.2289999999999999,0.24257857500000002,73.28666666666668,65.385,0.8854560256532099,-0.4647231720437685,1.9459101490553132
iq,2006,18,2006-05-07,0.1516,0.0846,0.1763143,0.1137286,65.07,297.63,299.021428571,296.384285714,306.3,293.6,38.84,93.6357142857,65.07,17.9628571429,8.41428571429,27.85,9.1,33.3,22.5,115.0,8,16.5585714286,18.0828571429,18.7142857143,17.61,295.051428571,296.457142857,296.965714286,296.047142857,90.8642857143,92.1114285714,95.51,91.8114285714,297.707142857,299.178571429,298.814285714,299.442857143,27.0,27.4,28.3,27.9333333333,0.2055714,0.3309,0.3011286,0.2416714,0.23605,0.2654714,0.2650571,0.2054,0.1919143,0.3195571,0.2553143,0.1560143,0.1393714,0.2849429,0.2626857,0.2833143,74.93,69.6,75.33,41.68,17.5347619048,17.829642857175003,298.63571428566667,298.68035714275,27.416666666666668,27.637500000000003,92.20380952379999,93.03035714285,0.22935713333333332,0.2473,0.19537380000000013,0.21279462500000004,0.22926189999999994,0.23577499999999996,0.17934763333333326,0.20018215,69.86666666666667,71.2325,0.8229838658936565,-0.5680647467311557,2.1972245773362196
iq,2006,19,2006-05-14,0.2866571,0.1871571,0.2665143,0.2874571,127.24,296.184285714,297.557142857,295.452857143,304.3,291.8,70.0,96.0985714286,127.24,16.9771428571,6.62857142857,24.3,5.2,32.3,21.7,270.9,5,17.9628571429,16.5585714286,18.0828571429,18.7142857143,296.384285714,295.051428571,296.457142857,296.965714286,93.6357142857,90.8642857143,92.1114285714,95.51,299.021428571,297.707142857,299.178571429,298.814285714,27.85,27.0,27.4,28.3,0.1516,0.2055714,0.3309,0.3011286,0.0846,0.23605,0.2654714,0.2650571,0.1763143,0.1919143,0.3195571,0.2553143,0.1137286,0.1393714,0.2849429,0.2626857,65.07,74.93,69.6,75.33,17.166190476199997,17.395357142875,298.095238095,298.3660714285,26.383333333333336,26.6375,93.53285714286666,93.1775,0.21460949999999998,0.243682125,0.1692690333333334,0.19331962500000002,0.21158096666666662,0.23857499999999993,0.18018569999999992,0.206375,89.08,84.21,0.7485107481711013,-0.663122658240795,1.791759469228055
iq,2006,20,2006-05-21,0.3392857,0.3482857,0.3158286,0.3745714,1.52,296.054285714,296.914285714,290.088571429,305.6,287.2,0.1,72.0342857143,1.52,12.1114285714,12.3714285714,25.2,11.7,31.7,19.4,2.0,7,16.9771428571,17.9628571429,16.5585714286,18.0828571429,295.452857143,296.384285714,295.051428571,296.457142857,96.0985714286,93.6357142857,90.8642857143,92.1114285714,297.557142857,299.021428571,297.707142857,299.178571429,24.3,27.85,27.0,27.4,0.2866571,0.1516,0.2055714,0.3309,0.1871571,0.0846,0.23605,0.2654714,0.2665143,0.1763143,0.1919143,0.3195571,0.2874571,0.1137286,0.1393714,0.2849429,127.24,65.07,74.93,69.6,15.683809523799999,15.9025,297.8309523806667,297.79999999975,25.78333333333333,26.0875,87.2561904762,88.158214285725,0.2591809333333333,0.24577854999999998,0.2066809333333334,0.21402320000000002,0.2528857333333333,0.23764287499999998,0.25858569999999986,0.228782125,64.61000000000001,67.19000000000001,0.6631226582407952,-0.7485107481711012,2.0794415416798357
iq,2006,21,2006-05-28,0.2065143,0.1171429,0.1692714,0.1700714,91.4,297.992857143,299.114285714,293.777142857,307.7,288.8,12.47,80.3857142857,91.4,15.46,10.8857142857,27.4666666667,10.4333333333,34.0,21.7,83.0,6,12.1114285714,16.9771428571,17.9628571429,16.5585714286,290.088571429,295.452857143,296.384285714,295.051428571,72.0342857143,96.0985714286,93.6357142857,90.8642857143,296.914285714,297.557142857,299.021428571,297.707142857,25.2,24.3,27.85,27.0,0.3392857,0.2866571,0.1516,0.2055714,0.3482857,0.1871571,0.0846,0.23605,0.3158286,0.2665143,0.1763143,0.1919143,0.3745714,0.2874571,0.1137286,0.1393714,1.52,127.24,65.07,74.93,14.849523809499999,15.627857142849999,297.86190476166666,298.15178571399997,25.655555555566668,26.204166666675,82.83952380953333,85.53857142857501,0.2774857,0.246014275,0.21752856666666673,0.184296425,0.25053809999999993,0.23198214999999994,0.2773666333333333,0.236457125,73.38666666666667,71.3075,0.5680647467311558,-0.8229838658936564,1.9459101490553132
iq,2006,22,2006-06-04,0.09837143,0.1010667,0.1863143,0.09775,79.48,295.987142857,297.171428571,294.557142857,304.1,291.3,44.65,92.5057142857,79.48,16.0257142857,6.88571428571,25.6,8.93333333333,31.9,19.3,150.2,5,15.46,12.1114285714,16.9771428571,17.9628571429,293.777142857,290.088571429,295.452857143,296.384285714,80.3857142857,72.0342857143,96.0985714286,93.6357142857,299.114285714,296.914285714,297.557142857,299.021428571,27.4666666667,25.2,24.3,27.85,0.2065143,0.3392857,0.2866571,0.1516,0.1171429,0.3482857,0.1871571,0.0846,0.1692714,0.3158286,0.2665143,0.1763143,0.1700714,0.3745714,0.2874571,0.1137286,91.4,1.52,127.24,65.07,14.532380952366667,15.14357142855,297.733333333,297.689285714,26.0888888889,25.641666666675,81.6419047619,85.256071428575,0.21472381,0.2327071325,0.1888317666666667,0.1884131,0.22380476666666663,0.23448214999999992,0.21413093333333325,0.232462475,57.466666666666676,74.91,0.46472317204376906,-0.8854560256532096,1.791759469228055
iq,2006,23,2006-06-11,0.3404429,0.1908571,0.3513429,0.2586143,130.66,297.044285714,298.564285714,295.695714286,307.2,292.3,37.6,93.4757142857,130.66,17.1957142857,8.9,26.2,8.6,33.0,21.5,105.2,3,16.0257142857,15.46,12.1114285714,16.9771428571,294.557142857,293.777142857,290.088571429,295.452857143,92.5057142857,80.3857142857,72.0342857143,96.0985714286,297.171428571,299.114285714,296.914285714,297.557142857,25.6,27.4666666667,25.2,24.3,0.09837143,0.2065143,0.3392857,0.2866571,0.1010667,0.1171429,0.3482857,0.1871571,0.1863143,0.1692714,0.3158286,0.2665143,0.09775,0.1700714,0.3745714,0.2874571,79.48,91.4,1.52,127.24,16.227142857133334,15.1982142857,298.28333333300003,297.94107142825,26.422222222233334,26.116666666675,88.78904761903334,84.60035714285,0.21510954333333332,0.24615358250000002,0.13635556666666673,0.1893381,0.23564286666666664,0.2556892999999999,0.17547856666666659,0.22525177500000002,100.51333333333336,75.765,0.35460488704253584,-0.9350162426854147,1.3862943611198906
iq,2006,24,2006-06-18,0.1732714,0.185,0.1369286,0.1680429,84.99,297.427142857,298.135714286,294.75,307.2,290.3,21.5,87.2142857143,84.99,16.2585714286,10.0714285714,28.1,12.7,34.4,21.4,79.5,1,17.1957142857,16.0257142857,15.46,12.1114285714,295.695714286,294.557142857,293.777142857,290.088571429,93.4757142857,92.5057142857,80.3857142857,72.0342857143,298.564285714,297.171428571,299.114285714,296.914285714,26.2,25.6,27.4666666667,25.2,0.3404429,0.09837143,0.2065143,0.3392857,0.1908571,0.1010667,0.1171429,0.3482857,0.3513429,0.1863143,0.1692714,0.3158286,0.2586143,0.09775,0.1700714,0.3745714,130.66,79.48,91.4,1.52,16.493333333333336,16.235,297.957142857,298.24642857125,26.633333333333336,26.841666666675,91.06523809523333,88.39535714285,0.20402857666666663,0.2046500075,0.15897460000000008,0.14851667500000004,0.22486193333333335,0.21096429999999994,0.1748023999999999,0.17361965000000001,98.37666666666668,96.63250000000001,0.23931566428755768,-0.970941817426052,0.6931471805599453
iq,2006,25,2006-06-25,0.22138,0.22336,0.3714167,0.22146,71.69,296.724285714,297.978571429,294.275714286,306.3,289.5,27.29,88.4714285714,71.69,15.8014285714,10.7857142857,26.6,10.35,32.5,20.4,74.9,0,16.2585714286,17.1957142857,16.0257142857,15.46,294.75,295.695714286,294.557142857,293.777142857,87.2142857143,93.4757142857,92.5057142857,80.3857142857,298.135714286,298.564285714,297.171428571,299.114285714,28.1,26.2,25.6,27.4666666667,0.1732714,0.3404429,0.09837143,0.2065143,0.185,0.1908571,0.1010667,0.1171429,0.1369286,0.3513429,0.1863143,0.1692714,0.1680429,0.2586143,0.09775,0.1700714,84.99,130.66,79.48,91.4,16.41857142856667,16.32035714285,298.22619047633333,297.9625,26.96666666666667,26.625,89.72047619046667,90.416785714275,0.24503143333333333,0.20836643249999998,0.1997390333333334,0.17507095000000003,0.2865627333333333,0.26150062499999993,0.21603906666666658,0.18646680000000002,95.78000000000002,91.705,0.12053668025532308,-0.992708874098054,0.0
iq,2006,26,2006-07-02,0.3118571,0.2039333,0.3360286,0.3046286,17.21,296.851428571,297.614285714,293.517142857,307.2,289.2,9.16,83.4671428571,17.21,15.02,10.7428571429,27.2,10.3,33.4,19.8,21.9,1,15.8014285714,16.2585714286,17.1957142857,16.0257142857,294.275714286,294.75,295.695714286,294.557142857,88.4714285714,87.2142857143,93.4757142857,92.5057142857,297.978571429,298.135714286,298.564285714,297.171428571,26.6,28.1,26.2,25.6,0.22138,0.1732714,0.3404429,0.09837143,0.22336,0.185,0.1908571,0.1010667,0.3714167,0.1369286,0.3513429,0.1863143,0.22146,0.1680429,0.2586143,0.09775,71.69,84.99,130.66,79.48,15.693333333333333,16.068928571425,297.90952380966667,298.07321428575,27.3,27.025000000000002,86.38428571426665,88.157142857125,0.23550283333333333,0.26173785,0.20409776666666676,0.20078760000000004,0.2814579666666666,0.29892919999999995,0.23137716666666655,0.23818645000000002,57.963333333333345,76.1375,-3.216245299353273e-16,-1.0,0.6931471805599453
iq,2006,27,2006-07-09,0.3201714,0.2081,0.2921143,0.2326857,20.72,296.448571429,297.914285714,294.592857143,304.8,292.6,13.62,90.4328571429,20.72,16.0057142857,7.97142857143,26.7,9.4,33.0,21.7,110.6,2,15.02,15.8014285714,16.2585714286,17.1957142857,293.517142857,294.275714286,294.75,295.695714286,83.4671428571,88.4714285714,87.2142857143,93.4757142857,297.614285714,297.978571429,298.135714286,298.564285714,27.2,26.6,28.1,26.2,0.3118571,0.22138,0.1732714,0.3404429,0.2039333,0.22336,0.185,0.1908571,0.3360286,0.3714167,0.1369286,0.3513429,0.3046286,0.22146,0.1680429,0.2586143,17.21,71.69,84.99,130.66,15.609047619033333,15.771428571425,297.83571428566665,297.91071428575003,26.833333333333332,27.150000000000002,87.45714285713332,87.39642857142499,0.2844695,0.256669975,0.21179776666666675,0.20509832500000005,0.33318653333333326,0.28412204999999996,0.2529247666666666,0.2317043,36.54000000000002,48.652499999999996,-0.12053668025532283,-0.992708874098054,1.0986122886681096
iq,2006,28,2006-07-16,0.3499857,0.2920429,0.2884571,0.2949167,1.17,297.621428571,298.857142857,292.832857143,306.7,292.1,1.8,77.2714285714,1.17,14.4171428571,11.4285714286,26.25,10.4,33.1,20.6,0.5,3,16.0057142857,15.02,15.8014285714,16.2585714286,294.592857143,293.517142857,294.275714286,294.75,90.4328571429,83.4671428571,88.4714285714,87.2142857143,297.914285714,297.614285714,297.978571429,298.135714286,26.7,27.2,26.6,28.1,0.3201714,0.3118571,0.22138,0.1732714,0.2081,0.2039333,0.22336,0.185,0.2921143,0.3360286,0.3714167,0.1369286,0.2326857,0.3046286,0.22146,0.1680429,20.72,17.21,71.69,84.99,15.147619047599997,15.311071428550001,298.1285714283334,298.0910714285,26.716666666666665,26.6875,83.7238095238,84.9107142857,0.32733806666666665,0.30084855,0.23469206666666675,0.23185905000000004,0.30553333333333327,0.32200417499999995,0.27741033333333326,0.26342275,13.033333333333353,27.697499999999998,-0.23931566428755743,-0.9709418174260521,1.3862943611198906
iq,2006,29,2006-07-23,0.3602857,0.341,0.3629571,0.3211286,54.72,297.397142857,299.085714286,294.258571429,307.3,291.8,40.0,85.14,54.72,15.7885714286,11.0,27.4,12.125,34.1,19.9,47.0,2,14.4171428571,16.0057142857,15.02,15.8014285714,292.832857143,294.592857143,293.517142857,294.275714286,77.2714285714,90.4328571429,83.4671428571,88.4714285714,298.857142857,297.914285714,297.614285714,297.978571429,26.25,26.7,27.2,26.6,0.3499857,0.3201714,0.3118571,0.22138,0.2920429,0.2081,0.2039333,0.22336,0.2884571,0.2921143,0.3360286,0.3714167,0.2949167,0.2326857,0.3046286,0.22146,1.17,20.72,17.21,71.69,15.4038095238,15.307857142849999,298.619047619,298.36785714275,26.78333333333333,26.8875,84.28142857143334,84.07785714285001,0.3434809333333333,0.335574975,0.2803809666666668,0.26126905000000006,0.31450949999999994,0.319889275,0.2829103333333332,0.2883399,25.536666666666687,23.455,-0.3546048870425356,-0.9350162426854148,1.0986122886681096
iq,2006,30,2006-07-30,0.3186857,0.3523429,0.3766429,0.2859,28.66,297.504285714,298.742857143,293.26,307.7,289.7,15.4,79.7428571429,28.66,14.88,11.7142857143,26.6,11.04,32.6,18.5,11.4,2,15.7885714286,14.4171428571,16.0057142857,15.02,294.258571429,292.832857143,294.592857143,293.517142857,85.14,77.2714285714,90.4328571429,83.4671428571,299.085714286,298.857142857,297.914285714,297.614285714,27.4,26.25,26.7,27.2,0.3602857,0.3499857,0.3201714,0.3118571,0.341,0.2920429,0.2081,0.2039333,0.3629571,0.2884571,0.2921143,0.3360286,0.3211286,0.2949167,0.2326857,0.3046286,54.72,1.17,20.72,17.21,15.028571428566666,15.27285714285,298.8952380953333,298.65,26.75,26.7375,80.71809523809999,83.1467857143,0.3429857,0.337282125,0.3284619333333334,0.29837145000000004,0.3426856999999999,0.33004284999999994,0.3006484333333332,0.28365775,28.18333333333335,26.3175,-0.46472317204376806,-0.8854560256532101,1.0986122886681096
iq,2006,31,2006-08-06,0.2016857,0.1625571,0.2003286,0.2015571,44.96,297.51,299.342857143,295.2,308.4,292.7,38.07,88.7071428571,44.96,16.7071428571,11.2285714286,27.225,11.625,34.2,19.7,4.0,2,14.88,15.7885714286,14.4171428571,16.0057142857,293.26,294.258571429,292.832857143,294.592857143,79.7428571429,85.14,77.2714285714,90.4328571429,298.742857143,299.085714286,298.857142857,297.914285714,26.6,27.4,26.25,26.7,0.3186857,0.3602857,0.3499857,0.3201714,0.3523429,0.341,0.2920429,0.2081,0.3766429,0.3629571,0.2884571,0.2921143,0.2859,0.3211286,0.2949167,0.2326857,28.66,54.72,1.17,20.72,15.7919047619,15.4482142857,299.0571428573333,299.00714285724996,27.075,26.86875,84.52999999999999,82.71535714285,0.2935523666666667,0.3076607,0.2853000000000001,0.286985725,0.3133095333333333,0.30709642499999995,0.2695285666666665,0.2758756,42.78000000000002,32.3775,-0.5680647467311556,-0.8229838658936565,1.0986122886681096
iq,2006,32,2006-08-13,0.4397857,0.3675857,0.3333143,0.3809857,11.79,297.5,299.514285714,293.08,308.9,291.0,12.39,79.2428571429,11.79,14.6314285714,12.2285714286,27.6,12.2,33.9,19.4,26.6,2,16.7071428571,14.88,15.7885714286,14.4171428571,295.2,293.26,294.258571429,292.832857143,88.7071428571,79.7428571429,85.14,77.2714285714,299.342857143,298.742857143,299.085714286,298.857142857,27.225,26.6,27.4,26.25,0.2016857,0.3186857,0.3602857,0.3499857,0.1625571,0.3523429,0.341,0.2920429,0.2003286,0.3766429,0.3629571,0.2884571,0.2015571,0.2859,0.3211286,0.2949167,44.96,28.66,54.72,1.17,15.406190476166666,15.501785714274998,299.2,299.1714285715,27.14166666666667,27.20625,82.5642857143,83.20821428572499,0.32005236666666664,0.3301107,0.29416190000000014,0.30587142500000003,0.3034286,0.31831072499999996,0.2894809333333332,0.29739285,28.470000000000017,35.0325,-0.663122658240795,-0.7485107481711013,1.0986122886681096
iq,2006,33,2006-08-20,0.2908,0.238675,0.2856571,0.3337,47.74,298.648571429,300.635714286,295.545714286,307.9,294.6,22.19,84.62,47.74,17.0657142857,10.2714285714,27.6666666667,10.4333333333,33.3,20.9,75.5,2,14.6314285714,16.7071428571,14.88,15.7885714286,293.08,295.2,293.26,294.258571429,79.2428571429,88.7071428571,79.7428571429,85.14,299.514285714,299.342857143,298.742857143,299.085714286,27.6,27.225,26.6,27.4,0.4397857,0.2016857,0.3186857,0.3602857,0.3675857,0.1625571,0.3523429,0.341,0.3333143,0.2003286,0.3766429,0.3629571,0.3809857,0.2015571,0.2859,0.3211286,11.79,44.96,28.66,54.72,16.134761904733335,15.82107142855,299.830952381,299.5589285715,27.497222222233333,27.272916666675002,84.19,83.078214285725,0.31075713333333327,0.31273927500000004,0.25627260000000013,0.28029017500000003,0.27309999999999995,0.298985725,0.30541426666666655,0.3005357,34.83000000000002,33.287499999999994,-0.7485107481711011,-0.6631226582407952,1.0986122886681096
iq,2006,34,2006-08-27,0.2736429,0.2089429,0.2408857,0.2427571,68.6,298.735714286,299.735714286,295.144285714,308.7,292.5,23.6,83.0471428571,68.6,16.6914285714,11.2714285714,27.3,10.3,34.9,20.9,71.1,4,17.0657142857,14.6314285714,16.7071428571,14.88,295.545714286,293.08,295.2,293.26,84.62,79.2428571429,88.7071428571,79.7428571429,300.635714286,299.514285714,299.342857143,298.742857143,27.6666666667,27.6,27.225,26.6,0.2908,0.4397857,0.2016857,0.3186857,0.238675,0.3675857,0.1625571,0.3523429,0.2856571,0.3333143,0.2003286,0.3766429,0.3337,0.3809857,0.2015571,0.2859,47.74,11.79,44.96,28.66,16.1295238095,16.2739285714,299.96190476199996,299.80714285724997,27.522222222233335,27.447916666675,82.30333333333333,83.904285714275,0.3347428666666667,0.301478575,0.27173453333333336,0.24444017500000004,0.28661903333333333,0.265046425,0.3191475999999999,0.289749975,42.710000000000015,43.272499999999994,-0.8229838658936564,-0.5680647467311559,1.6094379124341003
iq,2006,35,2006-09-03,0.3097833,0.3501286,0.2846833,0.3948167,68.0,298.28,299.9,295.272857143,310.0,293.1,22.24,85.3728571429,68.0,16.7771428571,11.1714285714,26.5,10.0333333333,33.2,20.3,176.0,0,16.6914285714,17.0657142857,14.6314285714,16.7071428571,295.144285714,295.545714286,293.08,295.2,83.0471428571,84.62,79.2428571429,88.7071428571,299.735714286,300.635714286,299.514285714,299.342857143,27.3,27.6666666667,27.6,27.225,0.2736429,0.2908,0.4397857,0.2016857,0.2089429,0.238675,0.3675857,0.1625571,0.2408857,0.2856571,0.3333143,0.2003286,0.2427571,0.3337,0.3809857,0.2015571,68.6,47.74,11.79,44.96,16.844761904733332,16.2914285714,300.0904761906667,299.9464285715,27.155555555566664,27.266666666675,84.34666666666668,83.070714285725,0.29140873333333334,0.328502975,0.2659155,0.29133305,0.27040869999999995,0.2861351,0.3237579333333332,0.338064875,61.44666666666669,49.0325,-0.8854560256532096,-0.4647231720437691,0.0
iq,2006,36,2006-09-10,0.2277857,0.2833143,0.2443714,0.2834143,90.33,299.265714286,300.35,293.902857143,310.3,290.2,9.4,75.53,90.33,15.4571428571,13.7285714286,27.42,12.0,34.1,20.6,15.3,6,16.7771428571,16.6914285714,17.0657142857,14.6314285714,295.272857143,295.144285714,295.545714286,293.08,85.3728571429,83.0471428571,84.62,79.2428571429,299.9,299.735714286,300.635714286,299.514285714,26.5,27.3,27.6666666667,27.6,0.3097833,0.2736429,0.2908,0.4397857,0.3501286,0.2089429,0.238675,0.3675857,0.2846833,0.2408857,0.2856571,0.3333143,0.3948167,0.2427571,0.3337,0.3809857,68.0,68.6,47.74,11.79,16.308571428533334,16.497857142824998,299.9952380953334,300.155357143,27.073333333333334,27.221666666675,81.31666666666666,82.1425,0.2704039666666667,0.275502975,0.2807952666666667,0.2702652,0.25664679999999995,0.26389937499999994,0.30699603333333325,0.313672025,75.64333333333336,68.66749999999999,-0.9350162426854147,-0.3546048870425359,1.9459101490553132
iq,2006,37,2006-09-17,0.28004,0.2367167,0.2361833,0.25855,111.87,297.802857143,299.164285714,293.037142857,308.7,291.9,16.4,77.2542857143,111.87,14.6428571429,11.3285714286,28.35,11.85,35.0,17.8,0.5,3,15.4571428571,16.7771428571,16.6914285714,17.0657142857,293.902857143,295.272857143,295.144285714,295.545714286,75.53,85.3728571429,83.0471428571,84.62,300.35,299.9,299.735714286,300.635714286,27.42,26.5,27.3,27.6666666667,0.2277857,0.3097833,0.2736429,0.2908,0.2833143,0.3501286,0.2089429,0.238675,0.2443714,0.2846833,0.2408857,0.2856571,0.2834143,0.3948167,0.2427571,0.3337,90.33,68.0,68.6,47.74,15.625714285699999,15.892142857125,299.8047619046667,299.7875,27.423333333333336,27.392500000000002,79.38571428573333,80.301071428575,0.2725363333333333,0.272812975,0.29005320000000007,0.269775625,0.25507933333333327,0.25153092499999996,0.31226033333333325,0.294884525,90.06666666666668,84.69999999999999,-0.970941817426052,-0.23931566428755774,1.3862943611198906
iq,2006,38,2006-09-24,0.3807286,0.3783667,0.3023,0.3075714,82.2,299.34,300.857142857,294.35,311.2,291.5,35.7,77.5142857143,82.2,15.91,13.7428571429,27.9333333333,10.9333333333,34.8,21.4,93.9,2,14.6428571429,15.4571428571,16.7771428571,16.6914285714,293.037142857,293.902857143,295.272857143,295.144285714,77.2542857143,75.53,85.3728571429,83.0471428571,299.164285714,300.35,299.9,299.735714286,28.35,27.42,26.5,27.3,0.28004,0.2277857,0.3097833,0.2736429,0.2367167,0.2833143,0.3501286,0.2089429,0.2361833,0.2443714,0.2846833,0.2408857,0.25855,0.2834143,0.3948167,0.2427571,111.87,90.33,68.0,68.6,15.336666666666666,15.696785714274998,300.1238095236667,300.06785714275,27.901111111100004,27.550833333325002,76.7661904762,78.917857142875,0.29618476666666665,0.2995844,0.29946590000000006,0.31213157500000005,0.26095156666666663,0.26688449999999997,0.2831785666666666,0.3110881,94.80000000000003,88.10000000000001,-0.992708874098054,-0.12053668025532357,1.0986122886681096
iq,2006,39,2006-10-01,0.4655,0.2415429,0.4734,0.4934429,134.64,299.381428571,300.685714286,295.738571429,308.6,294.3,44.62,82.8457142857,134.64,17.2542857143,11.2857142857,28.5666666667,12.4,35.2,22.0,63.0,6,15.91,14.6428571429,15.4571428571,16.7771428571,294.35,293.037142857,293.902857143,295.272857143,77.5142857143,77.2542857143,75.53,85.3728571429,300.857142857,299.164285714,300.35,299.9,27.9333333333,28.35,27.42,26.5,0.3807286,0.28004,0.2277857,0.3097833,0.3783667,0.2367167,0.2833143,0.3501286,0.3023,0.2361833,0.2443714,0.2846833,0.3075714,0.25855,0.2834143,0.3948167,82.2,111.87,90.33,68.0,15.935714285733335,15.816071428575,300.2357142856667,300.26428571425004,28.283333333333335,28.067500000000003,79.20476190476667,78.286071428575,0.37542286666666663,0.338513575,0.2855421000000001,0.28498515,0.33729443333333325,0.31406367499999993,0.3531880999999999,0.33574465,109.57000000000001,104.76,-1.0,-1.8369701987210297e-16,1.9459101490553132
iq,2006,40,2006-10-08,0.35495,0.2479333,0.3508143,0.3139167,60.48,299.465714286,300.435714286,295.16,310.3,292.0,24.8,80.49,60.48,16.7385714286,12.7857142857,28.7,14.5,35.9,21.1,68.9,2,17.2542857143,15.91,14.6428571429,15.4571428571,295.738571429,294.35,293.037142857,293.902857143,82.8457142857,77.5142857143,77.2542857143,75.53,300.685714286,300.857142857,299.164285714,300.35,28.5666666667,27.9333333333,28.35,27.42,0.4655,0.3807286,0.28004,0.2277857,0.2415429,0.3783667,0.2367167,0.2833143,0.4734,0.3023,0.2361833,0.2443714,0.4934429,0.3075714,0.25855,0.2834143,134.64,82.2,111.87,90.33,16.634285714300002,16.13642857145,300.6595238096666,300.28571428575,28.399999999999995,28.387500000000003,80.28333333333333,79.526071428575,0.4003928666666667,0.37030465,0.28928096666666675,0.27613990000000005,0.37550476666666666,0.3406744,0.37164366666666654,0.34337025,92.44000000000001,97.29750000000001,-0.992708874098054,0.1205366802553232,1.0986122886681096
iq,2006,41,2006-10-15,0.1556167,0.19152,0.2151857,0.1546143,41.69,299.345714286,301.028571429,296.751428571,309.5,293.8,29.5,86.8528571429,41.69,18.4471428571,12.0571428571,28.06,10.1,33.7,22.1,162.6,7,16.7385714286,17.2542857143,15.91,14.6428571429,295.16,295.738571429,294.35,293.037142857,80.49,82.8457142857,77.5142857143,77.2542857143,300.435714286,300.685714286,300.857142857,299.164285714,28.7,28.5666666667,27.9333333333,28.35,0.35495,0.4655,0.3807286,0.28004,0.2479333,0.2415429,0.3783667,0.2367167,0.3508143,0.4734,0.3023,0.2361833,0.3139167,0.4934429,0.3075714,0.25855,60.48,134.64,82.2,111.87,17.48,17.0875,300.716666667,300.7517857145,28.44222222223333,28.314999999999998,83.3961904762,81.92571428572501,0.3253555666666667,0.339198825,0.2269987333333334,0.264840725,0.34646666666666665,0.3354249999999999,0.3206579666666665,0.31738632499999997,78.93666666666668,79.75250000000001,-0.9709418174260521,0.23931566428755738,2.0794415416798357
iq,2006,42,2006-10-22,0.3215,0.2769,0.2100857,0.3337571,103.77,299.648571429,301.014285714,297.764285714,308.1,295.7,55.5,90.3785714286,103.77,19.5957142857,8.57142857143,28.6,10.1,35.4,22.8,8.1,4,18.4471428571,16.7385714286,17.2542857143,15.91,296.751428571,295.16,295.738571429,294.35,86.8528571429,80.49,82.8457142857,77.5142857143,301.028571429,300.435714286,300.685714286,300.857142857,28.06,28.7,28.5666666667,27.9333333333,0.1556167,0.35495,0.4655,0.3807286,0.19152,0.2479333,0.2415429,0.3783667,0.2151857,0.3508143,0.4734,0.3023,0.1546143,0.3139167,0.4934429,0.3075714,41.69,60.48,134.64,82.2,18.26047619046667,18.008928571425002,300.8261904763333,300.79107142875,28.453333333333333,28.481666666675,85.90714285716668,85.1417857143,0.27735556666666666,0.324391675,0.2387844333333334,0.23947405000000005,0.2586952333333333,0.3123714249999999,0.26742936666666656,0.32393275,68.64666666666669,85.145,-0.9350162426854148,0.35460488704253557,1.6094379124341003
iq,2006,43,2006-10-29,0.4882286,0.3681429,0.4377429,0.3788286,55.94,298.794285714,300.414285714,296.661428571,308.3,294.0,54.8,89.7,55.94,18.3114285714,9.34285714286,27.56,10.42,33.8,19.8,143.3,6,19.5957142857,18.4471428571,16.7385714286,17.2542857143,297.764285714,296.751428571,295.16,295.738571429,90.3785714286,86.8528571429,80.49,82.8457142857,301.014285714,301.028571429,300.435714286,300.685714286,28.6,28.06,28.7,28.5666666667,0.3215,0.1556167,0.35495,0.4655,0.2769,0.19152,0.2479333,0.2415429,0.2100857,0.2151857,0.3508143,0.4734,0.3337571,0.1546143,0.3139167,0.4934429,103.77,41.69,60.48,134.64,18.784761904733333,18.2732142857,300.819047619,300.72321428575,28.073333333333334,28.229999999999997,88.97714285716667,86.855357142875,0.3217817666666667,0.330073825,0.27885430000000005,0.27112405000000006,0.2876714333333333,0.30345714999999995,0.2890666666666666,0.295279175,67.13333333333335,65.47,-0.8854560256532101,0.464723172043768,1.9459101490553132
iq,2006,44,2006-11-05,0.3603286,0.2740143,0.3477143,0.3247857,67.5,300.467142857,301.878571429,296.882857143,309.8,295.1,42.73,82.9342857143,67.5,18.63,11.6142857143,28.8333333333,11.2666666667,35.7,22.0,14.0,6,18.3114285714,19.5957142857,18.4471428571,16.7385714286,296.661428571,297.764285714,296.751428571,295.16,89.7,90.3785714286,86.8528571429,80.49,300.414285714,301.014285714,301.028571429,300.435714286,27.56,28.6,28.06,28.7,0.4882286,0.3215,0.1556167,0.35495,0.3681429,0.2769,0.19152,0.2479333,0.4377429,0.2100857,0.2151857,0.3508143,0.3788286,0.3337571,0.1546143,0.3139167,55.94,103.77,41.69,60.48,18.8457142857,18.746071428550003,301.1023809523333,301.0839285715,28.3311111111,28.263333333325,87.67095238096665,87.46642857145,0.3900190666666667,0.331418475,0.3063524,0.2776443,0.3318476333333333,0.3026821499999999,0.3457904666666665,0.297996425,75.7366666666667,67.225,-0.822983865893657,0.5680647467311548,1.9459101490553132
iq,2006,45,2006-11-12,0.2951286,0.2463857,0.3020714,0.277,80.25,299.432857143,300.914285714,297.852857143,307.8,295.3,68.0,92.0885714286,80.25,19.7314285714,8.2,28.25,9.55,33.9,22.4,108.7,2,18.63,18.3114285714,19.5957142857,18.4471428571,296.882857143,296.661428571,297.764285714,296.751428571,82.9342857143,89.7,90.3785714286,86.8528571429,301.878571429,300.414285714,301.014285714,301.028571429,28.8333333333,27.56,28.6,28.06,0.3603286,0.4882286,0.3215,0.1556167,0.2740143,0.3681429,0.2769,0.19152,0.3477143,0.4377429,0.2100857,0.2151857,0.3247857,0.3788286,0.3337571,0.1546143,67.5,55.94,103.77,41.69,18.890952380933335,19.067142857125,301.069047619,301.05535714275,28.214444444433337,28.310833333325,88.24095238096668,88.775357142875,0.38122860000000003,0.36629645,0.2961809666666667,0.29136072500000004,0.36250953333333324,0.32440357499999994,0.32687143333333324,0.32859285,67.89666666666669,76.86500000000001,-0.7485107481711011,0.6631226582407952,1.0986122886681096
iq,2006,46,2006-11-19,0.3191429,0.1862857,0.2737,0.2470286,86.65,297.295714286,298.435714286,296.201428571,304.5,293.5,87.2,94.44,86.65,17.7914285714,7.35714285714,27.6,10.1666666667,33.2,21.8,85.6,13,19.7314285714,18.63,18.3114285714,19.5957142857,297.852857143,296.882857143,296.661428571,297.764285714,92.0885714286,82.9342857143,89.7,90.3785714286,300.914285714,301.878571429,300.414285714,301.014285714,28.25,28.8333333333,27.56,28.6,0.2951286,0.3603286,0.4882286,0.3215,0.2463857,0.2740143,0.3681429,0.2769,0.3020714,0.3477143,0.4377429,0.2100857,0.277,0.3247857,0.3788286,0.3337571,80.25,67.5,55.94,103.77,18.7176190476,18.61607142855,300.4095238096667,300.41071428575003,28.227777777766665,28.060833333325,89.82095238096667,89.790714285725,0.3248667,0.365707175,0.23556190000000007,0.26870715000000006,0.30782856666666664,0.3403071499999999,0.2829380999999999,0.306910725,78.13333333333335,72.58500000000001,-0.6631226582407955,0.7485107481711007,2.639057329615259
iq,2006,47,2006-11-26,0.3405571,0.2662571,0.3427286,0.3283857,43.59,298.098571429,299.557142857,296.961428571,307.3,294.7,61.43,94.3028571429,43.59,18.6385714286,7.37142857143,27.0,9.0,32.3,22.5,205.3,10,17.7914285714,19.7314285714,18.63,18.3114285714,296.201428571,297.852857143,296.882857143,296.661428571,94.44,92.0885714286,82.9342857143,89.7,298.435714286,300.914285714,301.878571429,300.414285714,27.6,28.25,28.8333333333,27.56,0.3191429,0.2951286,0.3603286,0.4882286,0.1862857,0.2463857,0.2740143,0.3681429,0.2737,0.3020714,0.3477143,0.4377429,0.2470286,0.277,0.3247857,0.3788286,86.65,80.25,67.5,55.94,18.720476190466666,18.69785714285,299.63571428566667,300.1964285715,27.616666666666664,27.920833333325,93.6104761905,90.94142857145,0.31827620000000006,0.3287893,0.23297616666666673,0.24323570000000003,0.3061666666666666,0.3165535749999999,0.2841380999999999,0.2943,70.16333333333336,69.4975,-0.5680647467311559,0.8229838658936564,2.3978952727983707
iq,2006,48,2006-12-03,0.1504714,0.1515714,0.1926,0.1557286,75.33,299.197142857,300.935714286,296.988571429,309.1,294.0,61.28,89.55,75.33,18.7442857143,10.7571428571,27.9,9.03333333333,34.9,22.9,115.1,5,18.6385714286,17.7914285714,19.7314285714,18.63,296.961428571,296.201428571,297.852857143,296.882857143,94.3028571429,94.44,92.0885714286,82.9342857143,299.557142857,298.435714286,300.914285714,301.878571429,27.0,27.6,28.25,28.8333333333,0.3405571,0.3191429,0.2951286,0.3603286,0.2662571,0.1862857,0.2463857,0.2740143,0.3427286,0.2737,0.3020714,0.3477143,0.3283857,0.2470286,0.277,0.3247857,43.59,86.65,80.25,67.5,18.391428571433334,18.726428571425,299.642857143,299.96071428575,27.5,27.6875,92.7642857143,92.595357142875,0.2700571333333333,0.27632500000000004,0.20137140000000006,0.21262497500000002,0.2696762,0.27777499999999994,0.24371429999999986,0.252035725,68.52333333333335,71.455,-0.4647231720437684,0.88545602565321,1.791759469228055
iq,2006,49,2006-12-10,0.4470833,0.3015143,0.3405714,0.4276,99.89,298.202857143,299.2,297.608571429,304.6,294.6,95.02,96.7957142857,99.89,19.4257142857,6.91428571429,28.4,8.8,33.7,23.2,10.9,2,18.7442857143,18.6385714286,17.7914285714,19.7314285714,296.988571429,296.961428571,296.201428571,297.852857143,89.55,94.3028571429,94.44,92.0885714286,300.935714286,299.557142857,298.435714286,300.914285714,27.9,27.0,27.6,28.25,0.1504714,0.3405571,0.3191429,0.2951286,0.1515714,0.2662571,0.1862857,0.2463857,0.1926,0.3427286,0.2737,0.3020714,0.1557286,0.3283857,0.2470286,0.277,75.33,43.59,86.65,80.25,18.9361904762,18.65,299.8976190476667,299.53214285725,27.766666666666666,27.725,93.54952380953334,93.77214285715,0.31270393333333335,0.314313675,0.2397809333333334,0.22640712500000004,0.29196666666666665,0.28739999999999993,0.30390476666666655,0.289685725,72.93666666666668,76.36500000000001,-0.35460488704253595,0.9350162426854147,1.0986122886681096
iq,2006,50,2006-12-17,0.3785,0.3020333,0.3492286,0.4147857,157.75,298.158571429,299.071428571,297.351428571,304.4,294.2,63.0,95.8757142857,157.75,19.1114285714,6.4,27.8,8.516666666666667,33.8,23.35,51.733333333333334,0,19.4257142857,18.7442857143,18.6385714286,17.7914285714,297.608571429,296.988571429,296.961428571,296.201428571,96.7957142857,89.55,94.3028571429,94.44,299.2,300.935714286,299.557142857,298.435714286,28.4,27.9,27.0,27.6,0.4470833,0.1504714,0.3405571,0.3191429,0.3015143,0.1515714,0.2662571,0.1862857,0.3405714,0.1926,0.3427286,0.2737,0.4276,0.1557286,0.3283857,0.2470286,99.89,75.33,43.59,86.65,19.0938095238,18.98,299.7357142856667,299.6910714285,28.03333333333333,27.775,94.0738095238,94.131071428575,0.3253515666666667,0.32915295,0.25170633333333337,0.25534402500000003,0.2941333333333333,0.3062821499999999,0.33270476666666654,0.331625,110.99000000000001,94.14,-0.2393156642875578,0.970941817426052,0.0
iq,2006,51,2006-12-24,0.32782,0.26192,0.3814667,0.35295,111.48,297.68,298.985714286,296.725714286,306.7,294.3,80.2,95.0785714286,111.48,18.3585714286,6.54285714286,27.2,8.233333333333334,32.9,23.5,92.56666666666668,1,19.1114285714,19.4257142857,18.7442857143,18.6385714286,297.351428571,297.608571429,296.988571429,296.961428571,95.8757142857,96.7957142857,89.55,94.3028571429,299.071428571,299.2,300.935714286,299.557142857,27.8,28.4,27.9,27.0,0.3785,0.4470833,0.1504714,0.3405571,0.3020333,0.3015143,0.1515714,0.2662571,0.3492286,0.3405714,0.1926,0.3427286,0.4147857,0.4276,0.1557286,0.3283857,157.75,99.89,75.33,43.59,18.965238095233335,18.91,299.08571428566665,299.54821428575,27.799999999999997,27.825,95.91666666666667,94.325,0.3844677666666667,0.325968675,0.28848920000000006,0.25425975,0.35708889999999993,0.3159666749999999,0.3984452333333332,0.337766075,123.04000000000002,111.11250000000001,-0.12053668025532363,0.992708874098054,0.6931471805599453
iq,2007,1,2007-01-01,0.2201167,0.1589571,0.1905714,0.1324,79.94,297.288571429,298.207142857,296.517142857,306.3,293.2,88.9,95.9271428571,79.94,18.1442857143,7.41428571429,26.6,7.95,31.9,21.5,133.4,0,18.3585714286,19.1114285714,19.4257142857,18.7442857143,296.725714286,297.351428571,297.608571429,296.988571429,95.0785714286,95.8757142857,96.7957142857,89.55,298.985714286,299.071428571,299.2,300.935714286,27.2,27.8,28.4,27.9,0.32782,0.3785,0.4470833,0.1504714,0.26192,0.3020333,0.3015143,0.1515714,0.3814667,0.3492286,0.3405714,0.1926,0.35295,0.4147857,0.4276,0.1557286,111.48,157.75,99.89,75.33,18.538095238100002,18.76,298.7547619046666,298.8660714285,27.200000000000003,27.5,95.62714285713332,95.91928571427499,0.30881223333333335,0.34338,0.24097013333333336,0.25610617500000005,0.30708889999999994,0.31545952499999996,0.3000452333333332,0.33193392499999996,116.39,112.265,0.12053668025532305,0.992708874098054,0.0
iq,2007,2,2007-01-08,0.1732857,0.2069333,0.1343,0.2379571,37.06,297.104285714,298.578571429,296.388571429,304.6,294.6,144.59,96.2385714286,37.06,17.9628571429,6.72857142857,26.825,7.725,31.7,22.9,61.5,14,18.1442857143,18.3585714286,19.1114285714,19.4257142857,296.517142857,296.725714286,297.351428571,297.608571429,95.9271428571,95.0785714286,95.8757142857,96.7957142857,298.207142857,298.985714286,299.071428571,299.2,26.6,27.2,27.8,28.4,0.2201167,0.32782,0.3785,0.4470833,0.1589571,0.26192,0.3020333,0.3015143,0.1905714,0.3814667,0.3492286,0.3405714,0.1324,0.35295,0.4147857,0.4276,79.94,111.48,157.75,99.89,18.155238095266668,18.3942857143,298.5904761906667,298.71071428575,26.875,27.10625,95.74809523809999,95.78,0.24040746666666665,0.2749306,0.20927013333333336,0.232460925,0.23544603333333328,0.26389167499999994,0.24110236666666654,0.2845232,76.16000000000003,96.5575,0.23931566428755774,0.970941817426052,2.70805020110221
iq,2007,3,2007-01-15,0.2719,0.2938,0.2094143,0.2523,126.89,297.387142857,298.435714286,296.388571429,305.5,293.3,52.2,94.6471428571,126.89,17.9757142857,7.04285714286,27.775,9.55,33.4,22.2,178.0,6,17.9628571429,18.1442857143,18.3585714286,19.1114285714,296.388571429,296.517142857,296.725714286,297.351428571,96.2385714286,95.9271428571,95.0785714286,95.8757142857,298.578571429,298.207142857,298.985714286,299.071428571,26.825,26.6,27.2,27.8,0.1732857,0.2201167,0.32782,0.3785,0.2069333,0.1589571,0.26192,0.3020333,0.1343,0.1905714,0.3814667,0.3492286,0.2379571,0.1324,0.35295,0.4147857,37.06,79.94,111.48,157.75,18.027619047633337,18.110357142875003,298.4071428573333,298.5517857145,27.066666666666663,27.1,95.60428571426667,95.47285714284999,0.22176746666666666,0.24828059999999996,0.21989680000000003,0.2304026,0.1780952333333333,0.22893809999999995,0.20755236666666654,0.243901775,81.29666666666668,88.8425,0.3546048870425356,0.9350162426854148,1.9459101490553132
iq,2007,4,2007-01-22,0.1936714,0.1394714,0.2619,0.3068571,95.47,297.614285714,298.45,297.025714286,303.7,294.9,180.99,96.9971428571,95.47,18.6885714286,5.52857142857,27.7,9.12,33.6,22.0,149.9,10,17.9757142857,17.9628571429,18.1442857143,18.3585714286,296.388571429,296.388571429,296.517142857,296.725714286,94.6471428571,96.2385714286,95.9271428571,95.0785714286,298.435714286,298.578571429,298.207142857,298.985714286,27.775,26.825,26.6,27.2,0.2719,0.1732857,0.2201167,0.32782,0.2938,0.2069333,0.1589571,0.26192,0.2094143,0.1343,0.1905714,0.3814667,0.2523,0.2379571,0.1324,0.35295,126.89,37.06,79.94,111.48,18.209047619066666,18.192857142875,298.4880952383333,298.417857143,27.433333333333334,27.224999999999998,95.96095238093334,95.95249999997499,0.21295236666666664,0.21474344999999997,0.21340156666666668,0.19979045000000004,0.20187143333333327,0.19904642499999997,0.2657047333333333,0.23237855000000002,86.47333333333336,84.84,0.4647231720437685,0.8854560256532099,2.3978952727983707
iq,2007,5,2007-01-29,0.1744143,0.1805,0.1590714,0.2003143,83.7,298.144285714,299.614285714,296.774285714,307.8,294.3,65.1,93.1357142857,83.7,18.4142857143,9.0,27.725,10.3,35.0,22.3,60.3,5,18.6885714286,17.9757142857,17.9628571429,18.1442857143,297.025714286,296.388571429,296.388571429,296.517142857,96.9971428571,94.6471428571,96.2385714286,95.9271428571,298.45,298.435714286,298.578571429,298.207142857,27.7,27.775,26.825,26.6,0.1936714,0.2719,0.1732857,0.2201167,0.1394714,0.2938,0.2069333,0.1589571,0.2619,0.2094143,0.1343,0.1905714,0.3068571,0.2523,0.2379571,0.1324,95.47,126.89,37.06,79.94,18.359523809533332,18.260357142875,298.8333333333333,298.76964285725,27.733333333333334,27.50625,94.92666666663332,95.254642857125,0.21332856666666666,0.20331785,0.2045904666666667,0.20517617500000004,0.21012856666666666,0.19117142499999995,0.25315713333333323,0.249357125,102.02000000000002,85.78,0.5680647467311558,0.8229838658936564,1.791759469228055
iq,2007,6,2007-02-05,0.3175,0.4014857,0.3285429,0.4429286,61.8,298.33,299.685714286,295.77,309.7,293.4,11.7,87.53,61.8,17.3228571429,10.7142857143,28.6,10.9,35.4,22.4,9.9,12,18.4142857143,18.6885714286,17.9757142857,17.9628571429,296.774285714,297.025714286,296.388571429,296.388571429,93.1357142857,96.9971428571,94.6471428571,96.2385714286,299.614285714,298.45,298.435714286,298.578571429,27.725,27.7,27.775,26.825,0.1744143,0.1936714,0.2719,0.1732857,0.1805,0.1394714,0.2938,0.2069333,0.1590714,0.2619,0.2094143,0.1343,0.2003143,0.3068571,0.2523,0.2379571,83.7,95.47,126.89,37.06,18.141904761933333,18.100357142874998,299.25,299.0464285715,28.008333333333336,27.95,92.55428571426667,93.077499999975,0.22852856666666668,0.239371425,0.24048570000000002,0.25381427500000003,0.24983809999999995,0.23973214999999998,0.31669999999999987,0.3006,80.32333333333337,91.965,0.6631226582407952,0.7485107481711011,2.5649493574615367
iq,2007,7,2007-02-12,0.2858,0.2957,0.2570286,0.3195714,14.19,299.171428571,300.285714286,294.15,308.7,291.4,2.1,75.8042857143,14.19,15.6857142857,11.2285714286,28.85,13.0333333333,36.7,21.4,61.3,9,17.3228571429,18.4142857143,18.6885714286,17.9757142857,295.77,296.774285714,297.025714286,296.388571429,87.53,93.1357142857,96.9971428571,94.6471428571,299.685714286,299.614285714,298.45,298.435714286,28.6,27.725,27.7,27.775,0.3175,0.1744143,0.1936714,0.2719,0.4014857,0.1805,0.1394714,0.2938,0.3285429,0.1590714,0.2619,0.2094143,0.4429286,0.2003143,0.3068571,0.2523,61.8,83.7,95.47,126.89,17.140952380966667,17.527857142875,299.861904762,299.5089285715,28.391666666666666,28.218750000000004,85.49,88.36678571427501,0.25923809999999997,0.24284642500000003,0.2925619,0.25428927500000004,0.24821429999999997,0.251635725,0.32093809999999995,0.31741785,53.23000000000002,63.79,0.7485107481711011,0.6631226582407953,2.302585092994046
iq,2007,8,2007-02-19,0.2570143,0.1182333,0.1790857,0.2372286,25.7,300.565714286,302.178571429,294.165714286,310.2,294.4,11.55,72.4457142857,25.7,15.9185714286,13.1857142857,28.74,13.36,36.2,21.2,0.0,5,15.6857142857,17.3228571429,18.4142857143,18.6885714286,294.15,295.77,296.774285714,297.025714286,75.8042857143,87.53,93.1357142857,96.9971428571,300.285714286,299.685714286,299.614285714,298.45,28.85,28.6,27.725,27.7,0.2858,0.3175,0.1744143,0.1936714,0.2957,0.4014857,0.1805,0.1394714,0.2570286,0.3285429,0.1590714,0.2619,0.3195714,0.4429286,0.2003143,0.3068571,14.19,61.8,83.7,95.47,16.309047619066668,16.835357142875,300.71666666699997,300.44107142875,28.73,28.47875,78.59333333333335,82.228928571425,0.2867714333333333,0.25868215,0.27180633333333337,0.24897975000000003,0.25488573333333325,0.23093214999999995,0.3332428666666665,0.30001072500000003,33.89666666666668,46.3475,0.8229838658936564,0.5680647467311559,1.791759469228055
iq,2007,9,2007-02-26,0.1735,0.1996333,0.1745,0.1659167,55.56,299.058571429,300.635714286,294.29,309.2,291.5,35.33,78.5857142857,55.56,16.02,11.5571428571,28.56,13.34,35.8,20.4,28.0,11,15.9185714286,15.6857142857,17.3228571429,18.4142857143,294.165714286,294.15,295.77,296.774285714,72.4457142857,75.8042857143,87.53,93.1357142857,302.178571429,300.285714286,299.685714286,299.614285714,28.74,28.85,28.6,27.725,0.2570143,0.2858,0.3175,0.1744143,0.1182333,0.2957,0.4014857,0.1805,0.1790857,0.2570286,0.3285429,0.1590714,0.2372286,0.3195714,0.4429286,0.2003143,25.7,14.19,61.8,83.7,15.874761904766666,16.236785714299998,301.0333333336667,300.69642857174995,28.716666666666665,28.6875,75.61190476189999,78.591428571425,0.2387714333333333,0.258453575,0.20452220000000007,0.253763075,0.20353809999999992,0.23478929999999995,0.24090556666666654,0.291411325,31.816666666666688,39.3125,0.8854560256532099,0.4647231720437686,2.4849066497880004
iq,2007,10,2007-03-05,0.216,0.2136,0.1889143,0.2275286,117.07,297.45,298.714285714,296.317142857,305.8,293.4,227.25,94.3485714286,117.07,17.9114285714,7.37142857143,27.3,9.9,33.0,21.9,205.3,2,16.02,15.9185714286,15.6857142857,17.3228571429,294.29,294.165714286,294.15,295.77,78.5857142857,72.4457142857,75.8042857143,87.53,300.635714286,302.178571429,300.285714286,299.685714286,28.56,28.74,28.85,28.6,0.1735,0.2570143,0.2858,0.3175,0.1996333,0.1182333,0.2957,0.4014857,0.1745,0.1790857,0.2570286,0.3285429,0.1659167,0.2372286,0.3195714,0.4429286,55.56,25.7,14.19,61.8,16.616666666666664,16.383928571425,300.5095238096667,300.45357142875,28.2,28.3625,81.79333333333334,80.296071428575,0.21550476666666665,0.23307857499999998,0.17715553333333336,0.20679165000000005,0.18083333333333326,0.19988214999999993,0.21022463333333322,0.237561325,66.11000000000001,53.129999999999995,0.9350162426854148,0.35460488704253557,1.0986122886681096
iq,2007,11,2007-03-12,0.3033167,0.2850333,0.2571429,0.2926143,55.47,296.951428571,298.1,296.301428571,303.8,293.8,51.3,96.5228571429,55.47,17.8814285714,6.11428571429,28.0,10.1,33.1,21.7,138.0,6,17.9114285714,16.02,15.9185714286,15.6857142857,296.317142857,294.29,294.165714286,294.15,94.3485714286,78.5857142857,72.4457142857,75.8042857143,298.714285714,300.635714286,302.178571429,300.285714286,27.3,28.56,28.74,28.85,0.216,0.1735,0.2570143,0.2858,0.2136,0.1996333,0.1182333,0.2957,0.1889143,0.1745,0.1790857,0.2570286,0.2275286,0.1659167,0.2372286,0.3195714,117.07,55.56,25.7,14.19,17.270952380933334,16.93285714285,299.15000000000003,299.90714285725,27.953333333333333,28.15,89.81904761906667,85.47571428572499,0.23093890000000003,0.23745775,0.2327555333333334,0.20412497500000001,0.2068523999999999,0.19991072499999996,0.22868653333333322,0.23082205,76.03333333333336,63.45,0.970941817426052,0.23931566428755804,1.9459101490553132
iq,2007,12,2007-03-19,0.21324,0.2231286,0.2643714,0.2218286,150.33,297.684285714,298.728571429,295.89,305.4,292.6,59.2,90.8585714286,150.33,17.47,8.17142857143,27.0,10.65,33.9,21.7,252.7,7,17.8814285714,17.9114285714,16.02,15.9185714286,296.301428571,296.317142857,294.29,294.165714286,96.5228571429,94.3485714286,78.5857142857,72.4457142857,298.1,298.714285714,300.635714286,302.178571429,28.0,27.3,28.56,28.74,0.3033167,0.216,0.1735,0.2570143,0.2850333,0.2136,0.1996333,0.1182333,0.2571429,0.1889143,0.1745,0.1790857,0.2926143,0.2275286,0.1659167,0.2372286,55.47,117.07,55.56,25.7,17.75428571426667,17.3207142857,298.5142857143333,299.04464285725004,27.433333333333334,27.715,93.91000000003334,90.07892857145,0.2441855666666667,0.22651417499999998,0.24058730000000006,0.23034880000000002,0.23680953333333324,0.22123214999999996,0.2473238333333332,0.22697205,107.62333333333335,94.6075,0.992708874098054,0.120536680255323,2.0794415416798357
iq,2007,13,2007-03-26,0.2386714,0.2447429,0.2162286,0.2591857,93.14,297.835714286,299.15,296.56,307.2,292.8,58.4,93.5857142857,93.14,18.2142857143,8.24285714286,28.25,9.6,34.6,21.5,66.1,6,17.47,17.8814285714,17.9114285714,16.02,295.89,296.301428571,296.317142857,294.29,90.8585714286,96.5228571429,94.3485714286,78.5857142857,298.728571429,298.1,298.714285714,300.635714286,27.0,28.0,27.3,28.56,0.21324,0.3033167,0.216,0.1735,0.2231286,0.2850333,0.2136,0.1996333,0.2643714,0.2571429,0.1889143,0.1745,0.2218286,0.2926143,0.2275286,0.1659167,150.33,55.47,117.07,55.56,17.855238095233336,17.869285714275,298.6595238096667,298.67321428575,27.75,27.6375,93.65571428573332,93.82892857145,0.25174270000000004,0.242807025,0.2509682666666667,0.24162620000000004,0.24591429999999992,0.23166429999999993,0.2578761999999999,0.2502893,99.64666666666669,104.0025,1.0,-1.6081226496766364e-16,1.9459101490553132
iq,2007,14,2007-04-02,0.2381,0.1912,0.2749571,0.2738,97.04,297.717142857,298.807142857,296.921428571,305.5,294.3,238.2,95.82,97.04,18.5942857143,6.61428571429,27.2666666667,8.83333333333,34.0,22.6,94.3,5,18.2142857143,17.47,17.8814285714,17.9114285714,296.56,295.89,296.301428571,296.317142857,93.5857142857,90.8585714286,96.5228571429,94.3485714286,299.15,298.728571429,298.1,298.714285714,28.25,27.0,28.0,27.3,0.2386714,0.21324,0.3033167,0.216,0.2447429,0.2231286,0.2850333,0.2136,0.2162286,0.2643714,0.2571429,0.1889143,0.2591857,0.2218286,0.2926143,0.2275286,93.14,150.33,55.47,117.07,18.092857142866666,18.04,298.8952380953333,298.6964285715,27.50555555556667,27.629166666675,93.42142857143334,94.1967857143,0.2300038,0.248332025,0.21969050000000004,0.23602620000000002,0.2518523666666666,0.25317499999999993,0.25160476666666654,0.26185715,113.50333333333334,98.995,0.992708874098054,-0.12053668025532288,1.791759469228055
iq,2007,15,2007-04-09,0.1525167,0.1494857,0.2294143,0.1575571,98.94,297.555714286,298.592857143,296.688571429,304.1,292.4,147.57,95.5271428571,98.94,18.3285714286,6.72857142857,27.85,8.85,34.4,21.3,60.4,9,18.5942857143,18.2142857143,17.47,17.8814285714,296.921428571,296.56,295.89,296.301428571,95.82,93.5857142857,90.8585714286,96.5228571429,298.807142857,299.15,298.728571429,298.1,27.2666666667,28.25,27.0,28.0,0.2381,0.2386714,0.21324,0.3033167,0.1912,0.2447429,0.2231286,0.2850333,0.2749571,0.2162286,0.2643714,0.2571429,0.2738,0.2591857,0.2218286,0.2926143,97.04,93.14,150.33,55.47,18.379047619066668,18.151785714299997,298.84999999999997,298.81964285724996,27.7888888889,27.591666666675,94.9776190476,93.94785714285001,0.20976270000000005,0.210632025,0.19514286666666672,0.20213930000000002,0.24019999999999994,0.24624284999999993,0.2301809333333332,0.22809285,96.37333333333335,109.8625,0.9709418174260521,-0.2393156642875575,2.302585092994046
iq,2007,16,2007-04-16,0.1430857,0.2071571,0.1684571,0.2743143,93.62,297.031428571,298.092857143,296.014285714,304.8,292.0,46.45,94.7214285714,93.62,17.5514285714,7.52857142857,27.4,9.5,33.5,22.1,97.1,5,18.3285714286,18.5942857143,18.2142857143,17.47,296.688571429,296.921428571,296.56,295.89,95.5271428571,95.82,93.5857142857,90.8585714286,298.592857143,298.807142857,299.15,298.728571429,27.85,27.2666666667,28.25,27.0,0.1525167,0.2381,0.2386714,0.21324,0.1494857,0.1912,0.2447429,0.2231286,0.2294143,0.2749571,0.2162286,0.2643714,0.1575571,0.2738,0.2591857,0.2218286,98.94,97.04,93.14,150.33,18.1580952381,18.17214285715,298.49761904766666,298.66071428575003,27.50555555556667,27.691666666675,95.35619047616666,94.91357142855,0.17790080000000005,0.19309345,0.18261426666666672,0.19814642500000004,0.2242761666666666,0.22226427499999993,0.2352237999999999,0.241214275,96.53333333333336,95.685,0.9350162426854148,-0.35460488704253545,1.791759469228055
iq,2007,17,2007-04-23,0.2713714,0.1836571,0.203,0.3006,157.86,297.342857143,298.278571429,296.502857143,304.9,292.9,62.3,95.5257142857,157.86,18.1042857143,7.3,27.0333333333,7.76666666667,34.1,22.0,261.7,8,17.5514285714,18.3285714286,18.5942857143,18.2142857143,296.014285714,296.688571429,296.921428571,296.56,94.7214285714,95.5271428571,95.82,93.5857142857,298.092857143,298.592857143,298.807142857,299.15,27.4,27.85,27.2666666667,28.25,0.1430857,0.1525167,0.2381,0.2386714,0.2071571,0.1494857,0.1912,0.2447429,0.1684571,0.2294143,0.2749571,0.2162286,0.2743143,0.1575571,0.2738,0.2591857,93.62,98.94,97.04,93.14,17.994761904766666,18.14464285715,298.3214285716667,298.44285714299997,27.427777777766664,27.3875,95.25809523806667,95.39857142855001,0.18899126666666669,0.20126845,0.18009996666666672,0.18287497500000005,0.20029046666666658,0.21895712499999997,0.24415713333333322,0.25156785,116.80666666666669,111.86500000000001,0.8854560256532099,-0.4647231720437685,2.1972245773362196
iq,2007,18,2007-04-30,0.1947143,0.1541,0.2957143,0.1730857,103.39,297.225714286,298.071428571,295.942857143,304.7,293.6,47.24,93.47,103.39,17.5171428571,7.37142857143,27.85,9.75,33.0,21.0,118.2,3,18.1042857143,17.5514285714,18.3285714286,18.5942857143,296.502857143,296.014285714,296.688571429,296.921428571,95.5257142857,94.7214285714,95.5271428571,95.82,298.278571429,298.092857143,298.592857143,298.807142857,27.0333333333,27.4,27.85,27.2666666667,0.2713714,0.1430857,0.1525167,0.2381,0.1836571,0.2071571,0.1494857,0.1912,0.203,0.1684571,0.2294143,0.2749571,0.3006,0.2743143,0.1575571,0.2738,157.86,93.62,98.94,97.04,17.724285714266667,17.87535714285,298.1476190476667,298.2589285715,27.427777777766668,27.533333333325,94.57238095236669,94.81107142855,0.20305713333333333,0.190422025,0.1816380666666667,0.17359997500000002,0.2223904666666666,0.22414642499999993,0.2493333333333332,0.226389275,118.29000000000002,113.4525,0.8229838658936565,-0.5680647467311557,1.3862943611198906
iq,2007,19,2007-05-07,0.1582571,0.1622857,0.1830714,0.2322714,89.15,296.905714286,298.221428571,295.994285714,306.6,291.7,56.1,95.0371428571,89.15,17.6114285714,9.35714285714,28.1,9.2,33.5,21.5,38.1,4,17.5171428571,18.1042857143,17.5514285714,18.3285714286,295.942857143,296.502857143,296.014285714,296.688571429,93.47,95.5257142857,94.7214285714,95.5271428571,298.071428571,298.278571429,298.092857143,298.592857143,27.85,27.0333333333,27.4,27.85,0.1947143,0.2713714,0.1430857,0.1525167,0.1541,0.1836571,0.2071571,0.1494857,0.2957143,0.203,0.1684571,0.2294143,0.1730857,0.3006,0.2743143,0.1575571,103.39,157.86,93.62,98.94,17.74428571426667,17.69607142855,298.19047619033336,298.1660714285,27.6611111111,27.595833333325,94.6776190476,94.68857142854999,0.2081142666666667,0.19185712500000002,0.16668093333333336,0.176799975,0.22726189999999993,0.21256069999999994,0.23531903333333323,0.24506785,116.80000000000003,111.00500000000001,0.7485107481711013,-0.663122658240795,1.6094379124341003
iq,2007,20,2007-05-14,0.1701857,0.1714,0.162,0.2290714,45.23,295.595714286,296.5,294.012857143,304.4,290.7,86.9,91.8328571429,45.23,15.6485714286,8.31428571429,28.1,8.7,32.5,19.0,191.4,11,17.6114285714,17.5171428571,18.1042857143,17.5514285714,295.994285714,295.942857143,296.502857143,296.014285714,95.0371428571,93.47,95.5257142857,94.7214285714,298.221428571,298.071428571,298.278571429,298.092857143,28.1,27.85,27.0333333333,27.4,0.1582571,0.1947143,0.2713714,0.1430857,0.1622857,0.1541,0.1836571,0.2071571,0.1830714,0.2957143,0.203,0.1684571,0.2322714,0.1730857,0.3006,0.2743143,89.15,103.39,157.86,93.62,16.9257142857,17.220357142850002,297.59761904733335,297.76785714275,28.01666666666667,27.770833333325,93.44666666666666,93.966428571425,0.1743857,0.198632125,0.16259523333333337,0.16786070000000003,0.21359523333333327,0.21094642499999994,0.21147616666666655,0.233757125,79.25666666666669,98.9075,0.6631226582407952,-0.7485107481711012,2.4849066497880004
iq,2007,21,2007-05-21,0.3646143,0.2568286,0.3299,0.3496857,64.11,297.232857143,298.707142857,296.168571429,307.3,292.5,65.6,94.8528571429,64.11,17.7185714286,8.95714285714,28.25,10.55,33.8,21.7,86.6,5,15.6485714286,17.6114285714,17.5171428571,18.1042857143,294.012857143,295.994285714,295.942857143,296.502857143,91.8328571429,95.0371428571,93.47,95.5257142857,296.5,298.221428571,298.071428571,298.278571429,28.1,28.1,27.85,27.0333333333,0.1701857,0.1582571,0.1947143,0.2713714,0.1714,0.1622857,0.1541,0.1836571,0.162,0.1830714,0.2957143,0.203,0.2290714,0.2322714,0.1730857,0.3006,45.23,89.15,103.39,157.86,16.99285714286667,17.123928571425,297.8095238093333,297.87499999975,28.150000000000002,28.075000000000003,93.90761904763333,93.79821428572501,0.23101903333333337,0.22194285,0.19683810000000004,0.18615357500000002,0.22499046666666658,0.24267142499999994,0.27034283333333325,0.24602855,66.16333333333334,75.47,0.5680647467311558,-0.8229838658936564,1.791759469228055
iq,2007,22,2007-05-28,0.09005714,0.08222857,0.1110571,0.06474286,76.68,296.178571429,297.185714286,294.038571429,306.8,286.9,29.1,89.28,76.68,15.74,10.2,24.7,10.6333333333,32.8,17.5,61.8,8,17.7185714286,15.6485714286,17.6114285714,17.5171428571,296.168571429,294.012857143,295.994285714,295.942857143,94.8528571429,91.8328571429,95.0371428571,93.47,298.707142857,296.5,298.221428571,298.071428571,28.25,28.1,28.1,27.85,0.3646143,0.1701857,0.1582571,0.1947143,0.2568286,0.1714,0.1622857,0.1541,0.3299,0.162,0.1830714,0.2957143,0.3496857,0.2290714,0.2322714,0.1730857,64.11,45.23,89.15,103.39,16.369047619066666,16.67964285715,297.46428571433336,297.6535714285,27.01666666666667,27.2875,91.9885714286,92.750714285725,0.20828571333333334,0.19577856,0.17015239000000004,0.16818571750000003,0.20098569999999993,0.19650712499999995,0.21449998666666656,0.21894284,62.00666666666668,68.7925,0.46472317204376906,-0.8854560256532096,2.1972245773362196
iq,2007,23,2007-06-04,0.2085,0.25695,0.2148833,0.2338571,39.11,296.861428571,298.242857143,295.23,305.2,292.1,33.48,91.72,39.11,16.7271428571,9.0,26.5,9.7,31.3,20.4,0.5,4,15.74,17.7185714286,15.6485714286,17.6114285714,294.038571429,296.168571429,294.012857143,295.994285714,89.28,94.8528571429,91.8328571429,95.0371428571,297.185714286,298.707142857,296.5,298.221428571,24.7,28.25,28.1,28.1,0.09005714,0.3646143,0.1701857,0.1582571,0.08222857,0.2568286,0.1714,0.1622857,0.1110571,0.3299,0.162,0.1830714,0.06474286,0.3496857,0.2290714,0.2322714,76.68,64.11,45.23,89.15,16.728571428566667,16.458571428575,298.04523809533333,297.65892857150004,26.48333333333333,26.887500000000003,91.95095238096667,91.92142857145001,0.22105714666666668,0.20833928499999999,0.1986690566666667,0.19185179250000003,0.2186134666666666,0.20446009999999995,0.2160952199999999,0.219339265,59.96666666666669,56.2825,0.35460488704253584,-0.9350162426854147,1.6094379124341003
iq,2007,24,2007-06-11,0.3420714,0.2853,0.3405571,0.3012286,54.78,296.65,298.171428571,294.928571429,304.8,290.3,30.9,91.4585714286,54.78,16.3885714286,9.91428571429,26.6,9.65,32.6,20.7,12.9,3,16.7271428571,15.74,17.7185714286,15.6485714286,295.23,294.038571429,296.168571429,294.012857143,91.72,89.28,94.8528571429,91.8328571429,298.242857143,297.185714286,298.707142857,296.5,26.5,24.7,28.25,28.1,0.2085,0.09005714,0.3646143,0.1701857,0.25695,0.08222857,0.2568286,0.1714,0.2148833,0.1110571,0.3299,0.162,0.2338571,0.06474286,0.3496857,0.2290714,39.11,76.68,64.11,45.23,16.285238095233336,16.643571428575,297.8666666666666,298.07678571425004,25.933333333333334,26.5125,90.81952380953332,91.82785714287499,0.2135428466666667,0.25131071,0.2081595233333334,0.22032679250000003,0.22216583333333326,0.24909937499999996,0.19994285333333325,0.23737856499999999,56.85666666666668,58.67,0.23931566428755768,-0.970941817426052,1.3862943611198906
iq,2007,25,2007-06-18,0.1667,0.1207857,0.1729714,0.1659,78.83,296.118571429,297.385714286,294.971428571,304.4,292.8,70.3,94.0657142857,78.83,16.4228571429,6.88571428571,25.9666666667,7.6,32.0,21.2,126.0,1,16.3885714286,16.7271428571,15.74,17.7185714286,294.928571429,295.23,294.038571429,296.168571429,91.4585714286,91.72,89.28,94.8528571429,298.171428571,298.242857143,297.185714286,298.707142857,26.6,26.5,24.7,28.25,0.3420714,0.2085,0.09005714,0.3646143,0.2853,0.25695,0.08222857,0.2568286,0.3405571,0.2148833,0.1110571,0.3299,0.3012286,0.2338571,0.06474286,0.3496857,54.78,39.11,76.68,64.11,16.512857142866665,16.31964285715,297.93333333333334,297.7464285715,26.355555555566667,25.941666666674998,92.41476190476668,91.631071428575,0.2390904666666667,0.201832135,0.2210119,0.18631606750000004,0.24280393333333325,0.20986722499999994,0.2336618999999999,0.19143213999999997,57.573333333333345,62.35,0.12053668025532308,-0.992708874098054,0.6931471805599453
iq,2007,26,2007-06-25,0.1534571,0.1744571,0.2022143,0.1292571,11.41,296.571428571,298.014285714,295.178571429,305.0,292.7,22.8,92.6714285714,11.41,16.6314285714,8.77142857143,26.5666666667,8.63333333333,31.7,20.7,10.2,2,16.4228571429,16.3885714286,16.7271428571,15.74,294.971428571,294.928571429,295.23,294.038571429,94.0657142857,91.4585714286,91.72,89.28,297.385714286,298.171428571,298.242857143,297.185714286,25.9666666667,26.6,26.5,24.7,0.1667,0.3420714,0.2085,0.09005714,0.1207857,0.2853,0.25695,0.08222857,0.1729714,0.3405571,0.2148833,0.1110571,0.1659,0.3012286,0.2338571,0.06474286,78.83,54.78,39.11,76.68,16.480952380966666,16.5425,297.857142857,297.95357142849997,26.377777777800002,26.40833333335,92.7319047619,92.478928571425,0.22074283333333336,0.217682125,0.1935142666666667,0.20937320000000004,0.23858093333333327,0.23265652499999995,0.19879523333333324,0.2075607,48.34000000000001,46.0325,-3.216245299353273e-16,-1.0,1.0986122886681096
iq,2007,27,2007-07-02,0.1814429,0.2692286,0.1934571,0.2099429,1.59,296.828571429,298.114285714,292.177142857,305.8,290.2,1.4,78.0742857143,1.59,13.8042857143,12.2285714286,25.9,10.5666666667,32.0,19.6,32.150000000000006,3,16.6314285714,16.4228571429,16.3885714286,16.7271428571,295.178571429,294.971428571,294.928571429,295.23,92.6714285714,94.0657142857,91.4585714286,91.72,298.014285714,297.385714286,298.171428571,298.242857143,26.5666666667,25.9666666667,26.6,26.5,0.1534571,0.1667,0.3420714,0.2085,0.1744571,0.1207857,0.2853,0.25695,0.2022143,0.1729714,0.3405571,0.2148833,0.1292571,0.1659,0.3012286,0.2338571,11.41,78.83,54.78,39.11,15.619523809533334,15.811785714300001,297.838095238,297.92142857125,26.144444444466668,26.258333333350002,88.27047619046668,89.0675,0.16720000000000002,0.21091785000000002,0.18815713333333337,0.21244285000000002,0.18954759999999993,0.22729997499999993,0.16836666666666655,0.20158215,30.610000000000014,36.652499999999996,-0.12053668025532283,-0.992708874098054,1.3862943611198906
iq,2007,28,2007-07-09,0.3217667,0.2734,0.2545,0.3513,18.78,297.385714286,299.007142857,293.931428571,306.9,290.7,13.04,83.3871428571,18.78,15.4157142857,10.8714285714,26.75,10.375,32.7,19.9,54.1,4,13.8042857143,16.6314285714,16.4228571429,16.3885714286,292.177142857,295.178571429,294.971428571,294.928571429,78.0742857143,92.6714285714,94.0657142857,91.4585714286,298.114285714,298.014285714,297.385714286,298.171428571,25.9,26.5666666667,25.9666666667,26.6,0.1814429,0.1534571,0.1667,0.3420714,0.2692286,0.1744571,0.1207857,0.2853,0.1934571,0.2022143,0.1729714,0.3405571,0.2099429,0.1292571,0.1659,0.3012286,1.59,11.41,78.83,54.78,15.2838095238,15.568571428575,298.3785714283334,298.13035714275,26.405555555566668,26.29583333335,84.71095238093334,87.04964285712501,0.21888890000000005,0.205841675,0.2390285666666667,0.20946785,0.21672379999999994,0.20578569999999993,0.23016666666666655,0.2141,10.593333333333348,27.6525,-0.23931566428755743,-0.9709418174260521,1.6094379124341003
iq,2007,29,2007-07-16,0.3075571,0.3397,0.3642429,0.3648429,26.29,296.058571429,296.75,294.941428571,303.6,291.1,39.52,94.2471428571,26.29,16.3914285714,7.72857142857,26.5333333333,7.83333333333,31.3,20.9,22.9,1,15.4157142857,13.8042857143,16.6314285714,16.4228571429,293.931428571,292.177142857,295.178571429,294.971428571,83.3871428571,78.0742857143,92.6714285714,94.0657142857,299.007142857,298.114285714,298.014285714,297.385714286,26.75,25.9,26.5666666667,25.9666666667,0.3217667,0.1814429,0.1534571,0.1667,0.2734,0.2692286,0.1744571,0.1207857,0.2545,0.1934571,0.2022143,0.1729714,0.3513,0.2099429,0.1292571,0.1659,18.78,1.59,11.41,78.83,15.203809523799999,15.560714285700001,297.957142857,297.97142857125004,26.394444444433333,26.4375,85.23619047616667,87.094999999975,0.2702555666666667,0.24105595000000002,0.29410953333333334,0.264196425,0.27073333333333327,0.25360357499999997,0.3086952666666665,0.263835725,15.553333333333347,14.5175,-0.3546048870425356,-0.9350162426854148,0.6931471805599453
iq,2007,30,2007-07-23,0.3589714,0.4017571,0.2960857,0.4225,27.91,297.64,299.078571429,294.345714286,308.2,290.1,11.64,84.1557142857,27.91,15.8457142857,12.3571428571,27.35,10.1,33.2,20.7,11.9,8,16.3914285714,15.4157142857,13.8042857143,16.6314285714,294.941428571,293.931428571,292.177142857,295.178571429,94.2471428571,83.3871428571,78.0742857143,92.6714285714,296.75,299.007142857,298.114285714,298.014285714,26.5333333333,26.75,25.9,26.5666666667,0.3075571,0.3217667,0.1814429,0.1534571,0.3397,0.2734,0.2692286,0.1744571,0.3642429,0.2545,0.1934571,0.2022143,0.3648429,0.3513,0.2099429,0.1292571,26.29,18.78,1.59,11.41,15.884285714266666,15.364285714274999,298.2785714286667,298.2375,26.877777777766667,26.633333333325,87.26333333330001,84.96607142855001,0.32943173333333337,0.292434525,0.33828569999999997,0.32102142499999997,0.30494286666666653,0.2770714249999999,0.37954763333333325,0.33714645,24.326666666666682,18.6425,-0.46472317204376806,-0.8854560256532101,2.1972245773362196
iq,2007,31,2007-07-30,0.4172286,0.3699286,0.3669714,0.4898714,70.88,296.724285714,297.935714286,293.0,305.6,290.0,25.5,82.5714285714,70.88,14.7185714286,11.5,24.25,9.75,34.0,16.4,55.9,5,15.8457142857,16.3914285714,15.4157142857,13.8042857143,294.345714286,294.941428571,293.931428571,292.177142857,84.1557142857,94.2471428571,83.3871428571,78.0742857143,299.078571429,296.75,299.007142857,298.114285714,27.35,26.5333333333,26.75,25.9,0.3589714,0.3075571,0.3217667,0.1814429,0.4017571,0.3397,0.2734,0.2692286,0.2960857,0.3642429,0.2545,0.1934571,0.4225,0.3648429,0.3513,0.2099429,27.91,26.29,18.78,1.59,15.6519047619,15.59285714285,297.9214285716667,298.19285714299997,26.044444444433335,26.220833333325,86.9914285714,86.090357142825,0.3612523666666667,0.35138095,0.3704619,0.34619642500000003,0.3424333333333333,0.3204499999999999,0.42573809999999995,0.407128575,41.69333333333335,35.964999999999996,-0.5680647467311556,-0.8229838658936565,1.791759469228055
iq,2007,32,2007-08-06,0.2782429,0.2361286,0.2923,0.2669571,35.77,297.82,299.342857143,292.708571429,308.2,289.7,6.08,76.6185714286,35.77,14.3371428571,12.7714285714,26.475,12.0,32.7,17.2,30.3,3,14.7185714286,15.8457142857,16.3914285714,15.4157142857,293.0,294.345714286,294.941428571,293.931428571,82.5714285714,84.1557142857,94.2471428571,83.3871428571,297.935714286,299.078571429,296.75,299.007142857,24.25,27.35,26.5333333333,26.75,0.4172286,0.3589714,0.3075571,0.3217667,0.3699286,0.4017571,0.3397,0.2734,0.3669714,0.2960857,0.3642429,0.2545,0.4898714,0.4225,0.3648429,0.3513,70.88,27.91,26.29,18.78,14.967142857133334,15.3232142857,298.78571428600003,298.2767857145,26.025000000000002,26.152083333325002,81.11523809523334,84.3982142857,0.3514809666666667,0.3405,0.3359381000000001,0.336878575,0.3184523666666666,0.32989999999999997,0.39310949999999995,0.38604285,44.85333333333335,40.2125,-0.663122658240795,-0.7485107481711013,1.3862943611198906
iq,2007,33,2007-08-13,0.2666667,0.2719333,0.2438857,0.1964571,36.78,298.091428571,298.942857143,294.072857143,308.0,291.8,9.21,80.9357142857,36.78,15.5657142857,9.71428571429,26.9,11.0,33.1,21.3,76.5,2,14.3371428571,14.7185714286,15.8457142857,16.3914285714,292.708571429,293.0,294.345714286,294.941428571,76.6185714286,82.5714285714,84.1557142857,94.2471428571,299.342857143,297.935714286,299.078571429,296.75,26.475,24.25,27.35,26.5333333333,0.2782429,0.4172286,0.3589714,0.3075571,0.2361286,0.3699286,0.4017571,0.3397,0.2923,0.3669714,0.2960857,0.3642429,0.2669571,0.4898714,0.4225,0.3648429,35.77,70.88,27.91,26.29,14.8738095238,15.116785714275,298.7404761906667,298.82500000025004,25.875,26.243750000000002,80.0419047619,81.07035714285,0.3207127333333334,0.3302774,0.2926635,0.3199369,0.30105236666666657,0.29981069999999993,0.31776186666666656,0.3439464,47.810000000000024,42.835,-0.7485107481711011,-0.6631226582407952,1.0986122886681096
iq,2007,34,2007-08-20,0.3393714,0.3569714,0.3291286,0.3687143,9.06,298.785714286,300.671428571,294.195714286,308.1,294.3,12.4,79.3342857143,9.06,15.7571428571,11.5714285714,27.125,10.825,33.3,19.9,22.1,7,15.5657142857,14.3371428571,14.7185714286,15.8457142857,294.072857143,292.708571429,293.0,294.345714286,80.9357142857,76.6185714286,82.5714285714,84.1557142857,298.942857143,299.342857143,297.935714286,299.078571429,26.9,26.475,24.25,27.35,0.2666667,0.2782429,0.4172286,0.3589714,0.2719333,0.2361286,0.3699286,0.4017571,0.2438857,0.2923,0.3669714,0.2960857,0.1964571,0.2669571,0.4898714,0.4225,36.78,35.77,70.88,27.91,15.219999999966667,15.094642857125,299.6523809523333,299.22321428575003,26.833333333333332,26.1875,78.96285714286667,79.86500000000001,0.29476033333333335,0.32537740000000004,0.28834443333333337,0.308740475,0.2884380999999999,0.30807142499999995,0.27737616666666653,0.330499975,27.20333333333335,38.1225,-0.8229838658936564,-0.5680647467311559,2.0794415416798357
iq,2007,35,2007-08-27,0.2787857,0.2463571,0.2349857,0.3737429,30.26,300.667142857,301.592857143,293.124285714,312.4,293.4,12.8,67.7571428571,30.26,14.7942857143,13.3857142857,27.05,12.175,34.7,19.9,0.0,1,15.7571428571,15.5657142857,14.3371428571,14.7185714286,294.195714286,294.072857143,292.708571429,293.0,79.3342857143,80.9357142857,76.6185714286,82.5714285714,300.671428571,298.942857143,299.342857143,297.935714286,27.125,26.9,26.475,24.25,0.3393714,0.2666667,0.2782429,0.4172286,0.3569714,0.2719333,0.2361286,0.3699286,0.3291286,0.2438857,0.2923,0.3669714,0.3687143,0.1964571,0.2669571,0.4898714,9.06,36.78,35.77,70.88,15.372380952366667,15.113571428550001,300.4023809523333,300.1375,27.025000000000002,26.8875,76.00904761903332,76.161428571425,0.2949412666666667,0.290766675,0.2917539333333334,0.27784760000000003,0.26933333333333326,0.27507499999999996,0.31297143333333327,0.30146785,25.366666666666685,27.9675,-0.8854560256532096,-0.4647231720437691,0.6931471805599453
iq,2007,36,2007-09-03,0.27955,0.2826857,0.3277143,0.3280571,76.28,297.098571429,298.357142857,295.682857143,304.4,293.5,56.85,92.6571428571,76.28,17.1828571429,7.88571428571,26.3,7.9,34.0,20.9,37.1,6,14.7942857143,15.7571428571,15.5657142857,14.3371428571,293.124285714,294.195714286,294.072857143,292.708571429,67.7571428571,79.3342857143,80.9357142857,76.6185714286,301.592857143,300.671428571,298.942857143,299.342857143,27.05,27.125,26.9,26.475,0.2787857,0.3393714,0.2666667,0.2782429,0.2463571,0.3569714,0.2719333,0.2361286,0.2349857,0.3291286,0.2438857,0.2923,0.3737429,0.3687143,0.1964571,0.2669571,30.26,9.06,36.78,35.77,15.911428571433333,15.825000000000001,300.207142857,299.8910714285,26.825,26.84375,79.91619047616666,80.17107142855001,0.29923570000000005,0.29109345000000003,0.2953380666666667,0.28948687500000003,0.29727619999999993,0.2839285749999999,0.3568380999999999,0.31674285,38.53333333333335,38.095,-0.9350162426854147,-0.3546048870425359,1.9459101490553132
iq,2007,37,2007-09-10,0.2888167,0.2889571,0.2660714,0.3393,49.85,298.56,300.121428571,295.162857143,308.6,293.0,26.2,84.4128571429,49.85,16.65,12.1571428571,26.9,10.625,32.9,21.4,150.9,7,17.1828571429,14.7942857143,15.7571428571,15.5657142857,295.682857143,293.124285714,294.195714286,294.072857143,92.6571428571,67.7571428571,79.3342857143,80.9357142857,298.357142857,301.592857143,300.671428571,298.942857143,26.3,27.05,27.125,26.9,0.27955,0.2787857,0.3393714,0.2666667,0.2826857,0.2463571,0.3569714,0.2719333,0.3277143,0.2349857,0.3291286,0.2438857,0.3280571,0.3737429,0.3687143,0.1964571,76.28,30.26,9.06,36.78,16.209047619066666,16.096071428575,300.02380952366667,300.1857142855,26.75,26.84375,81.60904761903333,81.04035714285,0.2823841333333334,0.29663095,0.27266663333333335,0.29374282500000004,0.27625713333333324,0.2894749999999999,0.34703333333333325,0.352453575,52.13000000000002,41.3625,-0.970941817426052,-0.23931566428755774,2.0794415416798357
iq,2007,38,2007-09-17,0.3156571,0.3545,0.3326429,0.4172,58.22,298.508571429,300.714285714,295.834285714,309.2,293.3,34.27,86.7071428571,58.22,17.3671428571,12.4,27.2,10.8333333333,33.0,21.6,16.3,5,16.65,17.1828571429,14.7942857143,15.7571428571,295.162857143,295.682857143,293.124285714,294.195714286,84.4128571429,92.6571428571,67.7571428571,79.3342857143,300.121428571,298.357142857,301.592857143,300.671428571,26.9,26.3,27.05,27.125,0.2888167,0.27955,0.2787857,0.3393714,0.2889571,0.2826857,0.2463571,0.3569714,0.2660714,0.3277143,0.2349857,0.3291286,0.3393,0.3280571,0.3737429,0.3687143,49.85,76.28,30.26,9.06,17.066666666666666,16.498571428574998,299.7309523806667,300.19642857125,26.8,26.8625,87.9257142857,82.88357142855,0.29467460000000006,0.290702375,0.3087142666666667,0.293124975,0.3088095333333333,0.2903535749999999,0.3615190333333332,0.36457500000000004,61.45000000000002,53.652499999999996,-0.992708874098054,-0.12053668025532357,1.791759469228055
iq,2007,39,2007-09-24,0.2309,0.2363429,0.2308857,0.3128,59.79,299.698571429,301.428571429,295.3,310.6,292.7,10.3,78.5642857143,59.79,16.8042857143,13.8,27.8333333333,11.7,34.1,21.1,34.0,2,17.3671428571,16.65,17.1828571429,14.7942857143,295.834285714,295.162857143,295.682857143,293.124285714,86.7071428571,84.4128571429,92.6571428571,67.7571428571,300.714285714,300.121428571,298.357142857,301.592857143,27.2,26.9,26.3,27.05,0.3156571,0.2888167,0.27955,0.2787857,0.3545,0.2889571,0.2826857,0.2463571,0.3326429,0.2660714,0.3277143,0.2349857,0.4172,0.3393,0.3280571,0.3737429,58.22,49.85,76.28,30.26,16.94047619046667,17.001071428575,300.7547619046666,300.15535714275,27.3111111111,27.058333333325002,83.22809523810001,85.58535714285,0.27845793333333335,0.27873095000000003,0.29326666666666673,0.29062142500000004,0.27653333333333324,0.289328575,0.3564333333333332,0.349339275,55.953333333333354,61.035,-1.0,-1.8369701987210297e-16,1.0986122886681096
iq,2007,40,2007-10-01,0.3199714,0.2544167,0.3151,0.2934714,37.28,298.281428571,299.821428571,296.287142857,310.8,294.7,73.33,89.8442857143,37.28,17.84,9.1,28.4,12.65,35.5,21.6,107.9,6,16.8042857143,17.3671428571,16.65,17.1828571429,295.3,295.834285714,295.162857143,295.682857143,78.5642857143,86.7071428571,84.4128571429,92.6571428571,301.428571429,300.714285714,300.121428571,298.357142857,27.8333333333,27.2,26.9,26.3,0.2309,0.3156571,0.2888167,0.27955,0.2363429,0.3545,0.2889571,0.2826857,0.2308857,0.3326429,0.2660714,0.3277143,0.3128,0.4172,0.3393,0.3280571,59.79,58.22,49.85,76.28,17.337142857133333,17.16535714285,300.65476190466666,300.52142857125,27.8111111111,27.583333333324997,85.03857142856667,84.88214285715,0.2888428333333334,0.28883630000000005,0.28175320000000004,0.283554175,0.2928761999999999,0.28617499999999996,0.3411571333333332,0.34069285000000005,51.76333333333336,51.285,-0.992708874098054,0.1205366802553232,1.9459101490553132
iq,2007,41,2007-10-08,0.3851857,0.4050714,0.3106286,0.4381286,39.09,299.575714286,301.385714286,295.447142857,309.6,294.8,38.28,80.45,39.09,17.01,11.6,28.4,10.6,34.2,21.8,145.1,11,17.84,16.8042857143,17.3671428571,16.65,296.287142857,295.3,295.834285714,295.162857143,89.8442857143,78.5642857143,86.7071428571,84.4128571429,299.821428571,301.428571429,300.714285714,300.121428571,28.4,27.8333333333,27.2,26.9,0.3199714,0.2309,0.3156571,0.2888167,0.2544167,0.2363429,0.3545,0.2889571,0.3151,0.2308857,0.3326429,0.2660714,0.2934714,0.3128,0.4172,0.3393,37.28,59.79,58.22,49.85,17.218095238100002,17.255357142850002,300.87857142866665,300.8375,28.211111111099996,27.958333333325,82.95285714286666,83.891428571425,0.3120190333333334,0.31292855,0.29861033333333337,0.31258275,0.2855380999999999,0.2973143,0.3481333333333332,0.3654,45.38666666666669,48.595,-0.9709418174260521,0.23931566428755738,2.4849066497880004
iq,2007,42,2007-10-15,0.2251286,0.1505143,0.1959857,0.2383857,74.52,299.444285714,300.828571429,296.587142857,310.2,295.0,86.4,86.7057142857,74.52,18.2657142857,9.82857142857,29.0,12.3,35.2,21.9,4.1,6,17.01,17.84,16.8042857143,17.3671428571,295.447142857,296.287142857,295.3,295.834285714,80.45,89.8442857143,78.5642857143,86.7071428571,301.385714286,299.821428571,301.428571429,300.714285714,28.4,28.4,27.8333333333,27.2,0.3851857,0.3199714,0.2309,0.3156571,0.4050714,0.2544167,0.2363429,0.3545,0.3106286,0.3151,0.2308857,0.3326429,0.4381286,0.2934714,0.3128,0.4172,39.09,37.28,59.79,58.22,17.705238095233337,17.48,300.67857142866666,300.86607142875,28.599999999999998,28.408333333324997,85.66666666666667,83.891071428575,0.3100952333333334,0.290296425,0.27000080000000004,0.261586325,0.2739047666666666,0.26314999999999994,0.3233285666666666,0.320696425,50.29666666666668,52.67,-0.9350162426854148,0.35460488704253557,1.9459101490553132
iq,2007,43,2007-10-22,0.4034714,0.3202286,0.4087,0.4229,106.73,296.971428571,298.192857143,295.96,305.1,291.9,67.93,94.7814285714,106.73,17.5428571429,7.75714285714,26.9,9.36666666667,32.1,20.9,79.3,3,18.2657142857,17.01,17.84,16.8042857143,296.587142857,295.447142857,296.287142857,295.3,86.7057142857,80.45,89.8442857143,78.5642857143,300.828571429,301.385714286,299.821428571,301.428571429,29.0,28.4,28.4,27.8333333333,0.2251286,0.3851857,0.3199714,0.2309,0.1505143,0.4050714,0.2544167,0.2363429,0.1959857,0.3106286,0.3151,0.2308857,0.2383857,0.4381286,0.2934714,0.3128,74.52,39.09,37.28,59.79,17.606190476200002,17.66464285715,300.135714286,300.05714285725,28.099999999999998,28.174999999999997,87.31238095236667,87.94535714285,0.3379285666666667,0.33343927500000003,0.29193810000000003,0.28255775,0.3051047666666666,0.30760357499999996,0.3664714333333332,0.348221425,73.44666666666669,64.405,-0.8854560256532101,0.464723172043768,1.3862943611198906
iq,2007,44,2007-10-29,0.2657429,0.2856,0.2923143,0.2469143,51.28,297.83,299.664285714,296.978571429,306.3,293.7,67.47,95.5928571429,51.28,18.6728571429,9.35714285714,27.0,9.36666666667,34.0,21.6,0.0,11,17.5428571429,18.2657142857,17.01,17.84,295.96,296.587142857,295.447142857,296.287142857,94.7814285714,86.7057142857,80.45,89.8442857143,298.192857143,300.828571429,301.385714286,299.821428571,26.9,29.0,28.4,28.4,0.4034714,0.2251286,0.3851857,0.3199714,0.3202286,0.1505143,0.4050714,0.2544167,0.4087,0.1959857,0.3106286,0.3151,0.4229,0.2383857,0.4381286,0.2934714,106.73,74.52,39.09,37.28,18.160476190500003,17.872857142875,299.56190476200004,300.017857143,27.633333333333336,27.825,92.36000000000001,89.3825,0.2981143,0.31988215,0.25211430000000007,0.29035357500000003,0.299,0.30190714999999996,0.30273333333333324,0.33658214999999997,77.51000000000002,67.905,-0.822983865893657,0.5680647467311548,2.4849066497880004
iq,2007,45,2007-11-05,0.3334571,0.3242571,0.2469,0.3311286,69.88,299.478571429,300.557142857,296.248571429,308.5,294.3,50.6,84.85,69.88,17.9785714286,9.48571428571,28.7,11.4333333333,34.8,22.5,22.1,11,18.6728571429,17.5428571429,18.2657142857,17.01,296.978571429,295.96,296.587142857,295.447142857,95.5928571429,94.7814285714,86.7057142857,80.45,299.664285714,298.192857143,300.828571429,301.385714286,27.0,26.9,29.0,28.4,0.2657429,0.4034714,0.2251286,0.3851857,0.2856,0.3202286,0.1505143,0.4050714,0.2923143,0.4087,0.1959857,0.3106286,0.2469143,0.4229,0.2383857,0.4381286,51.28,106.73,74.52,39.09,18.0647619048,18.115000000025,299.4714285713333,299.81071428575,27.53333333333333,27.900000000000002,91.74142857143333,90.4825,0.3342238,0.30695,0.3100285666666667,0.27015000000000006,0.3159714333333333,0.285975,0.3336476333333332,0.30983215,75.96333333333335,75.60249999999999,-0.7485107481711011,0.6631226582407952,2.4849066497880004
iq,2007,46,2007-11-12,0.1784286,0.12875,0.2167714,0.1853,109.5,298.134285714,299.742857143,296.83,308.6,294.6,103.3,93.5542857143,109.5,18.5485714286,8.68571428571,27.675,10.85,33.5,21.6,111.3,5,17.9785714286,18.6728571429,17.5428571429,18.2657142857,296.248571429,296.978571429,295.96,296.587142857,84.85,95.5928571429,94.7814285714,86.7057142857,300.557142857,299.664285714,298.192857143,300.828571429,28.7,27.0,26.9,29.0,0.3334571,0.2657429,0.4034714,0.2251286,0.3242571,0.2856,0.3202286,0.1505143,0.2469,0.2923143,0.4087,0.1959857,0.3311286,0.2469143,0.4229,0.2383857,69.88,51.28,106.73,74.52,18.400000000033334,18.18571428575,299.98809523799997,299.53928571425,27.791666666666668,27.568749999999998,91.33238095239999,92.19464285715,0.25920953333333335,0.295275,0.24620236666666673,0.26470892500000004,0.2519952333333333,0.291171425,0.25444763333333326,0.29656072499999997,76.88666666666668,84.3475,-0.6631226582407955,0.7485107481711007,1.791759469228055
iq,2007,47,2007-11-19,0.2284714,0.1886571,0.2345571,0.1996714,52.27,297.681428571,298.371428571,296.938571429,305.7,294.3,124.2,96.2142857143,52.27,18.6128571429,5.74285714286,26.62,7.86,33.3,21.8,80.0,4,18.5485714286,17.9785714286,18.6728571429,17.5428571429,296.83,296.248571429,296.978571429,295.96,93.5542857143,84.85,95.5928571429,94.7814285714,299.742857143,300.557142857,299.664285714,298.192857143,27.675,28.7,27.0,26.9,0.1784286,0.3334571,0.2657429,0.4034714,0.12875,0.3242571,0.2856,0.3202286,0.2167714,0.2469,0.2923143,0.4087,0.1853,0.3311286,0.2469143,0.4229,109.5,69.88,51.28,106.73,18.380000000033334,18.45321428575,299.557142857,299.58392857125,27.665000000000003,27.49875,91.53952380953332,92.552857142875,0.24678570000000002,0.251525,0.2138880666666667,0.23181605000000002,0.23274283333333326,0.24763569999999996,0.23869999999999988,0.240753575,77.21666666666668,70.7325,-0.5680647467311559,0.8229838658936564,1.6094379124341003
iq,2007,48,2007-11-26,0.16564,0.1793,0.1276,0.1819143,129.33,297.88,299.328571429,297.217142857,305.2,294.4,65.57,96.5228571429,129.33,18.9242857143,6.94285714286,27.125,8.35,32.3,22.4,293.1,9,18.6128571429,18.5485714286,17.9785714286,18.6728571429,296.938571429,296.83,296.248571429,296.978571429,96.2142857143,93.5542857143,84.85,95.5928571429,298.371428571,299.742857143,300.557142857,299.664285714,26.62,27.675,28.7,27.0,0.2284714,0.1784286,0.3334571,0.2657429,0.1886571,0.12875,0.3242571,0.2856,0.2345571,0.2167714,0.2469,0.2923143,0.1996714,0.1853,0.3311286,0.2469143,52.27,109.5,69.88,51.28,18.695238095266667,18.5160714286,299.1476190476667,299.5,27.14,27.53,95.43047619049999,92.785357142875,0.1908466666666667,0.226499275,0.16556903333333337,0.20524105000000004,0.1929761666666666,0.20645712499999994,0.18896189999999988,0.224503575,97.03333333333336,90.245,-0.4647231720437684,0.88545602565321,2.302585092994046
iq,2007,49,2007-12-03,0.2993714,0.3367143,0.2615857,0.3498429,73.16,298.52,299.607142857,296.904285714,305.5,294.3,57.8,91.6542857143,73.16,18.6071428571,8.3,27.9,10.0,33.0,22.8,142.0,23,18.9242857143,18.6128571429,18.5485714286,17.9785714286,297.217142857,296.938571429,296.83,296.248571429,96.5228571429,96.2142857143,93.5542857143,84.85,299.328571429,298.371428571,299.742857143,300.557142857,27.125,26.62,27.675,28.7,0.16564,0.2284714,0.1784286,0.3334571,0.1793,0.1886571,0.12875,0.3242571,0.1276,0.2345571,0.2167714,0.2469,0.1819143,0.1996714,0.1853,0.3311286,129.33,52.27,109.5,69.88,18.71476190476667,18.673214285725003,299.10238095233336,299.26250000000005,27.215,27.33,94.79714285716666,94.48642857145,0.2311609333333334,0.21797785000000003,0.2348904666666667,0.20835535000000005,0.2079142666666666,0.21012854999999994,0.24380953333333322,0.22918215,84.92000000000003,91.065,-0.35460488704253595,0.9350162426854147,3.1780538303479458
iq,2007,50,2007-12-10,0.3138333,0.2335143,0.2426,0.2937429,83.39,299.048571429,300.271428571,296.261428571,307.8,294.3,42.68,86.7557142857,83.39,17.91,9.91428571429,28.85,10.25,34.2,22.6,23.1,28,18.6071428571,18.9242857143,18.6128571429,18.5485714286,296.904285714,297.217142857,296.938571429,296.83,91.6542857143,96.5228571429,96.2142857143,93.5542857143,299.607142857,299.328571429,298.371428571,299.742857143,27.9,27.125,26.62,27.675,0.2993714,0.16564,0.2284714,0.1784286,0.3367143,0.1793,0.1886571,0.12875,0.2615857,0.1276,0.2345571,0.2167714,0.3498429,0.1819143,0.1996714,0.1853,73.16,129.33,52.27,109.5,18.48047619046667,18.513571428575002,299.7357142856667,299.394642857,27.958333333333332,27.62375,91.6442857143,92.7867857143,0.25961490000000004,0.251829025,0.2498428666666667,0.23454642500000003,0.21059523333333327,0.21658569999999996,0.27516669999999993,0.256292875,95.29333333333335,84.53750000000001,-0.2393156642875578,0.970941817426052,3.367295829986474
iq,2007,51,2007-12-17,0.2698,0.2756857,0.2755143,0.2367143,146.13,297.141428571,298.242857143,296.397142857,306.6,293.3,89.72,96.0742857143,146.13,18.0342857143,5.68571428571,27.625,9.0,32.9,22.4,261.3,26,17.91,18.6071428571,18.9242857143,18.6128571429,296.261428571,296.904285714,297.217142857,296.938571429,86.7557142857,91.6542857143,96.5228571429,96.2142857143,300.271428571,299.607142857,299.328571429,298.371428571,28.85,27.9,27.125,26.62,0.3138333,0.2993714,0.16564,0.2284714,0.2335143,0.3367143,0.1793,0.1886571,0.2426,0.2615857,0.1276,0.2345571,0.2937429,0.3498429,0.1819143,0.1996714,83.39,73.16,129.33,52.27,18.183809523800004,18.368928571425002,299.3738095236667,299.3625,28.125,27.875,91.49476190476666,92.7517857143,0.2943349,0.262161175,0.28197143333333335,0.256303575,0.2598999999999999,0.22682499999999994,0.29343336666666653,0.2655536,100.89333333333336,108.0025,-0.12053668025532363,0.992708874098054,3.295836866004329
iq,2007,52,2007-12-24,0.1992,0.1947667,0.1711111,0.2308222,53.57,297.64,298.728571429,296.368571429,304.9,294.3,62.14,93.4685714286,53.57,17.9828571429,7.42857142857,27.7,8.75,32.1,21.7,28.1,7,18.0342857143,17.91,18.6071428571,18.9242857143,296.397142857,296.261428571,296.904285714,297.217142857,96.0742857143,86.7557142857,91.6542857143,96.5228571429,298.242857143,300.271428571,299.607142857,299.328571429,27.625,28.85,27.9,27.125,0.2698,0.3138333,0.2993714,0.16564,0.2756857,0.2335143,0.3367143,0.1793,0.2755143,0.2426,0.2615857,0.1276,0.2367143,0.2937429,0.3498429,0.1819143,146.13,83.39,73.16,129.33,17.975714285733336,18.133571428575003,299.08095238100003,299.2125,28.058333333333337,28.018749999999997,92.09952380953332,91.98821428572501,0.26094443333333334,0.270551175,0.23465556666666668,0.26017025000000005,0.2297417999999999,0.23770277499999995,0.25375979999999987,0.277780575,94.36333333333334,89.0625,6.432490598706546e-16,1.0,2.0794415416798357
iq,2008,1,2008-01-01,0.1914714,0.1554143,0.1760143,0.1872429,19.95,299.277142857,300.535714286,294.668571429,308.2,294.1,21.4,78.67,19.95,16.26,10.7285714286,28.275,11.575,36.0,21.5,66.25,29,17.9828571429,18.0342857143,17.91,18.6071428571,296.368571429,296.397142857,296.261428571,296.904285714,93.4685714286,96.0742857143,86.7557142857,91.6542857143,298.728571429,298.242857143,300.271428571,299.607142857,27.7,27.625,28.85,27.9,0.1992,0.2698,0.3138333,0.2993714,0.1947667,0.2756857,0.2335143,0.3367143,0.1711111,0.2755143,0.2426,0.2615857,0.2308222,0.2367143,0.2937429,0.3498429,53.57,146.13,83.39,73.16,17.425714285733335,17.5467857143,299.1690476193333,299.44464285724996,27.866666666666664,28.1125,89.4042857143,88.74214285714999,0.22015713333333334,0.24357617499999998,0.20862223333333338,0.21484525000000004,0.2075465666666666,0.21630992499999996,0.2182597999999999,0.23713057499999998,73.21666666666668,75.76,0.12053668025532305,0.992708874098054,3.4011973816621555
iq,2008,2,2008-01-08,0.4449333,0.27585,0.3569,0.4697286,71.84,296.095714286,296.535714286,295.2,302.1,293.3,62.61,95.28,71.84,16.6814285714,5.1,25.8,6.3,31.4,22.6,104.4,58,16.26,17.9828571429,18.0342857143,17.91,294.668571429,296.368571429,296.397142857,296.261428571,78.67,93.4685714286,96.0742857143,86.7557142857,300.535714286,298.728571429,298.242857143,300.271428571,28.275,27.7,27.625,28.85,0.1914714,0.1992,0.2698,0.3138333,0.1554143,0.1947667,0.2756857,0.2335143,0.1760143,0.1711111,0.2755143,0.2426,0.1872429,0.2308222,0.2367143,0.2937429,19.95,53.57,146.13,83.39,16.97476190476667,17.239642857150002,298.6000000003333,298.510714286,27.25833333333333,27.349999999999998,89.13952380953333,90.873214285725,0.27853490000000003,0.276351175,0.208677,0.22542917500000004,0.23467513333333326,0.24488492499999995,0.2959312333333332,0.281127,48.453333333333354,72.8725,0.23931566428755774,0.970941817426052,4.07753744390572
iq,2008,3,2008-01-15,0.1882286,0.2208286,0.2332429,0.1699714,95.97,298.034285714,299.478571429,297.09,305.5,292.4,63.92,94.9685714286,95.97,18.8657142857,8.58571428571,27.4333333333,9.46666666667,33.8,21.8,125.3,26,16.6814285714,16.26,17.9828571429,18.0342857143,295.2,294.668571429,296.368571429,296.397142857,95.28,78.67,93.4685714286,96.0742857143,296.535714286,300.535714286,298.728571429,298.242857143,25.8,28.275,27.7,27.625,0.4449333,0.1914714,0.1992,0.2698,0.27585,0.1554143,0.1947667,0.2756857,0.3569,0.1760143,0.1711111,0.2755143,0.4697286,0.1872429,0.2308222,0.2367143,71.84,19.95,53.57,146.13,17.269047619033334,17.4475,298.8500000003333,298.81964285749996,27.169444444433335,27.302083333324997,89.63952380953333,90.5967857143,0.2748777666666667,0.255958325,0.21736430000000004,0.21171490000000004,0.2553857333333333,0.23431707499999996,0.27564763333333325,0.26444127500000003,62.58666666666668,60.332499999999996,0.3546048870425356,0.9350162426854148,3.295836866004329
iq,2008,4,2008-01-22,0.2779714,0.3249286,0.2219143,0.2956714,102.59,297.207142857,298.342857143,296.25,304.8,294.8,93.43,95.1257142857,102.59,17.84,5.97142857143,27.5,9.183333333335,31.3,21.9,46.3,38,18.8657142857,16.6814285714,16.26,17.9828571429,297.09,295.2,294.668571429,296.368571429,94.9685714286,95.28,78.67,93.4685714286,299.478571429,296.535714286,300.535714286,298.728571429,27.4333333333,25.8,28.275,27.7,0.1882286,0.4449333,0.1914714,0.1992,0.2208286,0.27585,0.1554143,0.1947667,0.2332429,0.3569,0.1760143,0.1711111,0.1699714,0.4697286,0.1872429,0.2308222,95.97,71.84,19.95,53.57,17.7957142857,17.411785714275002,298.11904761933334,298.72321428600003,26.9111111111,27.252083333324997,95.12476190476667,91.011071428575,0.3037111,0.27565117499999997,0.2738690666666667,0.24425537500000005,0.2706857333333333,0.24701787499999997,0.31179046666666654,0.280653575,90.13333333333334,72.5875,0.4647231720437685,0.8854560256532099,3.6635616461296463
iq,2008,5,2008-01-29,0.35195,0.3705714,0.3138,0.4029714,110.0,298.398571429,299.971428571,297.011428571,307.6,294.2,66.0,93.0,110.0,18.6857142857,9.08571428571,27.5666666667,8.9,32.2,22.8,121.2,35,17.84,18.8657142857,16.6814285714,16.26,296.25,297.09,295.2,294.668571429,95.1257142857,94.9685714286,95.28,78.67,298.342857143,299.478571429,296.535714286,300.535714286,27.5,27.4333333333,25.8,28.275,0.2779714,0.1882286,0.4449333,0.1914714,0.3249286,0.2208286,0.27585,0.1554143,0.2219143,0.2332429,0.3569,0.1760143,0.2956714,0.1699714,0.4697286,0.1872429,102.59,95.97,71.84,19.95,18.463809523800002,18.0182142857,299.2642857143333,298.58214285725,27.5,27.075,94.36476190476667,94.59357142857499,0.27271666666666666,0.315770825,0.3054428666666667,0.29804465,0.2563190666666666,0.28146429999999995,0.28953806666666654,0.3345857,102.85333333333335,95.10000000000001,0.5680647467311558,0.8229838658936564,3.58351893845611
iq,2008,6,2008-02-05,0.2256429,0.17075,0.1981,0.1860714,38.72,299.49,300.764285714,294.628571429,308.4,293.5,28.0,78.1314285714,38.72,16.2842857143,11.5571428571,27.8666666667,11.1,34.5,20.5,5.1,37,18.6857142857,17.84,18.8657142857,16.6814285714,297.011428571,296.25,297.09,295.2,93.0,95.1257142857,94.9685714286,95.28,299.971428571,298.342857143,299.478571429,296.535714286,27.5666666667,27.5,27.4333333333,25.8,0.35195,0.2779714,0.1882286,0.4449333,0.3705714,0.3249286,0.2208286,0.27585,0.3138,0.2219143,0.2332429,0.3569,0.4029714,0.2956714,0.1699714,0.4697286,110.0,102.59,95.97,71.84,17.603333333333335,17.918928571425,299.69285714266664,299.63928571425,27.644444444466668,27.591666666675,88.75238095236666,90.306428571425,0.2851881,0.260948225,0.28875,0.27176965000000003,0.24460476666666656,0.24176429999999993,0.29490473333333317,0.2636714,83.77000000000002,86.82,0.6631226582407952,0.7485107481711011,3.6375861597263857
iq,2008,7,2008-02-12,0.1739429,0.1989167,0.1684286,0.1734286,47.23,297.77,299.171428571,296.922857143,306.0,294.8,103.22,95.7071428571,47.23,18.5571428571,6.71428571429,26.6,8.03333333333,31.7,22.1,9.2,20,16.2842857143,18.6857142857,17.84,18.8657142857,294.628571429,297.011428571,296.25,297.09,78.1314285714,93.0,95.1257142857,94.9685714286,300.764285714,299.971428571,298.342857143,299.478571429,27.8666666667,27.5666666667,27.5,27.4333333333,0.2256429,0.35195,0.2779714,0.1882286,0.17075,0.3705714,0.3249286,0.2208286,0.1981,0.3138,0.2219143,0.2332429,0.1860714,0.4029714,0.2956714,0.1699714,38.72,110.0,102.59,95.97,17.842380952366668,17.841785714275,299.96904761866665,299.56249999975,27.34444444446667,27.383333333350002,88.94619047616668,90.49107142855,0.2505119333333334,0.2573768,0.24674603333333334,0.26629167500000006,0.2267761999999999,0.22556072499999993,0.25415713333333323,0.2645357,65.31666666666669,74.635,0.7485107481711011,0.6631226582407953,3.044522437723423
iq,2008,8,2008-02-19,0.24095,0.2236,0.1620429,0.1874429,122.64,297.095714286,298.321428571,295.608571429,304.1,292.9,33.9,92.37,122.64,17.13,7.61428571429,28.0,10.8,33.4,22.0,115.3,29,18.5571428571,16.2842857143,18.6857142857,17.84,296.922857143,294.628571429,297.011428571,296.25,95.7071428571,78.1314285714,93.0,95.1257142857,299.171428571,300.764285714,299.971428571,298.342857143,26.6,27.8666666667,27.5666666667,27.5,0.1739429,0.2256429,0.35195,0.2779714,0.1989167,0.17075,0.3705714,0.3249286,0.1684286,0.1981,0.3138,0.2219143,0.1734286,0.1860714,0.4029714,0.2956714,47.23,38.72,110.0,102.59,17.323809523799998,17.664285714275,299.41904761866664,299.55714285675,27.488888888900004,27.508333333350002,88.73619047616667,89.802142857125,0.21351193333333338,0.24812145,0.1977555666666667,0.24095952500000004,0.17619049999999992,0.21059287499999993,0.18231429999999985,0.23747857499999997,69.53000000000002,79.6475,0.8229838658936564,0.5680647467311559,3.4011973816621555
iq,2008,9,2008-02-26,0.3493143,0.2227286,0.2677286,0.3878714,101.33,296.964285714,297.721428571,296.381428571,302.3,294.1,70.83,96.9271428571,101.33,17.9471428571,5.41428571429,26.85,8.35,32.5,22.5,127.6,25,17.13,18.5571428571,16.2842857143,18.6857142857,295.608571429,296.922857143,294.628571429,297.011428571,92.37,95.7071428571,78.1314285714,93.0,298.321428571,299.171428571,300.764285714,299.971428571,28.0,26.6,27.8666666667,27.5666666667,0.24095,0.1739429,0.2256429,0.35195,0.2236,0.1989167,0.17075,0.3705714,0.1620429,0.1684286,0.1981,0.3138,0.1874429,0.1734286,0.1860714,0.4029714,122.64,47.23,38.72,110.0,17.878095238066667,17.479642857125,298.4047619043333,298.99464285675003,27.150000000000002,27.329166666675,95.00142857139998,90.7839285714,0.2547357333333334,0.24746252500000002,0.21508176666666667,0.20399882500000002,0.19940003333333323,0.19907502499999993,0.24958096666666651,0.23370357499999997,90.40000000000002,77.47999999999999,0.8854560256532099,0.4647231720437686,3.258096538021482
iq,2008,10,2008-03-04,0.1697429,0.1386667,0.1700571,0.2008429,210.83,297.754285714,299.335714286,295.52,307.9,293.3,39.1,88.9728571429,210.83,17.0642857143,8.95714285714,27.18,8.88,33.3,21.9,119.6,23,17.9471428571,17.13,18.5571428571,16.2842857143,296.381428571,295.608571429,296.922857143,294.628571429,96.9271428571,92.37,95.7071428571,78.1314285714,297.721428571,298.321428571,299.171428571,300.764285714,26.85,28.0,26.6,27.8666666667,0.3493143,0.24095,0.1739429,0.2256429,0.2227286,0.2236,0.1989167,0.17075,0.2677286,0.1620429,0.1684286,0.1981,0.3878714,0.1874429,0.1734286,0.1860714,101.33,122.64,47.23,38.72,17.380476190466666,17.674642857125,298.45952380933335,298.63749999975,27.343333333333334,27.157500000000002,92.75666666666666,93.494285714275,0.2533357333333334,0.23348752500000003,0.19499843333333333,0.195978,0.19994286666666658,0.1920642999999999,0.25871906666666655,0.23739644999999998,144.93333333333337,120.50750000000001,0.9350162426854148,0.35460488704253557,3.1780538303479458
iq,2008,11,2008-03-11,0.1292429,0.1729571,0.1260286,0.1506571,96.05,298.017142857,299.592857143,295.9,305.5,293.0,32.17,89.2685714286,96.05,17.5057142857,9.01428571429,26.25,7.8,33.2,22.2,64.4,9,17.0642857143,17.9471428571,17.13,18.5571428571,295.52,296.381428571,295.608571429,296.922857143,88.9728571429,96.9271428571,92.37,95.7071428571,299.335714286,297.721428571,298.321428571,299.171428571,27.18,26.85,28.0,26.6,0.1697429,0.3493143,0.24095,0.1739429,0.1386667,0.2227286,0.2236,0.1989167,0.1700571,0.2677286,0.1620429,0.1684286,0.2008429,0.3878714,0.1874429,0.1734286,210.83,101.33,122.64,47.23,17.5057142857,17.411785714275,298.88333333333327,298.74285714275,26.76,27.07,91.72285714286666,91.88464285715,0.21610003333333339,0.222312525,0.17811746666666664,0.18948810000000002,0.18793809999999989,0.18146429999999994,0.2464571333333332,0.231703575,136.07000000000002,132.7125,0.970941817426052,0.23931566428755804,2.302585092994046
iq,2008,12,2008-03-18,0.2383333,0.2327286,0.1239429,0.2000714,91.87,296.755714286,297.992857143,295.475714286,305.0,293.3,90.5,93.4514285714,91.87,16.9971428571,7.21428571429,26.575,8.033333333335,31.7,22.0,100.9,3,17.5057142857,17.0642857143,17.9471428571,17.13,295.9,295.52,296.381428571,295.608571429,89.2685714286,88.9728571429,96.9271428571,92.37,299.592857143,299.335714286,297.721428571,298.321428571,26.25,27.18,26.85,28.0,0.1292429,0.1697429,0.3493143,0.24095,0.1729571,0.1386667,0.2227286,0.2236,0.1260286,0.1700571,0.2677286,0.1620429,0.1506571,0.2008429,0.3878714,0.1874429,96.05,210.83,101.33,122.64,17.189047619033335,17.37857142855,298.973809524,298.66071428575,26.668333333333333,26.713749999999997,90.56428571430001,92.155,0.1791063666666667,0.22165835,0.18145080000000002,0.19177025000000003,0.14000953333333324,0.17193929999999993,0.1838571333333332,0.23486069999999998,132.91666666666669,125.02000000000001,0.992708874098054,0.120536680255323,1.3862943611198906
iq,2008,13,2008-03-25,0.3366,0.3042143,0.3229,0.3773143,62.13,297.094285714,297.992857143,295.948571429,303.7,293.1,53.36,94.0742857143,62.13,17.5071428571,6.55714285714,26.9,8.26666666667,31.7,22.6,282.7,6,16.9971428571,17.5057142857,17.0642857143,17.9471428571,295.475714286,295.9,295.52,296.381428571,93.4514285714,89.2685714286,88.9728571429,96.9271428571,297.992857143,299.592857143,299.335714286,297.721428571,26.575,26.25,27.18,26.85,0.2383333,0.1292429,0.1697429,0.3493143,0.2327286,0.1729571,0.1386667,0.2227286,0.1239429,0.1260286,0.1700571,0.2677286,0.2000714,0.1506571,0.2008429,0.3878714,91.87,96.05,210.83,101.33,17.336666666633334,17.268571428549997,298.52619047633334,298.72857142875,26.575,26.72625,92.26476190476667,91.44178571430001,0.2347254,0.218479775,0.23663333333333333,0.21214167500000003,0.1909571666666666,0.18573214999999993,0.24268093333333318,0.23222142499999998,83.35000000000002,115.22000000000001,1.0,-1.6081226496766364e-16,1.9459101490553132
iq,2008,14,2008-04-01,0.2700833,0.1902714,0.1906571,0.2151571,107.0,297.694285714,298.842857143,295.854285714,305.4,293.7,24.9,90.9571428571,107.0,17.4214285714,8.6,27.8666666667,9.0,33.4,22.5,21.1,6,17.5071428571,16.9971428571,17.5057142857,17.0642857143,295.948571429,295.475714286,295.9,295.52,94.0742857143,93.4514285714,89.2685714286,88.9728571429,297.992857143,297.992857143,299.592857143,299.335714286,26.9,26.575,26.25,27.18,0.3366,0.2383333,0.1292429,0.1697429,0.3042143,0.2327286,0.1729571,0.1386667,0.3229,0.1239429,0.1260286,0.1700571,0.3773143,0.2000714,0.1506571,0.2008429,62.13,91.87,96.05,210.83,17.30857142853333,17.357857142824997,298.27619047633334,298.605357143,27.113888888899996,26.897916666675,92.82761904759998,91.93785714284999,0.28167220000000004,0.24356487500000001,0.24240476666666666,0.22504285000000002,0.2124999999999999,0.19088214999999994,0.2641809333333332,0.235799975,87.00000000000001,89.2625,0.992708874098054,-0.12053668025532288,1.9459101490553132
iq,2008,15,2008-04-08,0.2843571,0.3536714,0.3217857,0.3028286,71.45,297.537142857,298.9,296.632857143,306.1,292.8,99.96,95.1571428571,71.45,18.3157142857,7.4,28.3,9.0,32.8,21.0,53.1,3,17.4214285714,17.5071428571,16.9971428571,17.5057142857,295.854285714,295.948571429,295.475714286,295.9,90.9571428571,94.0742857143,93.4514285714,89.2685714286,298.842857143,297.992857143,297.992857143,299.592857143,27.8666666667,26.9,26.575,26.25,0.2700833,0.3366,0.2383333,0.1292429,0.1902714,0.3042143,0.2327286,0.1729571,0.1906571,0.3229,0.1239429,0.1260286,0.2151571,0.3773143,0.2000714,0.1506571,107.0,62.13,91.87,96.05,17.748095238066668,17.560357142825,298.57857142866663,298.43214285725,27.6888888889,27.410416666674998,93.39619047616667,93.409999999975,0.29701346666666667,0.282343425,0.2827190333333333,0.270221425,0.2784475999999999,0.23982142499999995,0.29843333333333316,0.27384285,80.19333333333334,83.1125,0.9709418174260521,-0.2393156642875575,1.3862943611198906
iq,2008,16,2008-04-15,0.3026143,0.2446714,0.2963143,0.3287571,79.74,297.447142857,298.664285714,295.935714286,305.5,293.8,45.96,92.1242857143,79.74,17.5042857143,7.78571428571,26.8,8.1,33.6,21.7,61.0,1,18.3157142857,17.4214285714,17.5071428571,16.9971428571,296.632857143,295.854285714,295.948571429,295.475714286,95.1571428571,90.9571428571,94.0742857143,93.4514285714,298.9,298.842857143,297.992857143,297.992857143,28.3,27.8666666667,26.9,26.575,0.2843571,0.2700833,0.3366,0.2383333,0.3536714,0.1902714,0.3042143,0.2327286,0.3217857,0.1906571,0.3229,0.1239429,0.3028286,0.2151571,0.3773143,0.2000714,71.45,107.0,62.13,91.87,17.747142857133337,17.687142857125,298.80238095233335,298.6,27.655555555566668,27.466666666675003,92.74619047616666,93.0782142857,0.2856849,0.298413675,0.26287140000000003,0.27320712500000005,0.2695856999999999,0.28291427499999994,0.2822475999999999,0.306014275,86.06333333333335,80.08,0.9350162426854148,-0.35460488704253545,0.6931471805599453
iq,2008,17,2008-04-22,0.2706,0.3713143,0.3442286,0.2830714,42.05,296.76,297.414285714,296.382857143,301.9,293.7,62.52,97.9714285714,42.05,17.9642857143,4.88571428571,26.65,7.7,33.0,21.6,85.9,3,17.5042857143,18.3157142857,17.4214285714,17.5071428571,295.935714286,296.632857143,295.854285714,295.948571429,92.1242857143,95.1571428571,90.9571428571,94.0742857143,298.664285714,298.9,298.842857143,297.992857143,26.8,28.3,27.8666666667,26.9,0.3026143,0.2843571,0.2700833,0.3366,0.2446714,0.3536714,0.1902714,0.3042143,0.2963143,0.3217857,0.1906571,0.3229,0.3287571,0.3028286,0.2151571,0.3773143,79.74,71.45,107.0,62.13,17.928095238100003,17.801428571425,298.326190476,298.45535714275,27.25,27.404166666675,95.08428571426667,94.052499999975,0.28585713333333335,0.281913675,0.32321903333333335,0.28998212500000003,0.32077619999999984,0.288246425,0.30488569999999987,0.28245355,64.41333333333336,75.06,0.8854560256532099,-0.4647231720437685,1.3862943611198906
iq,2008,18,2008-04-29,0.06172857,0.1339,0.09471429,0.1178429,42.12,298.072857143,299.414285714,296.741428571,306.3,293.1,115.99,93.6628571429,42.12,18.3985714286,8.68571428571,27.8666666667,8.0,32.5,22.7,31.2,1,17.9642857143,17.5042857143,18.3157142857,17.4214285714,296.382857143,295.935714286,296.632857143,295.854285714,97.9714285714,92.1242857143,95.1571428571,90.9571428571,297.414285714,298.664285714,298.9,298.842857143,26.65,26.8,28.3,27.8666666667,0.2706,0.3026143,0.2843571,0.2700833,0.3713143,0.2446714,0.3536714,0.1902714,0.3442286,0.2963143,0.3217857,0.1906571,0.2830714,0.3287571,0.3028286,0.2151571,42.05,79.74,71.45,107.0,17.955714285733333,18.045714285725,298.49761904733333,298.59821428550003,27.105555555566667,27.404166666675,94.5861904762,94.72892857142499,0.2116476233333334,0.2298249925,0.2499619,0.27588927500000004,0.2450857299999999,0.26426072249999993,0.24322379999999985,0.258125,54.636666666666684,58.839999999999996,0.8229838658936565,-0.5680647467311557,0.6931471805599453
iq,2008,19,2008-05-06,0.1361571,0.1631571,0.1391571,0.1345571,50.5,295.975714286,296.871428571,294.665714286,304.5,290.6,47.1,93.1585714286,50.5,16.18,6.97142857143,26.6,8.96666666667,32.4,20.6,18.0,1,18.3985714286,17.9642857143,17.5042857143,18.3157142857,296.741428571,296.382857143,295.935714286,296.632857143,93.6628571429,97.9714285714,92.1242857143,95.1571428571,299.414285714,297.414285714,298.664285714,298.9,27.8666666667,26.65,26.8,28.3,0.06172857,0.2706,0.3026143,0.2843571,0.1339,0.3713143,0.2446714,0.3536714,0.09471429,0.3442286,0.2963143,0.3217857,0.1178429,0.2830714,0.3287571,0.3028286,42.12,42.05,79.74,71.45,17.5142857143,17.5117857143,297.8999999996667,298.09107142825,27.0388888889,26.979166666675,94.93095238096667,94.22928571429999,0.15616189000000005,0.19277499250000002,0.22279046666666666,0.2282607,0.19269999666666657,0.21860357249999995,0.17849046666666654,0.216057125,44.890000000000015,53.60249999999999,0.7485107481711013,-0.663122658240795,0.6931471805599453
iq,2008,20,2008-05-13,0.1963857,0.29632,0.2641571,0.2255857,30.08,294.85,295.421428571,293.244285714,304.4,288.5,18.08,91.5042857143,30.08,14.78,7.38571428571,26.1666666667,7.9,31.0,18.0,6.1,0,16.18,18.3985714286,17.9642857143,17.5042857143,294.665714286,296.741428571,296.382857143,295.935714286,93.1585714286,93.6628571429,97.9714285714,92.1242857143,296.871428571,299.414285714,297.414285714,298.664285714,26.6,27.8666666667,26.65,26.8,0.1361571,0.06172857,0.2706,0.3026143,0.1631571,0.1339,0.3713143,0.2446714,0.1391571,0.09471429,0.3442286,0.2963143,0.1345571,0.1178429,0.2830714,0.3287571,50.5,42.12,42.05,79.74,16.452857142866666,16.830714285725,297.23571428533336,297.2803571425,26.877777777800002,26.82083333335,92.77523809526667,94.07428571429999,0.13142379000000004,0.1662178425,0.19779236666666666,0.24117285000000002,0.16600949666666656,0.21056427249999995,0.15932856666666653,0.190264275,40.90000000000001,41.1875,0.6631226582407952,-0.7485107481711012,0.0
iq,2008,21,2008-05-20,0.2210167,0.2353167,0.1804429,0.1994714,45.69,296.268571429,296.935714286,295.638571429,303.4,291.7,59.4,96.6214285714,45.69,17.1442857143,5.95714285714,26.35,8.85,31.5,21.4,58.2,2,14.78,16.18,18.3985714286,17.9642857143,293.244285714,294.665714286,296.741428571,296.382857143,91.5042857143,93.1585714286,93.6628571429,97.9714285714,295.421428571,296.871428571,299.414285714,297.414285714,26.1666666667,26.6,27.8666666667,26.65,0.1963857,0.1361571,0.06172857,0.2706,0.29632,0.1631571,0.1339,0.3713143,0.2641571,0.1391571,0.09471429,0.3442286,0.2255857,0.1345571,0.1178429,0.2830714,30.08,50.5,42.12,42.05,16.03476190476667,16.625714285725,296.40952380933334,297.16071428550003,26.372222222233333,26.74583333335,93.76142857143333,93.7367857143,0.1845198333333334,0.15382201750000002,0.23159793333333334,0.20717345000000004,0.19458569999999986,0.16961784749999995,0.1865380666666665,0.169364275,42.09000000000001,42.0975,0.5680647467311558,-0.8229838658936564,1.0986122886681096
iq,2008,22,2008-05-27,0.12245,0.1571,0.086,0.1033143,72.04,296.741428571,297.692857143,295.994285714,304.1,293.8,134.66,96.0257142857,72.04,17.52,5.75714285714,27.2,9.2,32.3,21.7,76.1,1,17.1442857143,14.78,16.18,18.3985714286,295.638571429,293.244285714,294.665714286,296.741428571,96.6214285714,91.5042857143,93.1585714286,93.6628571429,296.935714286,295.421428571,296.871428571,299.414285714,26.35,26.1666666667,26.6,27.8666666667,0.2210167,0.1963857,0.1361571,0.06172857,0.2353167,0.29632,0.1631571,0.1339,0.1804429,0.2641571,0.1391571,0.09471429,0.1994714,0.2255857,0.1345571,0.1178429,45.69,30.08,50.5,42.12,16.481428571433334,16.406071428575,296.68333333333334,296.73035714275,26.572222222233336,26.579166666675,94.71714285713334,94.3275,0.17995080000000005,0.169002375,0.2295789,0.21297345,0.17686666666666653,0.16743927499999994,0.17612379999999983,0.165732125,49.27000000000002,49.5775,0.46472317204376906,-0.8854560256532096,0.6931471805599453
iq,2008,23,2008-06-03,0.1951857,0.1577143,0.1844286,0.1336143,30.09,296.4,297.357142857,295.21,304.4,292.2,73.01,93.9828571429,30.09,16.7114285714,6.77142857143,26.9,7.55,31.1,20.4,13.6,1,17.52,17.1442857143,14.78,16.18,295.994285714,295.638571429,293.244285714,294.665714286,96.0257142857,96.6214285714,91.5042857143,93.1585714286,297.692857143,296.935714286,295.421428571,296.871428571,27.2,26.35,26.1666666667,26.6,0.12245,0.2210167,0.1963857,0.1361571,0.1571,0.2353167,0.29632,0.1631571,0.086,0.1804429,0.2641571,0.1391571,0.1033143,0.1994714,0.2255857,0.1345571,72.04,45.69,30.08,50.5,17.125238095233332,16.538928571425,297.3285714286667,296.85178571425,26.816666666666666,26.654166666675003,95.54333333333334,94.533571428575,0.17955080000000004,0.183759525,0.18337699999999998,0.21161275000000002,0.15029049999999988,0.17875714999999992,0.14546666666666652,0.16549642499999997,49.27333333333336,44.475,0.35460488704253584,-0.9350162426854147,0.6931471805599453
iq,2008,24,2008-06-10,0.2937429,0.2643667,0.2466286,0.2919571,13.27,296.187142857,297.364285714,293.891428571,305.8,288.2,12.9,88.81,13.27,15.3757142857,9.3,26.857142857142858,7.867857142857143,31.28571428571429,17.8,6.4,0,16.7114285714,17.52,17.1442857143,14.78,295.21,295.994285714,295.638571429,293.244285714,93.9828571429,96.0257142857,96.6214285714,91.5042857143,297.357142857,297.692857143,296.935714286,295.421428571,26.9,27.2,26.35,26.1666666667,0.1951857,0.12245,0.2210167,0.1963857,0.1577143,0.1571,0.2353167,0.29632,0.1844286,0.086,0.1804429,0.2641571,0.1336143,0.1033143,0.1994714,0.2255857,30.09,72.04,45.69,30.08,16.5357142857,16.68785714285,297.4714285713333,297.3375,26.985714285714284,26.826785714285712,92.93952380953334,93.86,0.2037928666666667,0.208098825,0.1930603333333333,0.20362442500000003,0.17235239999999988,0.17437502499999993,0.1762952333333332,0.182089275,38.46666666666669,40.27250000000001,0.23931566428755768,-0.970941817426052,0.0
iq,2008,25,2008-06-17,0.2240286,0.1754714,0.2656571,0.2452143,111.18,296.742857143,297.65,295.934285714,304.4,293.8,57.87,95.86,111.18,17.4471428571,6.95714285714,26.814285714285713,8.185714285714285,31.47142857142857,21.0,79.8,0,15.3757142857,16.7114285714,17.52,17.1442857143,293.891428571,295.21,295.994285714,295.638571429,88.81,93.9828571429,96.0257142857,96.6214285714,297.364285714,297.357142857,297.692857143,296.935714286,26.857142857142858,26.9,27.2,26.35,0.2937429,0.1951857,0.12245,0.2210167,0.2643667,0.1577143,0.1571,0.2353167,0.2466286,0.1844286,0.086,0.1804429,0.2919571,0.1336143,0.1033143,0.1994714,13.27,30.09,72.04,45.69,16.511428571400003,16.76357142855,297.45714285699995,297.5160714285,26.857142857142858,26.942857142857143,92.88428571429999,93.66964285715,0.2376524,0.20885179999999998,0.19918413333333332,0.18866310000000003,0.23223809999999986,0.19567857499999994,0.2235952333333332,0.193525,51.51333333333336,56.64500000000001,0.12053668025532308,-0.992708874098054,0.0
iq,2008,26,2008-06-24,0.1970429,0.2779833,0.2139429,0.2656143,89.88,296.458571429,297.25,295.192857143,304.8,291.2,61.8,93.7957142857,89.88,16.7128571429,7.38571428571,26.771428571428572,8.503571428571428,31.65714285714286,18.0,93.5,1,17.4471428571,15.3757142857,16.7114285714,17.52,295.934285714,293.891428571,295.21,295.994285714,95.86,88.81,93.9828571429,96.0257142857,297.65,297.364285714,297.357142857,297.692857143,26.814285714285713,26.857142857142858,26.9,27.2,0.2240286,0.2937429,0.1951857,0.12245,0.1754714,0.2643667,0.1577143,0.1571,0.2656571,0.2466286,0.1844286,0.086,0.2452143,0.2919571,0.1336143,0.1033143,111.18,13.27,30.09,72.04,16.511904761900002,16.561785714275,297.4214285713333,297.40535714274995,26.814285714285717,26.835714285714285,92.82190476189999,93.11214285715,0.23827146666666668,0.227500025,0.2392738,0.21888392500000003,0.24207619999999988,0.22766429999999993,0.2675952333333332,0.2341,71.44333333333334,61.105000000000004,-3.216245299353273e-16,-1.0,0.6931471805599453
iq,2008,27,2008-07-01,0.3048286,0.2336714,0.2489143,0.2558143,0.0,296.542857143,297.807142857,293.83,304.9,290.7,9.4,86.5242857143,0.0,15.2857142857,9.44285714286,26.728571428571428,8.821428571428571,31.84285714285714,20.8,1.3,0,16.7128571429,17.4471428571,15.3757142857,16.7114285714,295.192857143,295.934285714,293.891428571,295.21,93.7957142857,95.86,88.81,93.9828571429,297.25,297.65,297.364285714,297.357142857,26.771428571428572,26.814285714285713,26.857142857142858,26.9,0.1970429,0.2240286,0.2937429,0.1951857,0.2779833,0.1754714,0.2643667,0.1577143,0.2139429,0.2656571,0.2466286,0.1844286,0.2656143,0.2452143,0.2919571,0.1336143,89.88,111.18,13.27,30.09,16.4819047619,16.205357142849998,297.569047619,297.51785714275,26.771428571428572,26.792857142857144,92.06,91.2475,0.2419667,0.25491074999999996,0.2290420333333333,0.2378732,0.24283809999999986,0.24378572499999993,0.2555476333333332,0.26465,67.02000000000002,53.582499999999996,-0.12053668025532283,-0.992708874098054,0.0
iq,2008,28,2008-07-08,0.15385,0.1495857,0.3294429,0.1328857,0.0,296.545714286,297.478571429,293.594285714,305.9,290.5,7.47,85.6557142857,0.0,15.08,9.27142857143,26.685714285714287,9.139285714285714,32.028571428571425,21.0,0.0,3,15.2857142857,16.7128571429,17.4471428571,15.3757142857,293.83,295.192857143,295.934285714,293.891428571,86.5242857143,93.7957142857,95.86,88.81,297.807142857,297.25,297.65,297.364285714,26.728571428571428,26.771428571428572,26.814285714285713,26.857142857142858,0.3048286,0.1970429,0.2240286,0.2937429,0.2336714,0.2779833,0.1754714,0.2643667,0.2489143,0.2139429,0.2656571,0.2466286,0.2558143,0.2656143,0.2452143,0.2919571,0.0,89.88,111.18,13.27,15.69285714286667,16.131428571424998,297.51190476200003,297.5464285715,26.728571428571428,26.75,88.65857142856667,90.458928571425,0.21857383333333336,0.219937525,0.2204134666666667,0.20917795000000003,0.2641000333333332,0.2644892999999999,0.21810476666666653,0.22488215,29.96000000000002,50.265,-0.23931566428755743,-0.9709418174260521,1.3862943611198906
iq,2008,29,2008-07-15,0.2323857,0.2139571,0.2203,0.1984286,62.84,296.078571429,297.407142857,294.691428571,304.6,291.8,27.33,93.0557142857,62.84,16.1428571429,8.44285714286,26.642857142857142,9.457142857142857,32.214285714285715,21.0,44.2,3,15.08,15.2857142857,16.7128571429,17.4471428571,293.594285714,293.83,295.192857143,295.934285714,85.6557142857,86.5242857143,93.7957142857,95.86,297.478571429,297.807142857,297.25,297.65,26.685714285714287,26.728571428571428,26.771428571428572,26.814285714285713,0.15385,0.3048286,0.1970429,0.2240286,0.1495857,0.2336714,0.2779833,0.1754714,0.3294429,0.2489143,0.2139429,0.2656571,0.1328857,0.2558143,0.2656143,0.2452143,0.0,0.0,89.88,111.18,15.502857142866668,15.805357142875,297.5642857143333,297.48571428574996,26.685714285714283,26.707142857142856,88.4119047619,89.75785714285,0.23035476666666668,0.2220268,0.1990714,0.21879937500000002,0.26621906666666656,0.25315002499999995,0.19570953333333319,0.21318572500000002,20.946666666666687,38.18,-0.3546048870425356,-0.9350162426854148,1.3862943611198906
iq,2008,30,2008-07-22,0.3270167,0.2091167,0.2837667,0.30955,52.36,296.545714286,297.314285714,295.002857143,306.8,287.8,47.59,92.7771428571,52.36,16.5828571429,8.6,26.6,9.775,32.4,20.8,18.1,1,16.1428571429,15.08,15.2857142857,16.7128571429,294.691428571,293.594285714,293.83,295.192857143,93.0557142857,85.6557142857,86.5242857143,93.7957142857,297.407142857,297.478571429,297.807142857,297.25,26.642857142857142,26.685714285714287,26.728571428571428,26.771428571428572,0.2323857,0.15385,0.3048286,0.1970429,0.2139571,0.1495857,0.2336714,0.2779833,0.2203,0.3294429,0.2489143,0.2139429,0.1984286,0.1328857,0.2558143,0.2656143,62.84,0.0,0.0,89.88,15.93523809526667,15.772857142875,297.4,297.50178571425,26.642857142857142,26.664285714285715,90.49619047616666,89.50321428570001,0.23775080000000004,0.25452025,0.1908865,0.20158272500000002,0.2778365333333332,0.27060597499999994,0.2136214333333332,0.22416965,38.40000000000002,28.8,-0.46472317204376806,-0.8854560256532101,0.6931471805599453
iq,2008,31,2008-07-29,0.3548,0.34655,0.2674167,0.3921167,44.63,297.044285714,298.5,295.37,307.5,292.9,39.0,92.0485714286,44.63,16.8728571429,9.77142857143,26.68,11.24,33.4,20.6,36.4,5,16.5828571429,16.1428571429,15.08,15.2857142857,295.002857143,294.691428571,293.594285714,293.83,92.7771428571,93.0557142857,85.6557142857,86.5242857143,297.314285714,297.407142857,297.478571429,297.807142857,26.6,26.642857142857142,26.685714285714287,26.728571428571428,0.3270167,0.2323857,0.15385,0.3048286,0.2091167,0.2139571,0.1495857,0.2336714,0.2837667,0.2203,0.3294429,0.2489143,0.30955,0.1984286,0.1328857,0.2558143,52.36,62.84,0.0,0.0,16.532857142900003,16.169642857175,297.7404761903333,297.675,26.64095238095238,26.652142857142856,92.62714285713334,90.88428571427501,0.3047341333333334,0.2670131,0.25654126666666666,0.22980237500000003,0.25716113333333324,0.27523157499999995,0.30003176666666653,0.25824525,53.27666666666669,39.9575,-0.5680647467311556,-0.8229838658936565,1.791759469228055
iq,2008,32,2008-08-05,0.2002,0.2513857,0.2113429,0.1997286,32.45,297.31,298.571428571,295.505714286,307.4,292.6,143.35,91.0928571429,32.45,17.0571428571,9.74285714286,27.4,12.1,34.2,18.5,18.1,2,16.8728571429,16.5828571429,16.1428571429,15.08,295.37,295.002857143,294.691428571,293.594285714,92.0485714286,92.7771428571,93.0557142857,85.6557142857,298.5,297.314285714,297.407142857,297.478571429,26.68,26.6,26.642857142857142,26.685714285714287,0.3548,0.3270167,0.2323857,0.15385,0.34655,0.2091167,0.2139571,0.1495857,0.2674167,0.2837667,0.2203,0.3294429,0.3921167,0.30955,0.1984286,0.1328857,44.63,52.36,62.84,0.0,16.837619047633336,16.66392857145,298.1285714283333,297.9482142855,26.893333333333334,26.830714285714286,91.97285714286666,92.243571428575,0.2940055666666667,0.2786006,0.26901746666666665,0.25525237500000003,0.25417543333333326,0.24570657499999993,0.3004650999999999,0.274955975,43.14666666666668,48.07,-0.663122658240795,-0.7485107481711013,1.0986122886681096
iq,2008,33,2008-08-12,0.4303714,0.4330143,0.4369143,0.4657286,26.03,297.214285714,298.5,295.347142857,305.6,292.7,39.69,90.7271428571,26.03,16.8471428571,9.34285714286,27.9,11.225,34.8,19.8,11.0,5,17.0571428571,16.8728571429,16.5828571429,16.1428571429,295.505714286,295.37,295.002857143,294.691428571,91.0928571429,92.0485714286,92.7771428571,93.0557142857,298.571428571,298.5,297.314285714,297.407142857,27.4,26.68,26.6,26.642857142857142,0.2002,0.3548,0.3270167,0.2323857,0.2513857,0.34655,0.2091167,0.2139571,0.2113429,0.2674167,0.2837667,0.2203,0.1997286,0.3921167,0.30955,0.1984286,32.45,44.63,52.36,62.84,16.9257142857,16.84,298.52380952366667,298.22142857125,27.326666666666664,27.145000000000003,91.28952380953335,91.661428571425,0.3284571333333334,0.328097025,0.34365,0.310016675,0.3052246333333332,0.29986014999999994,0.35252463333333317,0.34178097500000004,34.370000000000026,38.8675,-0.7485107481711011,-0.6631226582407952,1.791759469228055
iq,2008,34,2008-08-19,0.2833,0.3044714,0.2744571,0.3805,12.88,299.228571429,300.307142857,294.418571429,310.2,291.8,33.0,78.2771428571,12.88,15.9985714286,13.5571428571,28.0,14.075,38.6,19.2,7.9,5,16.8471428571,17.0571428571,16.8728571429,16.5828571429,295.347142857,295.505714286,295.37,295.002857143,90.7271428571,91.0928571429,92.0485714286,92.7771428571,298.5,298.571428571,298.5,297.314285714,27.9,27.4,26.68,26.6,0.4303714,0.2002,0.3548,0.3270167,0.4330143,0.2513857,0.34655,0.2091167,0.4369143,0.2113429,0.2674167,0.2837667,0.4657286,0.1997286,0.3921167,0.30955,26.03,32.45,44.63,52.36,16.63428571426667,16.693928571425,299.126190476,298.969642857,27.766666666666666,27.494999999999997,86.69904761903335,88.036428571425,0.30462380000000006,0.31716785000000003,0.3296238,0.33385535,0.3075714333333332,0.29753274999999996,0.3486523999999999,0.359518475,23.786666666666687,28.997500000000002,-0.8229838658936564,-0.5680647467311559,1.791759469228055
iq,2008,35,2008-08-26,0.3181857,0.3197667,0.3081714,0.3236,58.2,298.574285714,300.142857143,295.092857143,310.4,292.7,37.0,84.4914285714,58.2,16.6528571429,10.7428571429,27.8333333333,12.5333333333,35.1,20.4,44.0,5,15.9985714286,16.8471428571,17.0571428571,16.8728571429,294.418571429,295.347142857,295.505714286,295.37,78.2771428571,90.7271428571,91.0928571429,92.0485714286,300.307142857,298.5,298.571428571,298.5,28.0,27.9,27.4,26.68,0.2833,0.4303714,0.2002,0.3548,0.3044714,0.4330143,0.2513857,0.34655,0.2744571,0.4369143,0.2113429,0.2674167,0.3805,0.4657286,0.1997286,0.3921167,12.88,26.03,32.45,44.63,16.49952380953334,16.638928571424998,299.65,299.38035714275,27.9111111111,27.783333333324997,84.49857142853334,86.147142857125,0.3439523666666668,0.308014275,0.3524174666666667,0.327159525,0.33984759999999986,0.30772142499999994,0.3899428666666665,0.3423893,32.370000000000026,32.39,-0.8854560256532096,-0.4647231720437691,1.791759469228055
iq,2008,36,2008-09-02,0.3398,0.3691,0.2888,0.3092333,34.59,298.531428571,300.071428571,294.861428571,309.3,293.2,29.0,83.05,34.59,16.4657142857,10.6571428571,27.35,13.225,36.2,20.4,8.1,9,16.6528571429,15.9985714286,16.8471428571,17.0571428571,295.092857143,294.418571429,295.347142857,295.505714286,84.4914285714,78.2771428571,90.7271428571,91.0928571429,300.142857143,300.307142857,298.5,298.571428571,27.8333333333,28.0,27.9,27.4,0.3181857,0.2833,0.4303714,0.2002,0.3197667,0.3044714,0.4330143,0.2513857,0.3081714,0.2744571,0.4369143,0.2113429,0.3236,0.3805,0.4657286,0.1997286,58.2,12.88,26.03,32.45,16.372380952400004,16.491071428574998,300.1738095236667,299.75535714275,27.727777777766665,27.770833333325,81.93952380949999,84.1364285714,0.31376190000000004,0.34291427500000005,0.3311127,0.3565881000000001,0.29047616666666654,0.3270856999999999,0.33777776666666653,0.369765475,35.22333333333336,32.925,-0.9350162426854147,-0.3546048870425359,2.302585092994046
iq,2008,37,2008-09-09,0.2319,0.27625,0.2612,0.2327833,86.14,296.921428571,298.242857143,295.484285714,305.9,293.4,59.1,92.6528571429,86.14,17.03,7.68571428571,27.9666666667,12.5833333333,36.2,20.8,16.5,17,16.4657142857,16.6528571429,15.9985714286,16.8471428571,294.861428571,295.092857143,294.418571429,295.347142857,83.05,84.4914285714,78.2771428571,90.7271428571,300.071428571,300.142857143,300.307142857,298.5,27.35,27.8333333333,28.0,27.9,0.3398,0.3181857,0.2833,0.4303714,0.3691,0.3197667,0.3044714,0.4330143,0.2888,0.3081714,0.2744571,0.4369143,0.3092333,0.3236,0.3805,0.4657286,34.59,58.2,12.88,26.03,16.7161904762,16.5367857143,299.4857142856667,299.6910714285,27.71666666666667,27.787499999999998,86.73142857143334,84.61785714285,0.2966285666666667,0.29329642499999997,0.32170556666666666,0.317397025,0.2860571333333332,0.2831571249999999,0.2885388666666665,0.31152915000000003,59.64333333333335,47.9525,-0.970941817426052,-0.23931566428755774,2.8903717578961645
iq,2008,38,2008-09-16,0.2168,0.2773333,0.2089333,0.3362667,65.43,297.588571429,298.428571429,295.307142857,306.7,292.1,53.5,88.5257142857,65.43,16.8185714286,8.57142857143,27.8,11.6,35.6,20.7,50.1,19,17.03,16.4657142857,16.6528571429,15.9985714286,295.484285714,294.861428571,295.092857143,294.418571429,92.6528571429,83.05,84.4914285714,78.2771428571,298.242857143,300.071428571,300.142857143,300.307142857,27.9666666667,27.35,27.8333333333,28.0,0.2319,0.3398,0.3181857,0.2833,0.27625,0.3691,0.3197667,0.3044714,0.2612,0.2888,0.3081714,0.2744571,0.2327833,0.3092333,0.3236,0.3805,86.14,34.59,58.2,12.88,16.771428571433336,16.7417857143,298.91428571433335,299.2214285715,27.705555555566665,27.737500000000004,88.0761904762,87.18,0.26283333333333336,0.27667142499999997,0.3075611,0.31061250000000007,0.25297776666666655,0.26677617499999995,0.29276109999999983,0.300470825,62.05333333333335,61.09,-0.992708874098054,-0.12053668025532357,2.995732273553991
iq,2008,39,2008-09-23,0.41495,0.3634286,0.3224,0.4006857,61.38,297.66,298.621428571,295.49,309.3,292.7,63.27,90.1814285714,61.38,17.0471428571,8.15714285714,27.75,12.45,37.0,20.8,26.9,25,16.8185714286,17.03,16.4657142857,16.6528571429,295.307142857,295.484285714,294.861428571,295.092857143,88.5257142857,92.6528571429,83.05,84.4914285714,298.428571429,298.242857143,300.071428571,300.142857143,27.8,27.9666666667,27.35,27.8333333333,0.2168,0.2319,0.3398,0.3181857,0.2773333,0.27625,0.3691,0.3197667,0.2089333,0.2612,0.2888,0.3081714,0.3362667,0.2327833,0.3092333,0.3236,65.43,86.14,34.59,58.2,16.965238095233335,16.84035714285,298.430952381,298.8410714285,27.8388888889,27.716666666675003,90.45333333333333,88.6025,0.2878833333333333,0.3008625,0.30567063333333333,0.321527975,0.26417776666666654,0.27033332499999996,0.32324523333333316,0.31974224999999995,70.98333333333335,61.885000000000005,-1.0,-1.8369701987210297e-16,3.258096538021482
iq,2008,40,2008-09-30,0.3930857,0.3782714,0.3437,0.4048429,24.28,299.178571429,301.15,294.761428571,310.2,292.4,121.3,79.5028571429,24.28,16.3314285714,12.7857142857,28.89166666665,13.20833333335,36.0,19.6,1.0,45,17.0471428571,16.8185714286,17.03,16.4657142857,295.49,295.307142857,295.484285714,294.861428571,90.1814285714,88.5257142857,92.6528571429,83.05,298.621428571,298.428571429,298.242857143,300.071428571,27.75,27.8,27.9666666667,27.35,0.41495,0.2168,0.2319,0.3398,0.3634286,0.2773333,0.27625,0.3691,0.3224,0.2089333,0.2612,0.2888,0.4006857,0.3362667,0.2327833,0.3092333,61.38,65.43,86.14,34.59,16.73238095236667,16.806785714274998,299.40000000000003,299.11071428574996,28.147222222216666,28.1020833333375,86.07000000000001,87.715714285725,0.3416119,0.314183925,0.33967776666666666,0.32382082500000003,0.29167776666666656,0.28405832499999994,0.38059843333333315,0.34364465,50.36333333333335,59.3075,-0.992708874098054,0.1205366802553232,3.828641396489095
iq,2008,41,2008-10-07,0.1605571,0.1638714,0.1949333,0.2061143,69.47,300.101428571,301.407142857,295.361428571,310.4,294.0,53.9,78.4542857143,69.47,17.0185714286,12.0142857143,30.0333333333,13.9666666667,37.0,21.5,57.7,34,16.3314285714,17.0471428571,16.8185714286,17.03,294.761428571,295.49,295.307142857,295.484285714,79.5028571429,90.1814285714,88.5257142857,92.6528571429,301.15,298.621428571,298.428571429,298.242857143,28.89166666665,27.75,27.8,27.9666666667,0.3930857,0.41495,0.2168,0.2319,0.3782714,0.3634286,0.2773333,0.27625,0.3437,0.3224,0.2089333,0.2612,0.4048429,0.4006857,0.3362667,0.2327833,24.28,61.38,65.43,86.14,16.799047619033338,16.803928571424997,300.3928571426667,299.90178571424997,28.89166666665,28.6187499999875,82.71285714286667,84.16607142857501,0.32286426666666673,0.2963482,0.3018571333333333,0.29572617500000004,0.2870110999999999,0.26749164999999997,0.33721429999999986,0.3369774,51.710000000000015,55.14,-0.9709418174260521,0.23931566428755738,3.5553480614894135
iq,2008,42,2008-10-14,0.2882,0.2278571,0.2807571,0.3579714,69.39,298.35,299.9,295.915714286,310.5,292.7,67.9,88.8571428571,69.39,17.5271428571,9.97142857143,26.45,9.1,34.7,21.0,24.9,63,17.0185714286,16.3314285714,17.0471428571,16.8185714286,295.361428571,294.761428571,295.49,295.307142857,78.4542857143,79.5028571429,90.1814285714,88.5257142857,301.407142857,301.15,298.621428571,298.428571429,30.0333333333,28.89166666665,27.75,27.8,0.1605571,0.3930857,0.41495,0.2168,0.1638714,0.3782714,0.3634286,0.2773333,0.1949333,0.3437,0.3224,0.2089333,0.2061143,0.4048429,0.4006857,0.3362667,69.47,24.28,61.38,65.43,16.95904761903334,16.98107142855,300.81904761899995,300.269642857,28.45833333331667,28.281249999987498,82.27142857143333,84.248928571425,0.2806142666666667,0.3141982,0.25666663333333334,0.28335712500000004,0.2731301333333332,0.2854475999999999,0.3229761999999999,0.342403575,54.38000000000002,56.129999999999995,-0.9350162426854148,0.35460488704253557,4.1588830833596715
iq,2008,43,2008-10-21,0.3291571,0.2279,0.2733429,0.2568429,52.65,297.867142857,298.985714286,296.701428571,305.0,292.7,111.9,93.8542857143,52.65,18.3885714286,8.71428571429,27.3333333333,10.0666666667,35.5,21.5,24.2,44,17.5271428571,17.0185714286,16.3314285714,17.0471428571,295.915714286,295.361428571,294.761428571,295.49,88.8571428571,78.4542857143,79.5028571429,90.1814285714,299.9,301.407142857,301.15,298.621428571,26.45,30.0333333333,28.89166666665,27.75,0.2882,0.1605571,0.3930857,0.41495,0.2278571,0.1638714,0.3782714,0.3634286,0.2807571,0.1949333,0.3437,0.3224,0.3579714,0.2061143,0.4048429,0.4006857,69.39,69.47,24.28,61.38,17.64476190476667,17.316428571425,300.0976190476667,300.36071428575,27.938888888866668,28.177083333312503,87.05523809523334,85.16714285715,0.25930473333333337,0.292749975,0.20654283333333334,0.24947497500000002,0.24967776666666652,0.2731833249999999,0.2736428666666665,0.306442875,63.83666666666668,53.9475,-0.8854560256532101,0.464723172043768,3.8066624897703196
iq,2008,44,2008-10-28,0.1617429,0.1962,0.1982714,0.2196143,43.6,298.372857143,299.8,296.825714286,308.5,294.0,149.1,92.6085714286,43.6,18.4842857143,8.57142857143,27.4,11.35,35.0,21.2,0.0,50,18.3885714286,17.5271428571,17.0185714286,16.3314285714,296.701428571,295.915714286,295.361428571,294.761428571,93.8542857143,88.8571428571,78.4542857143,79.5028571429,298.985714286,299.9,301.407142857,301.15,27.3333333333,26.45,30.0333333333,28.89166666665,0.3291571,0.2882,0.1605571,0.3930857,0.2279,0.2278571,0.1638714,0.3782714,0.2733429,0.2807571,0.1949333,0.3437,0.2568429,0.3579714,0.2061143,0.4048429,52.65,69.39,69.47,24.28,18.133333333333336,17.85464285715,299.561904762,300.02321428575,27.0611111111,27.804166666649998,91.77333333333333,88.44357142857501,0.25970000000000004,0.23491427499999998,0.21731903333333333,0.20395712500000004,0.25079046666666654,0.23682617499999992,0.2781428666666665,0.260135725,55.213333333333345,58.7775,-0.822983865893657,0.5680647467311548,3.9318256327243257
iq,2008,45,2008-11-04,0.5010286,0.445,0.4276857,0.5457286,57.85,298.464285714,299.528571429,297.468571429,307.2,293.1,107.48,95.29,57.85,19.2528571429,7.08571428571,27.82,12.1,35.6,21.2,109.0,35,18.4842857143,18.3885714286,17.5271428571,17.0185714286,296.825714286,296.701428571,295.915714286,295.361428571,92.6085714286,93.8542857143,88.8571428571,78.4542857143,299.8,298.985714286,299.9,301.407142857,27.4,27.3333333333,26.45,30.0333333333,0.1617429,0.3291571,0.2882,0.1605571,0.1962,0.2279,0.2278571,0.1638714,0.1982714,0.2733429,0.2807571,0.1949333,0.2196143,0.2568429,0.3579714,0.2061143,43.6,52.65,69.39,69.47,18.708571428600006,18.413214285725,299.43809523833335,299.55357142875,27.517777777766668,27.250833333325,93.91761904763332,92.6525,0.3306428666666667,0.32003214999999996,0.2897,0.27423927500000006,0.29976666666666657,0.29501427499999994,0.3407285999999998,0.3450393,51.36666666666668,55.8725,-0.7485107481711011,0.6631226582407952,3.58351893845611
iq,2008,46,2008-11-11,0.3042857,0.2946429,0.3062714,0.4003857,60.36,298.498571429,300.221428571,296.01,309.6,293.7,63.9,88.3285714286,60.36,17.6257142857,10.0142857143,28.3,12.8666666667,36.0,20.5,42.6,16,19.2528571429,18.4842857143,18.3885714286,17.5271428571,297.468571429,296.825714286,296.701428571,295.915714286,95.29,92.6085714286,93.8542857143,88.8571428571,299.528571429,299.8,298.985714286,299.9,27.82,27.4,27.3333333333,26.45,0.5010286,0.1617429,0.3291571,0.2882,0.445,0.1962,0.2279,0.2278571,0.4276857,0.1982714,0.2733429,0.2807571,0.5457286,0.2196143,0.2568429,0.3579714,57.85,43.6,52.65,69.39,18.454285714300003,18.437857142875,299.84999999999997,299.6339285715,27.84,27.713333333325,92.07571428573334,92.520357142875,0.32235240000000004,0.324053575,0.3119476333333333,0.29093572500000003,0.31074283333333325,0.30139284999999993,0.38857619999999987,0.35564287499999997,53.93666666666669,53.615,-0.6631226582407955,0.7485107481711007,2.833213344056216
iq,2008,47,2008-11-18,0.1930571,0.1965286,0.1762571,0.1830571,59.44,298.89,300.307142857,297.741428571,307.2,295.2,199.52,94.1414285714,59.44,19.6171428571,7.81428571429,27.9666666667,12.1,34.5,21.7,10.6,16,17.6257142857,19.2528571429,18.4842857143,18.3885714286,296.01,297.468571429,296.825714286,296.701428571,88.3285714286,95.29,92.6085714286,93.8542857143,300.221428571,299.528571429,299.8,298.985714286,28.3,27.82,27.4,27.3333333333,0.3042857,0.5010286,0.1617429,0.3291571,0.2946429,0.445,0.1962,0.2279,0.3062714,0.4276857,0.1982714,0.2733429,0.4003857,0.5457286,0.2196143,0.2568429,60.36,57.85,43.6,52.65,18.831904761900006,18.745,300.019047619,299.96428571424997,28.028888888900003,27.871666666674997,92.58666666666666,92.59214285715,0.33279046666666673,0.290028575,0.31205716666666666,0.283092875,0.30340473333333323,0.27712139999999996,0.3763904666666665,0.337196425,59.21666666666669,55.3125,-0.5680647467311559,0.8229838658936564,2.833213344056216
iq,2008,48,2008-11-25,0.2510143,0.2883143,0.2537,0.3213,81.11,298.53,299.721428571,297.577142857,306.1,294.7,90.68,95.26,81.11,19.3885714286,7.1,26.1,8.35,33.5,21.0,59.0,13,19.6171428571,17.6257142857,19.2528571429,18.4842857143,297.741428571,296.01,297.468571429,296.825714286,94.1414285714,88.3285714286,95.29,92.6085714286,300.307142857,300.221428571,299.528571429,299.8,27.9666666667,28.3,27.82,27.4,0.1930571,0.3042857,0.5010286,0.1617429,0.1965286,0.2946429,0.445,0.1962,0.1762571,0.3062714,0.4276857,0.1982714,0.1830571,0.4003857,0.5457286,0.2196143,59.44,60.36,57.85,43.6,18.87714285713334,18.971071428575,300.083333333,299.94464285699996,27.455555555566665,27.546666666675,92.57666666666667,93.255,0.2494523666666667,0.312346425,0.2598286,0.30612145,0.24540949999999992,0.29097854999999995,0.3015809333333332,0.36261785,66.97000000000001,64.69,-0.4647231720437684,0.88545602565321,2.639057329615259
iq,2008,49,2008-12-02,0.1643667,0.19635,0.1731333,0.1549167,45.03,298.111428571,299.128571429,297.044285714,305.2,293.4,139.55,94.64,45.03,18.7785714286,7.14285714286,26.96,10.64,33.7,21.0,80.0,9,19.3885714286,19.6171428571,17.6257142857,19.2528571429,297.577142857,297.741428571,296.01,297.468571429,95.26,94.1414285714,88.3285714286,95.29,299.721428571,300.307142857,300.221428571,299.528571429,26.1,27.9666666667,28.3,27.82,0.2510143,0.1930571,0.3042857,0.5010286,0.2883143,0.1965286,0.2946429,0.445,0.2537,0.1762571,0.3062714,0.4276857,0.3213,0.1830571,0.4003857,0.5457286,81.11,59.44,60.36,57.85,19.26142857143334,18.8525,299.719047619,299.84464285699994,27.008888888900003,27.331666666674998,94.68047619046666,93.0925,0.20281270000000004,0.22818095,0.2270643,0.24395895,0.20103013333333322,0.22734044999999994,0.21975793333333318,0.264914875,61.860000000000014,61.485,-0.35460488704253595,0.9350162426854147,2.302585092994046
iq,2008,50,2008-12-09,0.2894167,0.34778,0.2748286,0.2580857,64.03,298.651428571,300.214285714,296.182857143,308.9,295.1,53.25,88.5514285714,64.03,17.7842857143,9.2,27.8,11.175,35.0,21.2,17.2,15,18.7785714286,19.3885714286,19.6171428571,17.6257142857,297.044285714,297.577142857,297.741428571,296.01,94.64,95.26,94.1414285714,88.3285714286,299.128571429,299.721428571,300.307142857,300.221428571,26.96,26.1,27.9666666667,28.3,0.1643667,0.2510143,0.1930571,0.3042857,0.19635,0.2883143,0.1965286,0.2946429,0.1731333,0.2537,0.1762571,0.3062714,0.1549167,0.3213,0.1830571,0.4003857,45.03,81.11,59.44,60.36,18.650476190500004,18.89214285715,299.68809523799996,299.84285714275,26.953333333333333,27.206666666675,92.81714285713333,93.1482142857,0.23493256666666673,0.22446370000000002,0.2774814333333333,0.257243225,0.23388729999999988,0.21947974999999992,0.2447674666666665,0.229339875,63.390000000000015,62.4025,-0.2393156642875578,0.970941817426052,2.772588722239781
iq,2008,51,2008-12-16,0.1783857,0.2191714,0.2497286,0.1923,70.92,298.528571429,300.257142857,296.847142857,306.3,295.2,57.61,91.7771428571,70.92,18.5728571429,9.05714285714,27.825,12.15,35.0,20.5,51.0,4,17.7842857143,18.7785714286,19.3885714286,19.6171428571,296.182857143,297.044285714,297.577142857,297.741428571,88.5514285714,94.64,95.26,94.1414285714,300.214285714,299.128571429,299.721428571,300.307142857,27.8,26.96,26.1,27.9666666667,0.2894167,0.1643667,0.2510143,0.1930571,0.34778,0.19635,0.2883143,0.1965286,0.2748286,0.1731333,0.2537,0.1762571,0.2580857,0.1549167,0.3213,0.1830571,64.03,45.03,81.11,59.44,18.378571428600004,18.6310714286,299.8666666666667,299.83035714275,27.528333333333336,27.17125,91.65619047616667,92.557142857125,0.2107230333333334,0.22079585000000002,0.2544338,0.26290392500000004,0.2325634999999999,0.23784762499999992,0.20176746666666653,0.23165059999999998,59.99333333333336,65.27250000000001,-0.12053668025532363,0.992708874098054,1.6094379124341003
iq,2008,52,2008-12-23,0.2634125,0.219875,0.2000875,0.226625,55.11,299.557142857,300.771428571,295.594285714,308.3,293.9,41.6,81.8685714286,55.11,17.2485714286,10.3428571429,28.08,12.02,35.4,21.2,0.5,0,18.5728571429,17.7842857143,18.7785714286,19.3885714286,296.847142857,296.182857143,297.044285714,297.577142857,91.7771428571,88.5514285714,94.64,95.26,300.257142857,300.214285714,299.128571429,299.721428571,27.825,27.8,26.96,26.1,0.1783857,0.2894167,0.1643667,0.2510143,0.2191714,0.34778,0.19635,0.2883143,0.2497286,0.2748286,0.1731333,0.2537,0.1923,0.2580857,0.1549167,0.3213,70.92,64.03,45.03,81.11,17.868571428600006,18.0960714286,300.414285714,300.09285714275,27.901666666666667,27.666249999999998,87.39904761903334,89.20928571427501,0.24373830000000007,0.22389540000000002,0.2622754666666666,0.2457941,0.2415482333333332,0.22444449999999994,0.22567023333333316,0.20798185,63.35333333333335,58.7725,6.432490598706546e-16,1.0,0.0
iq,2009,1,2009-01-01,0.1512857,0.1616857,0.1532714,0.1194429,53.695,298.6414285715,299.88928571400004,296.189285714,306.45000000000005,294.04999999999995,67.575,88.54571428575,53.695,17.854999999999997,8.92142857145,27.67333333335,11.559999999999999,35.099999999999994,21.15,43.3,1,17.2485714286,18.5728571429,17.7842857143,18.7785714286,295.594285714,296.847142857,296.182857143,297.044285714,81.8685714286,91.7771428571,88.5514285714,94.64,300.771428571,300.257142857,300.214285714,299.128571429,28.08,27.825,27.8,26.96,0.2634125,0.1783857,0.2894167,0.1643667,0.219875,0.2191714,0.34778,0.19635,0.2000875,0.2497286,0.2748286,0.1731333,0.226625,0.1923,0.2580857,0.1549167,55.11,70.92,64.03,45.03,17.89214285716667,17.86517857145,300.3059523806667,300.283035714,27.859444444450002,27.844583333337496,87.39714285715002,87.6857142857125,0.19769463333333337,0.22062515000000002,0.2002440333333333,0.23712802500000002,0.20102916666666656,0.21947902499999994,0.17945596666666652,0.1991134,59.90833333333335,60.93875,0.12053668025532305,0.992708874098054,0.6931471805599453
iq,2009,2,2009-01-08,0.2299167,0.12234,0.2611667,0.22305,52.28,297.725714286,299.007142857,296.784285714,304.6,294.2,93.55,95.2228571429,52.28,18.4614285714,7.5,27.2666666667,11.1,34.8,21.1,86.1,10,17.854999999999997,17.2485714286,18.5728571429,17.7842857143,296.189285714,295.594285714,296.847142857,296.182857143,88.54571428575,81.8685714286,91.7771428571,88.5514285714,299.88928571400004,300.771428571,300.257142857,300.214285714,27.67333333335,28.08,27.825,27.8,0.1512857,0.2634125,0.1783857,0.2894167,0.1616857,0.219875,0.2191714,0.34778,0.1532714,0.2000875,0.2497286,0.2748286,0.1194429,0.226625,0.1923,0.2580857,53.695,55.11,70.92,64.03,17.855000000000004,18.034464285724997,299.889285714,299.98124999975005,27.67333333335,27.711250000012498,88.54571428575001,89.3535714285875,0.21487163333333337,0.20575015000000002,0.16796689999999995,0.18076802500000003,0.20484186666666657,0.21606354999999994,0.1897059666666665,0.190354475,53.69500000000002,58.00125,0.23931566428755774,0.970941817426052,2.3978952727983707
iq,2009,3,2009-01-15,0.1884857,0.1881857,0.2039143,0.2775,72.03,296.682857143,297.414285714,296.418571429,304.0,295.2,149.77,98.61,72.03,17.9957142857,3.71428571429,27.18,10.24,33.3,21.1,72.8,11,18.4614285714,17.854999999999997,17.2485714286,18.5728571429,296.784285714,296.189285714,295.594285714,296.847142857,95.2228571429,88.54571428575,81.8685714286,91.7771428571,299.007142857,299.88928571400004,300.771428571,300.257142857,27.2666666667,27.67333333335,28.08,27.825,0.2299167,0.1512857,0.2634125,0.1783857,0.12234,0.1616857,0.219875,0.2191714,0.2611667,0.1532714,0.2000875,0.2497286,0.22305,0.1194429,0.226625,0.1923,52.28,53.695,55.11,70.92,18.104047619033334,17.890178571424997,298.770238095,299.270535714,27.37333333335,27.550000000012503,94.12619047621666,91.06178571431249,0.18989603333333338,0.20827515000000002,0.15740379999999998,0.17302160000000003,0.20611746666666653,0.20460997499999994,0.20666429999999983,0.211654475,59.335000000000015,58.278749999999995,0.3546048870425356,0.9350162426854148,2.4849066497880004
iq,2009,4,2009-01-22,0.1884571,0.1993143,0.2027,0.2139286,76.16,296.55,297.514285714,295.137142857,303.5,292.7,53.81,92.4671428571,76.16,16.6414285714,6.48571428571,27.5666666667,10.7,34.0,21.8,11.2,29,17.9957142857,18.4614285714,17.854999999999997,17.2485714286,296.418571429,296.784285714,296.189285714,295.594285714,98.61,95.2228571429,88.54571428575,81.8685714286,297.414285714,299.007142857,299.88928571400004,300.771428571,27.18,27.2666666667,27.67333333335,28.08,0.1884857,0.2299167,0.1512857,0.2634125,0.1881857,0.12234,0.1616857,0.219875,0.2039143,0.2611667,0.1532714,0.2000875,0.2775,0.22305,0.1194429,0.226625,72.03,52.28,53.695,55.11,17.699523809500004,17.738392857125,297.97857142833334,298.45624999975,27.3377777778,27.4216666666875,95.43333333333334,93.7114285714375,0.20228650000000004,0.1895363,0.16994666666666666,0.16788142500000003,0.22259366666666655,0.20526309999999995,0.23815953333333317,0.208480375,66.82333333333337,63.54125,0.4647231720437685,0.8854560256532099,3.4011973816621555
iq,2009,5,2009-01-29,0.1667333,0.1737333,0.1904333,0.1617167,118.54,297.495714286,298.8,296.514285714,304.4,294.0,66.1,94.9285714286,118.54,18.13,8.14285714286,27.65,11.65,33.9,21.1,67.8,35,16.6414285714,17.9957142857,18.4614285714,17.854999999999997,295.137142857,296.418571429,296.784285714,296.189285714,92.4671428571,98.61,95.2228571429,88.54571428575,297.514285714,297.414285714,299.007142857,299.88928571400004,27.5666666667,27.18,27.2666666667,27.67333333335,0.1884571,0.1884857,0.2299167,0.1512857,0.1993143,0.1881857,0.12234,0.1616857,0.2027,0.2039143,0.2611667,0.1532714,0.2139286,0.2775,0.22305,0.1194429,76.16,72.03,52.28,53.695,17.589047619033337,17.807142857125,297.9095238093333,298.18392857125,27.465555555566667,27.415833333349998,95.33523809523332,95.30714285715,0.1812253666666667,0.19339820000000002,0.18707776666666665,0.17089332500000004,0.19901586666666657,0.21455357499999994,0.21771509999999986,0.219048825,88.91000000000003,79.7525,0.5680647467311558,0.8229838658936564,3.58351893845611
iq,2009,6,2009-02-05,0.2799143,0.2402857,0.1957286,0.3076571,149.06,297.405714286,298.192857143,296.84,302.7,294.5,93.3,97.0071428571,149.06,18.4842857143,5.18571428571,27.4666666667,12.3333333333,35.0,21.0,44.1,30,18.13,16.6414285714,17.9957142857,18.4614285714,296.514285714,295.137142857,296.418571429,296.784285714,94.9285714286,92.4671428571,98.61,95.2228571429,298.8,297.514285714,297.414285714,299.007142857,27.65,27.5666666667,27.18,27.2666666667,0.1667333,0.1884571,0.1884857,0.2299167,0.1737333,0.1993143,0.1881857,0.12234,0.1904333,0.2027,0.2039143,0.2611667,0.1617167,0.2139286,0.2775,0.22305,118.54,76.16,72.03,52.28,17.751904761900004,17.81285714285,298.16904761899997,297.98035714275,27.561111111133332,27.46583333335,94.80095238093334,95.7532142857,0.2117015666666667,0.20589760000000001,0.2044444333333333,0.20037975000000002,0.19628729999999991,0.19819404999999995,0.22776746666666656,0.24020060000000001,114.5866666666667,103.94749999999999,0.6631226582407952,0.7485107481711011,3.4339872044851463
iq,2009,7,2009-02-12,0.1702714,0.1511143,0.1404714,0.1429714,60.51,297.322857143,298.471428571,296.194285714,305.7,292.9,48.72,94.2342857143,60.51,17.7657142857,7.17142857143,28.1,12.3333333333,35.0,21.2,14.0,20,18.4842857143,18.13,16.6414285714,17.9957142857,296.84,296.514285714,295.137142857,296.418571429,97.0071428571,94.9285714286,92.4671428571,98.61,298.192857143,298.8,297.514285714,297.414285714,27.4666666667,27.65,27.5666666667,27.18,0.2799143,0.1667333,0.1884571,0.1884857,0.2402857,0.1737333,0.1993143,0.1881857,0.1957286,0.1904333,0.2027,0.2039143,0.3076571,0.1617167,0.2139286,0.2775,149.06,118.54,76.16,72.03,18.12666666666667,17.75535714285,298.48809523799997,298.24464285700003,27.738888888900004,27.69583333335,95.39,94.659285714275,0.2056396666666667,0.20134402499999998,0.18837776666666664,0.19111190000000003,0.17554443333333322,0.18233332499999994,0.20411506666666654,0.20656845000000001,109.37000000000005,101.0675,0.7485107481711011,0.6631226582407953,3.044522437723423
iq,2009,8,2009-02-19,0.1887857,0.1594571,0.1568714,0.2029857,124.8,297.685714286,299.014285714,296.254285714,306.7,294.2,124.0,92.9057142857,124.8,17.8528571429,6.82857142857,27.7,12.54,35.0,20.5,111.4,21,17.7657142857,18.4842857143,18.13,16.6414285714,296.194285714,296.84,296.514285714,295.137142857,94.2342857143,97.0071428571,94.9285714286,92.4671428571,298.471428571,298.192857143,298.8,297.514285714,28.1,27.4666666667,27.65,27.5666666667,0.1702714,0.2799143,0.1667333,0.1884571,0.1511143,0.2402857,0.1737333,0.1993143,0.1404714,0.1957286,0.1904333,0.2027,0.1429714,0.3076571,0.1617167,0.2139286,60.51,149.06,118.54,76.16,18.034285714300008,18.058214285725,298.55952380933337,298.61964285700003,27.755555555566662,27.729166666675,94.7157142857,94.768928571425,0.21299046666666668,0.201426175,0.18361903333333332,0.18114760000000002,0.1643571333333332,0.17087617499999994,0.21787139999999985,0.20383272500000002,111.4566666666667,113.2275,0.8229838658936564,0.5680647467311559,3.091042453358316
iq,2009,9,2009-02-26,0.28236,0.3051167,0.2940833,0.3160167,147.44,297.391428571,298.864285714,296.494285714,306.6,294.3,102.72,95.1214285714,147.44,18.1285714286,7.07142857143,26.58,10.52,33.2,20.5,84.1,12,17.8528571429,17.7657142857,18.4842857143,18.13,296.254285714,296.194285714,296.84,296.514285714,92.9057142857,94.2342857143,97.0071428571,94.9285714286,299.014285714,298.471428571,298.192857143,298.8,27.7,28.1,27.4666666667,27.65,0.1887857,0.1702714,0.2799143,0.1667333,0.1594571,0.1511143,0.2402857,0.1737333,0.1568714,0.1404714,0.1957286,0.1904333,0.2029857,0.1429714,0.3076571,0.1617167,124.8,60.51,149.06,118.54,17.91571428573334,18.057857142875,298.783333333,298.6357142855,27.459999999999997,27.461666666675,94.08714285713334,94.817142857125,0.21380570000000007,0.23033284999999998,0.20522936666666666,0.21399345000000003,0.19714203333333322,0.19678867499999994,0.2206579333333332,0.242407725,110.9166666666667,120.4525,0.8854560256532099,0.4647231720437686,2.5649493574615367
iq,2009,10,2009-03-05,0.3620714,0.3367,0.3453,0.3792857,58.56,297.844285714,299.0,296.71,304.6,294.5,87.28,94.3785714286,58.56,18.3542857143,6.8,28.4,11.45,35.0,21.0,49.1,9,18.1285714286,17.8528571429,17.7657142857,18.4842857143,296.494285714,296.254285714,296.194285714,296.84,95.1214285714,92.9057142857,94.2342857143,97.0071428571,298.864285714,299.014285714,298.471428571,298.192857143,26.58,27.7,28.1,27.4666666667,0.28236,0.1887857,0.1702714,0.2799143,0.3051167,0.1594571,0.1511143,0.2402857,0.2940833,0.1568714,0.1404714,0.1957286,0.3160167,0.2029857,0.1429714,0.3076571,147.44,124.8,60.51,149.06,18.111904761933342,18.025357142875002,298.95952380933335,298.83749999975,27.56,27.695,94.13523809523333,94.16,0.2777390333333334,0.250872125,0.26709126666666666,0.23809702500000002,0.2654182333333332,0.23418152499999995,0.29942936666666653,0.260314875,110.2666666666667,97.8275,0.9350162426854148,0.35460488704253557,2.302585092994046
iq,2009,11,2009-03-12,0.2034286,0.1784429,0.2259714,0.2018714,97.8,297.058571429,298.014285714,296.715714286,304.0,293.6,108.83,98.1342857143,97.8,18.3528571429,6.02857142857,27.3,11.8,33.8,21.0,0.0,11,18.3542857143,18.1285714286,17.8528571429,17.7657142857,296.71,296.494285714,296.254285714,296.194285714,94.3785714286,95.1214285714,92.9057142857,94.2342857143,299.0,298.864285714,299.014285714,298.471428571,28.4,26.58,27.7,28.1,0.3620714,0.28236,0.1887857,0.1702714,0.3367,0.3051167,0.1594571,0.1511143,0.3453,0.2940833,0.1568714,0.1404714,0.3792857,0.3160167,0.2029857,0.1429714,58.56,147.44,124.8,60.51,18.278571428600003,18.172142857175,298.626190476,298.72321428550003,27.426666666666666,27.495,95.8780952381,95.135,0.28262000000000004,0.259161425,0.2734198666666666,0.24492917500000003,0.28845156666666655,0.2555565249999999,0.2990579333333332,0.275039875,101.2666666666667,107.15,0.970941817426052,0.23931566428755804,2.4849066497880004
iq,2009,12,2009-03-19,0.1578833,0.1921,0.2137286,0.2013857,106.68,297.365714286,298.25,296.5,304.6,293.6,66.83,95.7085714286,106.68,18.1057142857,6.18571428571,27.8,10.5,33.7,21.0,14.3,9,18.3528571429,18.3542857143,18.1285714286,17.8528571429,296.715714286,296.71,296.494285714,296.254285714,98.1342857143,94.3785714286,95.1214285714,92.9057142857,298.014285714,299.0,298.864285714,299.014285714,27.3,28.4,26.58,27.7,0.2034286,0.3620714,0.28236,0.1887857,0.1784429,0.3367,0.3051167,0.1594571,0.2259714,0.3453,0.2940833,0.1568714,0.2018714,0.3792857,0.3160167,0.2029857,97.8,58.56,147.44,124.8,18.270952380966673,18.235357142875,298.4214285713333,298.532142857,27.833333333333332,27.52,96.07380952383335,95.835714285725,0.24112776666666672,0.251435825,0.2357476333333333,0.25308990000000003,0.26166666666666655,0.26977082499999994,0.2608475999999999,0.274639875,87.68000000000002,102.62,0.992708874098054,0.120536680255323,2.302585092994046
iq,2009,13,2009-03-26,0.2235857,0.2591333,0.2632857,0.3057857,100.78,297.152857143,298.321428571,296.184285714,303.3,294.6,49.93,94.9028571429,100.78,17.78,6.35714285714,28.5,11.5,34.4,21.5,45.0,5,18.1057142857,18.3528571429,18.3542857143,18.1285714286,296.5,296.715714286,296.71,296.494285714,95.7085714286,98.1342857143,94.3785714286,95.1214285714,298.25,298.014285714,299.0,298.864285714,27.8,27.3,28.4,26.58,0.1578833,0.2034286,0.3620714,0.28236,0.1921,0.1784429,0.3367,0.3051167,0.2137286,0.2259714,0.3453,0.2940833,0.2013857,0.2018714,0.3792857,0.3160167,106.68,97.8,58.56,147.44,18.079523809533338,18.148214285725,298.195238095,298.39642857125,27.866666666666664,28.0,96.24857142859999,95.7810714286,0.1949658666666667,0.23674225,0.20989206666666668,0.24159405,0.23432856666666657,0.2620714249999999,0.2363475999999999,0.272082125,101.75333333333337,90.955,1.0,-1.6081226496766364e-16,1.791759469228055
iq,2009,14,2009-04-02,0.08905714,0.05895,0.08927143,0.09934286,131.17,297.245714286,298.385714286,296.545714286,304.5,294.1,63.3,96.3957142857,131.17,18.1757142857,6.74285714286,27.95,10.9,34.2,21.7,19.0,11,17.78,18.1057142857,18.3528571429,18.3542857143,296.184285714,296.5,296.715714286,296.71,94.9028571429,95.7085714286,98.1342857143,94.3785714286,298.321428571,298.25,298.014285714,299.0,28.5,27.8,27.3,28.4,0.2235857,0.1578833,0.2034286,0.3620714,0.2591333,0.1921,0.1784429,0.3367,0.2632857,0.2137286,0.2259714,0.3453,0.3057857,0.2013857,0.2018714,0.3792857,100.78,106.68,97.8,58.56,18.02047619046667,18.103571428575,298.319047619,298.24285714275,28.083333333333332,27.8875,95.66904761906666,96.285357142875,0.15684204666666673,0.16848868499999997,0.1700611,0.17215655000000002,0.1887619099999999,0.19806428249999997,0.20217141999999988,0.202096415,112.87666666666668,109.1075,0.992708874098054,-0.12053668025532288,2.4849066497880004
iq,2009,15,2009-04-09,0.1468429,0.1416571,0.1411857,0.1487714,133.47,297.89,298.9,295.804285714,306.8,293.1,50.64,89.6728571429,133.47,17.42,9.02857142857,27.1333333333,10.8666666667,35.0,21.0,134.9,3,18.1757142857,17.78,18.1057142857,18.3528571429,296.545714286,296.184285714,296.5,296.715714286,96.3957142857,94.9028571429,95.7085714286,98.1342857143,298.385714286,298.321428571,298.25,298.014285714,27.95,28.5,27.8,27.3,0.08905714,0.2235857,0.1578833,0.2034286,0.05895,0.2591333,0.1921,0.1784429,0.08927143,0.2632857,0.2137286,0.2259714,0.09934286,0.3057857,0.2013857,0.2018714,131.17,100.78,106.68,97.8,17.791904761900003,17.87035714285,298.53571428566664,298.46428571424997,27.8611111111,27.845833333325,93.65714285716666,94.170000000025,0.1531619133333334,0.15434226,0.1532468,0.16296010000000002,0.16458094333333326,0.17686785749999995,0.18463331999999988,0.18882141500000002,121.80666666666669,118.025,0.9709418174260521,-0.2393156642875575,1.3862943611198906
iq,2009,16,2009-04-16,0.2236,0.1788286,0.175,0.2161429,99.77,296.635714286,297.621428571,296.135714286,304.7,292.6,74.5,97.3,99.77,17.7042857143,6.38571428571,26.9,10.8333333333,33.0,21.2,87.3,5,17.42,18.1757142857,17.78,18.1057142857,295.804285714,296.545714286,296.184285714,296.5,89.6728571429,96.3957142857,94.9028571429,95.7085714286,298.9,298.385714286,298.321428571,298.25,27.1333333333,27.95,28.5,27.8,0.1468429,0.08905714,0.2235857,0.1578833,0.1416571,0.05895,0.2591333,0.1921,0.1411857,0.08927143,0.2632857,0.2137286,0.1487714,0.09934286,0.3057857,0.2013857,133.47,131.17,100.78,106.68,17.76666666666667,17.77,298.30238095233335,298.30714285700003,27.327777777766666,27.620833333325,94.45619047619999,94.567857142875,0.15316668000000006,0.170771435,0.12647856666666665,0.15964225000000004,0.13515237666666657,0.16718570749999995,0.15475238666666657,0.192510715,121.47000000000003,116.2975,0.9350162426854148,-0.35460488704253545,1.791759469228055
iq,2009,17,2009-04-23,0.1953429,0.2856714,0.1611857,0.2023857,52.74,297.545714286,298.278571429,296.887142857,303.6,294.9,62.74,96.6642857143,52.74,18.5042857143,4.98571428571,26.8,8.7,34.4,21.2,41.2,5,17.7042857143,17.42,18.1757142857,17.78,296.135714286,295.804285714,296.545714286,296.184285714,97.3,89.6728571429,96.3957142857,94.9028571429,297.621428571,298.9,298.385714286,298.321428571,26.9,27.1333333333,27.95,28.5,0.2236,0.1468429,0.08905714,0.2235857,0.1788286,0.1416571,0.05895,0.2591333,0.175,0.1411857,0.08927143,0.2632857,0.2161429,0.1487714,0.09934286,0.3057857,99.77,133.47,131.17,100.78,17.876190476200005,17.951071428575,298.26666666666665,298.2964285715,26.944444444433334,27.195833333324998,94.54571428573333,95.00821428572499,0.1885952666666667,0.163710735,0.20205236666666662,0.16627677500000004,0.1591237999999999,0.14166070749999993,0.1890999999999999,0.16666071500000001,95.3266666666667,104.28750000000001,0.8854560256532099,-0.4647231720437685,1.791759469228055
iq,2009,18,2009-04-30,0.2835857,0.3455143,0.2374429,0.3161286,99.89,297.404285714,298.321428571,296.448571429,303.6,294.3,93.8,95.0785714286,99.89,18.0185714286,6.27142857143,27.15,10.75,34.0,21.0,30.8,4,18.5042857143,17.7042857143,17.42,18.1757142857,296.887142857,296.135714286,295.804285714,296.545714286,96.6642857143,97.3,89.6728571429,96.3957142857,298.278571429,297.621428571,298.9,298.385714286,26.8,26.9,27.1333333333,27.95,0.1953429,0.2236,0.1468429,0.08905714,0.2856714,0.1788286,0.1416571,0.05895,0.1611857,0.175,0.1411857,0.08927143,0.2023857,0.2161429,0.1487714,0.09934286,52.74,99.77,133.47,131.17,18.075714285733337,17.911785714300002,298.0738095236667,298.28035714275,26.95,26.995833333325,96.34761904763333,94.67892857145,0.23417620000000006,0.21234287500000001,0.2700047666666667,0.23791785000000004,0.19120953333333324,0.17870357499999995,0.24488573333333322,0.22085715,84.13333333333335,96.4675,0.8229838658936565,-0.5680647467311557,1.6094379124341003
iq,2009,19,2009-05-07,0.1907571,0.2645571,0.2538857,0.2192,30.73,297.562857143,298.542857143,296.484285714,306.8,292.9,59.5,95.1,30.73,18.09,7.14285714286,28.1,10.5,35.0,22.0,44.0,4,18.0185714286,18.5042857143,17.7042857143,17.42,296.448571429,296.887142857,296.135714286,295.804285714,95.0785714286,96.6642857143,97.3,89.6728571429,298.321428571,298.278571429,297.621428571,298.9,27.15,26.8,26.9,27.1333333333,0.2835857,0.1953429,0.2236,0.1468429,0.3455143,0.2856714,0.1788286,0.1416571,0.2374429,0.1611857,0.175,0.1411857,0.3161286,0.2023857,0.2161429,0.1487714,99.89,52.74,99.77,133.47,18.204285714300003,18.0792857143,298.380952381,298.1910714285,27.350000000000005,27.237499999999997,95.61428571430001,96.03571428572499,0.22322856666666677,0.223321425,0.2985809333333333,0.26864285000000004,0.2175047666666666,0.20687857499999993,0.24590476666666658,0.2384643,61.12000000000001,70.7825,0.7485107481711013,-0.663122658240795,1.6094379124341003
iq,2009,20,2009-05-14,0.2077429,0.2278571,0.2542,0.2160429,38.51,297.607142857,299.007142857,296.271428571,306.5,292.7,46.43,93.2985714286,38.51,17.8585714286,9.07142857143,28.075,11.425,35.0,22.0,11.2,1,18.09,18.0185714286,18.5042857143,17.7042857143,296.484285714,296.448571429,296.887142857,296.135714286,95.1,95.0785714286,96.6642857143,97.3,298.542857143,298.321428571,298.278571429,297.621428571,28.1,27.15,26.8,26.9,0.1907571,0.2835857,0.1953429,0.2236,0.2645571,0.3455143,0.2856714,0.1788286,0.2538857,0.2374429,0.1611857,0.175,0.2192,0.3161286,0.2023857,0.2161429,30.73,99.89,52.74,99.77,17.98904761906667,18.117857142875003,298.6238095236667,298.5375,27.775000000000002,27.53125,94.49238095240001,95.035357142875,0.2273619000000001,0.21935715,0.2793095,0.280899975,0.24850953333333323,0.22667857499999994,0.25045716666666656,0.2384393,56.37666666666669,55.4675,0.6631226582407952,-0.7485107481711012,0.6931471805599453
iq,2009,21,2009-05-21,0.3312143,0.2172,0.2093857,0.3445143,66.46,297.724285714,299.521428571,296.012857143,307.1,293.4,39.89,91.79,66.46,17.5857142857,10.0714285714,28.35,11.45,34.6,21.4,50.5,0,17.8585714286,18.09,18.0185714286,18.5042857143,296.271428571,296.484285714,296.448571429,296.887142857,93.2985714286,95.1,95.0785714286,96.6642857143,299.007142857,298.542857143,298.321428571,298.278571429,28.075,28.1,27.15,26.8,0.2077429,0.1907571,0.2835857,0.1953429,0.2278571,0.2645571,0.3455143,0.2856714,0.2542,0.2538857,0.2374429,0.1611857,0.2160429,0.2192,0.3161286,0.2023857,38.51,30.73,99.89,52.74,17.844761904766674,17.888214285725,299.02380952366667,298.8482142855,28.175,27.91875,93.39619047619999,93.81678571430001,0.24323810000000004,0.253325,0.23653806666666666,0.26378212500000003,0.23915713333333324,0.23872857499999994,0.2599190666666666,0.27397145,45.23333333333335,58.8975,0.5680647467311558,-0.8229838658936564,0.0
iq,2009,22,2009-05-28,0.2383429,0.1973167,0.1655,0.1901429,40.04,296.704285714,297.521428571,296.264285714,305.1,292.7,73.0,97.7428571429,40.04,17.83,5.61428571429,27.6,10.2666666667,34.4,21.0,19.3,2,17.5857142857,17.8585714286,18.09,18.0185714286,296.012857143,296.271428571,296.484285714,296.448571429,91.79,93.2985714286,95.1,95.0785714286,299.521428571,299.007142857,298.542857143,298.321428571,28.35,28.075,28.1,27.15,0.3312143,0.2077429,0.1907571,0.2835857,0.2172,0.2278571,0.2645571,0.3455143,0.2093857,0.2542,0.2538857,0.2374429,0.3445143,0.2160429,0.2192,0.3161286,66.46,38.51,30.73,99.89,17.758095238100005,17.841071428575,298.683333333,298.6482142855,28.008333333333336,28.03125,94.27714285716667,94.48285714287499,0.25910003333333337,0.24201430000000002,0.2141246,0.22673272500000002,0.20969523333333326,0.22074284999999993,0.25023336666666657,0.24247502499999998,48.33666666666668,43.934999999999995,0.46472317204376906,-0.8854560256532096,1.0986122886681096
iq,2009,23,2009-06-04,0.114,0.09244286,0.09747143,0.1262857,42.22,296.125714286,296.778571429,295.267142857,302.5,292.8,53.91,95.5071428571,42.22,16.7571428571,6.07142857143,28.1,11.8,34.0,22.2,21.6,3,17.83,17.5857142857,17.8585714286,18.09,296.264285714,296.012857143,296.271428571,296.484285714,97.7428571429,91.79,93.2985714286,95.1,297.521428571,299.521428571,299.007142857,298.542857143,27.6,28.35,28.075,28.1,0.2383429,0.3312143,0.2077429,0.1907571,0.1973167,0.2172,0.2278571,0.2645571,0.1655,0.2093857,0.2542,0.2538857,0.1901429,0.3445143,0.2160429,0.2192,40.04,66.46,38.51,30.73,17.39095238093334,17.50785714285,297.94047619033336,298.207142857,28.016666666666666,28.031250000000004,95.01333333333334,94.58464285714999,0.22785240000000007,0.222825025,0.16898652,0.18370416500000003,0.1574523766666666,0.18163928249999994,0.22031429999999994,0.21924644999999998,49.57333333333335,46.8075,0.35460488704253584,-0.9350162426854147,1.3862943611198906
iq,2009,24,2009-06-11,0.1871286,0.1578,0.1434571,0.1994714,8.74,295.104285714,295.778571429,293.91,305.2,289.9,112.31,94.13,8.74,15.4828571429,6.24285714286,24.6666666667,8.63333333333,33.5,20.0,23.9,3,16.7571428571,17.83,17.5857142857,17.8585714286,295.267142857,296.264285714,296.012857143,296.271428571,95.5071428571,97.7428571429,91.79,93.2985714286,296.778571429,297.521428571,299.521428571,299.007142857,28.1,27.6,28.35,28.075,0.114,0.2383429,0.3312143,0.2077429,0.09244286,0.1973167,0.2172,0.2278571,0.09747143,0.1655,0.2093857,0.2542,0.1262857,0.1901429,0.3445143,0.2160429,42.22,40.04,66.46,38.51,16.690000000000005,16.913928571425,296.692857143,297.40000000000003,26.788888888900004,27.179166666675002,95.79333333333334,94.79249999999999,0.17982383333333338,0.21767145000000002,0.14918652,0.16618989000000003,0.1354761766666666,0.15395355749999995,0.17196666666666657,0.215103575,30.333333333333353,39.364999999999995,0.23931566428755768,-0.970941817426052,1.3862943611198906
iq,2009,25,2009-06-18,0.2916714,0.3070286,0.3562286,0.3891143,43.32,296.031428571,297.314285714,294.862857143,305.2,292.0,45.97,93.9714285714,43.32,16.3628571429,7.71428571429,27.05,10.9,33.5,19.4,21.0,5,15.4828571429,16.7571428571,17.83,17.5857142857,293.91,295.267142857,296.264285714,296.012857143,94.13,95.5071428571,97.7428571429,91.79,295.778571429,296.778571429,297.521428571,299.521428571,24.6666666667,28.1,27.6,28.35,0.1871286,0.114,0.2383429,0.3312143,0.1578,0.09244286,0.1973167,0.2172,0.1434571,0.09747143,0.1655,0.2093857,0.1994714,0.1262857,0.1901429,0.3445143,8.74,42.22,40.04,66.46,16.200952380966672,16.608214285724998,296.623809524,296.84821428575,26.605555555566667,26.854166666675,94.53619047616667,95.33785714285,0.19760000000000008,0.207785725,0.1857571533333333,0.18864704000000002,0.19905237666666656,0.19066428249999995,0.23829046666666656,0.226253575,31.426666666666687,33.58,0.12053668025532308,-0.992708874098054,1.791759469228055
iq,2009,26,2009-06-25,0.2708,0.2051833,0.2401286,0.2001571,141.65,297.217142857,298.521428571,296.11,305.6,293.2,66.41,94.5557142857,141.65,17.6671428571,8.64285714286,27.375,11.125,33.4,21.2,40.6,2,16.3628571429,15.4828571429,16.7571428571,17.83,294.862857143,293.91,295.267142857,296.264285714,93.9714285714,94.13,95.5071428571,97.7428571429,297.314285714,295.778571429,296.778571429,297.521428571,27.05,24.6666666667,28.1,27.6,0.2916714,0.1871286,0.114,0.2383429,0.3070286,0.1578,0.09244286,0.1973167,0.3562286,0.1434571,0.09747143,0.1655,0.3891143,0.1994714,0.1262857,0.1901429,43.32,8.74,42.22,40.04,16.504285714300007,16.5675,297.20476190466667,297.09821428575003,26.363888888900004,26.797916666675,94.21904761903333,94.54107142855001,0.2498666666666667,0.21589999999999998,0.2233373,0.19061369,0.24660476666666656,0.20932143249999996,0.26291426666666656,0.228757125,64.57000000000002,58.9825,-3.216245299353273e-16,-1.0,1.0986122886681096
iq,2009,27,2009-07-02,0.1868571,0.1769143,0.2230714,0.2189857,68.15,296.452857143,297.821428571,295.357142857,304.6,292.3,55.5,94.5385714286,68.15,16.8742857143,8.64285714286,27.45,10.7,33.4,21.4,14.0,1,17.6671428571,16.3628571429,15.4828571429,16.7571428571,296.11,294.862857143,293.91,295.267142857,94.5557142857,93.9714285714,94.13,95.5071428571,298.521428571,297.314285714,295.778571429,296.778571429,27.375,27.05,24.6666666667,28.1,0.2708,0.2916714,0.1871286,0.114,0.2051833,0.3070286,0.1578,0.09244286,0.2401286,0.3562286,0.1434571,0.09747143,0.2001571,0.3891143,0.1994714,0.1262857,141.65,43.32,8.74,42.22,16.968095238100005,16.5967857143,297.88571428533334,297.35892857125,27.291666666666668,26.635416666675,94.35523809523333,94.298928571425,0.24977616666666672,0.23411427499999998,0.22970873333333333,0.21173155000000002,0.2731428666666666,0.24072142499999993,0.2694190333333332,0.251932125,84.37333333333335,65.465,-0.12053668025532283,-0.992708874098054,0.6931471805599453
iq,2009,28,2009-07-09,0.3859143,0.2903833,0.3364286,0.2927857,91.4,296.065714286,296.992857143,295.167142857,306.2,291.4,39.67,95.3857142857,91.4,16.68,8.12857142857,27.6,10.7666666667,33.4,21.6,2.0,2,16.8742857143,17.6671428571,16.3628571429,15.4828571429,295.357142857,296.11,294.862857143,293.91,94.5385714286,94.5557142857,93.9714285714,94.13,297.821428571,298.521428571,297.314285714,295.778571429,27.45,27.375,27.05,24.6666666667,0.1868571,0.2708,0.2916714,0.1871286,0.1769143,0.2051833,0.3070286,0.1578,0.2230714,0.2401286,0.3562286,0.1434571,0.2189857,0.2001571,0.3891143,0.1994714,68.15,141.65,43.32,8.74,17.073809523800005,16.896071428575,297.77857142833335,297.66249999974997,27.475000000000005,27.36875,94.82666666666667,94.61285714284999,0.2811904666666667,0.28381069999999997,0.2241603,0.24487737500000004,0.26654286666666654,0.28896429999999995,0.23730949999999987,0.2752607,100.40000000000002,86.13,-0.23931566428755743,-0.9709418174260521,1.0986122886681096
iq,2009,29,2009-07-16,0.21965,0.37805,0.2238714,0.2659,65.19,296.527142857,297.664285714,295.411428571,306.8,292.7,40.1,94.6242857143,65.19,16.92,7.27142857143,26.825,10.425,34.5,21.3,38.9,0,16.68,16.8742857143,17.6671428571,16.3628571429,295.167142857,295.357142857,296.11,294.862857143,95.3857142857,94.5385714286,94.5557142857,93.9714285714,296.992857143,297.821428571,298.521428571,297.314285714,27.6,27.45,27.375,27.05,0.3859143,0.1868571,0.2708,0.2916714,0.2903833,0.1769143,0.2051833,0.3070286,0.3364286,0.2230714,0.2401286,0.3562286,0.2927857,0.2189857,0.2001571,0.3891143,91.4,68.15,141.65,43.32,16.82476190476667,17.03535714285,297.4928571426667,297.74999999975,27.291666666666668,27.3125,94.84952380953332,94.77607142857501,0.26414046666666674,0.26580535,0.2817825333333333,0.262632725,0.26112379999999985,0.25587499999999996,0.2592237999999999,0.244457125,74.91333333333336,91.5975,-0.3546048870425356,-0.9350162426854148,0.0
iq,2009,30,2009-07-23,0.2078833,0.28085,0.1756,0.2616,35.82,296.525714286,297.964285714,294.052857143,306.7,292.3,12.93,88.23,35.82,15.51,9.52857142857,26.95,10.25,32.2,21.0,20.4,0,16.92,16.68,16.8742857143,17.6671428571,295.411428571,295.167142857,295.357142857,296.11,94.6242857143,95.3857142857,94.5385714286,94.5557142857,297.664285714,296.992857143,297.821428571,298.521428571,26.825,27.6,27.45,27.375,0.21965,0.3859143,0.1868571,0.2708,0.37805,0.2903833,0.1769143,0.2051833,0.2238714,0.3364286,0.2230714,0.2401286,0.2659,0.2927857,0.2189857,0.2001571,65.19,91.4,68.15,141.65,16.370000000000005,16.496071428575,297.5404761903333,297.61071428549997,27.125,27.20625,92.74666666666667,93.19464285715,0.27114920000000003,0.250076175,0.31642776666666667,0.2815494,0.24529999999999988,0.23974284999999995,0.27342856666666654,0.25981785,64.13666666666668,65.14,-0.46472317204376806,-0.8854560256532101,0.0
iq,2009,31,2009-07-30,0.1543571,0.1152714,0.1534571,0.1559,51.77,297.087142857,298.235714286,295.045714286,307.9,290.4,39.3,89.9714285714,51.77,16.6028571429,9.75714285714,27.0,11.5,33.5,20.5,32.0,3,15.51,16.92,16.68,16.8742857143,294.052857143,295.411428571,295.167142857,295.357142857,88.23,94.6242857143,95.3857142857,94.5385714286,297.964285714,297.664285714,296.992857143,297.821428571,26.95,26.825,27.6,27.45,0.2078833,0.21965,0.3859143,0.1868571,0.28085,0.37805,0.2903833,0.1769143,0.1756,0.2238714,0.3364286,0.2230714,0.2616,0.2659,0.2927857,0.2189857,35.82,65.19,91.4,68.15,16.344285714300007,16.428214285724998,297.95476190466667,297.71428571425,26.925,27.09375,90.94190476189999,92.05285714285,0.19396346666666672,0.241951175,0.2580571333333333,0.26613867500000005,0.1843094999999999,0.22233927499999995,0.2277999999999999,0.24404642499999998,50.926666666666684,61.045,-0.5680647467311556,-0.8229838658936565,1.3862943611198906
iq,2009,32,2009-08-06,0.395,0.3527333,0.4842857,0.4019143,9.79,297.37,298.878571429,294.824285714,307.9,290.7,34.4,87.8114285714,9.79,16.3371428571,11.7571428571,27.975,12.1,35.4,20.5,26.05,5,16.6028571429,15.51,16.92,16.68,295.045714286,294.052857143,295.411428571,295.167142857,89.9714285714,88.23,94.6242857143,95.3857142857,298.235714286,297.964285714,297.664285714,296.992857143,27.0,26.95,26.825,27.6,0.1543571,0.2078833,0.21965,0.3859143,0.1152714,0.28085,0.37805,0.2903833,0.1534571,0.1756,0.2238714,0.3364286,0.1559,0.2616,0.2659,0.2927857,51.77,35.82,65.19,91.4,16.150000000000006,16.3425,298.35952380966665,298.18571428575,27.308333333333334,27.1875,88.67095238093333,90.159285714275,0.2524134666666667,0.2442226,0.24961823333333333,0.281726175,0.27111426666666655,0.25930354999999994,0.2731380999999999,0.271328575,32.460000000000015,40.6425,-0.663122658240795,-0.7485107481711013,1.791759469228055
iq,2009,33,2009-08-13,0.3308857,0.4083,0.4433571,0.3347714,35.23,298.357142857,299.985714286,295.507142857,308.2,292.2,43.2,87.11,35.23,17.04,11.3428571429,27.7,11.5,33.4,21.0,20.1,5,16.3371428571,16.6028571429,15.51,16.92,294.824285714,295.045714286,294.052857143,295.411428571,87.8114285714,89.9714285714,88.23,94.6242857143,298.878571429,298.235714286,297.964285714,297.664285714,27.975,27.0,26.95,26.825,0.395,0.1543571,0.2078833,0.21965,0.3527333,0.1152714,0.28085,0.37805,0.4842857,0.1534571,0.1756,0.2238714,0.4019143,0.1559,0.2616,0.2659,9.79,51.77,35.82,65.19,16.660000000000007,16.372500000000002,299.0333333336667,298.76607142875,27.558333333333334,27.40625,88.2976190476,88.2807142857,0.29341426666666676,0.272031525,0.29210156666666665,0.289288675,0.36036663333333324,0.31417497499999997,0.29752856666666655,0.288546425,32.26333333333335,33.1525,-0.7485107481711011,-0.6631226582407952,1.791759469228055
iq,2009,34,2009-08-20,0.2206286,0.1943571,0.2785714,0.2604571,6.52,298.677142857,300.107142857,294.708571429,309.3,293.0,25.3,80.64,6.52,16.2285714286,10.9285714286,28.32,12.86,36.2,21.2,1.0,7,17.04,16.3371428571,16.6028571429,15.51,295.507142857,294.824285714,295.045714286,294.052857143,87.11,87.8114285714,89.9714285714,88.23,299.985714286,298.878571429,298.235714286,297.964285714,27.7,27.975,27.0,26.95,0.3308857,0.395,0.1543571,0.2078833,0.4083,0.3527333,0.1152714,0.28085,0.4433571,0.4842857,0.1534571,0.1756,0.3347714,0.4019143,0.1559,0.2616,35.23,9.79,51.77,35.82,16.53523809523334,16.55214285715,299.6571428573333,299.3017857145,27.998333333333335,27.74875,85.18714285713332,86.38321428569999,0.3155047666666667,0.27521785,0.31846346666666664,0.26766545,0.4020713999999999,0.33991782499999995,0.33238093333333324,0.2882607,17.180000000000017,25.8275,-0.8229838658936564,-0.5680647467311559,2.0794415416798357
iq,2009,35,2009-08-27,0.2453429,0.1859857,0.1813429,0.2820571,95.83,298.997142857,300.921428571,296.444285714,310.4,293.4,45.34,88.1771428571,95.83,18.1228571429,11.7857142857,29.0,13.0,36.2,22.0,27.2,5,16.2285714286,17.04,16.3371428571,16.6028571429,294.708571429,295.507142857,294.824285714,295.045714286,80.64,87.11,87.8114285714,89.9714285714,300.107142857,299.985714286,298.878571429,298.235714286,28.32,27.7,27.975,27.0,0.2206286,0.3308857,0.395,0.1543571,0.1943571,0.4083,0.3527333,0.1152714,0.2785714,0.4433571,0.4842857,0.1534571,0.2604571,0.3347714,0.4019143,0.1559,6.52,35.23,9.79,51.77,17.1304761905,16.932142857149998,300.338095238,299.97321428575,28.34,28.24875,85.30904761903334,85.934642857125,0.26561906666666674,0.2979643,0.26288093333333334,0.28534402500000006,0.30109046666666656,0.34688927499999994,0.29242853333333324,0.319799975,45.860000000000014,36.8425,-0.8854560256532096,-0.4647231720437691,1.791759469228055
iq,2009,36,2009-09-03,0.5083571,0.4544286,0.5383143,0.5148286,83.02,297.388571429,298.45,296.388571429,305.0,293.5,78.37,94.9928571429,83.02,17.9885714286,7.64285714286,27.6,13.2,34.2,21.0,47.5,2,18.1228571429,16.2285714286,17.04,16.3371428571,296.444285714,294.708571429,295.507142857,294.824285714,88.1771428571,80.64,87.11,87.8114285714,300.921428571,300.107142857,299.985714286,298.878571429,29.0,28.32,27.7,27.975,0.2453429,0.2206286,0.3308857,0.395,0.1859857,0.1943571,0.4083,0.3527333,0.1813429,0.2785714,0.4433571,0.4842857,0.2820571,0.2604571,0.3347714,0.4019143,95.83,6.52,35.23,9.79,17.4466666667,17.345000000025,299.82619047599997,299.8660714285,28.30666666666667,28.155,87.93666666666667,87.73,0.32477620000000007,0.326303575,0.2782571333333333,0.31076785000000007,0.3327428666666665,0.36039642499999996,0.35244759999999986,0.34802855,61.79000000000002,55.15,-0.9350162426854147,-0.3546048870425359,1.0986122886681096
iq,2009,37,2009-09-10,0.1896167,0.192,0.2368143,0.2696857,13.74,299.855714286,300.75,294.314285714,310.0,291.8,9.3,75.2328571429,13.74,15.8657142857,13.0428571429,29.1666666667,14.1333333333,37.4,21.4,6.1,2,17.9885714286,18.1228571429,16.2285714286,17.04,296.388571429,296.444285714,294.708571429,295.507142857,94.9928571429,88.1771428571,80.64,87.11,298.45,300.921428571,300.107142857,299.985714286,27.6,29.0,28.32,27.7,0.5083571,0.2453429,0.2206286,0.3308857,0.4544286,0.1859857,0.1943571,0.4083,0.5383143,0.1813429,0.2785714,0.4433571,0.5148286,0.2820571,0.2604571,0.3347714,83.02,95.83,6.52,35.23,17.325714285733337,17.05142857145,300.0404761903333,300.057142857,28.5888888889,28.521666666675003,86.1342857143,84.760714285725,0.3144389000000001,0.290986325,0.2774714333333333,0.25669285000000003,0.31882383333333325,0.30876072499999996,0.35552379999999983,0.331757125,64.19666666666669,49.7775,-0.970941817426052,-0.23931566428755774,1.0986122886681096
iq,2009,38,2009-09-17,0.26632,0.3133667,0.1956571,0.3070714,40.17,299.47,300.814285714,294.618571429,310.0,293.5,23.01,78.1185714286,40.17,16.2028571429,11.6,28.85,12.75,37.2,20.4,0.8,2,15.8657142857,17.9885714286,18.1228571429,16.2285714286,294.314285714,296.388571429,296.444285714,294.708571429,75.2328571429,94.9928571429,88.1771428571,80.64,300.75,298.45,300.921428571,300.107142857,29.1666666667,27.6,29.0,28.32,0.1896167,0.5083571,0.2453429,0.2206286,0.192,0.4544286,0.1859857,0.1943571,0.2368143,0.5383143,0.1813429,0.2785714,0.2696857,0.5148286,0.2820571,0.2604571,13.74,83.02,95.83,6.52,16.685714285733336,17.045000000025,300.0047619046666,300.23392857125,28.538888888900004,28.654166666675,82.78142857146666,84.130357142875,0.3214312666666667,0.302409175,0.3199317666666666,0.28644525000000004,0.32359523333333323,0.28803215,0.36386189999999985,0.3434107,45.64333333333335,58.19,-0.992708874098054,-0.12053668025532357,1.0986122886681096
iq,2009,39,2009-09-24,0.2943143,0.2706714,0.3020714,0.2540143,78.68,299.324285714,301.028571429,295.827142857,309.8,293.7,33.0,83.7628571429,78.68,17.38,11.0,28.8666666667,13.3,37.0,21.0,8.1,0,16.2028571429,15.8657142857,17.9885714286,18.1228571429,294.618571429,294.314285714,296.388571429,296.444285714,78.1185714286,75.2328571429,94.9928571429,88.1771428571,300.814285714,300.75,298.45,300.921428571,28.85,29.1666666667,27.6,29.0,0.26632,0.1896167,0.5083571,0.2453429,0.3133667,0.192,0.4544286,0.1859857,0.1956571,0.2368143,0.5383143,0.1813429,0.3070714,0.2696857,0.5148286,0.2820571,40.17,13.74,83.02,95.83,16.482857142866667,16.8592857143,300.86428571433333,300.26071428575,28.961111111133334,28.62083333335,79.03809523813334,83.026785714325,0.25008366666666676,0.314652025,0.25867936666666663,0.30761667500000006,0.24484759999999986,0.31821427499999994,0.2769237999999999,0.3364,44.196666666666694,53.9025,-1.0,-1.8369701987210297e-16,0.0
iq,2009,40,2009-10-01,0.2063,0.2552571,0.2799571,0.2066571,57.18,298.034285714,299.571428571,296.344285714,307.4,294.8,79.1,91.5757142857,57.18,17.9471428571,8.51428571429,27.95,12.225,35.2,20.5,33.1,2,17.38,16.2028571429,15.8657142857,17.9885714286,295.827142857,294.618571429,294.314285714,296.388571429,83.7628571429,78.1185714286,75.2328571429,94.9928571429,301.028571429,300.814285714,300.75,298.45,28.8666666667,28.85,29.1666666667,27.6,0.2943143,0.26632,0.1896167,0.5083571,0.2706714,0.3133667,0.192,0.4544286,0.3020714,0.1956571,0.2368143,0.5383143,0.2540143,0.3070714,0.2696857,0.5148286,78.68,40.17,13.74,83.02,17.176666666666673,16.848928571425,300.4714285713333,300.5410714285,28.555555555566666,28.70833333335,84.48571428573332,82.172500000025,0.25564476666666675,0.23913774999999998,0.2797650666666667,0.25782380000000005,0.25922853333333323,0.2536249749999999,0.25591426666666656,0.259357125,58.6766666666667,47.4425,-0.992708874098054,0.1205366802553232,1.0986122886681096
iq,2009,41,2009-10-08,0.2322714,0.2725,0.2715714,0.2853857,20.58,298.707142857,300.128571429,296.561428571,308.3,294.3,43.94,89.31,20.58,18.1342857143,9.28571428571,27.64,11.66,34.8,21.0,29.4,1,17.9471428571,17.38,16.2028571429,15.8657142857,296.344285714,295.827142857,294.618571429,294.314285714,91.5757142857,83.7628571429,78.1185714286,75.2328571429,299.571428571,301.028571429,300.814285714,300.75,27.95,28.8666666667,28.85,29.1666666667,0.2063,0.2943143,0.26632,0.1896167,0.2552571,0.2706714,0.3133667,0.192,0.2799571,0.3020714,0.1956571,0.2368143,0.2066571,0.2540143,0.3070714,0.2696857,57.18,78.68,40.17,13.74,17.82047619046667,17.416071428575002,300.24285714300004,300.38571428575,28.152222222233334,28.326666666675,88.2161904762,85.6917857143,0.2442952333333334,0.249801425,0.26614283333333333,0.27794880000000005,0.2845332999999999,0.26231424999999997,0.24868569999999993,0.26328212500000003,52.14666666666668,49.152499999999996,-0.9709418174260521,0.23931566428755738,0.6931471805599453
iq,2009,42,2009-10-15,0.2974143,0.2821714,0.2559286,0.3197857,30.49,299.737142857,301.0,295.35,311.3,293.8,18.1,79.2228571429,30.49,16.8957142857,11.8857142857,27.75,10.65,34.2,21.2,11.2,1,18.1342857143,17.9471428571,17.38,16.2028571429,296.561428571,296.344285714,295.827142857,294.618571429,89.31,91.5757142857,83.7628571429,78.1185714286,300.128571429,299.571428571,301.028571429,300.814285714,27.64,27.95,28.8666666667,28.85,0.2322714,0.2063,0.2943143,0.26632,0.2725,0.2552571,0.2706714,0.3133667,0.2715714,0.2799571,0.3020714,0.1956571,0.2853857,0.2066571,0.2540143,0.3070714,20.58,57.18,78.68,40.17,17.659047619033334,17.589285714275,300.23333333333335,300.43214285725,27.78,28.051666666675,86.70285714286666,85.967857142875,0.24532856666666678,0.257575,0.26997616666666663,0.27014997500000004,0.2691523666666666,0.2773821249999999,0.2706094999999999,0.2664607,36.08333333333335,46.7325,-0.9350162426854148,0.35460488704253557,0.6931471805599453
iq,2009,43,2009-10-22,0.2968,0.3084857,0.3623,0.3616571,82.59,298.855714286,300.285714286,296.918571429,307.2,294.1,67.4,90.6571428571,82.59,18.6614285714,8.57142857143,27.7333333333,12.2,35.3,21.0,137.1,2,16.8957142857,18.1342857143,17.9471428571,17.38,295.35,296.561428571,296.344285714,295.827142857,79.2228571429,89.31,91.5757142857,83.7628571429,301.0,300.128571429,299.571428571,301.028571429,27.75,27.64,27.95,28.8666666667,0.2974143,0.2322714,0.2063,0.2943143,0.2821714,0.2725,0.2552571,0.2706714,0.2559286,0.2715714,0.2799571,0.3020714,0.3197857,0.2853857,0.2066571,0.2540143,30.49,20.58,57.18,78.68,17.897142857133336,17.909642857125,300.47142857166665,300.2464285715,27.707777777766665,27.768333333325,86.39666666666666,87.69142857142499,0.2754952333333334,0.258196425,0.2877190333333333,0.27960355000000003,0.2965999999999999,0.29243927499999994,0.32227616666666653,0.29337140000000006,44.55333333333335,47.71,-0.8854560256532101,0.464723172043768,1.0986122886681096
iq,2009,44,2009-10-29,0.2907571,0.23795,0.3176857,0.2616,77.38,298.678571429,300.071428571,297.442857143,310.8,294.9,84.54,93.8085714286,77.38,19.2542857143,8.34285714286,27.8,11.32,35.2,21.0,11.2,2,18.6614285714,16.8957142857,18.1342857143,17.9471428571,296.918571429,295.35,296.561428571,296.344285714,90.6571428571,79.2228571429,89.31,91.5757142857,300.285714286,301.0,300.128571429,299.571428571,27.7333333333,27.75,27.64,27.95,0.2968,0.2974143,0.2322714,0.2063,0.3084857,0.2821714,0.2725,0.2552571,0.3623,0.2559286,0.2715714,0.2799571,0.3616571,0.3197857,0.2853857,0.2066571,82.59,30.49,20.58,57.18,18.27047619046667,18.236428571424998,300.4523809523334,300.37142857149996,27.761111111099996,27.730833333325,87.8961904762,88.24964285715001,0.29499046666666673,0.2793107,0.27620236666666664,0.27527677500000003,0.3119714333333332,0.30187142499999997,0.3143475999999999,0.30710712500000004,63.48666666666668,52.76,-0.822983865893657,0.5680647467311548,1.0986122886681096
iq,2009,45,2009-11-05,0.3886714,0.3728167,0.2499,0.3730143,45.79,299.161428571,300.478571429,297.14,309.7,292.2,47.31,90.3728571429,45.79,18.9371428571,10.1857142857,29.8666666667,12.7333333333,36.8,21.2,3.5,3,19.2542857143,18.6614285714,16.8957142857,18.1342857143,297.442857143,296.918571429,295.35,296.561428571,93.8085714286,90.6571428571,79.2228571429,89.31,300.071428571,300.285714286,301.0,300.128571429,27.8,27.7333333333,27.75,27.64,0.2907571,0.2968,0.2974143,0.2322714,0.23795,0.3084857,0.2821714,0.2725,0.3176857,0.3623,0.2559286,0.2715714,0.2616,0.3616571,0.3197857,0.2853857,77.38,82.59,30.49,20.58,18.95095238093334,18.437142857125,300.2785714286667,300.4589285715,28.466666666666665,28.287499999999998,91.61285714286667,88.515357142875,0.3254095000000001,0.3184107,0.30641746666666664,0.30035595000000004,0.30996189999999985,0.29645357499999997,0.3320904666666666,0.329014275,68.58666666666669,59.0625,-0.7485107481711011,0.6631226582407952,1.3862943611198906
iq,2009,46,2009-11-12,0.3688714,0.3799571,0.3800286,0.4679286,96.23,300.321428571,301.785714286,296.925714286,308.7,296.0,31.65,84.3114285714,96.23,18.6642857143,10.4571428571,28.94,11.96,35.3,21.9,88.2,9,18.9371428571,19.2542857143,18.6614285714,16.8957142857,297.14,297.442857143,296.918571429,295.35,90.3728571429,93.8085714286,90.6571428571,79.2228571429,300.478571429,300.071428571,300.285714286,301.0,29.8666666667,27.8,27.7333333333,27.75,0.3886714,0.2907571,0.2968,0.2974143,0.3728167,0.23795,0.3084857,0.2821714,0.2499,0.3176857,0.3623,0.2559286,0.3730143,0.2616,0.3616571,0.3197857,45.79,77.38,82.59,30.49,18.951904761900007,18.879285714275,300.7785714286667,300.65535714299995,28.8688888889,28.585,89.49761904763334,89.7875,0.34943330000000006,0.33627497500000003,0.3302412666666666,0.32480237500000003,0.31587143333333323,0.32747857499999994,0.3675142999999999,0.36605,73.13333333333334,75.4975,-0.6631226582407955,0.7485107481711007,2.302585092994046
iq,2009,47,2009-11-19,0.40705,0.3351,0.3665,0.38935,29.72,300.485714286,301.75,296.108571429,311.0,294.5,47.0,80.7871428571,29.72,17.8071428571,11.9285714286,28.9,12.3333333333,36.2,22.3,39.1,5,18.6642857143,18.9371428571,19.2542857143,18.6614285714,296.925714286,297.14,297.442857143,296.918571429,84.3114285714,90.3728571429,93.8085714286,90.6571428571,301.785714286,300.478571429,300.071428571,300.285714286,28.94,29.8666666667,27.8,27.7333333333,0.3688714,0.3886714,0.2907571,0.2968,0.3799571,0.3728167,0.23795,0.3084857,0.3800286,0.2499,0.3176857,0.3623,0.4679286,0.3730143,0.2616,0.3616571,96.23,45.79,77.38,82.59,18.469523809500007,18.6657142857,301.3380952383333,301.0214285715,29.235555555566666,28.876666666675,85.15714285713334,87.32000000000001,0.3881976000000001,0.363837475,0.36262459999999996,0.33145595,0.3321428666666666,0.32852857499999993,0.4100976333333332,0.372973225,57.24666666666669,62.28,-0.5680647467311559,0.8229838658936564,1.791759469228055
iq,2009,48,2009-11-26,0.3361143,0.2877667,0.3254571,0.3576,38.17,299.455714286,300.614285714,297.225714286,308.7,295.1,60.7,89.5942857143,38.17,19.0014285714,8.71428571429,28.4333333333,11.8333333333,36.2,21.8,17.0,5,17.8071428571,18.6642857143,18.9371428571,19.2542857143,296.108571429,296.925714286,297.14,297.442857143,80.7871428571,84.3114285714,90.3728571429,93.8085714286,301.75,301.785714286,300.478571429,300.071428571,28.9,28.94,29.8666666667,27.8,0.40705,0.3688714,0.3886714,0.2907571,0.3351,0.3799571,0.3728167,0.23795,0.3665,0.3800286,0.2499,0.3176857,0.38935,0.4679286,0.3730143,0.2616,29.72,96.23,45.79,77.38,18.490952380933336,18.602499999975002,301.3833333333334,301.15714285725,28.757777777766666,29.035,84.8976190476,86.266428571425,0.37067856666666676,0.375176775,0.3342745999999999,0.34391012500000007,0.35732856666666657,0.33047142499999993,0.4049595333333332,0.396973225,54.706666666666685,52.477500000000006,-0.4647231720437684,0.88545602565321,1.791759469228055
iq,2009,49,2009-12-03,0.3485286,0.2904,0.4106143,0.3704571,73.45,298.762857143,299.935714286,296.97,308.9,295.0,134.43,91.7085714286,73.45,18.6714285714,7.75714285714,28.025,10.375,35.3,22.2,49.0,4,19.0014285714,17.8071428571,18.6642857143,18.9371428571,297.225714286,296.108571429,296.925714286,297.14,89.5942857143,80.7871428571,84.3114285714,90.3728571429,300.614285714,301.75,301.785714286,300.478571429,28.4333333333,28.9,28.94,29.8666666667,0.3361143,0.40705,0.3688714,0.3886714,0.2877667,0.3351,0.3799571,0.3728167,0.3254571,0.3665,0.3800286,0.2499,0.3576,0.38935,0.4679286,0.3730143,38.17,29.72,96.23,45.79,18.493333333300004,18.536071428550002,300.76666666666665,301.0214285715,28.452777777766666,28.574583333325002,87.36333333333333,86.60035714285,0.36389763333333347,0.36514107500000004,0.3044222333333333,0.32330595000000006,0.36752379999999985,0.3706499999999999,0.3724690333333332,0.396333925,47.113333333333344,59.392500000000005,-0.35460488704253595,0.9350162426854147,1.6094379124341003
iq,2009,50,2009-12-10,0.1922,0.1935286,0.2398857,0.2858857,85.62,299.198571429,300.678571429,296.595714286,308.6,294.6,49.32,87.7528571429,85.62,18.3042857143,10.4428571429,28.55,11.0,35.2,21.2,41.9,4,18.6714285714,19.0014285714,17.8071428571,18.6642857143,296.97,297.225714286,296.108571429,296.925714286,91.7085714286,89.5942857143,80.7871428571,84.3114285714,299.935714286,300.614285714,301.75,301.785714286,28.025,28.4333333333,28.9,28.94,0.3485286,0.3361143,0.40705,0.3688714,0.2904,0.2877667,0.3351,0.3799571,0.4106143,0.3254571,0.3665,0.3800286,0.3704571,0.3576,0.38935,0.4679286,73.45,38.17,29.72,96.23,18.65904761903334,18.44607142855,300.40952380966667,300.74464285725,28.3361111111,28.477083333325,89.68523809526668,87.460714285725,0.29228096666666675,0.320973225,0.25723176666666664,0.27669882500000004,0.3253190333333332,0.3356142749999999,0.33798093333333323,0.35082319999999995,65.74666666666668,56.74,-0.2393156642875578,0.970941817426052,1.6094379124341003
iq,2009,51,2009-12-17,0.2176,0.2403,0.1817714,0.2623,81.21,298.347142857,299.35,296.905714286,307.5,295.0,208.87,92.9585714286,81.21,18.6014285714,6.67142857143,28.2,11.125,35.6,22.0,54.1,1,18.3042857143,18.6714285714,19.0014285714,17.8071428571,296.595714286,296.97,297.225714286,296.108571429,87.7528571429,91.7085714286,89.5942857143,80.7871428571,300.678571429,299.935714286,300.614285714,301.75,28.55,28.025,28.4333333333,28.9,0.1922,0.3485286,0.3361143,0.40705,0.1935286,0.2904,0.2877667,0.3351,0.2398857,0.4106143,0.3254571,0.3665,0.2858857,0.3704571,0.3576,0.38935,85.62,73.45,38.17,29.72,18.525714285700005,18.644642857125,299.98809523833336,300.14464285725,28.258333333333336,28.302083333325,90.8066666667,90.5035714286,0.25277620000000006,0.273610725,0.2414095333333333,0.25299882500000004,0.2774237999999999,0.28943212499999993,0.30621426666666657,0.3190607,80.09333333333335,69.6125,-0.12053668025532363,0.992708874098054,0.6931471805599453
iq,2009,52,2009-12-24,0.2104222,0.2571375,0.2211333,0.3002556,98.79,297.181428571,298.185714286,296.557142857,302.9,294.9,66.3,96.8857142857,98.79,18.18,5.25714285714,27.2,8.2,32.2,21.8,31.2,0,18.6014285714,18.3042857143,18.6714285714,19.0014285714,296.905714286,296.595714286,296.97,297.225714286,92.9585714286,87.7528571429,91.7085714286,89.5942857143,299.35,300.678571429,299.935714286,300.614285714,28.2,28.55,28.025,28.4333333333,0.2176,0.1922,0.3485286,0.3361143,0.2403,0.1935286,0.2904,0.2877667,0.1817714,0.2398857,0.4106143,0.3254571,0.2623,0.2858857,0.3704571,0.3576,81.21,85.62,73.45,38.17,18.361904761900007,18.439285714275,299.40476190500004,299.53750000025,27.983333333333334,27.99375,92.53238095239999,92.32642857145,0.2067407333333334,0.2421877,0.23032203333333331,0.24534152500000003,0.21426346666666654,0.26335117499999994,0.2828137666666666,0.3047246,88.54000000000002,84.7675,6.432490598706546e-16,1.0,0.0
iq,2010,53,2010-01-01,0.1674968,0.21813305,0.1924881,0.2178635,62.915000000000006,298.2228571425,299.3535714285,295.54357142849994,305.75,293.85,37.4,87.57857142854999,62.915000000000006,17.153571428550002,8.178571428569999,27.9,10.25,33.650000000000006,21.8,25.8,0,18.18,18.6014285714,18.3042857143,18.6714285714,296.557142857,296.905714286,296.595714286,296.97,96.8857142857,92.9585714286,87.7528571429,91.7085714286,298.185714286,299.35,300.678571429,299.935714286,27.2,28.2,28.55,28.025,0.2104222,0.2176,0.1922,0.3485286,0.2571375,0.2403,0.1935286,0.2904,0.2211333,0.1817714,0.2398857,0.4106143,0.3002556,0.2623,0.2858857,0.3704571,98.79,81.21,85.62,73.45,17.97833333331667,18.0598214285625,298.96309523816666,299.391964285875,27.766666666666666,27.9625,92.47428571428333,91.29392857143749,0.19850633333333337,0.19692975,0.23852351666666663,0.22727478750000002,0.19846426666666658,0.20881962499999995,0.2601396999999999,0.2665762,80.97166666666668,82.13375,0.12053668025532314,0.992708874098054,0.0
iq,2010,1,2010-01-08,0.1245714,0.1791286,0.1638429,0.1354714,27.04,299.264285714,300.521428571,294.53,308.6,292.8,8.5,78.2714285714,27.04,16.1271428571,11.1,28.6,12.3,35.1,21.8,20.4,10,17.153571428550002,18.18,18.6014285714,18.3042857143,295.54357142849994,296.557142857,296.905714286,296.595714286,87.57857142854999,96.8857142857,92.9585714286,87.7528571429,299.3535714285,298.185714286,299.35,300.678571429,27.9,27.2,28.2,28.55,0.1674968,0.2104222,0.2176,0.1922,0.21813305,0.2571375,0.2403,0.1935286,0.1924881,0.2211333,0.1817714,0.2398857,0.2178635,0.3002556,0.2623,0.2858857,62.915000000000006,98.79,81.21,85.62,17.153571428550006,17.515535714262498,299.3535714285,299.352678571375,27.900000000000002,27.974999999999998,87.57857142854999,88.9235714285625,0.16749680000000008,0.1800226,0.21813304999999997,0.22367478750000003,0.1924880999999999,0.18980892499999996,0.2178634999999999,0.228972625,62.91500000000001,67.48875,0.12053668025532305,0.992708874098054,2.3978952727983707
iq,2010,2,2010-01-15,0.1452857,0.1423143,0.1353,0.1675286,32.99,298.297142857,299.935714286,296.147142857,308.0,293.8,144.6,89.8071428571,32.99,17.7585714286,9.15714285714,27.8333333333,11.3,34.2,22.1,15.0,9,16.1271428571,17.153571428550002,18.18,18.6014285714,294.53,295.54357142849994,296.557142857,296.905714286,78.2714285714,87.57857142854999,96.8857142857,92.9585714286,300.521428571,299.3535714285,298.185714286,299.35,28.6,27.9,27.2,28.2,0.1245714,0.1674968,0.2104222,0.2176,0.1791286,0.21813305,0.2571375,0.2403,0.1638429,0.1924881,0.2211333,0.1817714,0.1354714,0.2178635,0.3002556,0.2623,27.04,62.915000000000006,98.79,81.21,17.01309523808334,17.3048214285625,299.9369047618333,299.499107142875,28.1111111111,27.883333333324998,85.21904761901668,88.1357142856875,0.14578463333333339,0.161944025,0.17985864999999998,0.19917836250000004,0.1638769999999999,0.17819107499999995,0.17362116666666658,0.205279775,40.98166666666668,55.43375,0.23931566428755774,0.970941817426052,2.302585092994046
iq,2010,3,2010-01-22,0.2521143,0.2304857,0.1873286,0.3027857,19.04,298.925714286,300.457142857,296.38,307.8,294.8,31.2,87.6414285714,19.04,18.0014285714,8.62857142857,28.9666666667,11.2666666667,35.2,22.5,0.8,17,17.7585714286,16.1271428571,17.153571428550002,18.18,296.147142857,294.53,295.54357142849994,296.557142857,89.8071428571,78.2714285714,87.57857142854999,96.8857142857,299.935714286,300.521428571,299.3535714285,298.185714286,27.8333333333,28.6,27.9,27.2,0.1452857,0.1245714,0.1674968,0.2104222,0.1423143,0.1791286,0.21813305,0.2571375,0.1353,0.1638429,0.1924881,0.2211333,0.1675286,0.1354714,0.2178635,0.3002556,32.99,27.04,62.915000000000006,98.79,17.295714285700004,17.2601785714125,300.3047619046667,300.066964285625,28.46666666666667,28.325000000000003,85.23999999996667,85.82464285711251,0.17399046666666673,0.17236705,0.18397619999999995,0.19251541250000004,0.16215716666666655,0.16973989999999994,0.2019285666666666,0.2059123,26.356666666666683,35.49625,0.3546048870425356,0.9350162426854148,2.8903717578961645
iq,2010,4,2010-01-29,0.2632714,0.2306,0.2188714,0.2612857,138.51,298.291428571,299.614285714,296.56,308.3,295.0,65.76,91.7985714286,138.51,18.1928571429,7.68571428571,27.8,10.52,35.3,22.4,166.0,16,18.0014285714,17.7585714286,16.1271428571,17.153571428550002,296.38,296.147142857,294.53,295.54357142849994,87.6414285714,89.8071428571,78.2714285714,87.57857142854999,300.457142857,299.935714286,300.521428571,299.3535714285,28.9666666667,27.8333333333,28.6,27.9,0.2521143,0.1452857,0.1245714,0.1674968,0.2304857,0.1423143,0.1791286,0.21813305,0.1873286,0.1353,0.1638429,0.1924881,0.3027857,0.1675286,0.1354714,0.2178635,19.04,32.99,27.04,62.915000000000006,17.984285714300004,17.520000000000003,300.00238095233334,300.132142857,28.2,28.3,89.74904761903333,86.879642857125,0.22022380000000008,0.1963107,0.2011333333333333,0.19563215,0.18049999999999988,0.17633572499999994,0.24386666666666656,0.21676784999999998,63.51333333333335,54.394999999999996,0.4647231720437685,0.8854560256532099,2.833213344056216
iq,2010,5,2010-02-05,0.1701,0.1421167,0.1179143,0.1393429,47.31,298.754285714,300.342857143,296.837142857,306.1,295.6,95.83,90.6485714286,47.31,18.5228571429,8.31428571429,27.8,9.26666666667,34.2,22.0,62.3,11,18.1928571429,18.0014285714,17.7585714286,16.1271428571,296.56,296.38,296.147142857,294.53,91.7985714286,87.6414285714,89.8071428571,78.2714285714,299.614285714,300.457142857,299.935714286,300.521428571,27.8,28.9666666667,27.8333333333,28.6,0.2632714,0.2521143,0.1452857,0.1245714,0.2306,0.2304857,0.1423143,0.1791286,0.2188714,0.1873286,0.1353,0.1638429,0.2612857,0.3027857,0.1675286,0.1354714,138.51,19.04,32.99,27.04,18.23904761906667,18.11892857145,300.138095238,300.0875,28.1888888889,28.1,90.02952380953332,89.973928571425,0.2284952333333334,0.20769284999999998,0.20106746666666664,0.186379175,0.17470476666666657,0.16485357499999995,0.23447143333333323,0.217735725,68.28666666666668,59.4625,0.5680647467311558,0.8229838658936564,2.4849066497880004
iq,2010,6,2010-02-12,0.2307571,0.1892571,0.1634857,0.2388714,78.25,298.251428571,299.678571429,297.568571429,306.2,295.5,172.7,96.5157142857,78.25,19.3457142857,6.32857142857,27.0,8.3,33.2,22.9,14.5,12,18.5228571429,18.1928571429,18.0014285714,17.7585714286,296.837142857,296.56,296.38,296.147142857,90.6485714286,91.7985714286,87.6414285714,89.8071428571,300.342857143,299.614285714,300.457142857,299.935714286,27.8,27.8,28.9666666667,27.8333333333,0.1701,0.2632714,0.2521143,0.1452857,0.1421167,0.2306,0.2304857,0.1423143,0.1179143,0.2188714,0.1873286,0.1353,0.1393429,0.2612857,0.3027857,0.1675286,47.31,138.51,19.04,32.99,18.687142857166673,18.515714285725,299.87857142866665,300.02321428575,27.53333333333333,27.891666666675,92.98761904763334,91.651071428575,0.22137616666666673,0.2290607,0.18732459999999995,0.19811487500000002,0.16675713333333322,0.17189999999999994,0.2131666666666666,0.235571425,88.02333333333335,70.7775,0.6631226582407952,0.7485107481711011,2.5649493574615367
iq,2010,7,2010-02-19,0.2933,0.2478286,0.2066286,0.2666714,32.19,299.648571429,300.95,297.09,309.2,294.5,54.2,88.3657142857,32.19,18.8571428571,9.41428571429,27.3,11.8,35.5,21.4,60.9,19,19.3457142857,18.5228571429,18.1928571429,18.0014285714,297.568571429,296.837142857,296.56,296.38,96.5157142857,90.6485714286,91.7985714286,87.6414285714,299.678571429,300.342857143,299.614285714,300.457142857,27.0,27.8,27.8,28.9666666667,0.2307571,0.1701,0.2632714,0.2521143,0.1892571,0.1421167,0.2306,0.2304857,0.1634857,0.1179143,0.2188714,0.1873286,0.2388714,0.1393429,0.2612857,0.3027857,78.25,47.31,138.51,19.04,18.908571428566674,18.72964285715,300.32380952399996,300.1464285715,27.36666666666667,27.474999999999998,91.84333333333332,91.83214285715,0.23138570000000006,0.239357125,0.19306746666666663,0.20245060000000004,0.1626761999999999,0.17672499999999994,0.2149618999999999,0.22654285000000002,52.58333333333335,74.065,0.7485107481711011,0.6631226582407953,2.995732273553991
iq,2010,8,2010-02-26,0.3036571,0.2600571,0.2254857,0.3333143,84.67,298.917142857,300.485714286,297.928571429,308.2,295.2,288.4,94.9157142857,84.67,19.7728571429,8.17142857143,28.02,10.36,35.4,21.4,29.9,15,18.8571428571,19.3457142857,18.5228571429,18.1928571429,297.09,297.568571429,296.837142857,296.56,88.3657142857,96.5157142857,90.6485714286,91.7985714286,300.95,299.678571429,300.342857143,299.614285714,27.3,27.0,27.8,27.8,0.2933,0.2307571,0.1701,0.2632714,0.2478286,0.1892571,0.1421167,0.2306,0.2066286,0.1634857,0.1179143,0.2188714,0.2666714,0.2388714,0.1393429,0.2612857,32.19,78.25,47.31,138.51,19.325238095233342,19.12464285715,300.3714285716667,300.3642857145,27.439999999999998,27.53,93.26571428569999,92.611428571425,0.2759047333333334,0.24945355,0.23238093333333332,0.20981487500000004,0.19853333333333323,0.17837857499999996,0.27961903333333327,0.24455000000000002,65.03666666666669,60.605000000000004,0.8229838658936564,0.5680647467311559,2.772588722239781
iq,2010,9,2010-03-05,0.1273167,0.18116,0.1204667,0.1427667,80.58,298.337142857,299.664285714,297.917142857,306.3,295.8,144.98,97.7,80.58,19.7542857143,6.24285714286,28.5,9.9,35.4,21.2,9.9,12,19.7728571429,18.8571428571,19.3457142857,18.5228571429,297.928571429,297.09,297.568571429,296.837142857,94.9157142857,88.3657142857,96.5157142857,90.6485714286,300.485714286,300.95,299.678571429,300.342857143,28.02,27.3,27.0,27.8,0.3036571,0.2933,0.2307571,0.1701,0.2600571,0.2478286,0.1892571,0.1421167,0.2254857,0.2066286,0.1634857,0.1179143,0.3333143,0.2666714,0.2388714,0.1393429,84.67,32.19,78.25,47.31,19.46142857143334,19.4325,300.36666666666673,300.19464285725,27.939999999999998,27.705,93.66047619046667,94.37428571427499,0.2414246000000001,0.23875772500000003,0.22968189999999997,0.21957570000000004,0.18419366666666656,0.17901667499999993,0.24758413333333326,0.24540595,65.81333333333335,68.9225,0.8854560256532099,0.4647231720437686,2.5649493574615367
iq,2010,10,2010-03-12,0.3117286,0.2926857,0.2725857,0.3948,57.78,298.837142857,300.092857143,298.141428571,306.9,292.8,86.1,96.25,57.78,20.0914285714,8.81428571429,28.55,10.05,35.4,21.4,44.5,12,19.7542857143,19.7728571429,18.8571428571,19.3457142857,297.917142857,297.928571429,297.09,297.568571429,97.7,94.9157142857,88.3657142857,96.5157142857,299.664285714,300.485714286,300.95,299.678571429,28.5,28.02,27.3,27.0,0.1273167,0.3036571,0.2933,0.2307571,0.18116,0.2600571,0.2478286,0.1892571,0.1204667,0.2254857,0.2066286,0.1634857,0.1427667,0.3333143,0.2666714,0.2388714,80.58,84.67,32.19,78.25,19.872857142866675,19.618928571425002,300.08095238100003,300.29821428575,28.35666666666667,28.0925,96.28857142856667,94.30785714285,0.24756746666666676,0.2590006,0.24463426666666663,0.24543285000000004,0.20617936666666656,0.20629167499999995,0.29029366666666656,0.28438810000000003,74.34333333333335,63.805,0.9350162426854148,0.35460488704253557,2.5649493574615367
iq,2010,11,2010-03-19,0.2946,0.2509714,0.2814714,0.3416429,121.2,299.191428571,300.928571429,298.45,307.4,294.0,191.76,96.1242857143,121.2,20.4614285714,8.82857142857,30.0,12.0,36.0,22.0,22.9,16,20.0914285714,19.7542857143,19.7728571429,18.8571428571,298.141428571,297.917142857,297.928571429,297.09,96.25,97.7,94.9157142857,88.3657142857,300.092857143,299.664285714,300.485714286,300.95,28.55,28.5,28.02,27.3,0.3117286,0.1273167,0.3036571,0.2933,0.2926857,0.18116,0.2600571,0.2478286,0.2725857,0.1204667,0.2254857,0.2066286,0.3948,0.1427667,0.3333143,0.2666714,57.78,80.58,84.67,32.19,20.10238095236667,20.020000000000003,300.2285714286666,300.292857143,29.016666666666666,28.767500000000002,96.69142857143333,96.2475,0.24454843333333343,0.2593256,0.24160569999999995,0.24621855,0.2248412666666665,0.22500237499999992,0.2930698666666666,0.30313097499999997,86.52000000000002,86.0575,0.970941817426052,0.23931566428755804,2.833213344056216
iq,2010,12,2010-03-26,0.2662857,0.3012333,0.296,0.2957429,51.29,299.004285714,300.3,297.555714286,307.9,294.6,214.9,93.0828571429,51.29,19.3685714286,8.02857142857,27.4666666667,9.33333333333,34.5,21.0,20.0,9,20.4614285714,20.0914285714,19.7542857143,19.7728571429,298.45,298.141428571,297.917142857,297.928571429,96.1242857143,96.25,97.7,94.9157142857,300.928571429,300.092857143,299.664285714,300.485714286,30.0,28.55,28.5,28.02,0.2946,0.3117286,0.1273167,0.3036571,0.2509714,0.2926857,0.18116,0.2600571,0.2814714,0.2725857,0.1204667,0.2254857,0.3416429,0.3948,0.1427667,0.3333143,121.2,57.78,80.58,84.67,19.973809523800004,19.918928571425,300.44047619066663,300.2464285715,28.672222222233334,28.629166666675,95.1523809524,95.78928571430001,0.2908714333333335,0.24998275,0.2816301333333333,0.25651260000000004,0.2833523666666666,0.24263094999999993,0.34406193333333324,0.29373812499999996,76.75666666666669,77.71249999999999,0.992708874098054,0.120536680255323,2.302585092994046
iq,2010,13,2010-04-02,0.1414333,0.2047286,0.2509714,0.1452429,49.8,299.002857143,300.714285714,296.568571429,309.1,294.2,24.25,88.7071428571,49.8,18.2142857143,9.51428571429,27.9333333333,12.3,35.3,21.0,16.0,4,19.3685714286,20.4614285714,20.0914285714,19.7542857143,297.555714286,298.45,298.141428571,297.917142857,93.0828571429,96.1242857143,96.25,97.7,300.3,300.928571429,300.092857143,299.664285714,27.4666666667,30.0,28.55,28.5,0.2662857,0.2946,0.3117286,0.1273167,0.3012333,0.2509714,0.2926857,0.18116,0.296,0.2814714,0.2725857,0.1204667,0.2957429,0.3416429,0.3948,0.1427667,51.29,121.2,57.78,80.58,19.348095238100004,19.533928571425,300.6476190476667,300.5089285715,28.46666666666667,28.487499999999997,92.63809523810001,93.54107142857501,0.23410633333333342,0.2535119,0.25231109999999995,0.26240475,0.2761475999999999,0.27525712499999994,0.2608762333333332,0.294357175,74.09666666666668,70.0175,1.0,-1.6081226496766364e-16,1.6094379124341003
iq,2010,14,2010-04-09,0.2428429,0.2727571,0.2022714,0.2601143,93.76,299.115714286,300.271428571,298.161428571,308.4,294.6,164.7,95.1828571429,93.76,20.0785714286,7.71428571429,29.2,12.3,35.4,22.5,17.0,9,18.2142857143,19.3685714286,20.4614285714,20.0914285714,296.568571429,297.555714286,298.45,298.141428571,88.7071428571,93.0828571429,96.1242857143,96.25,300.714285714,300.3,300.928571429,300.092857143,27.9333333333,27.4666666667,30.0,28.55,0.1414333,0.2662857,0.2946,0.3117286,0.2047286,0.3012333,0.2509714,0.2926857,0.2509714,0.296,0.2814714,0.2725857,0.1452429,0.2957429,0.3416429,0.3948,49.8,51.29,121.2,57.78,19.220476190500005,19.530714285725,300.4285714283333,300.5535714285,28.2,28.65,92.3242857143,93.2742857143,0.21685396666666676,0.236290475,0.25957299999999994,0.2574226,0.24974759999999985,0.25767854999999995,0.23370003333333322,0.26068575,64.95000000000003,79.0125,0.992708874098054,-0.12053668025532288,2.302585092994046
iq,2010,15,2010-04-16,0.1576857,0.1566143,0.1840143,0.1358857,17.33,298.305714286,299.557142857,297.002857143,307.3,294.3,150.8,93.6557142857,17.33,18.6771428571,7.22857142857,27.15,9.6,33.0,21.2,18.0,6,20.0785714286,18.2142857143,19.3685714286,20.4614285714,298.161428571,296.568571429,297.555714286,298.45,95.1828571429,88.7071428571,93.0828571429,96.1242857143,300.271428571,300.714285714,300.3,300.928571429,29.2,27.9333333333,27.4666666667,30.0,0.2428429,0.1414333,0.2662857,0.2946,0.2727571,0.2047286,0.3012333,0.2509714,0.2022714,0.2509714,0.296,0.2814714,0.2601143,0.1452429,0.2957429,0.3416429,93.76,49.8,51.29,121.2,18.990000000000006,19.08464285715,300.18095238066667,300.2107142855,28.094444444433332,27.9375,92.51523809523333,92.65714285715,0.18065396666666678,0.20206190000000002,0.21136666666666662,0.233833325,0.21241903333333323,0.23331427499999993,0.1804142999999999,0.20924644999999997,53.630000000000024,53.045,0.9709418174260521,-0.2393156642875575,1.9459101490553132
iq,2010,16,2010-04-23,0.2314857,0.2946857,0.3316571,0.2444,86.7,298.438571429,299.507142857,297.678571429,304.7,294.7,81.4,95.9957142857,86.7,19.4485714286,7.75714285714,27.85,9.6,33.5,22.5,51.1,8,18.6771428571,20.0785714286,18.2142857143,19.3685714286,297.002857143,298.161428571,296.568571429,297.555714286,93.6557142857,95.1828571429,88.7071428571,93.0828571429,299.557142857,300.271428571,300.714285714,300.3,27.15,29.2,27.9333333333,27.4666666667,0.1576857,0.2428429,0.1414333,0.2662857,0.1566143,0.2727571,0.2047286,0.3012333,0.1840143,0.2022714,0.2509714,0.296,0.1358857,0.2601143,0.1452429,0.2957429,17.33,93.76,49.8,51.29,19.40142857143334,19.10464285715,299.77857142833335,300.01249999975,28.066666666666663,28.033333333325,94.94476190476666,93.38535714285,0.2106714333333334,0.1933619,0.2413523666666666,0.23219642500000004,0.23931426666666655,0.24222854999999993,0.21346666666666655,0.196410725,65.93000000000002,61.8975,0.9350162426854148,-0.35460488704253545,2.1972245773362196
iq,2010,17,2010-04-30,0.2397429,0.2592714,0.3077857,0.3079429,26.0,299.048571429,300.028571429,296.468571429,308.4,294.6,23.6,87.6571428571,26.0,18.0685714286,8.25714285714,28.85,12.125,36.2,21.4,35.4,4,19.4485714286,18.6771428571,20.0785714286,18.2142857143,297.678571429,297.002857143,298.161428571,296.568571429,95.9957142857,93.6557142857,95.1828571429,88.7071428571,299.507142857,299.557142857,300.271428571,300.714285714,27.85,27.15,29.2,27.9333333333,0.2314857,0.1576857,0.2428429,0.1414333,0.2946857,0.1566143,0.2727571,0.2047286,0.3316571,0.1840143,0.2022714,0.2509714,0.2444,0.1358857,0.2601143,0.1452429,86.7,17.33,93.76,49.8,18.731428571433337,19.068214285725,299.69761904766665,299.8410714285,27.95,28.262500000000003,92.43619047616669,93.12285714285,0.20963810000000008,0.2179393,0.23685713333333328,0.245832125,0.2744856999999999,0.2564321249999999,0.22940953333333325,0.23708572500000002,43.34333333333336,55.947500000000005,0.8854560256532099,-0.4647231720437685,1.6094379124341003
iq,2010,18,2010-05-07,0.2608143,0.2557857,0.2577714,0.3402857,73.97,297.617142857,298.585714286,296.975714286,304.7,294.6,85.46,96.7128571429,73.97,18.6028571429,5.71428571429,27.6,9.6,33.2,21.4,8.1,2,18.0685714286,19.4485714286,18.6771428571,20.0785714286,296.468571429,297.678571429,297.002857143,298.161428571,87.6571428571,95.9957142857,93.6557142857,95.1828571429,300.028571429,299.507142857,299.557142857,300.271428571,28.85,27.85,27.15,29.2,0.2397429,0.2314857,0.1576857,0.2428429,0.2592714,0.2946857,0.1566143,0.2727571,0.3077857,0.3316571,0.1840143,0.2022714,0.3079429,0.2444,0.1358857,0.2601143,26.0,86.7,17.33,93.76,18.706666666700006,18.6992857143,299.373809524,299.41964285725,28.100000000000005,27.8625,93.45523809523333,93.50535714285,0.2440143000000001,0.22243215,0.26991426666666657,0.24158927500000005,0.2990713999999999,0.2703071249999999,0.29754286666666657,0.25712857499999997,62.22333333333336,51.0,0.8229838658936565,-0.5680647467311557,1.0986122886681096
iq,2010,19,2010-05-14,0.1686857,0.1585,0.1330714,0.1456,59.4,297.278571429,297.935714286,296.738571429,306.0,294.0,87.3,97.4457142857,59.4,18.3914285714,6.18571428571,27.4,10.4,33.7,21.2,32.0,7,18.6028571429,18.0685714286,19.4485714286,18.6771428571,296.975714286,296.468571429,297.678571429,297.002857143,96.7128571429,87.6571428571,95.9957142857,93.6557142857,298.585714286,300.028571429,299.507142857,299.557142857,27.6,28.85,27.85,27.15,0.2608143,0.2397429,0.2314857,0.1576857,0.2557857,0.2592714,0.2946857,0.1566143,0.2577714,0.3077857,0.3316571,0.1840143,0.3402857,0.3079429,0.2444,0.1358857,73.97,26.0,86.7,17.33,18.354285714300005,18.627857142875,298.85000000033335,299.01428571450003,27.95,27.925000000000004,93.93857142856668,94.45285714285001,0.22308096666666674,0.22518215000000003,0.22451903333333326,0.24206070000000005,0.23287616666666655,0.2575713999999999,0.26460953333333326,0.25955715,53.123333333333356,61.517500000000005,0.7485107481711013,-0.663122658240795,2.0794415416798357
iq,2010,20,2010-05-21,0.2630714,0.2725,0.2582714,0.2445,1.15,297.648571429,298.707142857,293.227142857,308.7,290.1,8.8,78.9985714286,1.15,14.9085714286,11.2428571429,25.6333333333,9.2,34.0,20.0,2.5,6,18.3914285714,18.6028571429,18.0685714286,19.4485714286,296.738571429,296.975714286,296.468571429,297.678571429,97.4457142857,96.7128571429,87.6571428571,95.9957142857,297.935714286,298.585714286,300.028571429,299.507142857,27.4,27.6,28.85,27.85,0.1686857,0.2608143,0.2397429,0.2314857,0.1585,0.2557857,0.2592714,0.2946857,0.1330714,0.2577714,0.3077857,0.3316571,0.1456,0.3402857,0.3079429,0.2444,59.4,73.97,26.0,86.7,17.300952380966674,17.492857142875,298.40952380966667,298.8142857145,26.877777777766667,27.370833333325002,91.05238095240001,90.203571428575,0.23085713333333344,0.233078575,0.22892856666666658,0.23651427500000002,0.21637139999999988,0.23922497499999995,0.2434618999999999,0.25958215,44.840000000000025,40.13,0.6631226582407952,-0.7485107481711012,1.9459101490553132
iq,2010,21,2010-05-28,0.34275,0.3189,0.2563429,0.2925143,55.3,299.334285714,300.771428571,296.825714286,309.7,294.5,45.0,88.7657142857,55.3,18.4857142857,9.8,28.6333333333,11.9333333333,35.4,22.4,27.0,5,14.9085714286,18.3914285714,18.6028571429,18.0685714286,293.227142857,296.738571429,296.975714286,296.468571429,78.9985714286,97.4457142857,96.7128571429,87.6571428571,298.707142857,297.935714286,298.585714286,300.028571429,25.6333333333,27.4,27.6,28.85,0.2630714,0.1686857,0.2608143,0.2397429,0.2725,0.1585,0.2557857,0.2592714,0.2582714,0.1330714,0.2577714,0.3077857,0.2445,0.1456,0.3402857,0.3079429,1.15,59.4,73.97,26.0,17.261904761900002,17.59714285715,299.138095238,299.0,27.222222222200003,27.31666666665,88.40333333333332,90.480714285725,0.25816903333333346,0.25883035,0.2499666666666666,0.25142142500000003,0.2158952333333332,0.22636427499999995,0.22753809999999988,0.255725,38.61666666666669,47.455,0.5680647467311558,-0.8229838658936564,1.791759469228055
iq,2010,22,2010-06-04,0.1601571,0.1603714,0.1360429,0.2256571,86.47,298.33,299.392857143,296.452857143,308.5,291.9,207.1,91.6,86.47,18.07,7.47142857143,27.4333333333,10.5,34.7,21.7,36.6,8,18.4857142857,14.9085714286,18.3914285714,18.6028571429,296.825714286,293.227142857,296.738571429,296.975714286,88.7657142857,78.9985714286,97.4457142857,96.7128571429,300.771428571,298.707142857,297.935714286,298.585714286,28.6333333333,25.6333333333,27.4,27.6,0.34275,0.2630714,0.1686857,0.2608143,0.3189,0.2725,0.1585,0.2557857,0.2563429,0.2582714,0.1330714,0.2577714,0.2925143,0.2445,0.1456,0.3402857,55.3,1.15,59.4,73.97,17.15476190476667,17.463928571425,299.6238095236667,299.20178571425004,27.2333333333,27.274999999975,86.45476190476667,89.2025,0.2553261666666668,0.23366605000000001,0.25059046666666657,0.22756785000000002,0.2168857333333332,0.19593214999999994,0.2542237999999999,0.22706785000000002,47.64000000000002,50.58,0.46472317204376906,-0.8854560256532096,2.1972245773362196
iq,2010,23,2010-06-11,0.2470571,0.1460571,0.2503571,0.2337143,58.94,296.598571429,297.592857143,295.501428571,305.5,292.4,50.6,94.28,58.94,17.0085714286,7.5,24.4,6.9,32.2,19.2,7.4,1,18.07,18.4857142857,14.9085714286,18.3914285714,296.452857143,296.825714286,293.227142857,296.738571429,91.6,88.7657142857,78.9985714286,97.4457142857,299.392857143,300.771428571,298.707142857,297.935714286,27.4333333333,28.6333333333,25.6333333333,27.4,0.1601571,0.34275,0.2630714,0.1686857,0.1603714,0.3189,0.2725,0.1585,0.1360429,0.2563429,0.2582714,0.1330714,0.2256571,0.2925143,0.2445,0.1456,86.47,55.3,1.15,59.4,17.854761904766672,17.118214285725,299.25238095233334,299.1160714285,26.822222222199997,26.524999999974998,91.54857142856666,88.411071428575,0.24998806666666676,0.2532589,0.20844283333333324,0.22445712500000004,0.2142476333333332,0.22525357499999993,0.25062856666666655,0.249096425,66.90333333333335,50.464999999999996,0.35460488704253584,-0.9350162426854147,0.6931471805599453
iq,2010,24,2010-06-18,0.3339143,0.2457714,0.2788857,0.3254857,59.67,296.345714286,297.521428571,295.324285714,306.1,291.9,62.33,94.66,59.67,16.8157142857,7.87142857143,25.4333333333,8.73333333333,31.2,21.0,16.0,1,17.0085714286,18.07,18.4857142857,14.9085714286,295.501428571,296.452857143,296.825714286,293.227142857,94.28,91.6,88.7657142857,78.9985714286,297.592857143,299.392857143,300.771428571,298.707142857,24.4,27.4333333333,28.6333333333,25.6333333333,0.2470571,0.1601571,0.34275,0.2630714,0.1460571,0.1603714,0.3189,0.2725,0.2503571,0.1360429,0.2563429,0.2582714,0.2337143,0.2256571,0.2925143,0.2445,58.94,86.47,55.3,1.15,17.298095238100004,17.595,298.16904761899997,298.819642857,25.755555555533334,26.474999999974997,93.51333333333334,92.326428571425,0.24704283333333343,0.270969625,0.18406663333333326,0.21777497500000004,0.22176189999999987,0.23040714999999995,0.2616190333333332,0.26934285,68.36000000000003,65.095,0.23931566428755768,-0.970941817426052,0.6931471805599453
iq,2010,25,2010-06-25,0.2981857,0.2329714,0.2742143,0.3157571,63.22,298.097142857,299.835714286,295.807142857,307.8,292.3,36.9,89.0828571429,63.22,17.3557142857,11.0142857143,27.475,9.9,33.7,22.2,20.4,4,16.8157142857,17.0085714286,18.07,18.4857142857,295.324285714,295.501428571,296.452857143,296.825714286,94.66,94.28,91.6,88.7657142857,297.521428571,297.592857143,299.392857143,300.771428571,25.4333333333,24.4,27.4333333333,28.6333333333,0.3339143,0.2470571,0.1601571,0.34275,0.2457714,0.1460571,0.1603714,0.3189,0.2788857,0.2503571,0.1360429,0.2563429,0.3254857,0.2337143,0.2256571,0.2925143,59.67,58.94,86.47,55.3,17.060000000000006,17.3125,298.31666666666666,298.58571428575,25.769444444433333,26.18541666665,92.67428571429998,92.405714285725,0.2930523666666668,0.25982855,0.20826663333333326,0.19629282500000003,0.26781903333333323,0.23487499999999994,0.29165236666666655,0.27515354999999997,60.610000000000035,67.075,0.12053668025532308,-0.992708874098054,1.6094379124341003
